entity:ID,name,:LABEL,variant_info
e0,root,Entity,
e1,ZRSR2 oncogenic mutation,Entity,"{""displayName"": ""ZRSR2 oncogenic mutation"", ""reference1"": ""ZRSR2"", ""type"": ""oncogenic mutation"", ""des_level"": ""gene"", ""source"": [""OncoKB""]}"
e2,ZRSR2 mutation,Entity,"{""displayName"": ""ZRSR2 mutation"", ""reference1"": ""ZRSR2"", ""type"": ""mutation"", ""des_level"": ""gene"", ""source"": [""COSMIC""]}"
e3,ZNRF3 oncogenic mutation,Entity,"{""displayName"": ""ZNRF3 oncogenic mutation"", ""reference1"": ""ZNRF3"", ""type"": ""oncogenic mutation"", ""des_level"": ""gene"", ""source"": [""CGI""]}"
e4,ZNRF3 mutation,Entity,"{""displayName"": ""ZNRF3 mutation"", ""reference1"": ""ZNRF3"", ""type"": ""mutation"", ""des_level"": ""gene"", ""source"": [""COSMIC""]}"
e5,ZNF430-JAK2 fusion,Entity,"{""displayName"": ""ZNF430-JAK2 fusion"", ""reference1"": ""ZNF430"", ""reference2"": ""JAK2"", ""type"": ""fusion"", ""des_level"": ""gene"", ""source"": [""CIVIC""]}"
e6,ZNF430 mutation,Entity,"{""displayName"": ""ZNF430 mutation"", ""reference1"": ""ZNF430"", ""type"": ""mutation"", ""des_level"": ""gene"", ""source"": [""VH""]}"
e7,ZNF274-JAK2 fusion,Entity,"{""displayName"": ""ZNF274-JAK2 fusion"", ""reference1"": ""ZNF274"", ""reference2"": ""JAK2"", ""type"": ""fusion"", ""des_level"": ""gene"", ""source"": [""CIVIC""]}"
e8,ZNF274 mutation,Entity,"{""displayName"": ""ZNF274 mutation"", ""reference1"": ""ZNF274"", ""type"": ""mutation"", ""des_level"": ""gene"", ""source"": [""VH""]}"
e9,ZMYM2-FGFR1 fusion,Entity,"{""displayName"": ""ZMYM2-FGFR1 fusion"", ""reference1"": ""ZMYM2"", ""reference2"": ""FGFR1"", ""type"": ""fusion"", ""des_level"": ""gene"", ""source"": [""CIVIC""]}"
e10,ZMYM2 mutation,Entity,"{""displayName"": ""ZMYM2 mutation"", ""reference1"": ""ZMYM2"", ""type"": ""mutation"", ""des_level"": ""gene"", ""source"": [""VH""]}"
e11,ZMIZ1-ABL1 fusion,Entity,"{""displayName"": ""ZMIZ1-ABL1 fusion"", ""reference1"": ""ZMIZ1"", ""reference2"": ""ABL1"", ""type"": ""fusion"", ""des_level"": ""gene"", ""source"": [""CIVIC""]}"
e12,ZMIZ1 mutation,Entity,"{""displayName"": ""ZMIZ1 mutation"", ""reference1"": ""ZMIZ1"", ""type"": ""mutation"", ""des_level"": ""gene"", ""source"": [""VH""]}"
e13,ZKSCAN1-BRAF fusion,Entity,"{""displayName"": ""ZKSCAN1-BRAF fusion"", ""reference1"": ""ZKSCAN1"", ""reference2"": ""BRAF"", ""type"": ""fusion"", ""des_level"": ""gene"", ""source"": [""CIVIC""]}"
e14,ZKSCAN1 mutation,Entity,"{""displayName"": ""ZKSCAN1 mutation"", ""reference1"": ""ZKSCAN1"", ""type"": ""mutation"", ""des_level"": ""gene"", ""source"": [""VH""]}"
e15,ZFTA-RELA fusion,Entity,"{""displayName"": ""ZFTA-RELA fusion"", ""reference1"": ""ZFTA"", ""reference2"": ""RELA"", ""type"": ""fusion"", ""des_level"": ""gene"", ""source"": [""CIVIC""]}"
e16,ZFTA-NCOA2 fusion,Entity,"{""displayName"": ""ZFTA-NCOA2 fusion"", ""reference1"": ""ZFTA"", ""reference2"": ""NCOA2"", ""type"": ""fusion"", ""des_level"": ""gene"", ""source"": [""CIVIC""]}"
e17,ZFTA-NCOA1 fusion,Entity,"{""displayName"": ""ZFTA-NCOA1 fusion"", ""reference1"": ""ZFTA"", ""reference2"": ""NCOA1"", ""type"": ""fusion"", ""des_level"": ""gene"", ""source"": [""CIVIC""]}"
e18,ZFTA-MAML2 fusion,Entity,"{""displayName"": ""ZFTA-MAML2 fusion"", ""reference1"": ""ZFTA"", ""reference2"": ""MAML2"", ""type"": ""fusion"", ""des_level"": ""gene"", ""source"": [""CIVIC""]}"
e19,ZFTA mutation,Entity,"{""displayName"": ""ZFTA mutation"", ""reference1"": ""ZFTA"", ""type"": ""mutation"", ""des_level"": ""gene"", ""source"": [""VH""]}"
e20,ZEB1 mutation,Entity,"{""displayName"": ""ZEB1 mutation"", ""reference1"": ""ZEB1"", ""type"": ""mutation"", ""des_level"": ""gene"", ""source"": [""COSMIC""]}"
e21,ZEB1 expression,Entity,"{""displayName"": ""ZEB1 expression"", ""reference1"": ""ZEB1"", ""type"": ""expression"", ""des_level"": ""gene"", ""source"": [""CIVIC""]}"
e22,ZBTB16 underexpression,Entity,"{""displayName"": ""ZBTB16 underexpression"", ""reference1"": ""ZBTB16"", ""type"": ""underexpression"", ""des_level"": ""gene"", ""source"": [""CGI""]}"
e23,ZBTB16 mutation,Entity,"{""displayName"": ""ZBTB16 mutation"", ""reference1"": ""ZBTB16"", ""type"": ""mutation"", ""des_level"": ""gene"", ""source"": [""VH""]}"
e24,YWHAE-NUTM2E fusion,Entity,"{""displayName"": ""YWHAE-NUTM2E fusion"", ""reference1"": ""YWHAE"", ""reference2"": ""NUTM2E"", ""type"": ""fusion"", ""des_level"": ""gene"", ""source"": [""CIVIC""]}"
e25,YWHAE-NUTM2B fusion,Entity,"{""displayName"": ""YWHAE-NUTM2B fusion"", ""reference1"": ""YWHAE"", ""reference2"": ""NUTM2B"", ""type"": ""fusion"", ""des_level"": ""gene"", ""source"": [""CIVIC""]}"
e26,YWHAE-NUTM2A fusion,Entity,"{""displayName"": ""YWHAE-NUTM2A fusion"", ""reference1"": ""YWHAE"", ""reference2"": ""NUTM2A"", ""type"": ""fusion"", ""des_level"": ""gene"", ""source"": [""CIVIC""]}"
e27,YWHAE mutation,Entity,"{""displayName"": ""YWHAE mutation"", ""reference1"": ""YWHAE"", ""type"": ""mutation"", ""des_level"": ""gene"", ""source"": [""VH""]}"
e28,YAP1-TFE3 fusion,Entity,"{""displayName"": ""YAP1-TFE3 fusion"", ""reference1"": ""YAP1"", ""reference2"": ""TFE3"", ""type"": ""fusion"", ""des_level"": ""gene"", ""source"": [""CIVIC""]}"
e29,YAP1-MAMLD1 fusion,Entity,"{""displayName"": ""YAP1-MAMLD1 fusion"", ""reference1"": ""YAP1"", ""reference2"": ""MAMLD1"", ""type"": ""fusion"", ""des_level"": ""gene"", ""source"": [""CIVIC""]}"
e30,YAP1-FAM118B fusion,Entity,"{""displayName"": ""YAP1-FAM118B fusion"", ""reference1"": ""YAP1"", ""reference2"": ""FAM118B"", ""type"": ""fusion"", ""des_level"": ""gene"", ""source"": [""CIVIC""]}"
e31,YAP1 mutation,Entity,"{""displayName"": ""YAP1 mutation"", ""reference1"": ""YAP1"", ""type"": ""mutation"", ""des_level"": ""gene"", ""source"": [""VH""]}"
e32,YAP1 fusion,Entity,"{""displayName"": ""YAP1 fusion"", ""reference1"": ""YAP1"", ""type"": ""fusion"", ""des_level"": ""gene"", ""source"": [""CIVIC"", ""COSMIC""]}"
e33,XRCC1 mutation,Entity,"{""displayName"": ""XRCC1 mutation"", ""reference1"": ""XRCC1"", ""type"": ""mutation"", ""des_level"": ""gene"", ""source"": [""COSMIC""]}"
e34,XRCC1 R194W,Entity,"{""displayName"": ""XRCC1 R194W"", ""reference1"": ""XRCC1"", ""aa_change"": ""R194W"", ""type"": ""substitution"", ""des_level"": ""individual"", ""source"": [""CIVIC""]}"
e35,XRCC1 Q399R,Entity,"{""displayName"": ""XRCC1 Q399R"", ""reference1"": ""XRCC1"", ""aa_change"": ""Q399R"", ""type"": ""substitution"", ""des_level"": ""individual"", ""source"": [""CIVIC""]}"
e36,WWTR1-CAMTA1 fusion,Entity,"{""displayName"": ""WWTR1-CAMTA1 fusion"", ""reference1"": ""WWTR1"", ""reference2"": ""CAMTA1"", ""type"": ""fusion"", ""des_level"": ""gene"", ""source"": [""CIVIC"", ""COSMIC""]}"
e37,WWTR1 mutation,Entity,"{""displayName"": ""WWTR1 mutation"", ""reference1"": ""WWTR1"", ""type"": ""mutation"", ""des_level"": ""gene"", ""source"": [""VH""]}"
e38,WWTR1 fusion,Entity,"{""displayName"": ""WWTR1 fusion"", ""reference1"": ""WWTR1"", ""type"": ""fusion"", ""des_level"": ""gene"", ""source"": [""COSMIC""]}"
e39,WT1 oncogenic mutation,Entity,"{""displayName"": ""WT1 oncogenic mutation"", ""reference1"": ""WT1"", ""type"": ""oncogenic mutation"", ""des_level"": ""gene"", ""source"": [""OncoKB""]}"
e40,WT1 mutation,Entity,"{""displayName"": ""WT1 mutation"", ""reference1"": ""WT1"", ""type"": ""mutation"", ""des_level"": ""gene"", ""source"": [""COSMIC""]}"
e41,WT1 exon 9 mutation,Entity,"{""displayName"": ""WT1 exon 9 mutation"", ""reference1"": ""WT1"", ""exon"": ""9"", ""type"": ""mutation"", ""des_level"": ""exon"", ""source"": [""CIVIC""]}"
e42,WT1 exon 7 mutation,Entity,"{""displayName"": ""WT1 exon 7 mutation"", ""reference1"": ""WT1"", ""exon"": ""7"", ""type"": ""mutation"", ""des_level"": ""exon"", ""source"": [""CIVIC""]}"
e43,VPS37A underexpression,Entity,"{""displayName"": ""VPS37A underexpression"", ""reference1"": ""VPS37A"", ""type"": ""underexpression"", ""des_level"": ""gene"", ""source"": [""CIVIC""]}"
e44,VPS37A mutation,Entity,"{""displayName"": ""VPS37A mutation"", ""reference1"": ""VPS37A"", ""type"": ""mutation"", ""des_level"": ""gene"", ""source"": [""VH""]}"
e45,VHL oncogenic mutation,Entity,"{""displayName"": ""VHL oncogenic mutation"", ""reference1"": ""VHL"", ""type"": ""oncogenic mutation"", ""des_level"": ""gene"", ""source"": [""CGI""]}"
e46,VHL mutation,Entity,"{""displayName"": ""VHL mutation"", ""reference1"": ""VHL"", ""type"": ""mutation"", ""des_level"": ""gene"", ""source"": [""CIVIC"", ""COSMIC""]}"
e47,VHL loss of function,Entity,"{""displayName"": ""VHL loss of function"", ""reference1"": ""VHL"", ""type"": ""loss of function"", ""des_level"": ""gene"", ""source"": [""CIVIC""]}"
e48,VHL fusion,Entity,"{""displayName"": ""VHL fusion"", ""reference1"": ""VHL"", ""type"": ""fusion"", ""des_level"": ""gene"", ""source"": [""CIVIC""]}"
e49,VHL exon 3 mutation,Entity,"{""displayName"": ""VHL exon 3 mutation"", ""reference1"": ""VHL"", ""exon"": ""3"", ""type"": ""mutation"", ""des_level"": ""exon"", ""source"": [""VH""]}"
e50,VHL exon 3 in-frame deletion,Entity,"{""displayName"": ""VHL exon 3 in-frame deletion"", ""reference1"": ""VHL"", ""exon"": ""3"", ""type"": ""in-frame deletion"", ""des_level"": ""exon"", ""source"": [""CIVIC""]}"
e51,VHL exon 2 mutation,Entity,"{""displayName"": ""VHL exon 2 mutation"", ""reference1"": ""VHL"", ""exon"": ""2"", ""type"": ""mutation"", ""des_level"": ""exon"", ""source"": [""VH""]}"
e52,VHL exon 2 in-frame deletion,Entity,"{""displayName"": ""VHL exon 2 in-frame deletion"", ""reference1"": ""VHL"", ""exon"": ""2"", ""type"": ""in-frame deletion"", ""des_level"": ""exon"", ""source"": [""CIVIC""]}"
e53,VHL exon 1 mutation,Entity,"{""displayName"": ""VHL exon 1 mutation"", ""reference1"": ""VHL"", ""exon"": ""1"", ""type"": ""mutation"", ""des_level"": ""exon"", ""source"": [""VH""]}"
e54,VHL exon 1 in-frame deletion,Entity,"{""displayName"": ""VHL exon 1 in-frame deletion"", ""reference1"": ""VHL"", ""exon"": ""1"", ""type"": ""in-frame deletion"", ""des_level"": ""exon"", ""source"": [""CIVIC""]}"
e55,VHL deletion,Entity,"{""displayName"": ""VHL deletion"", ""reference1"": ""VHL"", ""type"": ""deletion"", ""des_level"": ""gene"", ""source"": [""CIVIC""]}"
e56,VHL Y98fs,Entity,"{""displayName"": ""VHL Y98fs"", ""reference1"": ""VHL"", ""aa_change"": ""Y98fs"", ""type"": ""frameshift"", ""des_level"": ""individual"", ""source"": [""CIVIC""]}"
e57,VHL Y98H,Entity,"{""displayName"": ""VHL Y98H"", ""reference1"": ""VHL"", ""aa_change"": ""Y98H"", ""type"": ""substitution"", ""des_level"": ""individual"", ""source"": [""CIVIC""]}"
e58,VHL Y98C,Entity,"{""displayName"": ""VHL Y98C"", ""reference1"": ""VHL"", ""aa_change"": ""Y98C"", ""type"": ""substitution"", ""des_level"": ""individual"", ""source"": [""CIVIC""]}"
e59,VHL Y185*,Entity,"{""displayName"": ""VHL Y185*"", ""reference1"": ""VHL"", ""aa_change"": ""Y185*"", ""type"": ""stop gained"", ""des_level"": ""individual"", ""source"": [""CIVIC""]}"
e60,VHL Y175N,Entity,"{""displayName"": ""VHL Y175N"", ""reference1"": ""VHL"", ""aa_change"": ""Y175N"", ""type"": ""substitution"", ""des_level"": ""individual"", ""source"": [""CIVIC""]}"
e61,VHL Y175D,Entity,"{""displayName"": ""VHL Y175D"", ""reference1"": ""VHL"", ""aa_change"": ""Y175D"", ""type"": ""substitution"", ""des_level"": ""individual"", ""source"": [""CIVIC""]}"
e62,VHL Y175C,Entity,"{""displayName"": ""VHL Y175C"", ""reference1"": ""VHL"", ""aa_change"": ""Y175C"", ""type"": ""substitution"", ""des_level"": ""individual"", ""source"": [""CIVIC""]}"
e63,VHL Y175*,Entity,"{""displayName"": ""VHL Y175*"", ""reference1"": ""VHL"", ""aa_change"": ""Y175*"", ""type"": ""stop gained"", ""des_level"": ""individual"", ""source"": [""CIVIC""]}"
e64,VHL Y156N,Entity,"{""displayName"": ""VHL Y156N"", ""reference1"": ""VHL"", ""aa_change"": ""Y156N"", ""type"": ""substitution"", ""des_level"": ""individual"", ""source"": [""CIVIC""]}"
e65,VHL Y156D,Entity,"{""displayName"": ""VHL Y156D"", ""reference1"": ""VHL"", ""aa_change"": ""Y156D"", ""type"": ""substitution"", ""des_level"": ""individual"", ""source"": [""CIVIC""]}"
e66,VHL Y156C,Entity,"{""displayName"": ""VHL Y156C"", ""reference1"": ""VHL"", ""aa_change"": ""Y156C"", ""type"": ""substitution"", ""des_level"": ""individual"", ""source"": [""CIVIC""]}"
e67,VHL Y156*,Entity,"{""displayName"": ""VHL Y156*"", ""reference1"": ""VHL"", ""aa_change"": ""Y156*"", ""type"": ""stop gained"", ""des_level"": ""individual"", ""source"": [""CIVIC""]}"
e68,VHL Y112H,Entity,"{""displayName"": ""VHL Y112H"", ""reference1"": ""VHL"", ""aa_change"": ""Y112H"", ""type"": ""substitution"", ""des_level"": ""individual"", ""source"": [""CIVIC""]}"
e69,VHL Y112*,Entity,"{""displayName"": ""VHL Y112*"", ""reference1"": ""VHL"", ""aa_change"": ""Y112*"", ""type"": ""stop gained"", ""des_level"": ""individual"", ""source"": [""CIVIC""]}"
e70,VHL W88fs,Entity,"{""displayName"": ""VHL W88fs"", ""reference1"": ""VHL"", ""aa_change"": ""W88fs"", ""type"": ""frameshift"", ""des_level"": ""individual"", ""source"": [""CIVIC""]}"
e71,VHL W88S,Entity,"{""displayName"": ""VHL W88S"", ""reference1"": ""VHL"", ""aa_change"": ""W88S"", ""type"": ""substitution"", ""des_level"": ""individual"", ""source"": [""CIVIC""]}"
e72,VHL W88R,Entity,"{""displayName"": ""VHL W88R"", ""reference1"": ""VHL"", ""aa_change"": ""W88R"", ""type"": ""substitution"", ""des_level"": ""individual"", ""source"": [""CIVIC""]}"
e73,VHL W88*,Entity,"{""displayName"": ""VHL W88*"", ""reference1"": ""VHL"", ""aa_change"": ""W88*"", ""type"": ""stop gained"", ""des_level"": ""individual"", ""source"": [""CIVIC""]}"
e74,VHL W8*,Entity,"{""displayName"": ""VHL W8*"", ""reference1"": ""VHL"", ""aa_change"": ""W8*"", ""type"": ""stop gained"", ""des_level"": ""individual"", ""source"": [""CIVIC""]}"
e75,VHL W117fs,Entity,"{""displayName"": ""VHL W117fs"", ""reference1"": ""VHL"", ""aa_change"": ""W117fs"", ""type"": ""frameshift"", ""des_level"": ""individual"", ""source"": [""CIVIC""]}"
e76,VHL W117C,Entity,"{""displayName"": ""VHL W117C"", ""reference1"": ""VHL"", ""aa_change"": ""W117C"", ""type"": ""substitution"", ""des_level"": ""individual"", ""source"": [""CIVIC""]}"
e77,VHL V87fs,Entity,"{""displayName"": ""VHL V87fs"", ""reference1"": ""VHL"", ""aa_change"": ""V87fs"", ""type"": ""frameshift"", ""des_level"": ""individual"", ""source"": [""CIVIC""]}"
e78,VHL V84M,Entity,"{""displayName"": ""VHL V84M"", ""reference1"": ""VHL"", ""aa_change"": ""V84M"", ""type"": ""substitution"", ""des_level"": ""individual"", ""source"": [""CIVIC""]}"
e79,VHL V84L,Entity,"{""displayName"": ""VHL V84L"", ""reference1"": ""VHL"", ""aa_change"": ""V84L"", ""type"": ""substitution"", ""des_level"": ""individual"", ""source"": [""CIVIC""]}"
e80,VHL V74G,Entity,"{""displayName"": ""VHL V74G"", ""reference1"": ""VHL"", ""aa_change"": ""V74G"", ""type"": ""substitution"", ""des_level"": ""individual"", ""source"": [""CIVIC""]}"
e81,VHL V66del,Entity,"{""displayName"": ""VHL V66del"", ""reference1"": ""VHL"", ""aa_change"": ""V66del"", ""type"": ""deletion"", ""des_level"": ""individual"", ""source"": [""CIVIC""]}"
e82,VHL V66Gfs*89,Entity,"{""displayName"": ""VHL V66Gfs*89"", ""reference1"": ""VHL"", ""aa_change"": ""V66Gfs*89"", ""type"": ""frameshift"", ""des_level"": ""individual"", ""source"": [""CIVIC""]}"
e83,VHL V62Cfs*5,Entity,"{""displayName"": ""VHL V62Cfs*5"", ""reference1"": ""VHL"", ""aa_change"": ""V62Cfs*5"", ""type"": ""frameshift"", ""des_level"": ""individual"", ""source"": [""CIVIC""]}"
e84,VHL V194fs,Entity,"{""displayName"": ""VHL V194fs"", ""reference1"": ""VHL"", ""aa_change"": ""V194fs"", ""type"": ""frameshift"", ""des_level"": ""individual"", ""source"": [""CIVIC""]}"
e85,VHL V181fs,Entity,"{""displayName"": ""VHL V181fs"", ""reference1"": ""VHL"", ""aa_change"": ""V181fs"", ""type"": ""frameshift"", ""des_level"": ""individual"", ""source"": [""CIVIC""]}"
e86,VHL V170G,Entity,"{""displayName"": ""VHL V170G"", ""reference1"": ""VHL"", ""aa_change"": ""V170G"", ""type"": ""substitution"", ""des_level"": ""individual"", ""source"": [""CIVIC""]}"
e87,VHL V170F,Entity,"{""displayName"": ""VHL V170F"", ""reference1"": ""VHL"", ""aa_change"": ""V170F"", ""type"": ""substitution"", ""des_level"": ""individual"", ""source"": [""CIVIC""]}"
e88,VHL V170D,Entity,"{""displayName"": ""VHL V170D"", ""reference1"": ""VHL"", ""aa_change"": ""V170D"", ""type"": ""substitution"", ""des_level"": ""individual"", ""source"": [""CIVIC""]}"
e89,VHL V166F,Entity,"{""displayName"": ""VHL V166F"", ""reference1"": ""VHL"", ""aa_change"": ""V166F"", ""type"": ""substitution"", ""des_level"": ""individual"", ""source"": [""CIVIC""]}"
e90,VHL V166D,Entity,"{""displayName"": ""VHL V166D"", ""reference1"": ""VHL"", ""aa_change"": ""V166D"", ""type"": ""substitution"", ""des_level"": ""individual"", ""source"": [""CIVIC""]}"
e91,VHL V166A,Entity,"{""displayName"": ""VHL V166A"", ""reference1"": ""VHL"", ""aa_change"": ""V166A"", ""type"": ""substitution"", ""des_level"": ""individual"", ""source"": [""CIVIC""]}"
e92,VHL V155L,Entity,"{""displayName"": ""VHL V155L"", ""reference1"": ""VHL"", ""aa_change"": ""V155L"", ""type"": ""substitution"", ""des_level"": ""individual"", ""source"": [""CIVIC""]}"
e93,VHL V155G,Entity,"{""displayName"": ""VHL V155G"", ""reference1"": ""VHL"", ""aa_change"": ""V155G"", ""type"": ""substitution"", ""des_level"": ""individual"", ""source"": [""CIVIC""]}"
e94,VHL V155E,Entity,"{""displayName"": ""VHL V155E"", ""reference1"": ""VHL"", ""aa_change"": ""V155E"", ""type"": ""substitution"", ""des_level"": ""individual"", ""source"": [""CIVIC""]}"
e95,VHL V130L,Entity,"{""displayName"": ""VHL V130L"", ""reference1"": ""VHL"", ""aa_change"": ""V130L"", ""type"": ""substitution"", ""des_level"": ""individual"", ""source"": [""CIVIC""]}"
e96,VHL T202fs,Entity,"{""displayName"": ""VHL T202fs"", ""reference1"": ""VHL"", ""aa_change"": ""T202fs"", ""type"": ""frameshift"", ""des_level"": ""individual"", ""source"": [""CIVIC""]}"
e97,VHL T157fs,Entity,"{""displayName"": ""VHL T157fs"", ""reference1"": ""VHL"", ""aa_change"": ""T157fs"", ""type"": ""frameshift"", ""des_level"": ""individual"", ""source"": [""CIVIC""]}"
e98,VHL T157I,Entity,"{""displayName"": ""VHL T157I"", ""reference1"": ""VHL"", ""aa_change"": ""T157I"", ""type"": ""substitution"", ""des_level"": ""individual"", ""source"": [""CIVIC""]}"
e99,VHL T152fs,Entity,"{""displayName"": ""VHL T152fs"", ""reference1"": ""VHL"", ""aa_change"": ""T152fs"", ""type"": ""frameshift"", ""des_level"": ""individual"", ""source"": [""CIVIC""]}"
e100,VHL T133fs,Entity,"{""displayName"": ""VHL T133fs"", ""reference1"": ""VHL"", ""aa_change"": ""T133fs"", ""type"": ""frameshift"", ""des_level"": ""individual"", ""source"": [""CIVIC""]}"
e101,VHL T105P,Entity,"{""displayName"": ""VHL T105P"", ""reference1"": ""VHL"", ""aa_change"": ""T105P"", ""type"": ""substitution"", ""des_level"": ""individual"", ""source"": [""CIVIC""]}"
e102,VHL S80fs,Entity,"{""displayName"": ""VHL S80fs"", ""reference1"": ""VHL"", ""aa_change"": ""S80fs"", ""type"": ""frameshift"", ""des_level"": ""individual"", ""source"": [""CIVIC""]}"
e103,VHL S80R,Entity,"{""displayName"": ""VHL S80R"", ""reference1"": ""VHL"", ""aa_change"": ""S80R"", ""type"": ""substitution"", ""des_level"": ""individual"", ""source"": [""CIVIC""]}"
e104,VHL S80N,Entity,"{""displayName"": ""VHL S80N"", ""reference1"": ""VHL"", ""aa_change"": ""S80N"", ""type"": ""substitution"", ""des_level"": ""individual"", ""source"": [""CIVIC""]}"
e105,VHL S80I,Entity,"{""displayName"": ""VHL S80I"", ""reference1"": ""VHL"", ""aa_change"": ""S80I"", ""type"": ""substitution"", ""des_level"": ""individual"", ""source"": [""CIVIC""]}"
e106,VHL S72fs,Entity,"{""displayName"": ""VHL S72fs"", ""reference1"": ""VHL"", ""aa_change"": ""S72fs"", ""type"": ""frameshift"", ""des_level"": ""individual"", ""source"": [""CIVIC""]}"
e107,VHL S72P,Entity,"{""displayName"": ""VHL S72P"", ""reference1"": ""VHL"", ""aa_change"": ""S72P"", ""type"": ""substitution"", ""des_level"": ""individual"", ""source"": [""CIVIC""]}"
e108,VHL S68W,Entity,"{""displayName"": ""VHL S68W"", ""reference1"": ""VHL"", ""aa_change"": ""S68W"", ""type"": ""substitution"", ""des_level"": ""individual"", ""source"": [""CIVIC""]}"
e109,VHL S68P,Entity,"{""displayName"": ""VHL S68P"", ""reference1"": ""VHL"", ""aa_change"": ""S68P"", ""type"": ""substitution"", ""des_level"": ""individual"", ""source"": [""CIVIC""]}"
e110,VHL S65fs,Entity,"{""displayName"": ""VHL S65fs"", ""reference1"": ""VHL"", ""aa_change"": ""S65fs"", ""type"": ""frameshift"", ""des_level"": ""individual"", ""source"": [""CIVIC""]}"
e111,VHL S65W,Entity,"{""displayName"": ""VHL S65W"", ""reference1"": ""VHL"", ""aa_change"": ""S65W"", ""type"": ""substitution"", ""des_level"": ""individual"", ""source"": [""CIVIC""]}"
e112,VHL S65P,Entity,"{""displayName"": ""VHL S65P"", ""reference1"": ""VHL"", ""aa_change"": ""S65P"", ""type"": ""substitution"", ""des_level"": ""individual"", ""source"": [""CIVIC""]}"
e113,VHL S65L,Entity,"{""displayName"": ""VHL S65L"", ""reference1"": ""VHL"", ""aa_change"": ""S65L"", ""type"": ""substitution"", ""des_level"": ""individual"", ""source"": [""CIVIC""]}"
e114,VHL S65A,Entity,"{""displayName"": ""VHL S65A"", ""reference1"": ""VHL"", ""aa_change"": ""S65A"", ""type"": ""substitution"", ""des_level"": ""individual"", ""source"": [""CIVIC""]}"
e115,VHL S65*,Entity,"{""displayName"": ""VHL S65*"", ""reference1"": ""VHL"", ""aa_change"": ""S65*"", ""type"": ""stop gained"", ""des_level"": ""individual"", ""source"": [""CIVIC""]}"
e116,VHL S183*,Entity,"{""displayName"": ""VHL S183*"", ""reference1"": ""VHL"", ""aa_change"": ""S183*"", ""type"": ""stop gained"", ""des_level"": ""individual"", ""source"": [""CIVIC""]}"
e117,VHL S111fs,Entity,"{""displayName"": ""VHL S111fs"", ""reference1"": ""VHL"", ""aa_change"": ""S111fs"", ""type"": ""frameshift"", ""des_level"": ""individual"", ""source"": [""CIVIC""]}"
e118,VHL S111R,Entity,"{""displayName"": ""VHL S111R"", ""reference1"": ""VHL"", ""aa_change"": ""S111R"", ""type"": ""substitution"", ""des_level"": ""individual"", ""source"": [""CIVIC""]}"
e119,VHL S111N,Entity,"{""displayName"": ""VHL S111N"", ""reference1"": ""VHL"", ""aa_change"": ""S111N"", ""type"": ""substitution"", ""des_level"": ""individual"", ""source"": [""CIVIC""]}"
e120,VHL S111C,Entity,"{""displayName"": ""VHL S111C"", ""reference1"": ""VHL"", ""aa_change"": ""S111C"", ""type"": ""substitution"", ""des_level"": ""individual"", ""source"": [""CIVIC""]}"
e121,VHL R82_V84del,Entity,"{""displayName"": ""VHL R82_V84del"", ""reference1"": ""VHL"", ""aa_change"": ""R82_V84del"", ""type"": ""deletion"", ""des_level"": ""individual"", ""source"": [""CIVIC""]}"
e122,VHL R82P,Entity,"{""displayName"": ""VHL R82P"", ""reference1"": ""VHL"", ""aa_change"": ""R82P"", ""type"": ""substitution"", ""des_level"": ""individual"", ""source"": [""CIVIC""]}"
e123,VHL R79_S80del,Entity,"{""displayName"": ""VHL R79_S80del"", ""reference1"": ""VHL"", ""aa_change"": ""R79_S80del"", ""type"": ""deletion"", ""des_level"": ""individual"", ""source"": [""CIVIC""]}"
e124,VHL R79P,Entity,"{""displayName"": ""VHL R79P"", ""reference1"": ""VHL"", ""aa_change"": ""R79P"", ""type"": ""substitution"", ""des_level"": ""individual"", ""source"": [""CIVIC""]}"
e125,VHL R69fs,Entity,"{""displayName"": ""VHL R69fs"", ""reference1"": ""VHL"", ""aa_change"": ""R69fs"", ""type"": ""frameshift"", ""des_level"": ""individual"", ""source"": [""CIVIC""]}"
e126,VHL R64P,Entity,"{""displayName"": ""VHL R64P"", ""reference1"": ""VHL"", ""aa_change"": ""R64P"", ""type"": ""substitution"", ""des_level"": ""individual"", ""source"": [""CIVIC""]}"
e127,VHL R60fs,Entity,"{""displayName"": ""VHL R60fs"", ""reference1"": ""VHL"", ""aa_change"": ""R60fs"", ""type"": ""frameshift"", ""des_level"": ""individual"", ""source"": [""CIVIC""]}"
e128,VHL R200W,Entity,"{""displayName"": ""VHL R200W"", ""reference1"": ""VHL"", ""aa_change"": ""R200W"", ""type"": ""substitution"", ""des_level"": ""individual"", ""source"": [""CIVIC""]}"
e129,VHL R177fs,Entity,"{""displayName"": ""VHL R177fs"", ""reference1"": ""VHL"", ""aa_change"": ""R177fs"", ""type"": ""frameshift"", ""des_level"": ""individual"", ""source"": [""CIVIC""]}"
e130,VHL R177*,Entity,"{""displayName"": ""VHL R177*"", ""reference1"": ""VHL"", ""aa_change"": ""R177*"", ""type"": ""stop gained"", ""des_level"": ""individual"", ""source"": [""CIVIC""]}"
e131,VHL R176fs,Entity,"{""displayName"": ""VHL R176fs"", ""reference1"": ""VHL"", ""aa_change"": ""R176fs"", ""type"": ""frameshift"", ""des_level"": ""individual"", ""source"": [""CIVIC""]}"
e132,VHL R167W,Entity,"{""displayName"": ""VHL R167W"", ""reference1"": ""VHL"", ""aa_change"": ""R167W"", ""type"": ""substitution"", ""des_level"": ""individual"", ""source"": [""CIVIC""]}"
e133,VHL R167Q,Entity,"{""displayName"": ""VHL R167Q"", ""reference1"": ""VHL"", ""aa_change"": ""R167Q"", ""type"": ""substitution"", ""des_level"": ""individual"", ""source"": [""CIVIC""]}"
e134,VHL R167P,Entity,"{""displayName"": ""VHL R167P"", ""reference1"": ""VHL"", ""aa_change"": ""R167P"", ""type"": ""substitution"", ""des_level"": ""individual"", ""source"": [""CIVIC""]}"
e135,VHL R167L,Entity,"{""displayName"": ""VHL R167L"", ""reference1"": ""VHL"", ""aa_change"": ""R167L"", ""type"": ""substitution"", ""des_level"": ""individual"", ""source"": [""CIVIC""]}"
e136,VHL R161Q,Entity,"{""displayName"": ""VHL R161Q"", ""reference1"": ""VHL"", ""aa_change"": ""R161Q"", ""type"": ""substitution"", ""des_level"": ""individual"", ""source"": [""CIVIC""]}"
e137,VHL R161P,Entity,"{""displayName"": ""VHL R161P"", ""reference1"": ""VHL"", ""aa_change"": ""R161P"", ""type"": ""substitution"", ""des_level"": ""individual"", ""source"": [""CIVIC""]}"
e138,VHL R161G,Entity,"{""displayName"": ""VHL R161G"", ""reference1"": ""VHL"", ""aa_change"": ""R161G"", ""type"": ""substitution"", ""des_level"": ""individual"", ""source"": [""CIVIC""]}"
e139,VHL R161*,Entity,"{""displayName"": ""VHL R161*"", ""reference1"": ""VHL"", ""aa_change"": ""R161*"", ""type"": ""stop gained"", ""des_level"": ""individual"", ""source"": [""CIVIC""]}"
e140,VHL R120fs,Entity,"{""displayName"": ""VHL R120fs"", ""reference1"": ""VHL"", ""aa_change"": ""R120fs"", ""type"": ""frameshift"", ""des_level"": ""individual"", ""source"": [""CIVIC""]}"
e141,VHL R120G,Entity,"{""displayName"": ""VHL R120G"", ""reference1"": ""VHL"", ""aa_change"": ""R120G"", ""type"": ""substitution"", ""des_level"": ""individual"", ""source"": [""CIVIC""]}"
e142,VHL R113fs,Entity,"{""displayName"": ""VHL R113fs"", ""reference1"": ""VHL"", ""aa_change"": ""R113fs"", ""type"": ""frameshift"", ""des_level"": ""individual"", ""source"": [""CIVIC""]}"
e143,VHL R113*,Entity,"{""displayName"": ""VHL R113*"", ""reference1"": ""VHL"", ""aa_change"": ""R113*"", ""type"": ""stop gained"", ""des_level"": ""individual"", ""source"": [""CIVIC""]}"
e144,VHL R108dup,Entity,"{""displayName"": ""VHL R108dup"", ""reference1"": ""VHL"", ""aa_change"": ""R108dup"", ""type"": ""duplication"", ""des_level"": ""individual"", ""source"": [""CIVIC""]}"
e145,VHL R107P,Entity,"{""displayName"": ""VHL R107P"", ""reference1"": ""VHL"", ""aa_change"": ""R107P"", ""type"": ""substitution"", ""des_level"": ""individual"", ""source"": [""CIVIC""]}"
e146,VHL R107H,Entity,"{""displayName"": ""VHL R107H"", ""reference1"": ""VHL"", ""aa_change"": ""R107H"", ""type"": ""substitution"", ""des_level"": ""individual"", ""source"": [""CIVIC""]}"
e147,VHL R107G,Entity,"{""displayName"": ""VHL R107G"", ""reference1"": ""VHL"", ""aa_change"": ""R107G"", ""type"": ""substitution"", ""des_level"": ""individual"", ""source"": [""CIVIC""]}"
e148,VHL Q96_P97delinsH,Entity,"{""displayName"": ""VHL Q96_P97delinsH"", ""reference1"": ""VHL"", ""aa_change"": ""Q96_P97delinsH"", ""type"": ""delins"", ""des_level"": ""individual"", ""source"": [""CIVIC""]}"
e149,VHL Q96*,Entity,"{""displayName"": ""VHL Q96*"", ""reference1"": ""VHL"", ""aa_change"": ""Q96*"", ""type"": ""stop gained"", ""des_level"": ""individual"", ""source"": [""CIVIC""]}"
e150,VHL Q73fs,Entity,"{""displayName"": ""VHL Q73fs"", ""reference1"": ""VHL"", ""aa_change"": ""Q73fs"", ""type"": ""frameshift"", ""des_level"": ""individual"", ""source"": [""CIVIC""]}"
e151,VHL Q73*,Entity,"{""displayName"": ""VHL Q73*"", ""reference1"": ""VHL"", ""aa_change"": ""Q73*"", ""type"": ""stop gained"", ""des_level"": ""individual"", ""source"": [""CIVIC""]}"
e152,VHL Q195*,Entity,"{""displayName"": ""VHL Q195*"", ""reference1"": ""VHL"", ""aa_change"": ""Q195*"", ""type"": ""stop gained"", ""des_level"": ""individual"", ""source"": [""CIVIC""]}"
e153,VHL Q164R,Entity,"{""displayName"": ""VHL Q164R"", ""reference1"": ""VHL"", ""aa_change"": ""Q164R"", ""type"": ""substitution"", ""des_level"": ""individual"", ""source"": [""CIVIC""]}"
e154,VHL Q164L,Entity,"{""displayName"": ""VHL Q164L"", ""reference1"": ""VHL"", ""aa_change"": ""Q164L"", ""type"": ""substitution"", ""des_level"": ""individual"", ""source"": [""CIVIC""]}"
e155,VHL Q164*,Entity,"{""displayName"": ""VHL Q164*"", ""reference1"": ""VHL"", ""aa_change"": ""Q164*"", ""type"": ""stop gained"", ""des_level"": ""individual"", ""source"": [""CIVIC""]}"
e156,VHL Q145*,Entity,"{""displayName"": ""VHL Q145*"", ""reference1"": ""VHL"", ""aa_change"": ""Q145*"", ""type"": ""stop gained"", ""des_level"": ""individual"", ""source"": [""CIVIC""]}"
e157,VHL Q132P,Entity,"{""displayName"": ""VHL Q132P"", ""reference1"": ""VHL"", ""aa_change"": ""Q132P"", ""type"": ""substitution"", ""des_level"": ""individual"", ""source"": [""CIVIC""]}"
e158,VHL Q132*,Entity,"{""displayName"": ""VHL Q132*"", ""reference1"": ""VHL"", ""aa_change"": ""Q132*"", ""type"": ""stop gained"", ""des_level"": ""individual"", ""source"": [""CIVIC""]}"
e159,VHL P86fs,Entity,"{""displayName"": ""VHL P86fs"", ""reference1"": ""VHL"", ""aa_change"": ""P86fs"", ""type"": ""frameshift"", ""des_level"": ""individual"", ""source"": [""CIVIC""]}"
e160,VHL P86S,Entity,"{""displayName"": ""VHL P86S"", ""reference1"": ""VHL"", ""aa_change"": ""P86S"", ""type"": ""substitution"", ""des_level"": ""individual"", ""source"": [""CIVIC""]}"
e161,VHL P86R,Entity,"{""displayName"": ""VHL P86R"", ""reference1"": ""VHL"", ""aa_change"": ""P86R"", ""type"": ""substitution"", ""des_level"": ""individual"", ""source"": [""CIVIC""]}"
e162,VHL P86L,Entity,"{""displayName"": ""VHL P86L"", ""reference1"": ""VHL"", ""aa_change"": ""P86L"", ""type"": ""substitution"", ""des_level"": ""individual"", ""source"": [""CIVIC""]}"
e163,VHL P86A,Entity,"{""displayName"": ""VHL P86A"", ""reference1"": ""VHL"", ""aa_change"": ""P86A"", ""type"": ""substitution"", ""des_level"": ""individual"", ""source"": [""CIVIC""]}"
e164,VHL P81S,Entity,"{""displayName"": ""VHL P81S"", ""reference1"": ""VHL"", ""aa_change"": ""P81S"", ""type"": ""substitution"", ""des_level"": ""individual"", ""source"": [""CIVIC""]}"
e165,VHL P71fs,Entity,"{""displayName"": ""VHL P71fs"", ""reference1"": ""VHL"", ""aa_change"": ""P71fs"", ""type"": ""frameshift"", ""des_level"": ""individual"", ""source"": [""CIVIC""]}"
e166,VHL P61fs,Entity,"{""displayName"": ""VHL P61fs"", ""reference1"": ""VHL"", ""aa_change"": ""P61fs"", ""type"": ""frameshift"", ""des_level"": ""individual"", ""source"": [""CIVIC""]}"
e167,VHL P59fs,Entity,"{""displayName"": ""VHL P59fs"", ""reference1"": ""VHL"", ""aa_change"": ""P59fs"", ""type"": ""frameshift"", ""des_level"": ""individual"", ""source"": [""CIVIC""]}"
e168,VHL P40fs,Entity,"{""displayName"": ""VHL P40fs"", ""reference1"": ""VHL"", ""aa_change"": ""P40fs"", ""type"": ""frameshift"", ""des_level"": ""individual"", ""source"": [""CIVIC""]}"
e169,VHL P25L,Entity,"{""displayName"": ""VHL P25L"", ""reference1"": ""VHL"", ""aa_change"": ""P25L"", ""type"": ""substitution"", ""des_level"": ""individual"", ""source"": [""CIVIC""]}"
e170,VHL P154fs,Entity,"{""displayName"": ""VHL P154fs"", ""reference1"": ""VHL"", ""aa_change"": ""P154fs"", ""type"": ""frameshift"", ""des_level"": ""individual"", ""source"": [""CIVIC""]}"
e171,VHL P154L,Entity,"{""displayName"": ""VHL P154L"", ""reference1"": ""VHL"", ""aa_change"": ""P154L"", ""type"": ""substitution"", ""des_level"": ""individual"", ""source"": [""CIVIC""]}"
e172,VHL P146fs,Entity,"{""displayName"": ""VHL P146fs"", ""reference1"": ""VHL"", ""aa_change"": ""P146fs"", ""type"": ""frameshift"", ""des_level"": ""individual"", ""source"": [""CIVIC""]}"
e173,VHL P138T,Entity,"{""displayName"": ""VHL P138T"", ""reference1"": ""VHL"", ""aa_change"": ""P138T"", ""type"": ""substitution"", ""des_level"": ""individual"", ""source"": [""CIVIC""]}"
e174,VHL P138R,Entity,"{""displayName"": ""VHL P138R"", ""reference1"": ""VHL"", ""aa_change"": ""P138R"", ""type"": ""substitution"", ""des_level"": ""individual"", ""source"": [""CIVIC""]}"
e175,VHL P103fs,Entity,"{""displayName"": ""VHL P103fs"", ""reference1"": ""VHL"", ""aa_change"": ""P103fs"", ""type"": ""frameshift"", ""des_level"": ""individual"", ""source"": [""CIVIC""]}"
e176,VHL P102fs,Entity,"{""displayName"": ""VHL P102fs"", ""reference1"": ""VHL"", ""aa_change"": ""P102fs"", ""type"": ""frameshift"", ""des_level"": ""individual"", ""source"": [""CIVIC""]}"
e177,VHL N7D,Entity,"{""displayName"": ""VHL N7D"", ""reference1"": ""VHL"", ""aa_change"": ""N7D"", ""type"": ""substitution"", ""des_level"": ""individual"", ""source"": [""CIVIC""]}"
e178,VHL N78T,Entity,"{""displayName"": ""VHL N78T"", ""reference1"": ""VHL"", ""aa_change"": ""N78T"", ""type"": ""substitution"", ""des_level"": ""individual"", ""source"": [""CIVIC""]}"
e179,VHL N78S,Entity,"{""displayName"": ""VHL N78S"", ""reference1"": ""VHL"", ""aa_change"": ""N78S"", ""type"": ""substitution"", ""des_level"": ""individual"", ""source"": [""CIVIC""]}"
e180,VHL N78I,Entity,"{""displayName"": ""VHL N78I"", ""reference1"": ""VHL"", ""aa_change"": ""N78I"", ""type"": ""substitution"", ""des_level"": ""individual"", ""source"": [""CIVIC""]}"
e181,VHL N78H,Entity,"{""displayName"": ""VHL N78H"", ""reference1"": ""VHL"", ""aa_change"": ""N78H"", ""type"": ""substitution"", ""des_level"": ""individual"", ""source"": [""CIVIC""]}"
e182,VHL N150fs,Entity,"{""displayName"": ""VHL N150fs"", ""reference1"": ""VHL"", ""aa_change"": ""N150fs"", ""type"": ""frameshift"", ""des_level"": ""individual"", ""source"": [""CIVIC""]}"
e183,VHL N150S,Entity,"{""displayName"": ""VHL N150S"", ""reference1"": ""VHL"", ""aa_change"": ""N150S"", ""type"": ""substitution"", ""des_level"": ""individual"", ""source"": [""CIVIC""]}"
e184,VHL N131fs,Entity,"{""displayName"": ""VHL N131fs"", ""reference1"": ""VHL"", ""aa_change"": ""N131fs"", ""type"": ""frameshift"", ""des_level"": ""individual"", ""source"": [""CIVIC""]}"
e185,VHL N131T,Entity,"{""displayName"": ""VHL N131T"", ""reference1"": ""VHL"", ""aa_change"": ""N131T"", ""type"": ""substitution"", ""des_level"": ""individual"", ""source"": [""CIVIC""]}"
e186,VHL N131S,Entity,"{""displayName"": ""VHL N131S"", ""reference1"": ""VHL"", ""aa_change"": ""N131S"", ""type"": ""substitution"", ""des_level"": ""individual"", ""source"": [""CIVIC""]}"
e187,VHL N131K,Entity,"{""displayName"": ""VHL N131K"", ""reference1"": ""VHL"", ""aa_change"": ""N131K"", ""type"": ""substitution"", ""des_level"": ""individual"", ""source"": [""CIVIC""]}"
e188,VHL M54fs,Entity,"{""displayName"": ""VHL M54fs"", ""reference1"": ""VHL"", ""aa_change"": ""M54fs"", ""type"": ""frameshift"", ""des_level"": ""individual"", ""source"": [""CIVIC""]}"
e189,VHL M54Ifs,Entity,"{""displayName"": ""VHL M54Ifs"", ""reference1"": ""VHL"", ""aa_change"": ""M54Ifs"", ""type"": ""frameshift"", ""des_level"": ""individual"", ""source"": [""CIVIC""]}"
e190,VHL M1fs,Entity,"{""displayName"": ""VHL M1fs"", ""reference1"": ""VHL"", ""aa_change"": ""M1fs"", ""type"": ""frameshift"", ""des_level"": ""individual"", ""source"": [""CIVIC""]}"
e191,VHL M1?,Entity,"{""displayName"": ""VHL M1?"", ""reference1"": ""VHL"", ""aa_change"": ""M1?"", ""type"": ""substitution"", ""des_level"": ""individual"", ""source"": [""CIVIC""]}"
e192,VHL L89P,Entity,"{""displayName"": ""VHL L89P"", ""reference1"": ""VHL"", ""aa_change"": ""L89P"", ""type"": ""substitution"", ""des_level"": ""individual"", ""source"": [""CIVIC""]}"
e193,VHL L85P,Entity,"{""displayName"": ""VHL L85P"", ""reference1"": ""VHL"", ""aa_change"": ""L85P"", ""type"": ""substitution"", ""des_level"": ""individual"", ""source"": [""CIVIC""]}"
e194,VHL L198Q,Entity,"{""displayName"": ""VHL L198Q"", ""reference1"": ""VHL"", ""aa_change"": ""L198Q"", ""type"": ""substitution"", ""des_level"": ""individual"", ""source"": [""CIVIC""]}"
e195,VHL L188fs,Entity,"{""displayName"": ""VHL L188fs"", ""reference1"": ""VHL"", ""aa_change"": ""L188fs"", ""type"": ""frameshift"", ""des_level"": ""individual"", ""source"": [""CIVIC""]}"
e196,VHL L188V,Entity,"{""displayName"": ""VHL L188V"", ""reference1"": ""VHL"", ""aa_change"": ""L188V"", ""type"": ""substitution"", ""des_level"": ""individual"", ""source"": [""CIVIC""]}"
e197,VHL L188R,Entity,"{""displayName"": ""VHL L188R"", ""reference1"": ""VHL"", ""aa_change"": ""L188R"", ""type"": ""substitution"", ""des_level"": ""individual"", ""source"": [""CIVIC""]}"
e198,VHL L188Q,Entity,"{""displayName"": ""VHL L188Q"", ""reference1"": ""VHL"", ""aa_change"": ""L188Q"", ""type"": ""substitution"", ""des_level"": ""individual"", ""source"": [""CIVIC""]}"
e199,VHL L188P,Entity,"{""displayName"": ""VHL L188P"", ""reference1"": ""VHL"", ""aa_change"": ""L188P"", ""type"": ""substitution"", ""des_level"": ""individual"", ""source"": [""CIVIC""]}"
e200,VHL L184R,Entity,"{""displayName"": ""VHL L184R"", ""reference1"": ""VHL"", ""aa_change"": ""L184R"", ""type"": ""substitution"", ""des_level"": ""individual"", ""source"": [""CIVIC""]}"
e201,VHL L184P,Entity,"{""displayName"": ""VHL L184P"", ""reference1"": ""VHL"", ""aa_change"": ""L184P"", ""type"": ""substitution"", ""des_level"": ""individual"", ""source"": [""CIVIC""]}"
e202,VHL L178R,Entity,"{""displayName"": ""VHL L178R"", ""reference1"": ""VHL"", ""aa_change"": ""L178R"", ""type"": ""substitution"", ""des_level"": ""individual"", ""source"": [""CIVIC""]}"
e203,VHL L178Q,Entity,"{""displayName"": ""VHL L178Q"", ""reference1"": ""VHL"", ""aa_change"": ""L178Q"", ""type"": ""substitution"", ""des_level"": ""individual"", ""source"": [""CIVIC""]}"
e204,VHL L178P,Entity,"{""displayName"": ""VHL L178P"", ""reference1"": ""VHL"", ""aa_change"": ""L178P"", ""type"": ""substitution"", ""des_level"": ""individual"", ""source"": [""CIVIC""]}"
e205,VHL L169P,Entity,"{""displayName"": ""VHL L169P"", ""reference1"": ""VHL"", ""aa_change"": ""L169P"", ""type"": ""substitution"", ""des_level"": ""individual"", ""source"": [""CIVIC""]}"
e206,VHL L163H,Entity,"{""displayName"": ""VHL L163H"", ""reference1"": ""VHL"", ""aa_change"": ""L163H"", ""type"": ""substitution"", ""des_level"": ""individual"", ""source"": [""CIVIC""]}"
e207,VHL L158fs,Entity,"{""displayName"": ""VHL L158fs"", ""reference1"": ""VHL"", ""aa_change"": ""L158fs"", ""type"": ""frameshift"", ""des_level"": ""individual"", ""source"": [""CIVIC""]}"
e208,VHL L158V,Entity,"{""displayName"": ""VHL L158V"", ""reference1"": ""VHL"", ""aa_change"": ""L158V"", ""type"": ""substitution"", ""des_level"": ""individual"", ""source"": [""CIVIC""]}"
e209,VHL L158P,Entity,"{""displayName"": ""VHL L158P"", ""reference1"": ""VHL"", ""aa_change"": ""L158P"", ""type"": ""substitution"", ""des_level"": ""individual"", ""source"": [""CIVIC""]}"
e210,VHL L153fs,Entity,"{""displayName"": ""VHL L153fs"", ""reference1"": ""VHL"", ""aa_change"": ""L153fs"", ""type"": ""frameshift"", ""des_level"": ""individual"", ""source"": [""CIVIC""]}"
e211,VHL L153P,Entity,"{""displayName"": ""VHL L153P"", ""reference1"": ""VHL"", ""aa_change"": ""L153P"", ""type"": ""substitution"", ""des_level"": ""individual"", ""source"": [""CIVIC""]}"
e212,VHL L140fs,Entity,"{""displayName"": ""VHL L140fs"", ""reference1"": ""VHL"", ""aa_change"": ""L140fs"", ""type"": ""frameshift"", ""des_level"": ""individual"", ""source"": [""CIVIC""]}"
e213,VHL L135fs,Entity,"{""displayName"": ""VHL L135fs"", ""reference1"": ""VHL"", ""aa_change"": ""L135fs"", ""type"": ""frameshift"", ""des_level"": ""individual"", ""source"": [""CIVIC""]}"
e214,VHL L135*,Entity,"{""displayName"": ""VHL L135*"", ""reference1"": ""VHL"", ""aa_change"": ""L135*"", ""type"": ""stop gained"", ""des_level"": ""individual"", ""source"": [""CIVIC""]}"
e215,VHL L129fs,Entity,"{""displayName"": ""VHL L129fs"", ""reference1"": ""VHL"", ""aa_change"": ""L129fs"", ""type"": ""frameshift"", ""des_level"": ""individual"", ""source"": [""CIVIC""]}"
e216,VHL L129Q,Entity,"{""displayName"": ""VHL L129Q"", ""reference1"": ""VHL"", ""aa_change"": ""L129Q"", ""type"": ""substitution"", ""des_level"": ""individual"", ""source"": [""CIVIC""]}"
e217,VHL L129P,Entity,"{""displayName"": ""VHL L129P"", ""reference1"": ""VHL"", ""aa_change"": ""L129P"", ""type"": ""substitution"", ""des_level"": ""individual"", ""source"": [""CIVIC""]}"
e218,VHL L128R,Entity,"{""displayName"": ""VHL L128R"", ""reference1"": ""VHL"", ""aa_change"": ""L128R"", ""type"": ""substitution"", ""des_level"": ""individual"", ""source"": [""CIVIC""]}"
e219,VHL L128F,Entity,"{""displayName"": ""VHL L128F"", ""reference1"": ""VHL"", ""aa_change"": ""L128F"", ""type"": ""substitution"", ""des_level"": ""individual"", ""source"": [""CIVIC""]}"
e220,VHL L118fs,Entity,"{""displayName"": ""VHL L118fs"", ""reference1"": ""VHL"", ""aa_change"": ""L118fs"", ""type"": ""frameshift"", ""des_level"": ""individual"", ""source"": [""CIVIC""]}"
e221,VHL L118P,Entity,"{""displayName"": ""VHL L118P"", ""reference1"": ""VHL"", ""aa_change"": ""L118P"", ""type"": ""substitution"", ""des_level"": ""individual"", ""source"": [""CIVIC""]}"
e222,VHL L116V,Entity,"{""displayName"": ""VHL L116V"", ""reference1"": ""VHL"", ""aa_change"": ""L116V"", ""type"": ""substitution"", ""des_level"": ""individual"", ""source"": [""CIVIC""]}"
e223,VHL L101G,Entity,"{""displayName"": ""VHL L101G"", ""reference1"": ""VHL"", ""aa_change"": ""L101G"", ""type"": ""substitution"", ""des_level"": ""individual"", ""source"": [""CIVIC""]}"
e224,VHL K196fs,Entity,"{""displayName"": ""VHL K196fs"", ""reference1"": ""VHL"", ""aa_change"": ""K196fs"", ""type"": ""frameshift"", ""des_level"": ""individual"", ""source"": [""CIVIC""]}"
e225,VHL K196*,Entity,"{""displayName"": ""VHL K196*"", ""reference1"": ""VHL"", ""aa_change"": ""K196*"", ""type"": ""stop gained"", ""des_level"": ""individual"", ""source"": [""CIVIC""]}"
e226,VHL K159fs,Entity,"{""displayName"": ""VHL K159fs"", ""reference1"": ""VHL"", ""aa_change"": ""K159fs"", ""type"": ""frameshift"", ""des_level"": ""individual"", ""source"": [""CIVIC""]}"
e227,VHL I180V,Entity,"{""displayName"": ""VHL I180V"", ""reference1"": ""VHL"", ""aa_change"": ""I180V"", ""type"": ""substitution"", ""des_level"": ""individual"", ""source"": [""CIVIC""]}"
e228,VHL I151T,Entity,"{""displayName"": ""VHL I151T"", ""reference1"": ""VHL"", ""aa_change"": ""I151T"", ""type"": ""substitution"", ""des_level"": ""individual"", ""source"": [""CIVIC""]}"
e229,VHL I151M,Entity,"{""displayName"": ""VHL I151M"", ""reference1"": ""VHL"", ""aa_change"": ""I151M"", ""type"": ""substitution"", ""des_level"": ""individual"", ""source"": [""CIVIC""]}"
e230,VHL I151F,Entity,"{""displayName"": ""VHL I151F"", ""reference1"": ""VHL"", ""aa_change"": ""I151F"", ""type"": ""substitution"", ""des_level"": ""individual"", ""source"": [""CIVIC""]}"
e231,VHL H191fs,Entity,"{""displayName"": ""VHL H191fs"", ""reference1"": ""VHL"", ""aa_change"": ""H191fs"", ""type"": ""frameshift"", ""des_level"": ""individual"", ""source"": [""CIVIC""]}"
e232,VHL H125fs,Entity,"{""displayName"": ""VHL H125fs"", ""reference1"": ""VHL"", ""aa_change"": ""H125fs"", ""type"": ""frameshift"", ""des_level"": ""individual"", ""source"": [""CIVIC""]}"
e233,VHL H115fs,Entity,"{""displayName"": ""VHL H115fs"", ""reference1"": ""VHL"", ""aa_change"": ""H115fs"", ""type"": ""frameshift"", ""des_level"": ""individual"", ""source"": [""CIVIC""]}"
e234,VHL H115Y,Entity,"{""displayName"": ""VHL H115Y"", ""reference1"": ""VHL"", ""aa_change"": ""H115Y"", ""type"": ""substitution"", ""des_level"": ""individual"", ""source"": [""CIVIC""]}"
e235,VHL H115R,Entity,"{""displayName"": ""VHL H115R"", ""reference1"": ""VHL"", ""aa_change"": ""H115R"", ""type"": ""substitution"", ""des_level"": ""individual"", ""source"": [""CIVIC""]}"
e236,VHL H115Q,Entity,"{""displayName"": ""VHL H115Q"", ""reference1"": ""VHL"", ""aa_change"": ""H115Q"", ""type"": ""substitution"", ""des_level"": ""individual"", ""source"": [""CIVIC""]}"
e237,VHL H115P,Entity,"{""displayName"": ""VHL H115P"", ""reference1"": ""VHL"", ""aa_change"": ""H115P"", ""type"": ""substitution"", ""des_level"": ""individual"", ""source"": [""CIVIC""]}"
e238,VHL G93_Y98del,Entity,"{""displayName"": ""VHL G93_Y98del"", ""reference1"": ""VHL"", ""aa_change"": ""G93_Y98del"", ""type"": ""deletion"", ""des_level"": ""individual"", ""source"": [""CIVIC""]}"
e239,VHL G93V,Entity,"{""displayName"": ""VHL G93V"", ""reference1"": ""VHL"", ""aa_change"": ""G93V"", ""type"": ""substitution"", ""des_level"": ""individual"", ""source"": [""CIVIC""]}"
e240,VHL G93S,Entity,"{""displayName"": ""VHL G93S"", ""reference1"": ""VHL"", ""aa_change"": ""G93S"", ""type"": ""substitution"", ""des_level"": ""individual"", ""source"": [""CIVIC""]}"
e241,VHL G93R,Entity,"{""displayName"": ""VHL G93R"", ""reference1"": ""VHL"", ""aa_change"": ""G93R"", ""type"": ""substitution"", ""des_level"": ""individual"", ""source"": [""CIVIC""]}"
e242,VHL G93C,Entity,"{""displayName"": ""VHL G93C"", ""reference1"": ""VHL"", ""aa_change"": ""G93C"", ""type"": ""substitution"", ""des_level"": ""individual"", ""source"": [""CIVIC""]}"
e243,VHL G144fs,Entity,"{""displayName"": ""VHL G144fs"", ""reference1"": ""VHL"", ""aa_change"": ""G144fs"", ""type"": ""frameshift"", ""des_level"": ""individual"", ""source"": [""CIVIC""]}"
e244,VHL G144E,Entity,"{""displayName"": ""VHL G144E"", ""reference1"": ""VHL"", ""aa_change"": ""G144E"", ""type"": ""substitution"", ""des_level"": ""individual"", ""source"": [""CIVIC""]}"
e245,VHL G144*,Entity,"{""displayName"": ""VHL G144*"", ""reference1"": ""VHL"", ""aa_change"": ""G144*"", ""type"": ""stop gained"", ""des_level"": ""individual"", ""source"": [""CIVIC""]}"
e246,VHL G123fs,Entity,"{""displayName"": ""VHL G123fs"", ""reference1"": ""VHL"", ""aa_change"": ""G123fs"", ""type"": ""frameshift"", ""des_level"": ""individual"", ""source"": [""CIVIC""]}"
e247,VHL G114dup,Entity,"{""displayName"": ""VHL G114dup"", ""reference1"": ""VHL"", ""aa_change"": ""G114dup"", ""type"": ""duplication"", ""des_level"": ""individual"", ""source"": [""CIVIC""]}"
e248,VHL G114Vfs*45,Entity,"{""displayName"": ""VHL G114Vfs*45"", ""reference1"": ""VHL"", ""aa_change"": ""G114Vfs*45"", ""type"": ""frameshift"", ""des_level"": ""individual"", ""source"": [""CIVIC""]}"
e249,VHL G114S,Entity,"{""displayName"": ""VHL G114S"", ""reference1"": ""VHL"", ""aa_change"": ""G114S"", ""type"": ""substitution"", ""des_level"": ""individual"", ""source"": [""CIVIC""]}"
e250,VHL G114R,Entity,"{""displayName"": ""VHL G114R"", ""reference1"": ""VHL"", ""aa_change"": ""G114R"", ""type"": ""substitution"", ""des_level"": ""individual"", ""source"": [""CIVIC""]}"
e251,VHL G114C,Entity,"{""displayName"": ""VHL G114C"", ""reference1"": ""VHL"", ""aa_change"": ""G114C"", ""type"": ""substitution"", ""des_level"": ""individual"", ""source"": [""CIVIC""]}"
e252,VHL G104V,Entity,"{""displayName"": ""VHL G104V"", ""reference1"": ""VHL"", ""aa_change"": ""G104V"", ""type"": ""substitution"", ""des_level"": ""individual"", ""source"": [""CIVIC""]}"
e253,VHL G104A,Entity,"{""displayName"": ""VHL G104A"", ""reference1"": ""VHL"", ""aa_change"": ""G104A"", ""type"": ""substitution"", ""des_level"": ""individual"", ""source"": [""CIVIC""]}"
e254,VHL F91L,Entity,"{""displayName"": ""VHL F91L"", ""reference1"": ""VHL"", ""aa_change"": ""F91L"", ""type"": ""substitution"", ""des_level"": ""individual"", ""source"": [""CIVIC""]}"
e255,VHL F91*,Entity,"{""displayName"": ""VHL F91*"", ""reference1"": ""VHL"", ""aa_change"": ""F91*"", ""type"": ""stop gained"", ""des_level"": ""individual"", ""source"": [""CIVIC""]}"
e256,VHL F76fs,Entity,"{""displayName"": ""VHL F76fs"", ""reference1"": ""VHL"", ""aa_change"": ""F76fs"", ""type"": ""frameshift"", ""des_level"": ""individual"", ""source"": [""CIVIC""]}"
e257,VHL F76del,Entity,"{""displayName"": ""VHL F76del"", ""reference1"": ""VHL"", ""aa_change"": ""F76del"", ""type"": ""deletion"", ""des_level"": ""individual"", ""source"": [""CIVIC""]}"
e258,VHL F76S,Entity,"{""displayName"": ""VHL F76S"", ""reference1"": ""VHL"", ""aa_change"": ""F76S"", ""type"": ""substitution"", ""des_level"": ""individual"", ""source"": [""CIVIC""]}"
e259,VHL F148*,Entity,"{""displayName"": ""VHL F148*"", ""reference1"": ""VHL"", ""aa_change"": ""F148*"", ""type"": ""stop gained"", ""des_level"": ""individual"", ""source"": [""CIVIC""]}"
e260,VHL F136S,Entity,"{""displayName"": ""VHL F136S"", ""reference1"": ""VHL"", ""aa_change"": ""F136S"", ""type"": ""substitution"", ""des_level"": ""individual"", ""source"": [""CIVIC""]}"
e261,VHL F136C,Entity,"{""displayName"": ""VHL F136C"", ""reference1"": ""VHL"", ""aa_change"": ""F136C"", ""type"": ""substitution"", ""des_level"": ""individual"", ""source"": [""CIVIC""]}"
e262,VHL F119L,Entity,"{""displayName"": ""VHL F119L"", ""reference1"": ""VHL"", ""aa_change"": ""F119L"", ""type"": ""substitution"", ""des_level"": ""individual"", ""source"": [""CIVIC""]}"
e263,VHL E94fs,Entity,"{""displayName"": ""VHL E94fs"", ""reference1"": ""VHL"", ""aa_change"": ""E94fs"", ""type"": ""frameshift"", ""des_level"": ""individual"", ""source"": [""CIVIC""]}"
e264,VHL E94*,Entity,"{""displayName"": ""VHL E94*"", ""reference1"": ""VHL"", ""aa_change"": ""E94*"", ""type"": ""stop gained"", ""des_level"": ""individual"", ""source"": [""CIVIC""]}"
e265,VHL E70K,Entity,"{""displayName"": ""VHL E70K"", ""reference1"": ""VHL"", ""aa_change"": ""E70K"", ""type"": ""substitution"", ""des_level"": ""individual"", ""source"": [""CIVIC""]}"
e266,VHL E70*,Entity,"{""displayName"": ""VHL E70*"", ""reference1"": ""VHL"", ""aa_change"": ""E70*"", ""type"": ""stop gained"", ""des_level"": ""individual"", ""source"": [""CIVIC""]}"
e267,VHL E55fs,Entity,"{""displayName"": ""VHL E55fs"", ""reference1"": ""VHL"", ""aa_change"": ""E55fs"", ""type"": ""frameshift"", ""des_level"": ""individual"", ""source"": [""CIVIC""]}"
e268,VHL E55RfsTer11,Entity,"{""displayName"": ""VHL E55RfsTer11"", ""reference1"": ""VHL"", ""aa_change"": ""E55RfsTer11"", ""type"": ""frameshift"", ""des_level"": ""individual"", ""source"": [""CIVIC""]}"
e269,VHL E55*,Entity,"{""displayName"": ""VHL E55*"", ""reference1"": ""VHL"", ""aa_change"": ""E55*"", ""type"": ""stop gained"", ""des_level"": ""individual"", ""source"": [""CIVIC""]}"
e270,VHL E52K,Entity,"{""displayName"": ""VHL E52K"", ""reference1"": ""VHL"", ""aa_change"": ""E52K"", ""type"": ""substitution"", ""des_level"": ""individual"", ""source"": [""CIVIC""]}"
e271,VHL E46*,Entity,"{""displayName"": ""VHL E46*"", ""reference1"": ""VHL"", ""aa_change"": ""E46*"", ""type"": ""stop gained"", ""des_level"": ""individual"", ""source"": [""CIVIC""]}"
e272,VHL E189fs,Entity,"{""displayName"": ""VHL E189fs"", ""reference1"": ""VHL"", ""aa_change"": ""E189fs"", ""type"": ""frameshift"", ""des_level"": ""individual"", ""source"": [""CIVIC""]}"
e273,VHL E186K,Entity,"{""displayName"": ""VHL E186K"", ""reference1"": ""VHL"", ""aa_change"": ""E186K"", ""type"": ""substitution"", ""des_level"": ""individual"", ""source"": [""CIVIC""]}"
e274,VHL E186*,Entity,"{""displayName"": ""VHL E186*"", ""reference1"": ""VHL"", ""aa_change"": ""E186*"", ""type"": ""stop gained"", ""des_level"": ""individual"", ""source"": [""CIVIC""]}"
e275,VHL E160fs,Entity,"{""displayName"": ""VHL E160fs"", ""reference1"": ""VHL"", ""aa_change"": ""E160fs"", ""type"": ""frameshift"", ""des_level"": ""individual"", ""source"": [""CIVIC""]}"
e276,VHL D92G,Entity,"{""displayName"": ""VHL D92G"", ""reference1"": ""VHL"", ""aa_change"": ""D92G"", ""type"": ""substitution"", ""des_level"": ""individual"", ""source"": [""CIVIC""]}"
e277,VHL D197fs,Entity,"{""displayName"": ""VHL D197fs"", ""reference1"": ""VHL"", ""aa_change"": ""D197fs"", ""type"": ""frameshift"", ""des_level"": ""individual"", ""source"": [""CIVIC""]}"
e278,VHL D143fs,Entity,"{""displayName"": ""VHL D143fs"", ""reference1"": ""VHL"", ""aa_change"": ""D143fs"", ""type"": ""frameshift"", ""des_level"": ""individual"", ""source"": [""CIVIC""]}"
e279,VHL D126fs,Entity,"{""displayName"": ""VHL D126fs"", ""reference1"": ""VHL"", ""aa_change"": ""D126fs"", ""type"": ""frameshift"", ""des_level"": ""individual"", ""source"": [""CIVIC""]}"
e280,VHL D121_A122del,Entity,"{""displayName"": ""VHL D121_A122del"", ""reference1"": ""VHL"", ""aa_change"": ""D121_A122del"", ""type"": ""deletion"", ""des_level"": ""individual"", ""source"": [""CIVIC""]}"
e281,VHL D121G,Entity,"{""displayName"": ""VHL D121G"", ""reference1"": ""VHL"", ""aa_change"": ""D121G"", ""type"": ""substitution"", ""des_level"": ""individual"", ""source"": [""CIVIC""]}"
e282,VHL C77fs,Entity,"{""displayName"": ""VHL C77fs"", ""reference1"": ""VHL"", ""aa_change"": ""C77fs"", ""type"": ""frameshift"", ""des_level"": ""individual"", ""source"": [""CIVIC""]}"
e283,VHL C77_N78insL,Entity,"{""displayName"": ""VHL C77_N78insL"", ""reference1"": ""VHL"", ""aa_change"": ""C77_N78insL"", ""type"": ""insertion"", ""des_level"": ""individual"", ""source"": [""CIVIC""]}"
e284,VHL C162fs,Entity,"{""displayName"": ""VHL C162fs"", ""reference1"": ""VHL"", ""aa_change"": ""C162fs"", ""type"": ""frameshift"", ""des_level"": ""individual"", ""source"": [""CIVIC""]}"
e285,VHL C162Y,Entity,"{""displayName"": ""VHL C162Y"", ""reference1"": ""VHL"", ""aa_change"": ""C162Y"", ""type"": ""substitution"", ""des_level"": ""individual"", ""source"": [""CIVIC""]}"
e286,VHL C162W,Entity,"{""displayName"": ""VHL C162W"", ""reference1"": ""VHL"", ""aa_change"": ""C162W"", ""type"": ""substitution"", ""des_level"": ""individual"", ""source"": [""CIVIC""]}"
e287,VHL C162R,Entity,"{""displayName"": ""VHL C162R"", ""reference1"": ""VHL"", ""aa_change"": ""C162R"", ""type"": ""substitution"", ""des_level"": ""individual"", ""source"": [""CIVIC""]}"
e288,VHL C162F,Entity,"{""displayName"": ""VHL C162F"", ""reference1"": ""VHL"", ""aa_change"": ""C162F"", ""type"": ""substitution"", ""des_level"": ""individual"", ""source"": [""CIVIC""]}"
e289,VHL A56fs,Entity,"{""displayName"": ""VHL A56fs"", ""reference1"": ""VHL"", ""aa_change"": ""A56fs"", ""type"": ""frameshift"", ""des_level"": ""individual"", ""source"": [""CIVIC""]}"
e290,VHL A56_P59del,Entity,"{""displayName"": ""VHL A56_P59del"", ""reference1"": ""VHL"", ""aa_change"": ""A56_P59del"", ""type"": ""deletion"", ""des_level"": ""individual"", ""source"": [""CIVIC""]}"
e291,VHL A149fs,Entity,"{""displayName"": ""VHL A149fs"", ""reference1"": ""VHL"", ""aa_change"": ""A149fs"", ""type"": ""frameshift"", ""des_level"": ""individual"", ""source"": [""CIVIC""]}"
e292,VHL A149T,Entity,"{""displayName"": ""VHL A149T"", ""reference1"": ""VHL"", ""aa_change"": ""A149T"", ""type"": ""substitution"", ""des_level"": ""individual"", ""source"": [""CIVIC""]}"
e293,VHL A149S,Entity,"{""displayName"": ""VHL A149S"", ""reference1"": ""VHL"", ""aa_change"": ""A149S"", ""type"": ""substitution"", ""des_level"": ""individual"", ""source"": [""CIVIC""]}"
e294,VHL A122I,Entity,"{""displayName"": ""VHL A122I"", ""reference1"": ""VHL"", ""aa_change"": ""A122I"", ""type"": ""substitution"", ""des_level"": ""individual"", ""source"": [""CIVIC""]}"
e295,VHL *214W,Entity,"{""displayName"": ""VHL *214W"", ""reference1"": ""VHL"", ""aa_change"": ""*214W"", ""type"": ""substitution"", ""des_level"": ""individual"", ""source"": [""CIVIC""]}"
e296,VHL *214L,Entity,"{""displayName"": ""VHL *214L"", ""reference1"": ""VHL"", ""aa_change"": ""*214L"", ""type"": ""substitution"", ""des_level"": ""individual"", ""source"": [""CIVIC""]}"
e297,VHL *214G,Entity,"{""displayName"": ""VHL *214G"", ""reference1"": ""VHL"", ""aa_change"": ""*214G"", ""type"": ""substitution"", ""des_level"": ""individual"", ""source"": [""CIVIC""]}"
e298,VHL *214C,Entity,"{""displayName"": ""VHL *214C"", ""reference1"": ""VHL"", ""aa_change"": ""*214C"", ""type"": ""substitution"", ""des_level"": ""individual"", ""source"": [""CIVIC""]}"
e299,VEGFA mutation,Entity,"{""displayName"": ""VEGFA mutation"", ""reference1"": ""VEGFA"", ""type"": ""mutation"", ""des_level"": ""gene"", ""source"": [""COSMIC""]}"
e300,VEGFA amplification,Entity,"{""displayName"": ""VEGFA amplification"", ""reference1"": ""VEGFA"", ""type"": ""amplification"", ""des_level"": ""gene"", ""source"": [""CGI""]}"
e301,VCL-NTRK2 fusion,Entity,"{""displayName"": ""VCL-NTRK2 fusion"", ""reference1"": ""VCL"", ""reference2"": ""NTRK2"", ""type"": ""fusion"", ""des_level"": ""gene"", ""source"": [""CIVIC""]}"
e302,VCL mutation,Entity,"{""displayName"": ""VCL mutation"", ""reference1"": ""VCL"", ""type"": ""mutation"", ""des_level"": ""gene"", ""source"": [""VH""]}"
e303,USP25-JAK2 fusion,Entity,"{""displayName"": ""USP25-JAK2 fusion"", ""reference1"": ""USP25"", ""reference2"": ""JAK2"", ""type"": ""fusion"", ""des_level"": ""gene"", ""source"": [""CIVIC""]}"
e304,USP25 mutation,Entity,"{""displayName"": ""USP25 mutation"", ""reference1"": ""USP25"", ""type"": ""mutation"", ""des_level"": ""gene"", ""source"": [""VH""]}"
e305,UGT1A1 mutation,Entity,"{""displayName"": ""UGT1A1 mutation"", ""reference1"": ""UGT1A1"", ""type"": ""mutation"", ""des_level"": ""gene"", ""source"": [""COSMIC""]}"
e306,UGT1A1 P229Q,Entity,"{""displayName"": ""UGT1A1 P229Q"", ""reference1"": ""UGT1A1"", ""aa_change"": ""P229Q"", ""type"": ""substitution"", ""des_level"": ""individual"", ""source"": [""CGI""]}"
e307,UGT1A1 G71R,Entity,"{""displayName"": ""UGT1A1 G71R"", ""reference1"": ""UGT1A1"", ""aa_change"": ""G71R"", ""type"": ""substitution"", ""des_level"": ""individual"", ""source"": [""CGI""]}"
e308,UGT1A mutation,Entity,"{""displayName"": ""UGT1A mutation"", ""reference1"": ""UGT1A"", ""type"": ""mutation"", ""des_level"": ""gene"", ""source"": [""VH""]}"
e309,UGT1A expression,Entity,"{""displayName"": ""UGT1A expression"", ""reference1"": ""UGT1A"", ""type"": ""expression"", ""des_level"": ""gene"", ""source"": [""CIVIC""]}"
e310,U2AF1 oncogenic mutation,Entity,"{""displayName"": ""U2AF1 oncogenic mutation"", ""reference1"": ""U2AF1"", ""type"": ""oncogenic mutation"", ""des_level"": ""gene"", ""source"": [""OncoKB"", ""CGI""]}"
e311,U2AF1 mutation,Entity,"{""displayName"": ""U2AF1 mutation"", ""reference1"": ""U2AF1"", ""type"": ""mutation"", ""des_level"": ""gene"", ""source"": [""CIVIC"", ""COSMIC""]}"
e312,U2AF1 exon 6 mutation,Entity,"{""displayName"": ""U2AF1 exon 6 mutation"", ""reference1"": ""U2AF1"", ""exon"": ""6"", ""type"": ""mutation"", ""des_level"": ""exon"", ""source"": [""COSMIC""]}"
e313,U2AF1 exon 2 mutation,Entity,"{""displayName"": ""U2AF1 exon 2 mutation"", ""reference1"": ""U2AF1"", ""exon"": ""2"", ""type"": ""mutation"", ""des_level"": ""exon"", ""source"": [""COSMIC""]}"
e314,U2AF1 S34Y,Entity,"{""displayName"": ""U2AF1 S34Y"", ""reference1"": ""U2AF1"", ""aa_change"": ""S34Y"", ""type"": ""substitution"", ""des_level"": ""individual"", ""source"": [""CIVIC""]}"
e315,U2AF1 S34X,Entity,"{""displayName"": ""U2AF1 S34X"", ""reference1"": ""U2AF1"", ""aa_change"": ""S34X"", ""type"": ""substitution"", ""des_level"": ""amino acid"", ""source"": [""COSMIC""]}"
e316,U2AF1 S34F,Entity,"{""displayName"": ""U2AF1 S34F"", ""reference1"": ""U2AF1"", ""aa_change"": ""S34F"", ""type"": ""substitution"", ""des_level"": ""individual"", ""source"": [""CIVIC""]}"
e317,U2AF1 R156X,Entity,"{""displayName"": ""U2AF1 R156X"", ""reference1"": ""U2AF1"", ""aa_change"": ""R156X"", ""type"": ""substitution"", ""des_level"": ""amino acid"", ""source"": [""COSMIC""]}"
e318,U2AF1 Q157X,Entity,"{""displayName"": ""U2AF1 Q157X"", ""reference1"": ""U2AF1"", ""aa_change"": ""Q157X"", ""type"": ""substitution"", ""des_level"": ""amino acid"", ""source"": [""COSMIC""]}"
e319,U2AF1 Q157R,Entity,"{""displayName"": ""U2AF1 Q157R"", ""reference1"": ""U2AF1"", ""aa_change"": ""Q157R"", ""type"": ""substitution"", ""des_level"": ""individual"", ""source"": [""CIVIC""]}"
e320,U2AF1 Q157P,Entity,"{""displayName"": ""U2AF1 Q157P"", ""reference1"": ""U2AF1"", ""aa_change"": ""Q157P"", ""type"": ""substitution"", ""des_level"": ""individual"", ""source"": [""CIVIC""]}"
e321,TYMS underexpression,Entity,"{""displayName"": ""TYMS underexpression"", ""reference1"": ""TYMS"", ""type"": ""underexpression"", ""des_level"": ""gene"", ""source"": [""CIVIC""]}"
e322,TYMS overexpression,Entity,"{""displayName"": ""TYMS overexpression"", ""reference1"": ""TYMS"", ""type"": ""overexpression"", ""des_level"": ""gene"", ""source"": [""CIVIC""]}"
e323,TYMS mutation,Entity,"{""displayName"": ""TYMS mutation"", ""reference1"": ""TYMS"", ""type"": ""mutation"", ""des_level"": ""gene"", ""source"": [""VH""]}"
e324,TYMS amplification,Entity,"{""displayName"": ""TYMS amplification"", ""reference1"": ""TYMS"", ""type"": ""amplification"", ""des_level"": ""gene"", ""source"": [""CIVIC""]}"
e325,TYK2 mutation,Entity,"{""displayName"": ""TYK2 mutation"", ""reference1"": ""TYK2"", ""type"": ""mutation"", ""des_level"": ""gene"", ""source"": [""COSMIC""]}"
e326,TYK2 fusion,Entity,"{""displayName"": ""TYK2 fusion"", ""reference1"": ""TYK2"", ""type"": ""fusion"", ""des_level"": ""gene"", ""source"": [""OncoKB""]}"
e327,TUBB3 overexpression,Entity,"{""displayName"": ""TUBB3 overexpression"", ""reference1"": ""TUBB3"", ""type"": ""overexpression"", ""des_level"": ""gene"", ""source"": [""CGI""]}"
e328,TUBB3 mutation,Entity,"{""displayName"": ""TUBB3 mutation"", ""reference1"": ""TUBB3"", ""type"": ""mutation"", ""des_level"": ""gene"", ""source"": [""VH""]}"
e329,TUBB3 expression,Entity,"{""displayName"": ""TUBB3 expression"", ""reference1"": ""TUBB3"", ""type"": ""expression"", ""des_level"": ""gene"", ""source"": [""CIVIC""]}"
e330,TTF1 mutation,Entity,"{""displayName"": ""TTF1 mutation"", ""reference1"": ""TTF1"", ""type"": ""mutation"", ""des_level"": ""gene"", ""source"": [""VH""]}"
e331,TTF1 amplification,Entity,"{""displayName"": ""TTF1 amplification"", ""reference1"": ""TTF1"", ""type"": ""amplification"", ""des_level"": ""gene"", ""source"": [""CIVIC""]}"
e332,TSC2 oncogenic mutation,Entity,"{""displayName"": ""TSC2 oncogenic mutation"", ""reference1"": ""TSC2"", ""type"": ""oncogenic mutation"", ""des_level"": ""gene"", ""source"": [""OncoKB"", ""CGI""]}"
e333,TSC2 mutation,Entity,"{""displayName"": ""TSC2 mutation"", ""reference1"": ""TSC2"", ""type"": ""mutation"", ""des_level"": ""gene"", ""source"": [""COSMIC""]}"
e334,TSC2 copy loss,Entity,"{""displayName"": ""TSC2 copy loss"", ""reference1"": ""TSC2"", ""type"": ""copy loss"", ""des_level"": ""gene"", ""source"": [""CGI""]}"
e335,TSC2 W358*,Entity,"{""displayName"": ""TSC2 W358*"", ""reference1"": ""TSC2"", ""aa_change"": ""W358*"", ""type"": ""stop gained"", ""des_level"": ""individual"", ""source"": [""COSMIC""]}"
e336,TSC2 Q1178*,Entity,"{""displayName"": ""TSC2 Q1178*"", ""reference1"": ""TSC2"", ""aa_change"": ""Q1178*"", ""type"": ""stop gained"", ""des_level"": ""individual"", ""source"": [""CIVIC"", ""CGI""]}"
e337,TSC2 E66K,Entity,"{""displayName"": ""TSC2 E66K"", ""reference1"": ""TSC2"", ""aa_change"": ""E66K"", ""type"": ""substitution"", ""des_level"": ""individual"", ""source"": [""CGI""]}"
e338,TSC1 oncogenic mutation,Entity,"{""displayName"": ""TSC1 oncogenic mutation"", ""reference1"": ""TSC1"", ""type"": ""oncogenic mutation"", ""des_level"": ""gene"", ""source"": [""OncoKB"", ""CGI""]}"
e339,TSC1 mutation,Entity,"{""displayName"": ""TSC1 mutation"", ""reference1"": ""TSC1"", ""type"": ""mutation"", ""des_level"": ""gene"", ""source"": [""COSMIC""]}"
e340,TSC1 loss of function,Entity,"{""displayName"": ""TSC1 loss of function"", ""reference1"": ""TSC1"", ""type"": ""loss of function"", ""des_level"": ""gene"", ""source"": [""CIVIC""]}"
e341,TSC1 frameshift,Entity,"{""displayName"": ""TSC1 frameshift"", ""reference1"": ""TSC1"", ""type"": ""frameshift"", ""des_level"": ""gene"", ""source"": [""CIVIC""]}"
e342,TSC1 copy loss,Entity,"{""displayName"": ""TSC1 copy loss"", ""reference1"": ""TSC1"", ""type"": ""copy loss"", ""des_level"": ""gene"", ""source"": [""CGI""]}"
e343,TSC1 Y185*,Entity,"{""displayName"": ""TSC1 Y185*"", ""reference1"": ""TSC1"", ""aa_change"": ""Y185*"", ""type"": ""stop gained"", ""des_level"": ""individual"", ""source"": [""COSMIC""]}"
e344,TSC1 R424Nfs*,Entity,"{""displayName"": ""TSC1 R424Nfs*"", ""reference1"": ""TSC1"", ""aa_change"": ""R424Nfs*"", ""type"": ""frameshift"", ""des_level"": ""individual"", ""source"": [""COSMIC""]}"
e345,TSC1 R1062W,Entity,"{""displayName"": ""TSC1 R1062W"", ""reference1"": ""TSC1"", ""aa_change"": ""R1062W"", ""type"": ""substitution"", ""des_level"": ""individual"", ""source"": [""CIVIC""]}"
e346,TSC1 Q516*,Entity,"{""displayName"": ""TSC1 Q516*"", ""reference1"": ""TSC1"", ""aa_change"": ""Q516*"", ""type"": ""stop gained"", ""des_level"": ""individual"", ""source"": [""COSMIC""]}"
e347,TRIM63-NTRK1 fusion,Entity,"{""displayName"": ""TRIM63-NTRK1 fusion"", ""reference1"": ""TRIM63"", ""reference2"": ""NTRK1"", ""type"": ""fusion"", ""des_level"": ""gene"", ""source"": [""CIVIC""]}"
e348,TRIM63 mutation,Entity,"{""displayName"": ""TRIM63 mutation"", ""reference1"": ""TRIM63"", ""type"": ""mutation"", ""des_level"": ""gene"", ""source"": [""VH""]}"
e349,TRIM24-BRAF fusion,Entity,"{""displayName"": ""TRIM24-BRAF fusion"", ""reference1"": ""TRIM24"", ""reference2"": ""BRAF"", ""type"": ""fusion"", ""des_level"": ""gene"", ""source"": [""CIVIC""]}"
e350,TRIM24 mutation,Entity,"{""displayName"": ""TRIM24 mutation"", ""reference1"": ""TRIM24"", ""type"": ""mutation"", ""des_level"": ""gene"", ""source"": [""VH""]}"
e351,TRG mutation,Entity,"{""displayName"": ""TRG mutation"", ""reference1"": ""TRG"", ""type"": ""mutation"", ""des_level"": ""gene"", ""source"": [""VH""]}"
e352,TRG fusion,Entity,"{""displayName"": ""TRG fusion"", ""reference1"": ""TRG"", ""type"": ""fusion"", ""des_level"": ""gene"", ""source"": [""OncoKB""]}"
e353,TRD mutation,Entity,"{""displayName"": ""TRD mutation"", ""reference1"": ""TRD"", ""type"": ""mutation"", ""des_level"": ""gene"", ""source"": [""VH""]}"
e354,TRD fusion,Entity,"{""displayName"": ""TRD fusion"", ""reference1"": ""TRD"", ""type"": ""fusion"", ""des_level"": ""gene"", ""source"": [""OncoKB""]}"
e355,TRB mutation,Entity,"{""displayName"": ""TRB mutation"", ""reference1"": ""TRB"", ""type"": ""mutation"", ""des_level"": ""gene"", ""source"": [""VH""]}"
e356,TRB fusion,Entity,"{""displayName"": ""TRB fusion"", ""reference1"": ""TRB"", ""type"": ""fusion"", ""des_level"": ""gene"", ""source"": [""OncoKB""]}"
e357,TRA-TCL1B fusion,Entity,"{""displayName"": ""TRA-TCL1B fusion"", ""reference1"": ""TRA"", ""reference2"": ""TCL1B"", ""type"": ""fusion"", ""des_level"": ""gene"", ""source"": [""OncoKB""]}"
e358,TRA-TCL1A fusion,Entity,"{""displayName"": ""TRA-TCL1A fusion"", ""reference1"": ""TRA"", ""reference2"": ""TCL1A"", ""type"": ""fusion"", ""des_level"": ""gene"", ""source"": [""OncoKB""]}"
e359,TRA mutation,Entity,"{""displayName"": ""TRA mutation"", ""reference1"": ""TRA"", ""type"": ""mutation"", ""des_level"": ""gene"", ""source"": [""VH""]}"
e360,TRA fusion,Entity,"{""displayName"": ""TRA fusion"", ""reference1"": ""TRA"", ""type"": ""fusion"", ""des_level"": ""gene"", ""source"": [""OncoKB""]}"
e361,TPR-NTRK1 fusion,Entity,"{""displayName"": ""TPR-NTRK1 fusion"", ""reference1"": ""TPR"", ""reference2"": ""NTRK1"", ""type"": ""fusion"", ""des_level"": ""gene"", ""source"": [""CIVIC""]}"
e362,TPR-JAK2 fusion,Entity,"{""displayName"": ""TPR-JAK2 fusion"", ""reference1"": ""TPR"", ""reference2"": ""JAK2"", ""type"": ""fusion"", ""des_level"": ""gene"", ""source"": [""CIVIC""]}"
e363,TPR mutation,Entity,"{""displayName"": ""TPR mutation"", ""reference1"": ""TPR"", ""type"": ""mutation"", ""des_level"": ""gene"", ""source"": [""VH""]}"
e364,TPMT splice acceptor variant,Entity,"{""displayName"": ""TPMT splice acceptor variant"", ""reference1"": ""TPMT"", ""type"": ""splice acceptor variant"", ""des_level"": ""gene"", ""source"": [""CGI""]}"
e365,TPMT mutation,Entity,"{""displayName"": ""TPMT mutation"", ""reference1"": ""TPMT"", ""type"": ""mutation"", ""des_level"": ""gene"", ""source"": [""VH""]}"
e366,TPMT Y240C,Entity,"{""displayName"": ""TPMT Y240C"", ""reference1"": ""TPMT"", ""aa_change"": ""Y240C"", ""type"": ""substitution"", ""des_level"": ""individual"", ""source"": [""CGI""]}"
e367,TPMT A80P,Entity,"{""displayName"": ""TPMT A80P"", ""reference1"": ""TPMT"", ""aa_change"": ""A80P"", ""type"": ""substitution"", ""des_level"": ""individual"", ""source"": [""CGI""]}"
e368,TPMT A167G,Entity,"{""displayName"": ""TPMT A167G"", ""reference1"": ""TPMT"", ""aa_change"": ""A167G"", ""type"": ""substitution"", ""des_level"": ""individual"", ""source"": [""CGI""]}"
e369,TPMT A154T,Entity,"{""displayName"": ""TPMT A154T"", ""reference1"": ""TPMT"", ""aa_change"": ""A154T"", ""type"": ""substitution"", ""des_level"": ""individual"", ""source"": [""CGI""]}"
e370,TPM3-NTRK1 fusion,Entity,"{""displayName"": ""TPM3-NTRK1 fusion"", ""reference1"": ""TPM3"", ""reference2"": ""NTRK1"", ""type"": ""fusion"", ""des_level"": ""gene"", ""source"": [""CIVIC""]}"
e371,TPM3 mutation,Entity,"{""displayName"": ""TPM3 mutation"", ""reference1"": ""TPM3"", ""type"": ""mutation"", ""des_level"": ""gene"", ""source"": [""VH""]}"
e372,TP63 mutation,Entity,"{""displayName"": ""TP63 mutation"", ""reference1"": ""TP63"", ""type"": ""mutation"", ""des_level"": ""gene"", ""source"": [""VH""]}"
e373,TP63 fusion,Entity,"{""displayName"": ""TP63 fusion"", ""reference1"": ""TP63"", ""type"": ""fusion"", ""des_level"": ""gene"", ""source"": [""OncoKB""]}"
e374,TP53 truncating mutation,Entity,"{""displayName"": ""TP53 truncating mutation"", ""reference1"": ""TP53"", ""type"": ""truncating mutation"", ""des_level"": ""gene"", ""source"": [""CIVIC""]}"
e375,TP53 overexpression,Entity,"{""displayName"": ""TP53 overexpression"", ""reference1"": ""TP53"", ""type"": ""overexpression"", ""des_level"": ""gene"", ""source"": [""CIVIC""]}"
e376,TP53 oncogenic mutation,Entity,"{""displayName"": ""TP53 oncogenic mutation"", ""reference1"": ""TP53"", ""type"": ""oncogenic mutation"", ""des_level"": ""gene"", ""source"": [""OncoKB"", ""CGI""]}"
e377,TP53 mutation,Entity,"{""displayName"": ""TP53 mutation"", ""reference1"": ""TP53"", ""type"": ""mutation"", ""des_level"": ""gene"", ""source"": [""CIVIC"", ""COSMIC""]}"
e378,TP53 exon 7 mutation,Entity,"{""displayName"": ""TP53 exon 7 mutation"", ""reference1"": ""TP53"", ""exon"": ""7"", ""type"": ""mutation"", ""des_level"": ""exon"", ""source"": [""COSMIC""]}"
e379,TP53 exon 4 mutation,Entity,"{""displayName"": ""TP53 exon 4 mutation"", ""reference1"": ""TP53"", ""exon"": ""4"", ""type"": ""mutation"", ""des_level"": ""exon"", ""source"": [""COSMIC""]}"
e380,TP53 deletion,Entity,"{""displayName"": ""TP53 deletion"", ""reference1"": ""TP53"", ""type"": ""deletion"", ""des_level"": ""gene"", ""source"": [""CIVIC"", ""OncoKB""]}"
e381,TP53 copy loss,Entity,"{""displayName"": ""TP53 copy loss"", ""reference1"": ""TP53"", ""type"": ""copy loss"", ""des_level"": ""gene"", ""source"": [""CGI""]}"
e382,TP53 Y236S,Entity,"{""displayName"": ""TP53 Y236S"", ""reference1"": ""TP53"", ""aa_change"": ""Y236S"", ""type"": ""substitution"", ""des_level"": ""individual"", ""source"": [""CIVIC""]}"
e383,TP53 Y234H,Entity,"{""displayName"": ""TP53 Y234H"", ""reference1"": ""TP53"", ""aa_change"": ""Y234H"", ""type"": ""substitution"", ""des_level"": ""individual"", ""source"": [""CIVIC""]}"
e384,TP53 Y234C,Entity,"{""displayName"": ""TP53 Y234C"", ""reference1"": ""TP53"", ""aa_change"": ""Y234C"", ""type"": ""substitution"", ""des_level"": ""individual"", ""source"": [""CIVIC""]}"
e385,TP53 Y220H,Entity,"{""displayName"": ""TP53 Y220H"", ""reference1"": ""TP53"", ""aa_change"": ""Y220H"", ""type"": ""substitution"", ""des_level"": ""individual"", ""source"": [""CIVIC""]}"
e386,TP53 Y220C,Entity,"{""displayName"": ""TP53 Y220C"", ""reference1"": ""TP53"", ""aa_change"": ""Y220C"", ""type"": ""substitution"", ""des_level"": ""individual"", ""source"": [""OncoKB"", ""COSMIC"", ""CIVIC""]}"
e387,TP53 Y163N,Entity,"{""displayName"": ""TP53 Y163N"", ""reference1"": ""TP53"", ""aa_change"": ""Y163N"", ""type"": ""substitution"", ""des_level"": ""individual"", ""source"": [""CIVIC""]}"
e388,TP53 Y163H,Entity,"{""displayName"": ""TP53 Y163H"", ""reference1"": ""TP53"", ""aa_change"": ""Y163H"", ""type"": ""substitution"", ""des_level"": ""individual"", ""source"": [""CIVIC""]}"
e389,TP53 Y126S,Entity,"{""displayName"": ""TP53 Y126S"", ""reference1"": ""TP53"", ""aa_change"": ""Y126S"", ""type"": ""substitution"", ""des_level"": ""individual"", ""source"": [""CIVIC""]}"
e390,TP53 Y126D,Entity,"{""displayName"": ""TP53 Y126D"", ""reference1"": ""TP53"", ""aa_change"": ""Y126D"", ""type"": ""substitution"", ""des_level"": ""individual"", ""source"": [""CIVIC""]}"
e391,TP53 V274F,Entity,"{""displayName"": ""TP53 V274F"", ""reference1"": ""TP53"", ""aa_change"": ""V274F"", ""type"": ""substitution"", ""des_level"": ""individual"", ""source"": [""CIVIC""]}"
e392,TP53 V272M,Entity,"{""displayName"": ""TP53 V272M"", ""reference1"": ""TP53"", ""aa_change"": ""V272M"", ""type"": ""substitution"", ""des_level"": ""individual"", ""source"": [""COSMIC""]}"
e393,TP53 V272G,Entity,"{""displayName"": ""TP53 V272G"", ""reference1"": ""TP53"", ""aa_change"": ""V272G"", ""type"": ""substitution"", ""des_level"": ""individual"", ""source"": [""CIVIC""]}"
e394,TP53 V157F,Entity,"{""displayName"": ""TP53 V157F"", ""reference1"": ""TP53"", ""aa_change"": ""V157F"", ""type"": ""substitution"", ""des_level"": ""individual"", ""source"": [""CIVIC""]}"
e395,TP53 T230S,Entity,"{""displayName"": ""TP53 T230S"", ""reference1"": ""TP53"", ""aa_change"": ""T230S"", ""type"": ""substitution"", ""des_level"": ""individual"", ""source"": [""CIVIC""]}"
e396,TP53 T125T,Entity,"{""displayName"": ""TP53 T125T"", ""reference1"": ""TP53"", ""aa_change"": ""T125T"", ""type"": ""substitution"", ""des_level"": ""individual"", ""source"": [""CIVIC""]}"
e397,TP53 S241T,Entity,"{""displayName"": ""TP53 S241T"", ""reference1"": ""TP53"", ""aa_change"": ""S241T"", ""type"": ""substitution"", ""des_level"": ""individual"", ""source"": [""CIVIC""]}"
e398,TP53 S241F,Entity,"{""displayName"": ""TP53 S241F"", ""reference1"": ""TP53"", ""aa_change"": ""S241F"", ""type"": ""substitution"", ""des_level"": ""individual"", ""source"": [""CIVIC""]}"
e399,TP53 S127Y,Entity,"{""displayName"": ""TP53 S127Y"", ""reference1"": ""TP53"", ""aa_change"": ""S127Y"", ""type"": ""substitution"", ""des_level"": ""individual"", ""source"": [""COSMIC""]}"
e400,TP53 R72P,Entity,"{""displayName"": ""TP53 R72P"", ""reference1"": ""TP53"", ""aa_change"": ""R72P"", ""type"": ""substitution"", ""des_level"": ""individual"", ""source"": [""CIVIC""]}"
e401,TP53 R342P,Entity,"{""displayName"": ""TP53 R342P"", ""reference1"": ""TP53"", ""aa_change"": ""R342P"", ""type"": ""substitution"", ""des_level"": ""individual"", ""source"": [""CIVIC""]}"
e402,TP53 R337P,Entity,"{""displayName"": ""TP53 R337P"", ""reference1"": ""TP53"", ""aa_change"": ""R337P"", ""type"": ""substitution"", ""des_level"": ""individual"", ""source"": [""CIVIC""]}"
e403,TP53 R283H,Entity,"{""displayName"": ""TP53 R283H"", ""reference1"": ""TP53"", ""aa_change"": ""R283H"", ""type"": ""substitution"", ""des_level"": ""individual"", ""source"": [""CIVIC""]}"
e404,TP53 R282W,Entity,"{""displayName"": ""TP53 R282W"", ""reference1"": ""TP53"", ""aa_change"": ""R282W"", ""type"": ""substitution"", ""des_level"": ""individual"", ""source"": [""CIVIC""]}"
e405,TP53 R282L,Entity,"{""displayName"": ""TP53 R282L"", ""reference1"": ""TP53"", ""aa_change"": ""R282L"", ""type"": ""substitution"", ""des_level"": ""individual"", ""source"": [""CIVIC""]}"
e406,TP53 R280T,Entity,"{""displayName"": ""TP53 R280T"", ""reference1"": ""TP53"", ""aa_change"": ""R280T"", ""type"": ""substitution"", ""des_level"": ""individual"", ""source"": [""CIVIC""]}"
e407,TP53 R280K,Entity,"{""displayName"": ""TP53 R280K"", ""reference1"": ""TP53"", ""aa_change"": ""R280K"", ""type"": ""substitution"", ""des_level"": ""individual"", ""source"": [""CIVIC""]}"
e408,TP53 R273L,Entity,"{""displayName"": ""TP53 R273L"", ""reference1"": ""TP53"", ""aa_change"": ""R273L"", ""type"": ""substitution"", ""des_level"": ""individual"", ""source"": [""CIVIC""]}"
e409,TP53 R273H,Entity,"{""displayName"": ""TP53 R273H"", ""reference1"": ""TP53"", ""aa_change"": ""R273H"", ""type"": ""substitution"", ""des_level"": ""individual"", ""source"": [""CIVIC"", ""COSMIC""]}"
e410,TP53 R273C,Entity,"{""displayName"": ""TP53 R273C"", ""reference1"": ""TP53"", ""aa_change"": ""R273C"", ""type"": ""substitution"", ""des_level"": ""individual"", ""source"": [""CIVIC"", ""COSMIC""]}"
e411,TP53 R249X,Entity,"{""displayName"": ""TP53 R249X"", ""reference1"": ""TP53"", ""aa_change"": ""R249X"", ""type"": ""substitution"", ""des_level"": ""amino acid"", ""source"": [""CIVIC""]}"
e412,TP53 R249S,Entity,"{""displayName"": ""TP53 R249S"", ""reference1"": ""TP53"", ""aa_change"": ""R249S"", ""type"": ""substitution"", ""des_level"": ""individual"", ""source"": [""CIVIC"", ""COSMIC""]}"
e413,TP53 R249M,Entity,"{""displayName"": ""TP53 R249M"", ""reference1"": ""TP53"", ""aa_change"": ""R249M"", ""type"": ""substitution"", ""des_level"": ""individual"", ""source"": [""COSMIC""]}"
e414,TP53 R248W,Entity,"{""displayName"": ""TP53 R248W"", ""reference1"": ""TP53"", ""aa_change"": ""R248W"", ""type"": ""substitution"", ""des_level"": ""individual"", ""source"": [""CIVIC""]}"
e415,TP53 R248Q,Entity,"{""displayName"": ""TP53 R248Q"", ""reference1"": ""TP53"", ""aa_change"": ""R248Q"", ""type"": ""substitution"", ""des_level"": ""individual"", ""source"": [""CIVIC"", ""COSMIC"", ""CGI""]}"
e416,TP53 R213P,Entity,"{""displayName"": ""TP53 R213P"", ""reference1"": ""TP53"", ""aa_change"": ""R213P"", ""type"": ""substitution"", ""des_level"": ""individual"", ""source"": [""CIVIC""]}"
e417,TP53 R213L,Entity,"{""displayName"": ""TP53 R213L"", ""reference1"": ""TP53"", ""aa_change"": ""R213L"", ""type"": ""substitution"", ""des_level"": ""individual"", ""source"": [""COSMIC""]}"
e418,TP53 R181P,Entity,"{""displayName"": ""TP53 R181P"", ""reference1"": ""TP53"", ""aa_change"": ""R181P"", ""type"": ""substitution"", ""des_level"": ""individual"", ""source"": [""CIVIC""]}"
e419,TP53 R181H,Entity,"{""displayName"": ""TP53 R181H"", ""reference1"": ""TP53"", ""aa_change"": ""R181H"", ""type"": ""substitution"", ""des_level"": ""individual"", ""source"": [""CIVIC""]}"
e420,TP53 R181G,Entity,"{""displayName"": ""TP53 R181G"", ""reference1"": ""TP53"", ""aa_change"": ""R181G"", ""type"": ""substitution"", ""des_level"": ""individual"", ""source"": [""CIVIC""]}"
e421,TP53 R181C,Entity,"{""displayName"": ""TP53 R181C"", ""reference1"": ""TP53"", ""aa_change"": ""R181C"", ""type"": ""substitution"", ""des_level"": ""individual"", ""source"": [""CIVIC""]}"
e422,TP53 R175H,Entity,"{""displayName"": ""TP53 R175H"", ""reference1"": ""TP53"", ""aa_change"": ""R175H"", ""type"": ""substitution"", ""des_level"": ""individual"", ""source"": [""CIVIC"", ""COSMIC"", ""CGI""]}"
e423,TP53 R158P,Entity,"{""displayName"": ""TP53 R158P"", ""reference1"": ""TP53"", ""aa_change"": ""R158P"", ""type"": ""substitution"", ""des_level"": ""individual"", ""source"": [""COSMIC""]}"
e424,TP53 R158L,Entity,"{""displayName"": ""TP53 R158L"", ""reference1"": ""TP53"", ""aa_change"": ""R158L"", ""type"": ""substitution"", ""des_level"": ""individual"", ""source"": [""CIVIC""]}"
e425,TP53 R158H,Entity,"{""displayName"": ""TP53 R158H"", ""reference1"": ""TP53"", ""aa_change"": ""R158H"", ""type"": ""substitution"", ""des_level"": ""individual"", ""source"": [""CIVIC""]}"
e426,TP53 R158G,Entity,"{""displayName"": ""TP53 R158G"", ""reference1"": ""TP53"", ""aa_change"": ""R158G"", ""type"": ""substitution"", ""des_level"": ""individual"", ""source"": [""CIVIC""]}"
e427,TP53 R156P,Entity,"{""displayName"": ""TP53 R156P"", ""reference1"": ""TP53"", ""aa_change"": ""R156P"", ""type"": ""substitution"", ""des_level"": ""individual"", ""source"": [""CIVIC""]}"
e428,TP53 R156H,Entity,"{""displayName"": ""TP53 R156H"", ""reference1"": ""TP53"", ""aa_change"": ""R156H"", ""type"": ""substitution"", ""des_level"": ""individual"", ""source"": [""CIVIC""]}"
e429,TP53 Q144P,Entity,"{""displayName"": ""TP53 Q144P"", ""reference1"": ""TP53"", ""aa_change"": ""Q144P"", ""type"": ""substitution"", ""des_level"": ""individual"", ""source"": [""CIVIC""]}"
e430,TP53 P98S,Entity,"{""displayName"": ""TP53 P98S"", ""reference1"": ""TP53"", ""aa_change"": ""P98S"", ""type"": ""substitution"", ""des_level"": ""individual"", ""source"": [""CIVIC""]}"
e431,TP53 P98L,Entity,"{""displayName"": ""TP53 P98L"", ""reference1"": ""TP53"", ""aa_change"": ""P98L"", ""type"": ""substitution"", ""des_level"": ""individual"", ""source"": [""CIVIC""]}"
e432,TP53 P72R,Entity,"{""displayName"": ""TP53 P72R"", ""reference1"": ""TP53"", ""aa_change"": ""P72R"", ""type"": ""substitution"", ""des_level"": ""individual"", ""source"": [""CIVIC""]}"
e433,TP53 P47S,Entity,"{""displayName"": ""TP53 P47S"", ""reference1"": ""TP53"", ""aa_change"": ""P47S"", ""type"": ""substitution"", ""des_level"": ""individual"", ""source"": [""CIVIC""]}"
e434,TP53 P278S,Entity,"{""displayName"": ""TP53 P278S"", ""reference1"": ""TP53"", ""aa_change"": ""P278S"", ""type"": ""substitution"", ""des_level"": ""individual"", ""source"": [""CIVIC""]}"
e435,TP53 P250L,Entity,"{""displayName"": ""TP53 P250L"", ""reference1"": ""TP53"", ""aa_change"": ""P250L"", ""type"": ""substitution"", ""des_level"": ""individual"", ""source"": [""CIVIC""]}"
e436,TP53 P219H,Entity,"{""displayName"": ""TP53 P219H"", ""reference1"": ""TP53"", ""aa_change"": ""P219H"", ""type"": ""substitution"", ""des_level"": ""individual"", ""source"": [""CIVIC""]}"
e437,TP53 P177S,Entity,"{""displayName"": ""TP53 P177S"", ""reference1"": ""TP53"", ""aa_change"": ""P177S"", ""type"": ""substitution"", ""des_level"": ""individual"", ""source"": [""CIVIC""]}"
e438,TP53 P177H,Entity,"{""displayName"": ""TP53 P177H"", ""reference1"": ""TP53"", ""aa_change"": ""P177H"", ""type"": ""substitution"", ""des_level"": ""individual"", ""source"": [""CIVIC""]}"
e439,TP53 P177F,Entity,"{""displayName"": ""TP53 P177F"", ""reference1"": ""TP53"", ""aa_change"": ""P177F"", ""type"": ""substitution"", ""des_level"": ""individual"", ""source"": [""CIVIC""]}"
e440,TP53 P152T,Entity,"{""displayName"": ""TP53 P152T"", ""reference1"": ""TP53"", ""aa_change"": ""P152T"", ""type"": ""substitution"", ""des_level"": ""individual"", ""source"": [""CIVIC""]}"
e441,TP53 P152L,Entity,"{""displayName"": ""TP53 P152L"", ""reference1"": ""TP53"", ""aa_change"": ""P152L"", ""type"": ""substitution"", ""des_level"": ""individual"", ""source"": [""CIVIC""]}"
e442,TP53 P151S,Entity,"{""displayName"": ""TP53 P151S"", ""reference1"": ""TP53"", ""aa_change"": ""P151S"", ""type"": ""substitution"", ""des_level"": ""individual"", ""source"": [""CIVIC""]}"
e443,TP53 P151H,Entity,"{""displayName"": ""TP53 P151H"", ""reference1"": ""TP53"", ""aa_change"": ""P151H"", ""type"": ""substitution"", ""des_level"": ""individual"", ""source"": [""CIVIC""]}"
e444,TP53 N239S,Entity,"{""displayName"": ""TP53 N239S"", ""reference1"": ""TP53"", ""aa_change"": ""N239S"", ""type"": ""substitution"", ""des_level"": ""individual"", ""source"": [""CIVIC""]}"
e445,TP53 M246L,Entity,"{""displayName"": ""TP53 M246L"", ""reference1"": ""TP53"", ""aa_change"": ""M246L"", ""type"": ""substitution"", ""des_level"": ""individual"", ""source"": [""CIVIC""]}"
e446,TP53 M237I,Entity,"{""displayName"": ""TP53 M237I"", ""reference1"": ""TP53"", ""aa_change"": ""M237I"", ""type"": ""substitution"", ""des_level"": ""individual"", ""source"": [""CIVIC""]}"
e447,TP53 L344P,Entity,"{""displayName"": ""TP53 L344P"", ""reference1"": ""TP53"", ""aa_change"": ""L344P"", ""type"": ""substitution"", ""des_level"": ""individual"", ""source"": [""CIVIC""]}"
e448,TP53 L330R,Entity,"{""displayName"": ""TP53 L330R"", ""reference1"": ""TP53"", ""aa_change"": ""L330R"", ""type"": ""substitution"", ""des_level"": ""individual"", ""source"": [""CIVIC""]}"
e449,TP53 L330P,Entity,"{""displayName"": ""TP53 L330P"", ""reference1"": ""TP53"", ""aa_change"": ""L330P"", ""type"": ""substitution"", ""des_level"": ""individual"", ""source"": [""CIVIC""]}"
e450,TP53 L323P,Entity,"{""displayName"": ""TP53 L323P"", ""reference1"": ""TP53"", ""aa_change"": ""L323P"", ""type"": ""substitution"", ""des_level"": ""individual"", ""source"": [""CIVIC""]}"
e451,TP53 L308M,Entity,"{""displayName"": ""TP53 L308M"", ""reference1"": ""TP53"", ""aa_change"": ""L308M"", ""type"": ""substitution"", ""des_level"": ""individual"", ""source"": [""CIVIC""]}"
e452,TP53 L257P,Entity,"{""displayName"": ""TP53 L257P"", ""reference1"": ""TP53"", ""aa_change"": ""L257P"", ""type"": ""substitution"", ""des_level"": ""individual"", ""source"": [""CIVIC""]}"
e453,TP53 L252F,Entity,"{""displayName"": ""TP53 L252F"", ""reference1"": ""TP53"", ""aa_change"": ""L252F"", ""type"": ""substitution"", ""des_level"": ""individual"", ""source"": [""CIVIC""]}"
e454,TP53 L139N,Entity,"{""displayName"": ""TP53 L139N"", ""reference1"": ""TP53"", ""aa_change"": ""L139N"", ""type"": ""substitution"", ""des_level"": ""individual"", ""source"": [""CIVIC""]}"
e455,TP53 L111R,Entity,"{""displayName"": ""TP53 L111R"", ""reference1"": ""TP53"", ""aa_change"": ""L111R"", ""type"": ""substitution"", ""des_level"": ""individual"", ""source"": [""CIVIC""]}"
e456,TP53 K139E,Entity,"{""displayName"": ""TP53 K139E"", ""reference1"": ""TP53"", ""aa_change"": ""K139E"", ""type"": ""substitution"", ""des_level"": ""individual"", ""source"": [""CIVIC""]}"
e457,TP53 K132N,Entity,"{""displayName"": ""TP53 K132N"", ""reference1"": ""TP53"", ""aa_change"": ""K132N"", ""type"": ""substitution"", ""des_level"": ""individual"", ""source"": [""COSMIC""]}"
e458,TP53 K132E,Entity,"{""displayName"": ""TP53 K132E"", ""reference1"": ""TP53"", ""aa_change"": ""K132E"", ""type"": ""substitution"", ""des_level"": ""individual"", ""source"": [""COSMIC""]}"
e459,TP53 I162F,Entity,"{""displayName"": ""TP53 I162F"", ""reference1"": ""TP53"", ""aa_change"": ""I162F"", ""type"": ""substitution"", ""des_level"": ""individual"", ""source"": [""CIVIC""]}"
e460,TP53 H179Y,Entity,"{""displayName"": ""TP53 H179Y"", ""reference1"": ""TP53"", ""aa_change"": ""H179Y"", ""type"": ""substitution"", ""des_level"": ""individual"", ""source"": [""CIVIC""]}"
e461,TP53 H179R,Entity,"{""displayName"": ""TP53 H179R"", ""reference1"": ""TP53"", ""aa_change"": ""H179R"", ""type"": ""substitution"", ""des_level"": ""individual"", ""source"": [""CIVIC""]}"
e462,TP53 H178P,Entity,"{""displayName"": ""TP53 H178P"", ""reference1"": ""TP53"", ""aa_change"": ""H178P"", ""type"": ""substitution"", ""des_level"": ""individual"", ""source"": [""CIVIC""]}"
e463,TP53 H168Y,Entity,"{""displayName"": ""TP53 H168Y"", ""reference1"": ""TP53"", ""aa_change"": ""H168Y"", ""type"": ""substitution"", ""des_level"": ""individual"", ""source"": [""CIVIC""]}"
e464,TP53 H115Y,Entity,"{""displayName"": ""TP53 H115Y"", ""reference1"": ""TP53"", ""aa_change"": ""H115Y"", ""type"": ""substitution"", ""des_level"": ""individual"", ""source"": [""CIVIC""]}"
e465,TP53 G279E,Entity,"{""displayName"": ""TP53 G279E"", ""reference1"": ""TP53"", ""aa_change"": ""G279E"", ""type"": ""substitution"", ""des_level"": ""individual"", ""source"": [""CIVIC""]}"
e466,TP53 G266V,Entity,"{""displayName"": ""TP53 G266V"", ""reference1"": ""TP53"", ""aa_change"": ""G266V"", ""type"": ""substitution"", ""des_level"": ""individual"", ""source"": [""CIVIC""]}"
e467,TP53 G266R,Entity,"{""displayName"": ""TP53 G266R"", ""reference1"": ""TP53"", ""aa_change"": ""G266R"", ""type"": ""substitution"", ""des_level"": ""individual"", ""source"": [""CIVIC""]}"
e468,TP53 G266E,Entity,"{""displayName"": ""TP53 G266E"", ""reference1"": ""TP53"", ""aa_change"": ""G266E"", ""type"": ""substitution"", ""des_level"": ""individual"", ""source"": [""CIVIC""]}"
e469,TP53 G262D,Entity,"{""displayName"": ""TP53 G262D"", ""reference1"": ""TP53"", ""aa_change"": ""G262D"", ""type"": ""substitution"", ""des_level"": ""individual"", ""source"": [""CIVIC""]}"
e470,TP53 G245S,Entity,"{""displayName"": ""TP53 G245S"", ""reference1"": ""TP53"", ""aa_change"": ""G245S"", ""type"": ""substitution"", ""des_level"": ""individual"", ""source"": [""CIVIC""]}"
e471,TP53 G245D,Entity,"{""displayName"": ""TP53 G245D"", ""reference1"": ""TP53"", ""aa_change"": ""G245D"", ""type"": ""substitution"", ""des_level"": ""individual"", ""source"": [""CIVIC""]}"
e472,TP53 G244S,Entity,"{""displayName"": ""TP53 G244S"", ""reference1"": ""TP53"", ""aa_change"": ""G244S"", ""type"": ""substitution"", ""des_level"": ""individual"", ""source"": [""CIVIC""]}"
e473,TP53 F270S,Entity,"{""displayName"": ""TP53 F270S"", ""reference1"": ""TP53"", ""aa_change"": ""F270S"", ""type"": ""substitution"", ""des_level"": ""individual"", ""source"": [""CIVIC""]}"
e474,TP53 E68G,Entity,"{""displayName"": ""TP53 E68G"", ""reference1"": ""TP53"", ""aa_change"": ""E68G"", ""type"": ""substitution"", ""des_level"": ""individual"", ""source"": [""CIVIC""]}"
e475,TP53 E286K,Entity,"{""displayName"": ""TP53 E286K"", ""reference1"": ""TP53"", ""aa_change"": ""E286K"", ""type"": ""substitution"", ""des_level"": ""individual"", ""source"": [""CIVIC""]}"
e476,TP53 E258K,Entity,"{""displayName"": ""TP53 E258K"", ""reference1"": ""TP53"", ""aa_change"": ""E258K"", ""type"": ""substitution"", ""des_level"": ""individual"", ""source"": [""CIVIC""]}"
e477,TP53 E224K,Entity,"{""displayName"": ""TP53 E224K"", ""reference1"": ""TP53"", ""aa_change"": ""E224K"", ""type"": ""substitution"", ""des_level"": ""individual"", ""source"": [""CIVIC""]}"
e478,TP53 D281N,Entity,"{""displayName"": ""TP53 D281N"", ""reference1"": ""TP53"", ""aa_change"": ""D281N"", ""type"": ""substitution"", ""des_level"": ""individual"", ""source"": [""CIVIC""]}"
e479,TP53 D281E,Entity,"{""displayName"": ""TP53 D281E"", ""reference1"": ""TP53"", ""aa_change"": ""D281E"", ""type"": ""substitution"", ""des_level"": ""individual"", ""source"": [""CIVIC""]}"
e480,TP53 D259V,Entity,"{""displayName"": ""TP53 D259V"", ""reference1"": ""TP53"", ""aa_change"": ""D259V"", ""type"": ""substitution"", ""des_level"": ""individual"", ""source"": [""CIVIC""]}"
e481,TP53 C242Y,Entity,"{""displayName"": ""TP53 C242Y"", ""reference1"": ""TP53"", ""aa_change"": ""C242Y"", ""type"": ""substitution"", ""des_level"": ""individual"", ""source"": [""CIVIC""]}"
e482,TP53 C238Y,Entity,"{""displayName"": ""TP53 C238Y"", ""reference1"": ""TP53"", ""aa_change"": ""C238Y"", ""type"": ""substitution"", ""des_level"": ""individual"", ""source"": [""CIVIC""]}"
e483,TP53 C135W,Entity,"{""displayName"": ""TP53 C135W"", ""reference1"": ""TP53"", ""aa_change"": ""C135W"", ""type"": ""substitution"", ""des_level"": ""individual"", ""source"": [""CIVIC""]}"
e484,TP53 C124R,Entity,"{""displayName"": ""TP53 C124R"", ""reference1"": ""TP53"", ""aa_change"": ""C124R"", ""type"": ""substitution"", ""des_level"": ""individual"", ""source"": [""CIVIC""]}"
e485,TP53 A276V,Entity,"{""displayName"": ""TP53 A276V"", ""reference1"": ""TP53"", ""aa_change"": ""A276V"", ""type"": ""substitution"", ""des_level"": ""individual"", ""source"": [""CIVIC""]}"
e486,TP53 A161T,Entity,"{""displayName"": ""TP53 A161T"", ""reference1"": ""TP53"", ""aa_change"": ""A161T"", ""type"": ""substitution"", ""des_level"": ""individual"", ""source"": [""CIVIC""]}"
e487,TOP2A mutation,Entity,"{""displayName"": ""TOP2A mutation"", ""reference1"": ""TOP2A"", ""type"": ""mutation"", ""des_level"": ""gene"", ""source"": [""COSMIC""]}"
e488,TOP2A expression,Entity,"{""displayName"": ""TOP2A expression"", ""reference1"": ""TOP2A"", ""type"": ""expression"", ""des_level"": ""gene"", ""source"": [""CIVIC""]}"
e489,TOP2A amplification,Entity,"{""displayName"": ""TOP2A amplification"", ""reference1"": ""TOP2A"", ""type"": ""amplification"", ""des_level"": ""gene"", ""source"": [""CGI""]}"
e490,TOP1 mutation,Entity,"{""displayName"": ""TOP1 mutation"", ""reference1"": ""TOP1"", ""type"": ""mutation"", ""des_level"": ""gene"", ""source"": [""COSMIC""]}"
e491,TOP1 expression,Entity,"{""displayName"": ""TOP1 expression"", ""reference1"": ""TOP1"", ""type"": ""expression"", ""des_level"": ""gene"", ""source"": [""CIVIC""]}"
e492,TOP1 amplification,Entity,"{""displayName"": ""TOP1 amplification"", ""reference1"": ""TOP1"", ""type"": ""amplification"", ""des_level"": ""gene"", ""source"": [""CIVIC""]}"
e493,TNKS2-PDGFRA fusion,Entity,"{""displayName"": ""TNKS2-PDGFRA fusion"", ""reference1"": ""TNKS2"", ""reference2"": ""PDGFRA"", ""type"": ""fusion"", ""des_level"": ""gene"", ""source"": [""CIVIC""]}"
e494,TNKS2 mutation,Entity,"{""displayName"": ""TNKS2 mutation"", ""reference1"": ""TNKS2"", ""type"": ""mutation"", ""des_level"": ""gene"", ""source"": [""VH""]}"
e495,TNFRSF14 oncogenic mutation,Entity,"{""displayName"": ""TNFRSF14 oncogenic mutation"", ""reference1"": ""TNFRSF14"", ""type"": ""oncogenic mutation"", ""des_level"": ""gene"", ""source"": [""OncoKB""]}"
e496,TNFRSF14 mutation,Entity,"{""displayName"": ""TNFRSF14 mutation"", ""reference1"": ""TNFRSF14"", ""type"": ""mutation"", ""des_level"": ""gene"", ""source"": [""VH""]}"
e497,TNFAIP3 oncogenic mutation,Entity,"{""displayName"": ""TNFAIP3 oncogenic mutation"", ""reference1"": ""TNFAIP3"", ""type"": ""oncogenic mutation"", ""des_level"": ""gene"", ""source"": [""OncoKB""]}"
e498,TNFAIP3 mutation,Entity,"{""displayName"": ""TNFAIP3 mutation"", ""reference1"": ""TNFAIP3"", ""type"": ""mutation"", ""des_level"": ""gene"", ""source"": [""VH""]}"
e499,TMPRSS2-ERG fusion,Entity,"{""displayName"": ""TMPRSS2-ERG fusion"", ""reference1"": ""TMPRSS2"", ""reference2"": ""ERG"", ""type"": ""fusion"", ""des_level"": ""gene"", ""source"": [""CIVIC""]}"
e500,TMPRSS2 mutation,Entity,"{""displayName"": ""TMPRSS2 mutation"", ""reference1"": ""TMPRSS2"", ""type"": ""mutation"", ""des_level"": ""gene"", ""source"": [""VH""]}"
e501,TMPRSS2 fusion,Entity,"{""displayName"": ""TMPRSS2 fusion"", ""reference1"": ""TMPRSS2"", ""type"": ""fusion"", ""des_level"": ""gene"", ""source"": [""CGI""]}"
e502,TLX3 mutation,Entity,"{""displayName"": ""TLX3 mutation"", ""reference1"": ""TLX3"", ""type"": ""mutation"", ""des_level"": ""gene"", ""source"": [""VH""]}"
e503,TLX3 fusion,Entity,"{""displayName"": ""TLX3 fusion"", ""reference1"": ""TLX3"", ""type"": ""fusion"", ""des_level"": ""gene"", ""source"": [""OncoKB""]}"
e504,TLX1 mutation,Entity,"{""displayName"": ""TLX1 mutation"", ""reference1"": ""TLX1"", ""type"": ""mutation"", ""des_level"": ""gene"", ""source"": [""VH""]}"
e505,TLX1 fusion,Entity,"{""displayName"": ""TLX1 fusion"", ""reference1"": ""TLX1"", ""type"": ""fusion"", ""des_level"": ""gene"", ""source"": [""OncoKB""]}"
e506,TLK2 mutation,Entity,"{""displayName"": ""TLK2 mutation"", ""reference1"": ""TLK2"", ""type"": ""mutation"", ""des_level"": ""gene"", ""source"": [""VH""]}"
e507,TLK2 amplification,Entity,"{""displayName"": ""TLK2 amplification"", ""reference1"": ""TLK2"", ""type"": ""amplification"", ""des_level"": ""gene"", ""source"": [""CIVIC""]}"
e508,TIMP1 overexpression,Entity,"{""displayName"": ""TIMP1 overexpression"", ""reference1"": ""TIMP1"", ""type"": ""overexpression"", ""des_level"": ""gene"", ""source"": [""CIVIC""]}"
e509,TIMP1 mutation,Entity,"{""displayName"": ""TIMP1 mutation"", ""reference1"": ""TIMP1"", ""type"": ""mutation"", ""des_level"": ""gene"", ""source"": [""VH""]}"
e510,THBS2 underexpression,Entity,"{""displayName"": ""THBS2 underexpression"", ""reference1"": ""THBS2"", ""type"": ""underexpression"", ""des_level"": ""gene"", ""source"": [""CIVIC""]}"
e511,THBS2 mutation,Entity,"{""displayName"": ""THBS2 mutation"", ""reference1"": ""THBS2"", ""type"": ""mutation"", ""des_level"": ""gene"", ""source"": [""VH""]}"
e512,TGFA mutation,Entity,"{""displayName"": ""TGFA mutation"", ""reference1"": ""TGFA"", ""type"": ""mutation"", ""des_level"": ""gene"", ""source"": [""VH""]}"
e513,TGFA expression,Entity,"{""displayName"": ""TGFA expression"", ""reference1"": ""TGFA"", ""type"": ""expression"", ""des_level"": ""gene"", ""source"": [""CIVIC""]}"
e514,TFG-ROS1 fusion,Entity,"{""displayName"": ""TFG-ROS1 fusion"", ""reference1"": ""TFG"", ""reference2"": ""ROS1"", ""type"": ""fusion"", ""des_level"": ""gene"", ""source"": [""CIVIC""]}"
e515,TFG mutation,Entity,"{""displayName"": ""TFG mutation"", ""reference1"": ""TFG"", ""type"": ""mutation"", ""des_level"": ""gene"", ""source"": [""VH""]}"
e516,TFF3 mutation,Entity,"{""displayName"": ""TFF3 mutation"", ""reference1"": ""TFF3"", ""type"": ""mutation"", ""des_level"": ""gene"", ""source"": [""VH""]}"
e517,TFF3 expression,Entity,"{""displayName"": ""TFF3 expression"", ""reference1"": ""TFF3"", ""type"": ""expression"", ""des_level"": ""gene"", ""source"": [""CIVIC""]}"
e518,TFEB mutation,Entity,"{""displayName"": ""TFEB mutation"", ""reference1"": ""TFEB"", ""type"": ""mutation"", ""des_level"": ""gene"", ""source"": [""VH""]}"
e519,TFEB fusion,Entity,"{""displayName"": ""TFEB fusion"", ""reference1"": ""TFEB"", ""type"": ""fusion"", ""des_level"": ""gene"", ""source"": [""CIVIC""]}"
e520,TFE3 mutation,Entity,"{""displayName"": ""TFE3 mutation"", ""reference1"": ""TFE3"", ""type"": ""mutation"", ""des_level"": ""gene"", ""source"": [""COSMIC""]}"
e521,TFE3 fusion,Entity,"{""displayName"": ""TFE3 fusion"", ""reference1"": ""TFE3"", ""type"": ""fusion"", ""des_level"": ""gene"", ""source"": [""CIVIC""]}"
e522,TET2 oncogenic mutation,Entity,"{""displayName"": ""TET2 oncogenic mutation"", ""reference1"": ""TET2"", ""type"": ""oncogenic mutation"", ""des_level"": ""gene"", ""source"": [""OncoKB""]}"
e523,TET2 mutation,Entity,"{""displayName"": ""TET2 mutation"", ""reference1"": ""TET2"", ""type"": ""mutation"", ""des_level"": ""gene"", ""source"": [""CIVIC"", ""COSMIC""]}"
e524,TERT promoters core,Entity,"{""displayName"": ""TERT promoters core"", ""reference1"": ""TERT"", ""type"": ""promoters core"", ""des_level"": ""gene"", ""source"": [""CGI""]}"
e525,TERT promoter mutation,Entity,"{""displayName"": ""TERT promoter mutation"", ""reference1"": ""TERT"", ""type"": ""promoter mutation"", ""des_level"": ""gene"", ""source"": [""CIVIC""]}"
e526,TERT mutation,Entity,"{""displayName"": ""TERT mutation"", ""reference1"": ""TERT"", ""type"": ""mutation"", ""des_level"": ""gene"", ""source"": [""COSMIC""]}"
e527,TERT amplification,Entity,"{""displayName"": ""TERT amplification"", ""reference1"": ""TERT"", ""type"": ""amplification"", ""des_level"": ""gene"", ""source"": [""CIVIC""]}"
e528,TERT C228T,Entity,"{""displayName"": ""TERT C228T"", ""reference1"": ""TERT"", ""aa_change"": ""C228T"", ""type"": ""substitution"", ""des_level"": ""individual"", ""source"": [""CIVIC""]}"
e529,TERF2-JAK2 fusion,Entity,"{""displayName"": ""TERF2-JAK2 fusion"", ""reference1"": ""TERF2"", ""reference2"": ""JAK2"", ""type"": ""fusion"", ""des_level"": ""gene"", ""source"": [""CIVIC""]}"
e530,TERF2 mutation,Entity,"{""displayName"": ""TERF2 mutation"", ""reference1"": ""TERF2"", ""type"": ""mutation"", ""des_level"": ""gene"", ""source"": [""VH""]}"
e531,TCF3-PBX1 fusion,Entity,"{""displayName"": ""TCF3-PBX1 fusion"", ""reference1"": ""TCF3"", ""reference2"": ""PBX1"", ""type"": ""fusion"", ""des_level"": ""gene"", ""source"": [""CIVIC"", ""OncoKB""]}"
e532,TCF3 oncogenic mutation,Entity,"{""displayName"": ""TCF3 oncogenic mutation"", ""reference1"": ""TCF3"", ""type"": ""oncogenic mutation"", ""des_level"": ""gene"", ""source"": [""OncoKB""]}"
e533,TCF3 mutation,Entity,"{""displayName"": ""TCF3 mutation"", ""reference1"": ""TCF3"", ""type"": ""mutation"", ""des_level"": ""gene"", ""source"": [""VH""]}"
e534,TBL1XR1-CSF1R fusion,Entity,"{""displayName"": ""TBL1XR1-CSF1R fusion"", ""reference1"": ""TBL1XR1"", ""reference2"": ""CSF1R"", ""type"": ""fusion"", ""des_level"": ""gene"", ""source"": [""CIVIC""]}"
e535,TBL1XR1 mutation,Entity,"{""displayName"": ""TBL1XR1 mutation"", ""reference1"": ""TBL1XR1"", ""type"": ""mutation"", ""des_level"": ""gene"", ""source"": [""VH""]}"
e536,TBK1 overexpression,Entity,"{""displayName"": ""TBK1 overexpression"", ""reference1"": ""TBK1"", ""type"": ""overexpression"", ""des_level"": ""gene"", ""source"": [""CIVIC""]}"
e537,TBK1 mutation,Entity,"{""displayName"": ""TBK1 mutation"", ""reference1"": ""TBK1"", ""type"": ""mutation"", ""des_level"": ""gene"", ""source"": [""VH""]}"
e538,TAL1 mutation,Entity,"{""displayName"": ""TAL1 mutation"", ""reference1"": ""TAL1"", ""type"": ""mutation"", ""des_level"": ""gene"", ""source"": [""VH""]}"
e539,TAL1 fusion,Entity,"{""displayName"": ""TAL1 fusion"", ""reference1"": ""TAL1"", ""type"": ""fusion"", ""des_level"": ""gene"", ""source"": [""OncoKB""]}"
e540,SYK overexpression,Entity,"{""displayName"": ""SYK overexpression"", ""reference1"": ""SYK"", ""type"": ""overexpression"", ""des_level"": ""gene"", ""source"": [""CIVIC""]}"
e541,SYK mutation,Entity,"{""displayName"": ""SYK mutation"", ""reference1"": ""SYK"", ""type"": ""mutation"", ""des_level"": ""gene"", ""source"": [""COSMIC""]}"
e542,SYK amplification,Entity,"{""displayName"": ""SYK amplification"", ""reference1"": ""SYK"", ""type"": ""amplification"", ""des_level"": ""gene"", ""source"": [""CGI""]}"
e543,SUZ12 oncogenic mutation,Entity,"{""displayName"": ""SUZ12 oncogenic mutation"", ""reference1"": ""SUZ12"", ""type"": ""oncogenic mutation"", ""des_level"": ""gene"", ""source"": [""OncoKB"", ""CGI""]}"
e544,SUZ12 mutation,Entity,"{""displayName"": ""SUZ12 mutation"", ""reference1"": ""SUZ12"", ""type"": ""mutation"", ""des_level"": ""gene"", ""source"": [""VH""]}"
e545,SUZ12 copy loss,Entity,"{""displayName"": ""SUZ12 copy loss"", ""reference1"": ""SUZ12"", ""type"": ""copy loss"", ""des_level"": ""gene"", ""source"": [""CGI""]}"
e546,STRN3-JAK2 fusion,Entity,"{""displayName"": ""STRN3-JAK2 fusion"", ""reference1"": ""STRN3"", ""reference2"": ""JAK2"", ""type"": ""fusion"", ""des_level"": ""gene"", ""source"": [""CIVIC""]}"
e547,STRN3 mutation,Entity,"{""displayName"": ""STRN3 mutation"", ""reference1"": ""STRN3"", ""type"": ""mutation"", ""des_level"": ""gene"", ""source"": [""VH""]}"
e548,STRN-NTRK2 fusion,Entity,"{""displayName"": ""STRN-NTRK2 fusion"", ""reference1"": ""STRN"", ""reference2"": ""NTRK2"", ""type"": ""fusion"", ""des_level"": ""gene"", ""source"": [""CIVIC""]}"
e549,STRN-ALK fusion,Entity,"{""displayName"": ""STRN-ALK fusion"", ""reference1"": ""STRN"", ""reference2"": ""ALK"", ""type"": ""fusion"", ""des_level"": ""gene"", ""source"": [""CIVIC""]}"
e550,STRN mutation,Entity,"{""displayName"": ""STRN mutation"", ""reference1"": ""STRN"", ""type"": ""mutation"", ""des_level"": ""gene"", ""source"": [""VH""]}"
e551,STMN1 mutation,Entity,"{""displayName"": ""STMN1 mutation"", ""reference1"": ""STMN1"", ""type"": ""mutation"", ""des_level"": ""gene"", ""source"": [""VH""]}"
e552,STMN1 expression,Entity,"{""displayName"": ""STMN1 expression"", ""reference1"": ""STMN1"", ""type"": ""expression"", ""des_level"": ""gene"", ""source"": [""CIVIC""]}"
e553,STK11 underexpression,Entity,"{""displayName"": ""STK11 underexpression"", ""reference1"": ""STK11"", ""type"": ""underexpression"", ""des_level"": ""gene"", ""source"": [""CIVIC""]}"
e554,STK11 oncogenic mutation,Entity,"{""displayName"": ""STK11 oncogenic mutation"", ""reference1"": ""STK11"", ""type"": ""oncogenic mutation"", ""des_level"": ""gene"", ""source"": [""OncoKB"", ""CGI""]}"
e555,STK11 mutation,Entity,"{""displayName"": ""STK11 mutation"", ""reference1"": ""STK11"", ""type"": ""mutation"", ""des_level"": ""gene"", ""source"": [""CIVIC"", ""COSMIC""]}"
e556,STK11 exon 2 mutation,Entity,"{""displayName"": ""STK11 exon 2 mutation"", ""reference1"": ""STK11"", ""exon"": ""2"", ""type"": ""mutation"", ""des_level"": ""exon"", ""source"": [""CIVIC""]}"
e557,STK11 exon 1 mutation,Entity,"{""displayName"": ""STK11 exon 1 mutation"", ""reference1"": ""STK11"", ""exon"": ""1"", ""type"": ""mutation"", ""des_level"": ""exon"", ""source"": [""CIVIC""]}"
e558,STK11 deletion,Entity,"{""displayName"": ""STK11 deletion"", ""reference1"": ""STK11"", ""type"": ""deletion"", ""des_level"": ""gene"", ""source"": [""CGI""]}"
e559,STK11 copy loss,Entity,"{""displayName"": ""STK11 copy loss"", ""reference1"": ""STK11"", ""type"": ""copy loss"", ""des_level"": ""gene"", ""source"": [""CGI""]}"
e560,STK11 S69*,Entity,"{""displayName"": ""STK11 S69*"", ""reference1"": ""STK11"", ""aa_change"": ""S69*"", ""type"": ""stop gained"", ""des_level"": ""individual"", ""source"": [""COSMIC""]}"
e561,STK11 D194E,Entity,"{""displayName"": ""STK11 D194E"", ""reference1"": ""STK11"", ""aa_change"": ""D194E"", ""type"": ""substitution"", ""des_level"": ""individual"", ""source"": [""CIVIC"", ""CGI""]}"
e562,STAT5B oncogenic mutation,Entity,"{""displayName"": ""STAT5B oncogenic mutation"", ""reference1"": ""STAT5B"", ""type"": ""oncogenic mutation"", ""des_level"": ""gene"", ""source"": [""OncoKB""]}"
e563,STAT5B mutation,Entity,"{""displayName"": ""STAT5B mutation"", ""reference1"": ""STAT5B"", ""type"": ""mutation"", ""des_level"": ""gene"", ""source"": [""COSMIC""]}"
e564,STAT3 oncogenic mutation,Entity,"{""displayName"": ""STAT3 oncogenic mutation"", ""reference1"": ""STAT3"", ""type"": ""oncogenic mutation"", ""des_level"": ""gene"", ""source"": [""OncoKB""]}"
e565,STAT3 mutation,Entity,"{""displayName"": ""STAT3 mutation"", ""reference1"": ""STAT3"", ""type"": ""mutation"", ""des_level"": ""gene"", ""source"": [""COSMIC""]}"
e566,STAT3 exon 21 mutation,Entity,"{""displayName"": ""STAT3 exon 21 mutation"", ""reference1"": ""STAT3"", ""exon"": ""21"", ""type"": ""mutation"", ""des_level"": ""exon"", ""source"": [""COSMIC""]}"
e567,STAT3 exon 20 mutation,Entity,"{""displayName"": ""STAT3 exon 20 mutation"", ""reference1"": ""STAT3"", ""exon"": ""20"", ""type"": ""mutation"", ""des_level"": ""exon"", ""source"": [""COSMIC""]}"
e568,STAG3 underexpression,Entity,"{""displayName"": ""STAG3 underexpression"", ""reference1"": ""STAG3"", ""type"": ""underexpression"", ""des_level"": ""gene"", ""source"": [""CIVIC""]}"
e569,STAG3 mutation,Entity,"{""displayName"": ""STAG3 mutation"", ""reference1"": ""STAG3"", ""type"": ""mutation"", ""des_level"": ""gene"", ""source"": [""VH""]}"
e570,STAG2 underexpression,Entity,"{""displayName"": ""STAG2 underexpression"", ""reference1"": ""STAG2"", ""type"": ""underexpression"", ""des_level"": ""gene"", ""source"": [""CIVIC""]}"
e571,STAG2 oncogenic mutation,Entity,"{""displayName"": ""STAG2 oncogenic mutation"", ""reference1"": ""STAG2"", ""type"": ""oncogenic mutation"", ""des_level"": ""gene"", ""source"": [""OncoKB"", ""CGI""]}"
e572,STAG2 mutation,Entity,"{""displayName"": ""STAG2 mutation"", ""reference1"": ""STAG2"", ""type"": ""mutation"", ""des_level"": ""gene"", ""source"": [""CIVIC"", ""COSMIC""]}"
e573,SSTR5 mutation,Entity,"{""displayName"": ""SSTR5 mutation"", ""reference1"": ""SSTR5"", ""type"": ""mutation"", ""des_level"": ""gene"", ""source"": [""VH""]}"
e574,SSTR5 expression,Entity,"{""displayName"": ""SSTR5 expression"", ""reference1"": ""SSTR5"", ""type"": ""expression"", ""des_level"": ""gene"", ""source"": [""CIVIC""]}"
e575,SSBP2-JAK2 fusion,Entity,"{""displayName"": ""SSBP2-JAK2 fusion"", ""reference1"": ""SSBP2"", ""reference2"": ""JAK2"", ""type"": ""fusion"", ""des_level"": ""gene"", ""source"": [""CIVIC""]}"
e576,SSBP2 mutation,Entity,"{""displayName"": ""SSBP2 mutation"", ""reference1"": ""SSBP2"", ""type"": ""mutation"", ""des_level"": ""gene"", ""source"": [""VH""]}"
e577,SS18-SSX4 fusion,Entity,"{""displayName"": ""SS18-SSX4 fusion"", ""reference1"": ""SS18"", ""reference2"": ""SSX4"", ""type"": ""fusion"", ""des_level"": ""gene"", ""source"": [""CIVIC""]}"
e578,SS18-SSX2 fusion,Entity,"{""displayName"": ""SS18-SSX2 fusion"", ""reference1"": ""SS18"", ""reference2"": ""SSX2"", ""type"": ""fusion"", ""des_level"": ""gene"", ""source"": [""CIVIC""]}"
e579,SS18-SSX1 fusion,Entity,"{""displayName"": ""SS18-SSX1 fusion"", ""reference1"": ""SS18"", ""reference2"": ""SSX1"", ""type"": ""fusion"", ""des_level"": ""gene"", ""source"": [""CIVIC""]}"
e580,SS18 mutation,Entity,"{""displayName"": ""SS18 mutation"", ""reference1"": ""SS18"", ""type"": ""mutation"", ""des_level"": ""gene"", ""source"": [""VH""]}"
e581,SRSF2 oncogenic mutation,Entity,"{""displayName"": ""SRSF2 oncogenic mutation"", ""reference1"": ""SRSF2"", ""type"": ""oncogenic mutation"", ""des_level"": ""gene"", ""source"": [""OncoKB"", ""CGI""]}"
e582,SRSF2 mutation,Entity,"{""displayName"": ""SRSF2 mutation"", ""reference1"": ""SRSF2"", ""type"": ""mutation"", ""des_level"": ""gene"", ""source"": [""CIVIC"", ""COSMIC""]}"
e583,SRSF2 exon 1 mutation,Entity,"{""displayName"": ""SRSF2 exon 1 mutation"", ""reference1"": ""SRSF2"", ""exon"": ""1"", ""type"": ""mutation"", ""des_level"": ""exon"", ""source"": [""COSMIC""]}"
e584,SRSF2 P95del,Entity,"{""displayName"": ""SRSF2 P95del"", ""reference1"": ""SRSF2"", ""aa_change"": ""P95del"", ""type"": ""deletion"", ""des_level"": ""individual"", ""source"": [""COSMIC""]}"
e585,SRSF2 P95X,Entity,"{""displayName"": ""SRSF2 P95X"", ""reference1"": ""SRSF2"", ""aa_change"": ""P95X"", ""type"": ""substitution"", ""des_level"": ""amino acid"", ""source"": [""OncoKB""]}"
e586,SRSF2 P95L,Entity,"{""displayName"": ""SRSF2 P95L"", ""reference1"": ""SRSF2"", ""aa_change"": ""P95L"", ""type"": ""substitution"", ""des_level"": ""individual"", ""source"": [""CIVIC""]}"
e587,SRSF2 P95H,Entity,"{""displayName"": ""SRSF2 P95H"", ""reference1"": ""SRSF2"", ""aa_change"": ""P95H"", ""type"": ""substitution"", ""des_level"": ""individual"", ""source"": [""CIVIC""]}"
e588,SQSTM1-NTRK1 fusion,Entity,"{""displayName"": ""SQSTM1-NTRK1 fusion"", ""reference1"": ""SQSTM1"", ""reference2"": ""NTRK1"", ""type"": ""fusion"", ""des_level"": ""gene"", ""source"": [""CIVIC""]}"
e589,SQSTM1 mutation,Entity,"{""displayName"": ""SQSTM1 mutation"", ""reference1"": ""SQSTM1"", ""type"": ""mutation"", ""des_level"": ""gene"", ""source"": [""COSMIC""]}"
e590,SPHK1 overexpression,Entity,"{""displayName"": ""SPHK1 overexpression"", ""reference1"": ""SPHK1"", ""type"": ""overexpression"", ""des_level"": ""gene"", ""source"": [""CIVIC""]}"
e591,SPHK1 mutation,Entity,"{""displayName"": ""SPHK1 mutation"", ""reference1"": ""SPHK1"", ""type"": ""mutation"", ""des_level"": ""gene"", ""source"": [""VH""]}"
e592,SOCS1 oncogenic mutation,Entity,"{""displayName"": ""SOCS1 oncogenic mutation"", ""reference1"": ""SOCS1"", ""type"": ""oncogenic mutation"", ""des_level"": ""gene"", ""source"": [""OncoKB""]}"
e593,SOCS1 mutation,Entity,"{""displayName"": ""SOCS1 mutation"", ""reference1"": ""SOCS1"", ""type"": ""mutation"", ""des_level"": ""gene"", ""source"": [""VH""]}"
e594,SNX29-JAK2 fusion,Entity,"{""displayName"": ""SNX29-JAK2 fusion"", ""reference1"": ""SNX29"", ""reference2"": ""JAK2"", ""type"": ""fusion"", ""des_level"": ""gene"", ""source"": [""CIVIC""]}"
e595,SNX29 mutation,Entity,"{""displayName"": ""SNX29 mutation"", ""reference1"": ""SNX29"", ""type"": ""mutation"", ""des_level"": ""gene"", ""source"": [""VH""]}"
e596,SNX2-ABL1 fusion,Entity,"{""displayName"": ""SNX2-ABL1 fusion"", ""reference1"": ""SNX2"", ""reference2"": ""ABL1"", ""type"": ""fusion"", ""des_level"": ""gene"", ""source"": [""CIVIC""]}"
e597,SNX2 mutation,Entity,"{""displayName"": ""SNX2 mutation"", ""reference1"": ""SNX2"", ""type"": ""mutation"", ""des_level"": ""gene"", ""source"": [""VH""]}"
e598,SMU1-JAK2 fusion,Entity,"{""displayName"": ""SMU1-JAK2 fusion"", ""reference1"": ""SMU1"", ""reference2"": ""JAK2"", ""type"": ""fusion"", ""des_level"": ""gene"", ""source"": [""CIVIC""]}"
e599,SMU1 mutation,Entity,"{""displayName"": ""SMU1 mutation"", ""reference1"": ""SMU1"", ""type"": ""mutation"", ""des_level"": ""gene"", ""source"": [""VH""]}"
e600,SMO mutation,Entity,"{""displayName"": ""SMO mutation"", ""reference1"": ""SMO"", ""type"": ""mutation"", ""des_level"": ""gene"", ""source"": [""CIVIC"", ""COSMIC""]}"
e601,SMO W535L,Entity,"{""displayName"": ""SMO W535L"", ""reference1"": ""SMO"", ""aa_change"": ""W535L"", ""type"": ""substitution"", ""des_level"": ""individual"", ""source"": [""COSMIC"", ""CGI""]}"
e602,SMO W281C,Entity,"{""displayName"": ""SMO W281C"", ""reference1"": ""SMO"", ""aa_change"": ""W281C"", ""type"": ""substitution"", ""des_level"": ""individual"", ""source"": [""COSMIC"", ""CGI""]}"
e603,SMO V321M,Entity,"{""displayName"": ""SMO V321M"", ""reference1"": ""SMO"", ""aa_change"": ""V321M"", ""type"": ""substitution"", ""des_level"": ""individual"", ""source"": [""COSMIC""]}"
e604,SMO T241M,Entity,"{""displayName"": ""SMO T241M"", ""reference1"": ""SMO"", ""aa_change"": ""T241M"", ""type"": ""substitution"", ""des_level"": ""individual"", ""source"": [""COSMIC""]}"
e605,SMO S533N,Entity,"{""displayName"": ""SMO S533N"", ""reference1"": ""SMO"", ""aa_change"": ""S533N"", ""type"": ""substitution"", ""des_level"": ""individual"", ""source"": [""COSMIC""]}"
e606,SMO Q477E,Entity,"{""displayName"": ""SMO Q477E"", ""reference1"": ""SMO"", ""aa_change"": ""Q477E"", ""type"": ""substitution"", ""des_level"": ""individual"", ""source"": [""COSMIC"", ""CGI""]}"
e607,SMO P641A,Entity,"{""displayName"": ""SMO P641A"", ""reference1"": ""SMO"", ""aa_change"": ""P641A"", ""type"": ""substitution"", ""des_level"": ""individual"", ""source"": [""COSMIC"", ""CGI""]}"
e608,SMO N476S,Entity,"{""displayName"": ""SMO N476S"", ""reference1"": ""SMO"", ""aa_change"": ""N476S"", ""type"": ""substitution"", ""des_level"": ""individual"", ""source"": [""COSMIC""]}"
e609,SMO L412F,Entity,"{""displayName"": ""SMO L412F"", ""reference1"": ""SMO"", ""aa_change"": ""L412F"", ""type"": ""substitution"", ""des_level"": ""individual"", ""source"": [""CIVIC"", ""COSMIC"", ""CGI""]}"
e610,SMO I408V,Entity,"{""displayName"": ""SMO I408V"", ""reference1"": ""SMO"", ""aa_change"": ""I408V"", ""type"": ""substitution"", ""des_level"": ""individual"", ""source"": [""COSMIC""]}"
e611,SMO H231R,Entity,"{""displayName"": ""SMO H231R"", ""reference1"": ""SMO"", ""aa_change"": ""H231R"", ""type"": ""substitution"", ""des_level"": ""individual"", ""source"": [""COSMIC""]}"
e612,SMO G497W,Entity,"{""displayName"": ""SMO G497W"", ""reference1"": ""SMO"", ""aa_change"": ""G497W"", ""type"": ""substitution"", ""des_level"": ""individual"", ""source"": [""COSMIC"", ""CGI""]}"
e613,SMO D473Y,Entity,"{""displayName"": ""SMO D473Y"", ""reference1"": ""SMO"", ""aa_change"": ""D473Y"", ""type"": ""substitution"", ""des_level"": ""individual"", ""source"": [""COSMIC""]}"
e614,SMO D473N,Entity,"{""displayName"": ""SMO D473N"", ""reference1"": ""SMO"", ""aa_change"": ""D473N"", ""type"": ""substitution"", ""des_level"": ""individual"", ""source"": [""COSMIC""]}"
e615,SMO D473H,Entity,"{""displayName"": ""SMO D473H"", ""reference1"": ""SMO"", ""aa_change"": ""D473H"", ""type"": ""substitution"", ""des_level"": ""individual"", ""source"": [""CIVIC"", ""COSMIC"", ""CGI""]}"
e616,SMO D473G,Entity,"{""displayName"": ""SMO D473G"", ""reference1"": ""SMO"", ""aa_change"": ""D473G"", ""type"": ""substitution"", ""des_level"": ""individual"", ""source"": [""COSMIC"", ""CGI""]}"
e617,SMO C469Y,Entity,"{""displayName"": ""SMO C469Y"", ""reference1"": ""SMO"", ""aa_change"": ""C469Y"", ""type"": ""substitution"", ""des_level"": ""individual"", ""source"": [""COSMIC""]}"
e618,SMO A459V,Entity,"{""displayName"": ""SMO A459V"", ""reference1"": ""SMO"", ""aa_change"": ""A459V"", ""type"": ""substitution"", ""des_level"": ""individual"", ""source"": [""COSMIC""]}"
e619,SMARCB1 underexpression,Entity,"{""displayName"": ""SMARCB1 underexpression"", ""reference1"": ""SMARCB1"", ""type"": ""underexpression"", ""des_level"": ""gene"", ""source"": [""CIVIC""]}"
e620,SMARCB1 oncogenic mutation,Entity,"{""displayName"": ""SMARCB1 oncogenic mutation"", ""reference1"": ""SMARCB1"", ""type"": ""oncogenic mutation"", ""des_level"": ""gene"", ""source"": [""OncoKB"", ""CGI""]}"
e621,SMARCB1 mutation,Entity,"{""displayName"": ""SMARCB1 mutation"", ""reference1"": ""SMARCB1"", ""type"": ""mutation"", ""des_level"": ""gene"", ""source"": [""COSMIC""]}"
e622,SMARCB1 deletion,Entity,"{""displayName"": ""SMARCB1 deletion"", ""reference1"": ""SMARCB1"", ""type"": ""deletion"", ""des_level"": ""gene"", ""source"": [""CIVIC"", ""OncoKB""]}"
e623,SMARCB1 copy loss,Entity,"{""displayName"": ""SMARCB1 copy loss"", ""reference1"": ""SMARCB1"", ""type"": ""copy loss"", ""des_level"": ""gene"", ""source"": [""CGI""]}"
e624,SMARCB1 absent,Entity,"{""displayName"": ""SMARCB1 absent"", ""reference1"": ""SMARCB1"", ""type"": ""absent"", ""des_level"": ""gene"", ""source"": [""COSMIC""]}"
e625,SMARCA4 underexpression,Entity,"{""displayName"": ""SMARCA4 underexpression"", ""reference1"": ""SMARCA4"", ""type"": ""underexpression"", ""des_level"": ""gene"", ""source"": [""CIVIC""]}"
e626,SMARCA4 oncogenic mutation,Entity,"{""displayName"": ""SMARCA4 oncogenic mutation"", ""reference1"": ""SMARCA4"", ""type"": ""oncogenic mutation"", ""des_level"": ""gene"", ""source"": [""CGI""]}"
e627,SMARCA4 mutation,Entity,"{""displayName"": ""SMARCA4 mutation"", ""reference1"": ""SMARCA4"", ""type"": ""mutation"", ""des_level"": ""gene"", ""source"": [""CIVIC"", ""COSMIC""]}"
e628,SMARCA4 inactivating mutation,Entity,"{""displayName"": ""SMARCA4 inactivating mutation"", ""reference1"": ""SMARCA4"", ""type"": ""inactivating mutation"", ""des_level"": ""gene"", ""source"": [""CIVIC""]}"
e629,SMARCA4 copy loss,Entity,"{""displayName"": ""SMARCA4 copy loss"", ""reference1"": ""SMARCA4"", ""type"": ""copy loss"", ""des_level"": ""gene"", ""source"": [""CGI""]}"
e630,SMARCA4 absent,Entity,"{""displayName"": ""SMARCA4 absent"", ""reference1"": ""SMARCA4"", ""type"": ""absent"", ""des_level"": ""gene"", ""source"": [""COSMIC""]}"
e631,SMARCA2 mutation,Entity,"{""displayName"": ""SMARCA2 mutation"", ""reference1"": ""SMARCA2"", ""type"": ""mutation"", ""des_level"": ""gene"", ""source"": [""VH""]}"
e632,SMARCA2 R1159Q,Entity,"{""displayName"": ""SMARCA2 R1159Q"", ""reference1"": ""SMARCA2"", ""aa_change"": ""R1159Q"", ""type"": ""substitution"", ""des_level"": ""individual"", ""source"": [""CIVIC""]}"
e633,SMARCA2 K755R,Entity,"{""displayName"": ""SMARCA2 K755R"", ""reference1"": ""SMARCA2"", ""aa_change"": ""K755R"", ""type"": ""substitution"", ""des_level"": ""individual"", ""source"": [""CIVIC""]}"
e634,SMARCA1 oncogenic mutation,Entity,"{""displayName"": ""SMARCA1 oncogenic mutation"", ""reference1"": ""SMARCA1"", ""type"": ""oncogenic mutation"", ""des_level"": ""gene"", ""source"": [""CGI""]}"
e635,SMARCA1 mutation,Entity,"{""displayName"": ""SMARCA1 mutation"", ""reference1"": ""SMARCA1"", ""type"": ""mutation"", ""des_level"": ""gene"", ""source"": [""VH""]}"
e636,SMAD4 underexpression,Entity,"{""displayName"": ""SMAD4 underexpression"", ""reference1"": ""SMAD4"", ""type"": ""underexpression"", ""des_level"": ""gene"", ""source"": [""CIVIC""]}"
e637,SMAD4 mutation,Entity,"{""displayName"": ""SMAD4 mutation"", ""reference1"": ""SMAD4"", ""type"": ""mutation"", ""des_level"": ""gene"", ""source"": [""CIVIC"", ""COSMIC""]}"
e638,SMAD4 expression,Entity,"{""displayName"": ""SMAD4 expression"", ""reference1"": ""SMAD4"", ""type"": ""expression"", ""des_level"": ""gene"", ""source"": [""CIVIC""]}"
e639,SMAD4 deletion,Entity,"{""displayName"": ""SMAD4 deletion"", ""reference1"": ""SMAD4"", ""type"": ""deletion"", ""des_level"": ""gene"", ""source"": [""CIVIC""]}"
e640,SMAD4 R361C,Entity,"{""displayName"": ""SMAD4 R361C"", ""reference1"": ""SMAD4"", ""aa_change"": ""R361C"", ""type"": ""substitution"", ""des_level"": ""individual"", ""source"": [""CIVIC""]}"
e641,SMAD2 mutation,Entity,"{""displayName"": ""SMAD2 mutation"", ""reference1"": ""SMAD2"", ""type"": ""mutation"", ""des_level"": ""gene"", ""source"": [""VH""]}"
e642,SMAD2 S276L,Entity,"{""displayName"": ""SMAD2 S276L"", ""reference1"": ""SMAD2"", ""aa_change"": ""S276L"", ""type"": ""substitution"", ""des_level"": ""individual"", ""source"": [""CIVIC""]}"
e643,SLFN11 mutation,Entity,"{""displayName"": ""SLFN11 mutation"", ""reference1"": ""SLFN11"", ""type"": ""mutation"", ""des_level"": ""gene"", ""source"": [""COSMIC""]}"
e644,SLFN11 expression,Entity,"{""displayName"": ""SLFN11 expression"", ""reference1"": ""SLFN11"", ""type"": ""expression"", ""des_level"": ""gene"", ""source"": [""CIVIC""]}"
e645,SLCO1B1 mutation,Entity,"{""displayName"": ""SLCO1B1 mutation"", ""reference1"": ""SLCO1B1"", ""type"": ""mutation"", ""des_level"": ""gene"", ""source"": [""VH""]}"
e646,SLCO1B1 N130D,Entity,"{""displayName"": ""SLCO1B1 N130D"", ""reference1"": ""SLCO1B1"", ""aa_change"": ""N130D"", ""type"": ""substitution"", ""des_level"": ""individual"", ""source"": [""CIVIC""]}"
e647,SLC4A4-ROS1 fusion,Entity,"{""displayName"": ""SLC4A4-ROS1 fusion"", ""reference1"": ""SLC4A4"", ""reference2"": ""ROS1"", ""type"": ""fusion"", ""des_level"": ""gene"", ""source"": [""CIVIC""]}"
e648,SLC4A4 mutation,Entity,"{""displayName"": ""SLC4A4 mutation"", ""reference1"": ""SLC4A4"", ""type"": ""mutation"", ""des_level"": ""gene"", ""source"": [""VH""]}"
e649,SLC44A4 overexpression,Entity,"{""displayName"": ""SLC44A4 overexpression"", ""reference1"": ""SLC44A4"", ""type"": ""overexpression"", ""des_level"": ""gene"", ""source"": [""CGI""]}"
e650,SLC44A4 mutation,Entity,"{""displayName"": ""SLC44A4 mutation"", ""reference1"": ""SLC44A4"", ""type"": ""mutation"", ""des_level"": ""gene"", ""source"": [""VH""]}"
e651,SLC3A2-NRG1 fusion,Entity,"{""displayName"": ""SLC3A2-NRG1 fusion"", ""reference1"": ""SLC3A2"", ""reference2"": ""NRG1"", ""type"": ""fusion"", ""des_level"": ""gene"", ""source"": [""CIVIC""]}"
e652,SLC3A2 mutation,Entity,"{""displayName"": ""SLC3A2 mutation"", ""reference1"": ""SLC3A2"", ""type"": ""mutation"", ""des_level"": ""gene"", ""source"": [""VH""]}"
e653,SLC29A1 overexpression,Entity,"{""displayName"": ""SLC29A1 overexpression"", ""reference1"": ""SLC29A1"", ""type"": ""overexpression"", ""des_level"": ""gene"", ""source"": [""CIVIC""]}"
e654,SLC29A1 oncogenic mutation,Entity,"{""displayName"": ""SLC29A1 oncogenic mutation"", ""reference1"": ""SLC29A1"", ""type"": ""oncogenic mutation"", ""des_level"": ""gene"", ""source"": [""CGI""]}"
e655,SLC29A1 mutation,Entity,"{""displayName"": ""SLC29A1 mutation"", ""reference1"": ""SLC29A1"", ""type"": ""mutation"", ""des_level"": ""gene"", ""source"": [""VH""]}"
e656,SIRT1 overexpression,Entity,"{""displayName"": ""SIRT1 overexpression"", ""reference1"": ""SIRT1"", ""type"": ""overexpression"", ""des_level"": ""gene"", ""source"": [""CIVIC""]}"
e657,SIRT1 mutation,Entity,"{""displayName"": ""SIRT1 mutation"", ""reference1"": ""SIRT1"", ""type"": ""mutation"", ""des_level"": ""gene"", ""source"": [""VH""]}"
e658,SH2B3 oncogenic mutation,Entity,"{""displayName"": ""SH2B3 oncogenic mutation"", ""reference1"": ""SH2B3"", ""type"": ""oncogenic mutation"", ""des_level"": ""gene"", ""source"": [""OncoKB"", ""CGI""]}"
e659,SH2B3 mutation,Entity,"{""displayName"": ""SH2B3 mutation"", ""reference1"": ""SH2B3"", ""type"": ""mutation"", ""des_level"": ""gene"", ""source"": [""COSMIC""]}"
e660,SH2B3 fusion,Entity,"{""displayName"": ""SH2B3 fusion"", ""reference1"": ""SH2B3"", ""type"": ""fusion"", ""des_level"": ""gene"", ""source"": [""COSMIC""]}"
e661,SH2B3 deletion,Entity,"{""displayName"": ""SH2B3 deletion"", ""reference1"": ""SH2B3"", ""type"": ""deletion"", ""des_level"": ""gene"", ""source"": [""CGI""]}"
e662,SH2B3 copy loss,Entity,"{""displayName"": ""SH2B3 copy loss"", ""reference1"": ""SH2B3"", ""type"": ""copy loss"", ""des_level"": ""gene"", ""source"": [""CGI""]}"
e663,SGK1 overexpression,Entity,"{""displayName"": ""SGK1 overexpression"", ""reference1"": ""SGK1"", ""type"": ""overexpression"", ""des_level"": ""gene"", ""source"": [""CIVIC""]}"
e664,SGK1 mutation,Entity,"{""displayName"": ""SGK1 mutation"", ""reference1"": ""SGK1"", ""type"": ""mutation"", ""des_level"": ""gene"", ""source"": [""VH""]}"
e665,SFPQ-ABL1 fusion,Entity,"{""displayName"": ""SFPQ-ABL1 fusion"", ""reference1"": ""SFPQ"", ""reference2"": ""ABL1"", ""type"": ""fusion"", ""des_level"": ""gene"", ""source"": [""CIVIC""]}"
e666,SFPQ mutation,Entity,"{""displayName"": ""SFPQ mutation"", ""reference1"": ""SFPQ"", ""type"": ""mutation"", ""des_level"": ""gene"", ""source"": [""VH""]}"
e667,SF3B1 oncogenic mutation,Entity,"{""displayName"": ""SF3B1 oncogenic mutation"", ""reference1"": ""SF3B1"", ""type"": ""oncogenic mutation"", ""des_level"": ""gene"", ""source"": [""OncoKB""]}"
e668,SF3B1 mutation,Entity,"{""displayName"": ""SF3B1 mutation"", ""reference1"": ""SF3B1"", ""type"": ""mutation"", ""des_level"": ""gene"", ""source"": [""CIVIC"", ""COSMIC""]}"
e669,SF3B1 exon 16 mutation,Entity,"{""displayName"": ""SF3B1 exon 16 mutation"", ""reference1"": ""SF3B1"", ""exon"": ""16"", ""type"": ""mutation"", ""des_level"": ""exon"", ""source"": [""COSMIC""]}"
e670,SF3B1 exon 15 mutation,Entity,"{""displayName"": ""SF3B1 exon 15 mutation"", ""reference1"": ""SF3B1"", ""exon"": ""15"", ""type"": ""mutation"", ""des_level"": ""exon"", ""source"": [""COSMIC""]}"
e671,SF3B1 exon 14 mutation,Entity,"{""displayName"": ""SF3B1 exon 14 mutation"", ""reference1"": ""SF3B1"", ""exon"": ""14"", ""type"": ""mutation"", ""des_level"": ""exon"", ""source"": [""COSMIC""]}"
e672,SF3B1 Y623X,Entity,"{""displayName"": ""SF3B1 Y623X"", ""reference1"": ""SF3B1"", ""aa_change"": ""Y623X"", ""type"": ""substitution"", ""des_level"": ""amino acid"", ""source"": [""COSMIC""]}"
e673,SF3B1 V701X,Entity,"{""displayName"": ""SF3B1 V701X"", ""reference1"": ""SF3B1"", ""aa_change"": ""V701X"", ""type"": ""substitution"", ""des_level"": ""amino acid"", ""source"": [""COSMIC""]}"
e674,SF3B1 T663X,Entity,"{""displayName"": ""SF3B1 T663X"", ""reference1"": ""SF3B1"", ""aa_change"": ""T663X"", ""type"": ""substitution"", ""des_level"": ""amino acid"", ""source"": [""COSMIC""]}"
e675,SF3B1 R625X,Entity,"{""displayName"": ""SF3B1 R625X"", ""reference1"": ""SF3B1"", ""aa_change"": ""R625X"", ""type"": ""substitution"", ""des_level"": ""amino acid"", ""source"": [""COSMIC""]}"
e676,SF3B1 N626X,Entity,"{""displayName"": ""SF3B1 N626X"", ""reference1"": ""SF3B1"", ""aa_change"": ""N626X"", ""type"": ""substitution"", ""des_level"": ""amino acid"", ""source"": [""COSMIC""]}"
e677,SF3B1 K741X,Entity,"{""displayName"": ""SF3B1 K741X"", ""reference1"": ""SF3B1"", ""aa_change"": ""K741X"", ""type"": ""substitution"", ""des_level"": ""amino acid"", ""source"": [""COSMIC""]}"
e678,SF3B1 K700X,Entity,"{""displayName"": ""SF3B1 K700X"", ""reference1"": ""SF3B1"", ""aa_change"": ""K700X"", ""type"": ""substitution"", ""des_level"": ""amino acid"", ""source"": [""COSMIC""]}"
e679,SF3B1 K700E,Entity,"{""displayName"": ""SF3B1 K700E"", ""reference1"": ""SF3B1"", ""aa_change"": ""K700E"", ""type"": ""substitution"", ""des_level"": ""individual"", ""source"": [""CIVIC"", ""COSMIC"", ""CGI""]}"
e680,SF3B1 K666X,Entity,"{""displayName"": ""SF3B1 K666X"", ""reference1"": ""SF3B1"", ""aa_change"": ""K666X"", ""type"": ""substitution"", ""des_level"": ""amino acid"", ""source"": [""COSMIC""]}"
e681,SF3B1 K666N,Entity,"{""displayName"": ""SF3B1 K666N"", ""reference1"": ""SF3B1"", ""aa_change"": ""K666N"", ""type"": ""substitution"", ""des_level"": ""individual"", ""source"": [""CIVIC"", ""CGI""]}"
e682,SF3B1 I704X,Entity,"{""displayName"": ""SF3B1 I704X"", ""reference1"": ""SF3B1"", ""aa_change"": ""I704X"", ""type"": ""substitution"", ""des_level"": ""amino acid"", ""source"": [""COSMIC""]}"
e683,SF3B1 H662X,Entity,"{""displayName"": ""SF3B1 H662X"", ""reference1"": ""SF3B1"", ""aa_change"": ""H662X"", ""type"": ""substitution"", ""des_level"": ""amino acid"", ""source"": [""COSMIC""]}"
e684,SF3B1 G742X,Entity,"{""displayName"": ""SF3B1 G742X"", ""reference1"": ""SF3B1"", ""aa_change"": ""G742X"", ""type"": ""substitution"", ""des_level"": ""amino acid"", ""source"": [""COSMIC""]}"
e685,SF3B1 G740X,Entity,"{""displayName"": ""SF3B1 G740X"", ""reference1"": ""SF3B1"", ""aa_change"": ""G740X"", ""type"": ""substitution"", ""des_level"": ""amino acid"", ""source"": [""COSMIC""]}"
e686,SF3B1 E622X,Entity,"{""displayName"": ""SF3B1 E622X"", ""reference1"": ""SF3B1"", ""aa_change"": ""E622X"", ""type"": ""substitution"", ""des_level"": ""amino acid"", ""source"": [""COSMIC""]}"
e687,SF3B1 D781X,Entity,"{""displayName"": ""SF3B1 D781X"", ""reference1"": ""SF3B1"", ""aa_change"": ""D781X"", ""type"": ""substitution"", ""des_level"": ""amino acid"", ""source"": [""COSMIC""]}"
e688,SF3B1 A774X,Entity,"{""displayName"": ""SF3B1 A774X"", ""reference1"": ""SF3B1"", ""aa_change"": ""A774X"", ""type"": ""substitution"", ""des_level"": ""amino acid"", ""source"": [""COSMIC""]}"
e689,SETD2 oncogenic mutation,Entity,"{""displayName"": ""SETD2 oncogenic mutation"", ""reference1"": ""SETD2"", ""type"": ""oncogenic mutation"", ""des_level"": ""gene"", ""source"": [""CGI""]}"
e690,SETD2 mutation,Entity,"{""displayName"": ""SETD2 mutation"", ""reference1"": ""SETD2"", ""type"": ""mutation"", ""des_level"": ""gene"", ""source"": [""COSMIC""]}"
e691,SETD2 copy loss,Entity,"{""displayName"": ""SETD2 copy loss"", ""reference1"": ""SETD2"", ""type"": ""copy loss"", ""des_level"": ""gene"", ""source"": [""CGI""]}"
e692,SETBP1 oncogenic mutation,Entity,"{""displayName"": ""SETBP1 oncogenic mutation"", ""reference1"": ""SETBP1"", ""type"": ""oncogenic mutation"", ""des_level"": ""gene"", ""source"": [""OncoKB""]}"
e693,SETBP1 mutation,Entity,"{""displayName"": ""SETBP1 mutation"", ""reference1"": ""SETBP1"", ""type"": ""mutation"", ""des_level"": ""gene"", ""source"": [""COSMIC""]}"
e694,SETBP1 exon 4 mutation,Entity,"{""displayName"": ""SETBP1 exon 4 mutation"", ""reference1"": ""SETBP1"", ""exon"": ""4"", ""type"": ""mutation"", ""des_level"": ""exon"", ""source"": [""CIVIC""]}"
e695,SETBP1 T864X,Entity,"{""displayName"": ""SETBP1 T864X"", ""reference1"": ""SETBP1"", ""aa_change"": ""T864X"", ""type"": ""substitution"", ""des_level"": ""amino acid"", ""source"": [""OncoKB""]}"
e696,SETBP1 S869X,Entity,"{""displayName"": ""SETBP1 S869X"", ""reference1"": ""SETBP1"", ""aa_change"": ""S869X"", ""type"": ""substitution"", ""des_level"": ""amino acid"", ""source"": [""OncoKB""]}"
e697,SETBP1 I865X,Entity,"{""displayName"": ""SETBP1 I865X"", ""reference1"": ""SETBP1"", ""aa_change"": ""I865X"", ""type"": ""substitution"", ""des_level"": ""amino acid"", ""source"": [""OncoKB""]}"
e698,SETBP1 G870X,Entity,"{""displayName"": ""SETBP1 G870X"", ""reference1"": ""SETBP1"", ""aa_change"": ""G870X"", ""type"": ""substitution"", ""des_level"": ""amino acid"", ""source"": [""OncoKB""]}"
e699,SETBP1 G870S,Entity,"{""displayName"": ""SETBP1 G870S"", ""reference1"": ""SETBP1"", ""aa_change"": ""G870S"", ""type"": ""substitution"", ""des_level"": ""individual"", ""source"": [""CIVIC""]}"
e700,SETBP1 E858X,Entity,"{""displayName"": ""SETBP1 E858X"", ""reference1"": ""SETBP1"", ""aa_change"": ""E858X"", ""type"": ""substitution"", ""des_level"": ""amino acid"", ""source"": [""OncoKB""]}"
e701,SETBP1 D868X,Entity,"{""displayName"": ""SETBP1 D868X"", ""reference1"": ""SETBP1"", ""aa_change"": ""D868X"", ""type"": ""substitution"", ""des_level"": ""amino acid"", ""source"": [""OncoKB""]}"
e702,SERPINB3 oncogenic mutation,Entity,"{""displayName"": ""SERPINB3 oncogenic mutation"", ""reference1"": ""SERPINB3"", ""type"": ""oncogenic mutation"", ""des_level"": ""gene"", ""source"": [""CGI""]}"
e703,SERPINB3 mutation,Entity,"{""displayName"": ""SERPINB3 mutation"", ""reference1"": ""SERPINB3"", ""type"": ""mutation"", ""des_level"": ""gene"", ""source"": [""VH""]}"
e704,SDC4-ROS1 fusion,Entity,"{""displayName"": ""SDC4-ROS1 fusion"", ""reference1"": ""SDC4"", ""reference2"": ""ROS1"", ""type"": ""fusion"", ""des_level"": ""gene"", ""source"": [""CIVIC""]}"
e705,SDC4-NRG1 fusion,Entity,"{""displayName"": ""SDC4-NRG1 fusion"", ""reference1"": ""SDC4"", ""reference2"": ""NRG1"", ""type"": ""fusion"", ""des_level"": ""gene"", ""source"": [""CIVIC""]}"
e706,SDC4 mutation,Entity,"{""displayName"": ""SDC4 mutation"", ""reference1"": ""SDC4"", ""type"": ""mutation"", ""des_level"": ""gene"", ""source"": [""VH""]}"
e707,SCP2-NTRK1 fusion,Entity,"{""displayName"": ""SCP2-NTRK1 fusion"", ""reference1"": ""SCP2"", ""reference2"": ""NTRK1"", ""type"": ""fusion"", ""des_level"": ""gene"", ""source"": [""CIVIC""]}"
e708,SCP2 mutation,Entity,"{""displayName"": ""SCP2 mutation"", ""reference1"": ""SCP2"", ""type"": ""mutation"", ""des_level"": ""gene"", ""source"": [""VH""]}"
e709,RUNX1-RUNX1T1 fusion,Entity,"{""displayName"": ""RUNX1-RUNX1T1 fusion"", ""reference1"": ""RUNX1"", ""reference2"": ""RUNX1T1"", ""type"": ""fusion"", ""des_level"": ""gene"", ""source"": [""OncoKB"", ""COSMIC"", ""CIVIC""]}"
e710,RUNX1-MECOM fusion,Entity,"{""displayName"": ""RUNX1-MECOM fusion"", ""reference1"": ""RUNX1"", ""reference2"": ""MECOM"", ""type"": ""fusion"", ""des_level"": ""gene"", ""source"": [""COSMIC""]}"
e711,RUNX1 oncogenic mutation,Entity,"{""displayName"": ""RUNX1 oncogenic mutation"", ""reference1"": ""RUNX1"", ""type"": ""oncogenic mutation"", ""des_level"": ""gene"", ""source"": [""OncoKB""]}"
e712,RUNX1 mutation,Entity,"{""displayName"": ""RUNX1 mutation"", ""reference1"": ""RUNX1"", ""type"": ""mutation"", ""des_level"": ""gene"", ""source"": [""CIVIC"", ""COSMIC""]}"
e713,RUNX1 exon 8 mutation,Entity,"{""displayName"": ""RUNX1 exon 8 mutation"", ""reference1"": ""RUNX1"", ""exon"": ""8"", ""type"": ""mutation"", ""des_level"": ""exon"", ""source"": [""COSMIC""]}"
e714,RUNX1 exon 7 mutation,Entity,"{""displayName"": ""RUNX1 exon 7 mutation"", ""reference1"": ""RUNX1"", ""exon"": ""7"", ""type"": ""mutation"", ""des_level"": ""exon"", ""source"": [""COSMIC""]}"
e715,RUNX1 exon 6 mutation,Entity,"{""displayName"": ""RUNX1 exon 6 mutation"", ""reference1"": ""RUNX1"", ""exon"": ""6"", ""type"": ""mutation"", ""des_level"": ""exon"", ""source"": [""COSMIC""]}"
e716,RUNX1 exon 5 mutation,Entity,"{""displayName"": ""RUNX1 exon 5 mutation"", ""reference1"": ""RUNX1"", ""exon"": ""5"", ""type"": ""mutation"", ""des_level"": ""exon"", ""source"": [""COSMIC""]}"
e717,RUNX1 exon 4 mutation,Entity,"{""displayName"": ""RUNX1 exon 4 mutation"", ""reference1"": ""RUNX1"", ""exon"": ""4"", ""type"": ""mutation"", ""des_level"": ""exon"", ""source"": [""COSMIC""]}"
e718,RUNX1 Y260*,Entity,"{""displayName"": ""RUNX1 Y260*"", ""reference1"": ""RUNX1"", ""aa_change"": ""Y260*"", ""type"": ""stop gained"", ""des_level"": ""individual"", ""source"": [""CIVIC""]}"
e719,RUNX1 T148HfsX9,Entity,"{""displayName"": ""RUNX1 T148HfsX9"", ""reference1"": ""RUNX1"", ""aa_change"": ""T148HfsX9"", ""type"": ""frameshift"", ""des_level"": ""individual"", ""source"": [""CIVIC""]}"
e720,RUNX1 R135fsX177,Entity,"{""displayName"": ""RUNX1 R135fsX177"", ""reference1"": ""RUNX1"", ""aa_change"": ""R135fsX177"", ""type"": ""frameshift"", ""des_level"": ""individual"", ""source"": [""CIVIC""]}"
e721,RUNX1 K83E,Entity,"{""displayName"": ""RUNX1 K83E"", ""reference1"": ""RUNX1"", ""aa_change"": ""K83E"", ""type"": ""substitution"", ""des_level"": ""individual"", ""source"": [""CIVIC""]}"
e722,RUNX1 D198Y,Entity,"{""displayName"": ""RUNX1 D198Y"", ""reference1"": ""RUNX1"", ""aa_change"": ""D198Y"", ""type"": ""substitution"", ""des_level"": ""individual"", ""source"": [""CIVIC""]}"
e723,RUNX1 A107P,Entity,"{""displayName"": ""RUNX1 A107P"", ""reference1"": ""RUNX1"", ""aa_change"": ""A107P"", ""type"": ""substitution"", ""des_level"": ""individual"", ""source"": [""CIVIC""]}"
e724,RSF1 mutation,Entity,"{""displayName"": ""RSF1 mutation"", ""reference1"": ""RSF1"", ""type"": ""mutation"", ""des_level"": ""gene"", ""source"": [""VH""]}"
e725,RSF1 amplification,Entity,"{""displayName"": ""RSF1 amplification"", ""reference1"": ""RSF1"", ""type"": ""amplification"", ""des_level"": ""gene"", ""source"": [""CIVIC""]}"
e726,RRM2 overexpression,Entity,"{""displayName"": ""RRM2 overexpression"", ""reference1"": ""RRM2"", ""type"": ""overexpression"", ""des_level"": ""gene"", ""source"": [""CIVIC""]}"
e727,RRM2 mutation,Entity,"{""displayName"": ""RRM2 mutation"", ""reference1"": ""RRM2"", ""type"": ""mutation"", ""des_level"": ""gene"", ""source"": [""VH""]}"
e728,RRM1 underexpression,Entity,"{""displayName"": ""RRM1 underexpression"", ""reference1"": ""RRM1"", ""type"": ""underexpression"", ""des_level"": ""gene"", ""source"": [""CIVIC""]}"
e729,RRM1 overexpression,Entity,"{""displayName"": ""RRM1 overexpression"", ""reference1"": ""RRM1"", ""type"": ""overexpression"", ""des_level"": ""gene"", ""source"": [""CIVIC""]}"
e730,RRM1 mutation,Entity,"{""displayName"": ""RRM1 mutation"", ""reference1"": ""RRM1"", ""type"": ""mutation"", ""des_level"": ""gene"", ""source"": [""VH""]}"
e731,RPN1-MECOM fusion,Entity,"{""displayName"": ""RPN1-MECOM fusion"", ""reference1"": ""RPN1"", ""reference2"": ""MECOM"", ""type"": ""fusion"", ""des_level"": ""gene"", ""source"": [""COSMIC""]}"
e732,RPN1 mutation,Entity,"{""displayName"": ""RPN1 mutation"", ""reference1"": ""RPN1"", ""type"": ""mutation"", ""des_level"": ""gene"", ""source"": [""VH""]}"
e733,ROS1 mutation,Entity,"{""displayName"": ""ROS1 mutation"", ""reference1"": ""ROS1"", ""type"": ""mutation"", ""des_level"": ""gene"", ""source"": [""COSMIC""]}"
e734,ROS1 fusion,Entity,"{""displayName"": ""ROS1 fusion"", ""reference1"": ""ROS1"", ""type"": ""fusion"", ""des_level"": ""gene"", ""source"": [""OncoKB"", ""COSMIC"", ""CIVIC"", ""CGI""]}"
e735,ROS1 S1986Y,Entity,"{""displayName"": ""ROS1 S1986Y"", ""reference1"": ""ROS1"", ""aa_change"": ""S1986Y"", ""type"": ""substitution"", ""des_level"": ""individual"", ""source"": [""CGI""]}"
e736,ROS1 S1986F,Entity,"{""displayName"": ""ROS1 S1986F"", ""reference1"": ""ROS1"", ""aa_change"": ""S1986F"", ""type"": ""substitution"", ""des_level"": ""individual"", ""source"": [""CGI""]}"
e737,ROS1 L2155S,Entity,"{""displayName"": ""ROS1 L2155S"", ""reference1"": ""ROS1"", ""aa_change"": ""L2155S"", ""type"": ""substitution"", ""des_level"": ""individual"", ""source"": [""CIVIC""]}"
e738,ROS1 L2086F,Entity,"{""displayName"": ""ROS1 L2086F"", ""reference1"": ""ROS1"", ""aa_change"": ""L2086F"", ""type"": ""substitution"", ""des_level"": ""individual"", ""source"": [""COSMIC""]}"
e739,ROS1 L2026M,Entity,"{""displayName"": ""ROS1 L2026M"", ""reference1"": ""ROS1"", ""aa_change"": ""L2026M"", ""type"": ""substitution"", ""des_level"": ""individual"", ""source"": [""CIVIC""]}"
e740,ROS1 G2101A,Entity,"{""displayName"": ""ROS1 G2101A"", ""reference1"": ""ROS1"", ""aa_change"": ""G2101A"", ""type"": ""substitution"", ""des_level"": ""individual"", ""source"": [""CIVIC""]}"
e741,ROS1 G2032R,Entity,"{""displayName"": ""ROS1 G2032R"", ""reference1"": ""ROS1"", ""aa_change"": ""G2032R"", ""type"": ""substitution"", ""des_level"": ""individual"", ""source"": [""CIVIC"", ""COSMIC"", ""CGI""]}"
e742,ROBO4 mutation,Entity,"{""displayName"": ""ROBO4 mutation"", ""reference1"": ""ROBO4"", ""type"": ""mutation"", ""des_level"": ""gene"", ""source"": [""VH""]}"
e743,ROBO4 expression,Entity,"{""displayName"": ""ROBO4 expression"", ""reference1"": ""ROBO4"", ""type"": ""expression"", ""des_level"": ""gene"", ""source"": [""CIVIC""]}"
e744,RNF43 oncogenic mutation,Entity,"{""displayName"": ""RNF43 oncogenic mutation"", ""reference1"": ""RNF43"", ""type"": ""oncogenic mutation"", ""des_level"": ""gene"", ""source"": [""CGI""]}"
e745,RNF43 mutation,Entity,"{""displayName"": ""RNF43 mutation"", ""reference1"": ""RNF43"", ""type"": ""mutation"", ""des_level"": ""gene"", ""source"": [""COSMIC""]}"
e746,RIT1 overexpression,Entity,"{""displayName"": ""RIT1 overexpression"", ""reference1"": ""RIT1"", ""type"": ""overexpression"", ""des_level"": ""gene"", ""source"": [""CIVIC""]}"
e747,RIT1 mutation,Entity,"{""displayName"": ""RIT1 mutation"", ""reference1"": ""RIT1"", ""type"": ""mutation"", ""des_level"": ""gene"", ""source"": [""CIVIC"", ""COSMIC""]}"
e748,RICTOR mutation,Entity,"{""displayName"": ""RICTOR mutation"", ""reference1"": ""RICTOR"", ""type"": ""mutation"", ""des_level"": ""gene"", ""source"": [""COSMIC""]}"
e749,RICTOR amplification,Entity,"{""displayName"": ""RICTOR amplification"", ""reference1"": ""RICTOR"", ""type"": ""amplification"", ""des_level"": ""gene"", ""source"": [""CIVIC"", ""CGI""]}"
e750,RHOA oncogenic mutation,Entity,"{""displayName"": ""RHOA oncogenic mutation"", ""reference1"": ""RHOA"", ""type"": ""oncogenic mutation"", ""des_level"": ""gene"", ""source"": [""OncoKB""]}"
e751,RHOA mutation,Entity,"{""displayName"": ""RHOA mutation"", ""reference1"": ""RHOA"", ""type"": ""mutation"", ""des_level"": ""gene"", ""source"": [""CIVIC"", ""COSMIC""]}"
e752,RFX3-JAK2 fusion,Entity,"{""displayName"": ""RFX3-JAK2 fusion"", ""reference1"": ""RFX3"", ""reference2"": ""JAK2"", ""type"": ""fusion"", ""des_level"": ""gene"", ""source"": [""CIVIC""]}"
e753,RFX3 mutation,Entity,"{""displayName"": ""RFX3 mutation"", ""reference1"": ""RFX3"", ""type"": ""mutation"", ""des_level"": ""gene"", ""source"": [""VH""]}"
e754,RET-TPCN1 fusion,Entity,"{""displayName"": ""RET-TPCN1 fusion"", ""reference1"": ""RET"", ""reference2"": ""TPCN1"", ""type"": ""fusion"", ""des_level"": ""gene"", ""source"": [""CGI""]}"
e755,RET overexpression,Entity,"{""displayName"": ""RET overexpression"", ""reference1"": ""RET"", ""type"": ""overexpression"", ""des_level"": ""gene"", ""source"": [""CIVIC""]}"
e756,RET oncogenic mutation,Entity,"{""displayName"": ""RET oncogenic mutation"", ""reference1"": ""RET"", ""type"": ""oncogenic mutation"", ""des_level"": ""gene"", ""source"": [""OncoKB""]}"
e757,RET mutation,Entity,"{""displayName"": ""RET mutation"", ""reference1"": ""RET"", ""type"": ""mutation"", ""des_level"": ""gene"", ""source"": [""CIVIC"", ""COSMIC""]}"
e758,RET fusion,Entity,"{""displayName"": ""RET fusion"", ""reference1"": ""RET"", ""type"": ""fusion"", ""des_level"": ""gene"", ""source"": [""OncoKB"", ""COSMIC"", ""CIVIC"", ""CGI""]}"
e759,RET amino acid 918 mutation,Entity,"{""displayName"": ""RET amino acid 918 mutation"", ""reference1"": ""RET"", ""amino_acid"": [918, 918], ""type"": ""mutation"", ""des_level"": ""amino acid"", ""source"": [""CGI""]}"
e760,RET amino acid 891 mutation,Entity,"{""displayName"": ""RET amino acid 891 mutation"", ""reference1"": ""RET"", ""amino_acid"": [891, 891], ""type"": ""mutation"", ""des_level"": ""amino acid"", ""source"": [""CGI""]}"
e761,RET amino acid 791 mutation,Entity,"{""displayName"": ""RET amino acid 791 mutation"", ""reference1"": ""RET"", ""amino_acid"": [791, 791], ""type"": ""mutation"", ""des_level"": ""amino acid"", ""source"": [""CGI""]}"
e762,RET amino acid 768 mutation,Entity,"{""displayName"": ""RET amino acid 768 mutation"", ""reference1"": ""RET"", ""amino_acid"": [768, 768], ""type"": ""mutation"", ""des_level"": ""amino acid"", ""source"": [""CGI""]}"
e763,RET amino acid 634 mutation,Entity,"{""displayName"": ""RET amino acid 634 mutation"", ""reference1"": ""RET"", ""amino_acid"": [634, 634], ""type"": ""mutation"", ""des_level"": ""amino acid"", ""source"": [""CGI""]}"
e764,RET amino acid 620 mutation,Entity,"{""displayName"": ""RET amino acid 620 mutation"", ""reference1"": ""RET"", ""amino_acid"": [620, 620], ""type"": ""mutation"", ""des_level"": ""amino acid"", ""source"": [""CGI""]}"
e765,RET amino acid 618 mutation,Entity,"{""displayName"": ""RET amino acid 618 mutation"", ""reference1"": ""RET"", ""amino_acid"": [618, 618], ""type"": ""mutation"", ""des_level"": ""amino acid"", ""source"": [""CGI""]}"
e766,RET V804M,Entity,"{""displayName"": ""RET V804M"", ""reference1"": ""RET"", ""aa_change"": ""V804M"", ""type"": ""substitution"", ""des_level"": ""individual"", ""source"": [""CIVIC"", ""COSMIC""]}"
e767,RET M918T,Entity,"{""displayName"": ""RET M918T"", ""reference1"": ""RET"", ""aa_change"": ""M918T"", ""type"": ""substitution"", ""des_level"": ""individual"", ""source"": [""CIVIC"", ""COSMIC"", ""CGI""]}"
e768,RET I788N,Entity,"{""displayName"": ""RET I788N"", ""reference1"": ""RET"", ""aa_change"": ""I788N"", ""type"": ""substitution"", ""des_level"": ""individual"", ""source"": [""CGI""]}"
e769,RET C634W,Entity,"{""displayName"": ""RET C634W"", ""reference1"": ""RET"", ""aa_change"": ""C634W"", ""type"": ""substitution"", ""des_level"": ""individual"", ""source"": [""CIVIC"", ""CGI""]}"
e770,RET C634R,Entity,"{""displayName"": ""RET C634R"", ""reference1"": ""RET"", ""aa_change"": ""C634R"", ""type"": ""substitution"", ""des_level"": ""individual"", ""source"": [""COSMIC""]}"
e771,RET C609Y,Entity,"{""displayName"": ""RET C609Y"", ""reference1"": ""RET"", ""aa_change"": ""C609Y"", ""type"": ""substitution"", ""des_level"": ""individual"", ""source"": [""CIVIC""]}"
e772,RELN oncogenic mutation,Entity,"{""displayName"": ""RELN oncogenic mutation"", ""reference1"": ""RELN"", ""type"": ""oncogenic mutation"", ""des_level"": ""gene"", ""source"": [""OncoKB""]}"
e773,RELN mutation,Entity,"{""displayName"": ""RELN mutation"", ""reference1"": ""RELN"", ""type"": ""mutation"", ""des_level"": ""gene"", ""source"": [""VH""]}"
e774,RELA mutation,Entity,"{""displayName"": ""RELA mutation"", ""reference1"": ""RELA"", ""type"": ""mutation"", ""des_level"": ""gene"", ""source"": [""VH""]}"
e775,RELA fusion,Entity,"{""displayName"": ""RELA fusion"", ""reference1"": ""RELA"", ""type"": ""fusion"", ""des_level"": ""gene"", ""source"": [""COSMIC""]}"
e776,REL mutation,Entity,"{""displayName"": ""REL mutation"", ""reference1"": ""REL"", ""type"": ""mutation"", ""des_level"": ""gene"", ""source"": [""VH""]}"
e777,REL amplification,Entity,"{""displayName"": ""REL amplification"", ""reference1"": ""REL"", ""type"": ""amplification"", ""des_level"": ""gene"", ""source"": [""CIVIC""]}"
e778,RCSD1-ABL2 fusion,Entity,"{""displayName"": ""RCSD1-ABL2 fusion"", ""reference1"": ""RCSD1"", ""reference2"": ""ABL2"", ""type"": ""fusion"", ""des_level"": ""gene"", ""source"": [""CIVIC""]}"
e779,RCSD1-ABL1 fusion,Entity,"{""displayName"": ""RCSD1-ABL1 fusion"", ""reference1"": ""RCSD1"", ""reference2"": ""ABL1"", ""type"": ""fusion"", ""des_level"": ""gene"", ""source"": [""CIVIC""]}"
e780,RCSD1 mutation,Entity,"{""displayName"": ""RCSD1 mutation"", ""reference1"": ""RCSD1"", ""type"": ""mutation"", ""des_level"": ""gene"", ""source"": [""VH""]}"
e781,RBM15-MRTFA fusion,Entity,"{""displayName"": ""RBM15-MRTFA fusion"", ""reference1"": ""RBM15"", ""reference2"": ""MRTFA"", ""type"": ""fusion"", ""des_level"": ""gene"", ""source"": [""OncoKB""]}"
e782,RBM15 mutation,Entity,"{""displayName"": ""RBM15 mutation"", ""reference1"": ""RBM15"", ""type"": ""mutation"", ""des_level"": ""gene"", ""source"": [""VH""]}"
e783,RB1 overexpression,Entity,"{""displayName"": ""RB1 overexpression"", ""reference1"": ""RB1"", ""type"": ""overexpression"", ""des_level"": ""gene"", ""source"": [""CIVIC"", ""CGI""]}"
e784,RB1 oncogenic mutation,Entity,"{""displayName"": ""RB1 oncogenic mutation"", ""reference1"": ""RB1"", ""type"": ""oncogenic mutation"", ""des_level"": ""gene"", ""source"": [""CGI""]}"
e785,RB1 mutation,Entity,"{""displayName"": ""RB1 mutation"", ""reference1"": ""RB1"", ""type"": ""mutation"", ""des_level"": ""gene"", ""source"": [""CIVIC"", ""COSMIC""]}"
e786,RB1 loss of function,Entity,"{""displayName"": ""RB1 loss of function"", ""reference1"": ""RB1"", ""type"": ""loss of function"", ""des_level"": ""gene"", ""source"": [""CIVIC""]}"
e787,RB1 expression,Entity,"{""displayName"": ""RB1 expression"", ""reference1"": ""RB1"", ""type"": ""expression"", ""des_level"": ""gene"", ""source"": [""CIVIC"", ""CGI""]}"
e788,RB1 copy loss,Entity,"{""displayName"": ""RB1 copy loss"", ""reference1"": ""RB1"", ""type"": ""copy loss"", ""des_level"": ""gene"", ""source"": [""CGI""]}"
e789,RB1 M695fs*26,Entity,"{""displayName"": ""RB1 M695fs*26"", ""reference1"": ""RB1"", ""aa_change"": ""M695fs*26"", ""type"": ""frameshift"", ""des_level"": ""individual"", ""source"": [""CIVIC""]}"
e790,RASA1 mutation,Entity,"{""displayName"": ""RASA1 mutation"", ""reference1"": ""RASA1"", ""type"": ""mutation"", ""des_level"": ""gene"", ""source"": [""COSMIC""]}"
e791,RASA1 loss of function,Entity,"{""displayName"": ""RASA1 loss of function"", ""reference1"": ""RASA1"", ""type"": ""loss of function"", ""des_level"": ""gene"", ""source"": [""CIVIC""]}"
e792,RARA mutation,Entity,"{""displayName"": ""RARA mutation"", ""reference1"": ""RARA"", ""type"": ""mutation"", ""des_level"": ""gene"", ""source"": [""COSMIC""]}"
e793,RARA fusion,Entity,"{""displayName"": ""RARA fusion"", ""reference1"": ""RARA"", ""type"": ""fusion"", ""des_level"": ""gene"", ""source"": [""OncoKB""]}"
e794,RANBP2-ALK fusion,Entity,"{""displayName"": ""RANBP2-ALK fusion"", ""reference1"": ""RANBP2"", ""reference2"": ""ALK"", ""type"": ""fusion"", ""des_level"": ""gene"", ""source"": [""CIVIC""]}"
e795,RANBP2-ABL1 fusion,Entity,"{""displayName"": ""RANBP2-ABL1 fusion"", ""reference1"": ""RANBP2"", ""reference2"": ""ABL1"", ""type"": ""fusion"", ""des_level"": ""gene"", ""source"": [""CIVIC""]}"
e796,RANBP2 mutation,Entity,"{""displayName"": ""RANBP2 mutation"", ""reference1"": ""RANBP2"", ""type"": ""mutation"", ""des_level"": ""gene"", ""source"": [""VH""]}"
e797,RAF1 overexpression,Entity,"{""displayName"": ""RAF1 overexpression"", ""reference1"": ""RAF1"", ""type"": ""overexpression"", ""des_level"": ""gene"", ""source"": [""CGI""]}"
e798,RAF1 oncogenic mutation,Entity,"{""displayName"": ""RAF1 oncogenic mutation"", ""reference1"": ""RAF1"", ""type"": ""oncogenic mutation"", ""des_level"": ""gene"", ""source"": [""OncoKB""]}"
e799,RAF1 mutation,Entity,"{""displayName"": ""RAF1 mutation"", ""reference1"": ""RAF1"", ""type"": ""mutation"", ""des_level"": ""gene"", ""source"": [""COSMIC""]}"
e800,RAF1 fusion,Entity,"{""displayName"": ""RAF1 fusion"", ""reference1"": ""RAF1"", ""type"": ""fusion"", ""des_level"": ""gene"", ""source"": [""CGI""]}"
e801,RAF1 amplification,Entity,"{""displayName"": ""RAF1 amplification"", ""reference1"": ""RAF1"", ""type"": ""amplification"", ""des_level"": ""gene"", ""source"": [""CIVIC""]}"
e802,RAF1 S257P,Entity,"{""displayName"": ""RAF1 S257P"", ""reference1"": ""RAF1"", ""aa_change"": ""S257P"", ""type"": ""substitution"", ""des_level"": ""individual"", ""source"": [""CGI""]}"
e803,RAF1 R391W,Entity,"{""displayName"": ""RAF1 R391W"", ""reference1"": ""RAF1"", ""aa_change"": ""R391W"", ""type"": ""substitution"", ""des_level"": ""individual"", ""source"": [""CIVIC""]}"
e804,RAF1 P261P,Entity,"{""displayName"": ""RAF1 P261P"", ""reference1"": ""RAF1"", ""aa_change"": ""P261P"", ""type"": ""substitution"", ""des_level"": ""individual"", ""source"": [""CGI""]}"
e805,RAF1 G361A,Entity,"{""displayName"": ""RAF1 G361A"", ""reference1"": ""RAF1"", ""aa_change"": ""G361A"", ""type"": ""substitution"", ""des_level"": ""individual"", ""source"": [""CGI""]}"
e806,RAD54L oncogenic mutation,Entity,"{""displayName"": ""RAD54L oncogenic mutation"", ""reference1"": ""RAD54L"", ""type"": ""oncogenic mutation"", ""des_level"": ""gene"", ""source"": [""OncoKB"", ""CGI""]}"
e807,RAD54L mutation,Entity,"{""displayName"": ""RAD54L mutation"", ""reference1"": ""RAD54L"", ""type"": ""mutation"", ""des_level"": ""gene"", ""source"": [""CIVIC"", ""COSMIC""]}"
e808,RAD51D oncogenic mutation,Entity,"{""displayName"": ""RAD51D oncogenic mutation"", ""reference1"": ""RAD51D"", ""type"": ""oncogenic mutation"", ""des_level"": ""gene"", ""source"": [""OncoKB"", ""CGI""]}"
e809,RAD51D mutation,Entity,"{""displayName"": ""RAD51D mutation"", ""reference1"": ""RAD51D"", ""type"": ""mutation"", ""des_level"": ""gene"", ""source"": [""CIVIC"", ""COSMIC""]}"
e810,RAD51D R186*,Entity,"{""displayName"": ""RAD51D R186*"", ""reference1"": ""RAD51D"", ""aa_change"": ""R186*"", ""type"": ""stop gained"", ""des_level"": ""individual"", ""source"": [""CIVIC""]}"
e811,RAD51C oncogenic mutation,Entity,"{""displayName"": ""RAD51C oncogenic mutation"", ""reference1"": ""RAD51C"", ""type"": ""oncogenic mutation"", ""des_level"": ""gene"", ""source"": [""OncoKB"", ""CGI""]}"
e812,RAD51C mutation,Entity,"{""displayName"": ""RAD51C mutation"", ""reference1"": ""RAD51C"", ""type"": ""mutation"", ""des_level"": ""gene"", ""source"": [""COSMIC""]}"
e813,RAD51B oncogenic mutation,Entity,"{""displayName"": ""RAD51B oncogenic mutation"", ""reference1"": ""RAD51B"", ""type"": ""oncogenic mutation"", ""des_level"": ""gene"", ""source"": [""OncoKB"", ""CGI""]}"
e814,RAD51B mutation,Entity,"{""displayName"": ""RAD51B mutation"", ""reference1"": ""RAD51B"", ""type"": ""mutation"", ""des_level"": ""gene"", ""source"": [""CIVIC"", ""COSMIC""]}"
e815,RAD50 mutation,Entity,"{""displayName"": ""RAD50 mutation"", ""reference1"": ""RAD50"", ""type"": ""mutation"", ""des_level"": ""gene"", ""source"": [""COSMIC""]}"
e816,RAD50 L1237F,Entity,"{""displayName"": ""RAD50 L1237F"", ""reference1"": ""RAD50"", ""aa_change"": ""L1237F"", ""type"": ""substitution"", ""des_level"": ""individual"", ""source"": [""CIVIC"", ""CGI""]}"
e817,RAD23B mutation,Entity,"{""displayName"": ""RAD23B mutation"", ""reference1"": ""RAD23B"", ""type"": ""mutation"", ""des_level"": ""gene"", ""source"": [""VH""]}"
e818,RAD23B expression,Entity,"{""displayName"": ""RAD23B expression"", ""reference1"": ""RAD23B"", ""type"": ""expression"", ""des_level"": ""gene"", ""source"": [""CIVIC""]}"
e819,RAC1 mutation,Entity,"{""displayName"": ""RAC1 mutation"", ""reference1"": ""RAC1"", ""type"": ""mutation"", ""des_level"": ""gene"", ""source"": [""VH""]}"
e820,RAC1 P29S,Entity,"{""displayName"": ""RAC1 P29S"", ""reference1"": ""RAC1"", ""aa_change"": ""P29S"", ""type"": ""substitution"", ""des_level"": ""individual"", ""source"": [""CIVIC"", ""CGI""]}"
e821,QKI-RAF1 fusion,Entity,"{""displayName"": ""QKI-RAF1 fusion"", ""reference1"": ""QKI"", ""reference2"": ""RAF1"", ""type"": ""fusion"", ""des_level"": ""gene"", ""source"": [""CIVIC""]}"
e822,QKI-NTRK2 fusion,Entity,"{""displayName"": ""QKI-NTRK2 fusion"", ""reference1"": ""QKI"", ""reference2"": ""NTRK2"", ""type"": ""fusion"", ""des_level"": ""gene"", ""source"": [""CIVIC""]}"
e823,QKI mutation,Entity,"{""displayName"": ""QKI mutation"", ""reference1"": ""QKI"", ""type"": ""mutation"", ""des_level"": ""gene"", ""source"": [""VH""]}"
e824,PTTG1 overexpression,Entity,"{""displayName"": ""PTTG1 overexpression"", ""reference1"": ""PTTG1"", ""type"": ""overexpression"", ""des_level"": ""gene"", ""source"": [""CIVIC""]}"
e825,PTTG1 mutation,Entity,"{""displayName"": ""PTTG1 mutation"", ""reference1"": ""PTTG1"", ""type"": ""mutation"", ""des_level"": ""gene"", ""source"": [""VH""]}"
e826,PTPRZ1-MET fusion,Entity,"{""displayName"": ""PTPRZ1-MET fusion"", ""reference1"": ""PTPRZ1"", ""reference2"": ""MET"", ""type"": ""fusion"", ""des_level"": ""gene"", ""source"": [""COSMIC""]}"
e827,PTPRZ1 mutation,Entity,"{""displayName"": ""PTPRZ1 mutation"", ""reference1"": ""PTPRZ1"", ""type"": ""mutation"", ""des_level"": ""gene"", ""source"": [""VH""]}"
e828,PTPRT promoter hypermethylation,Entity,"{""displayName"": ""PTPRT promoter hypermethylation"", ""reference1"": ""PTPRT"", ""type"": ""promoter hypermethylation"", ""des_level"": ""gene"", ""source"": [""CIVIC""]}"
e829,PTPRT mutation,Entity,"{""displayName"": ""PTPRT mutation"", ""reference1"": ""PTPRT"", ""type"": ""mutation"", ""des_level"": ""gene"", ""source"": [""VH""]}"
e830,PTPRD oncogenic mutation,Entity,"{""displayName"": ""PTPRD oncogenic mutation"", ""reference1"": ""PTPRD"", ""type"": ""oncogenic mutation"", ""des_level"": ""gene"", ""source"": [""CGI""]}"
e831,PTPRD mutation,Entity,"{""displayName"": ""PTPRD mutation"", ""reference1"": ""PTPRD"", ""type"": ""mutation"", ""des_level"": ""gene"", ""source"": [""CIVIC""]}"
e832,PTPRD V253I,Entity,"{""displayName"": ""PTPRD V253I"", ""reference1"": ""PTPRD"", ""aa_change"": ""V253I"", ""type"": ""substitution"", ""des_level"": ""individual"", ""source"": [""CIVIC""]}"
e833,PTPRB mutation,Entity,"{""displayName"": ""PTPRB mutation"", ""reference1"": ""PTPRB"", ""type"": ""mutation"", ""des_level"": ""gene"", ""source"": [""VH""]}"
e834,PTPRB loss of function,Entity,"{""displayName"": ""PTPRB loss of function"", ""reference1"": ""PTPRB"", ""type"": ""loss of function"", ""des_level"": ""gene"", ""source"": [""CIVIC""]}"
e835,PTPN11 overexpression,Entity,"{""displayName"": ""PTPN11 overexpression"", ""reference1"": ""PTPN11"", ""type"": ""overexpression"", ""des_level"": ""gene"", ""source"": [""CIVIC""]}"
e836,PTPN11 oncogenic mutation,Entity,"{""displayName"": ""PTPN11 oncogenic mutation"", ""reference1"": ""PTPN11"", ""type"": ""oncogenic mutation"", ""des_level"": ""gene"", ""source"": [""OncoKB""]}"
e837,PTPN11 mutation,Entity,"{""displayName"": ""PTPN11 mutation"", ""reference1"": ""PTPN11"", ""type"": ""mutation"", ""des_level"": ""gene"", ""source"": [""COSMIC""]}"
e838,PTPN11 V428M,Entity,"{""displayName"": ""PTPN11 V428M"", ""reference1"": ""PTPN11"", ""aa_change"": ""V428M"", ""type"": ""substitution"", ""des_level"": ""individual"", ""source"": [""COSMIC""]}"
e839,PTP4A3 overexpression,Entity,"{""displayName"": ""PTP4A3 overexpression"", ""reference1"": ""PTP4A3"", ""type"": ""overexpression"", ""des_level"": ""gene"", ""source"": [""CIVIC""]}"
e840,PTP4A3 mutation,Entity,"{""displayName"": ""PTP4A3 mutation"", ""reference1"": ""PTP4A3"", ""type"": ""mutation"", ""des_level"": ""gene"", ""source"": [""VH""]}"
e841,PTEN oncogenic mutation,Entity,"{""displayName"": ""PTEN oncogenic mutation"", ""reference1"": ""PTEN"", ""type"": ""oncogenic mutation"", ""des_level"": ""gene"", ""source"": [""OncoKB"", ""CGI""]}"
e842,PTEN mutation,Entity,"{""displayName"": ""PTEN mutation"", ""reference1"": ""PTEN"", ""type"": ""mutation"", ""des_level"": ""gene"", ""source"": [""CIVIC"", ""COSMIC""]}"
e843,PTEN expression,Entity,"{""displayName"": ""PTEN expression"", ""reference1"": ""PTEN"", ""type"": ""expression"", ""des_level"": ""gene"", ""source"": [""CIVIC""]}"
e844,PTEN deletion,Entity,"{""displayName"": ""PTEN deletion"", ""reference1"": ""PTEN"", ""type"": ""deletion"", ""des_level"": ""gene"", ""source"": [""CIVIC"", ""COSMIC"", ""CGI""]}"
e845,PTEN copy loss,Entity,"{""displayName"": ""PTEN copy loss"", ""reference1"": ""PTEN"", ""type"": ""copy loss"", ""des_level"": ""gene"", ""source"": [""CGI""]}"
e846,PTEN V317fs,Entity,"{""displayName"": ""PTEN V317fs"", ""reference1"": ""PTEN"", ""aa_change"": ""V317fs"", ""type"": ""frameshift"", ""des_level"": ""individual"", ""source"": [""CIVIC""]}"
e847,PTEN R233*,Entity,"{""displayName"": ""PTEN R233*"", ""reference1"": ""PTEN"", ""aa_change"": ""R233*"", ""type"": ""stop gained"", ""des_level"": ""individual"", ""source"": [""CIVIC""]}"
e848,PTEN R173C,Entity,"{""displayName"": ""PTEN R173C"", ""reference1"": ""PTEN"", ""aa_change"": ""R173C"", ""type"": ""substitution"", ""des_level"": ""individual"", ""source"": [""CIVIC""]}"
e849,PTEN R130*,Entity,"{""displayName"": ""PTEN R130*"", ""reference1"": ""PTEN"", ""aa_change"": ""R130*"", ""type"": ""stop gained"", ""des_level"": ""individual"", ""source"": [""CIVIC""]}"
e850,PTEN C136R,Entity,"{""displayName"": ""PTEN C136R"", ""reference1"": ""PTEN"", ""aa_change"": ""C136R"", ""type"": ""substitution"", ""des_level"": ""individual"", ""source"": [""CIVIC""]}"
e851,PTCH1 truncating mutation,Entity,"{""displayName"": ""PTCH1 truncating mutation"", ""reference1"": ""PTCH1"", ""type"": ""truncating mutation"", ""des_level"": ""gene"", ""source"": [""OncoKB""]}"
e852,PTCH1 oncogenic mutation,Entity,"{""displayName"": ""PTCH1 oncogenic mutation"", ""reference1"": ""PTCH1"", ""type"": ""oncogenic mutation"", ""des_level"": ""gene"", ""source"": [""CGI""]}"
e853,PTCH1 mutation,Entity,"{""displayName"": ""PTCH1 mutation"", ""reference1"": ""PTCH1"", ""type"": ""mutation"", ""des_level"": ""gene"", ""source"": [""CIVIC"", ""COSMIC""]}"
e854,PRPS1 mutation,Entity,"{""displayName"": ""PRPS1 mutation"", ""reference1"": ""PRPS1"", ""type"": ""mutation"", ""des_level"": ""gene"", ""source"": [""VH""]}"
e855,PRPS1 V53A,Entity,"{""displayName"": ""PRPS1 V53A"", ""reference1"": ""PRPS1"", ""aa_change"": ""V53A"", ""type"": ""substitution"", ""des_level"": ""individual"", ""source"": [""CIVIC""]}"
e856,PRPS1 T303S,Entity,"{""displayName"": ""PRPS1 T303S"", ""reference1"": ""PRPS1"", ""aa_change"": ""T303S"", ""type"": ""substitution"", ""des_level"": ""individual"", ""source"": [""CIVIC""]}"
e857,PRPS1 S103T,Entity,"{""displayName"": ""PRPS1 S103T"", ""reference1"": ""PRPS1"", ""aa_change"": ""S103T"", ""type"": ""substitution"", ""des_level"": ""individual"", ""source"": [""CIVIC""]}"
e858,PRPS1 S103N,Entity,"{""displayName"": ""PRPS1 S103N"", ""reference1"": ""PRPS1"", ""aa_change"": ""S103N"", ""type"": ""substitution"", ""des_level"": ""individual"", ""source"": [""CIVIC""]}"
e859,PRPS1 S103I,Entity,"{""displayName"": ""PRPS1 S103I"", ""reference1"": ""PRPS1"", ""aa_change"": ""S103I"", ""type"": ""substitution"", ""des_level"": ""individual"", ""source"": [""CIVIC""]}"
e860,PRPS1 N144S,Entity,"{""displayName"": ""PRPS1 N144S"", ""reference1"": ""PRPS1"", ""aa_change"": ""N144S"", ""type"": ""substitution"", ""des_level"": ""individual"", ""source"": [""CIVIC""]}"
e861,PRPS1 M115T,Entity,"{""displayName"": ""PRPS1 M115T"", ""reference1"": ""PRPS1"", ""aa_change"": ""M115T"", ""type"": ""substitution"", ""des_level"": ""individual"", ""source"": [""CIVIC""]}"
e862,PRPS1 L191F,Entity,"{""displayName"": ""PRPS1 L191F"", ""reference1"": ""PRPS1"", ""aa_change"": ""L191F"", ""type"": ""substitution"", ""des_level"": ""individual"", ""source"": [""CIVIC""]}"
e863,PRPS1 K176N,Entity,"{""displayName"": ""PRPS1 K176N"", ""reference1"": ""PRPS1"", ""aa_change"": ""K176N"", ""type"": ""substitution"", ""des_level"": ""individual"", ""source"": [""CIVIC""]}"
e864,PRPS1 I72V,Entity,"{""displayName"": ""PRPS1 I72V"", ""reference1"": ""PRPS1"", ""aa_change"": ""I72V"", ""type"": ""substitution"", ""des_level"": ""individual"", ""source"": [""CIVIC""]}"
e865,PRPS1 D183E,Entity,"{""displayName"": ""PRPS1 D183E"", ""reference1"": ""PRPS1"", ""aa_change"": ""D183E"", ""type"": ""substitution"", ""des_level"": ""individual"", ""source"": [""CIVIC""]}"
e866,PRPS1 D139G,Entity,"{""displayName"": ""PRPS1 D139G"", ""reference1"": ""PRPS1"", ""aa_change"": ""D139G"", ""type"": ""substitution"", ""des_level"": ""individual"", ""source"": [""CIVIC""]}"
e867,PRPS1 C77S,Entity,"{""displayName"": ""PRPS1 C77S"", ""reference1"": ""PRPS1"", ""aa_change"": ""C77S"", ""type"": ""substitution"", ""des_level"": ""individual"", ""source"": [""CIVIC""]}"
e868,PRPS1 A87T,Entity,"{""displayName"": ""PRPS1 A87T"", ""reference1"": ""PRPS1"", ""aa_change"": ""A87T"", ""type"": ""substitution"", ""des_level"": ""individual"", ""source"": [""CIVIC""]}"
e869,PRPS1 A190T,Entity,"{""displayName"": ""PRPS1 A190T"", ""reference1"": ""PRPS1"", ""aa_change"": ""A190T"", ""type"": ""substitution"", ""des_level"": ""individual"", ""source"": [""CIVIC""]}"
e870,PROM1 mutation,Entity,"{""displayName"": ""PROM1 mutation"", ""reference1"": ""PROM1"", ""type"": ""mutation"", ""des_level"": ""gene"", ""source"": [""COSMIC""]}"
e871,PROM1 expression,Entity,"{""displayName"": ""PROM1 expression"", ""reference1"": ""PROM1"", ""type"": ""expression"", ""des_level"": ""gene"", ""source"": [""CIVIC""]}"
e872,PRKCH mutation,Entity,"{""displayName"": ""PRKCH mutation"", ""reference1"": ""PRKCH"", ""type"": ""mutation"", ""des_level"": ""gene"", ""source"": [""VH""]}"
e873,PRKCH amplification,Entity,"{""displayName"": ""PRKCH amplification"", ""reference1"": ""PRKCH"", ""type"": ""amplification"", ""des_level"": ""gene"", ""source"": [""CGI""]}"
e874,PRKCB mutation,Entity,"{""displayName"": ""PRKCB mutation"", ""reference1"": ""PRKCB"", ""type"": ""mutation"", ""des_level"": ""gene"", ""source"": [""VH""]}"
e875,PRKCB D427N,Entity,"{""displayName"": ""PRKCB D427N"", ""reference1"": ""PRKCB"", ""aa_change"": ""D427N"", ""type"": ""substitution"", ""des_level"": ""individual"", ""source"": [""CIVIC""]}"
e876,PREX2 mutation,Entity,"{""displayName"": ""PREX2 mutation"", ""reference1"": ""PREX2"", ""type"": ""mutation"", ""des_level"": ""gene"", ""source"": [""VH""]}"
e877,PREX2 R172I,Entity,"{""displayName"": ""PREX2 R172I"", ""reference1"": ""PREX2"", ""aa_change"": ""R172I"", ""type"": ""substitution"", ""des_level"": ""individual"", ""source"": [""CIVIC""]}"
e878,PPP2R1A mutation,Entity,"{""displayName"": ""PPP2R1A mutation"", ""reference1"": ""PPP2R1A"", ""type"": ""mutation"", ""des_level"": ""gene"", ""source"": [""VH""]}"
e879,PPP2R1A P179R,Entity,"{""displayName"": ""PPP2R1A P179R"", ""reference1"": ""PPP2R1A"", ""aa_change"": ""P179R"", ""type"": ""substitution"", ""des_level"": ""individual"", ""source"": [""CIVIC""]}"
e880,PPM1D oncogenic mutation,Entity,"{""displayName"": ""PPM1D oncogenic mutation"", ""reference1"": ""PPM1D"", ""type"": ""oncogenic mutation"", ""des_level"": ""gene"", ""source"": [""OncoKB""]}"
e881,PPM1D mutation,Entity,"{""displayName"": ""PPM1D mutation"", ""reference1"": ""PPM1D"", ""type"": ""mutation"", ""des_level"": ""gene"", ""source"": [""COSMIC""]}"
e882,PPFIBP2-BRAF fusion,Entity,"{""displayName"": ""PPFIBP2-BRAF fusion"", ""reference1"": ""PPFIBP2"", ""reference2"": ""BRAF"", ""type"": ""fusion"", ""des_level"": ""gene"", ""source"": [""CIVIC""]}"
e883,PPFIBP2 mutation,Entity,"{""displayName"": ""PPFIBP2 mutation"", ""reference1"": ""PPFIBP2"", ""type"": ""mutation"", ""des_level"": ""gene"", ""source"": [""VH""]}"
e884,PPFIBP1-JAK2 fusion,Entity,"{""displayName"": ""PPFIBP1-JAK2 fusion"", ""reference1"": ""PPFIBP1"", ""reference2"": ""JAK2"", ""type"": ""fusion"", ""des_level"": ""gene"", ""source"": [""CIVIC""]}"
e885,PPFIBP1 mutation,Entity,"{""displayName"": ""PPFIBP1 mutation"", ""reference1"": ""PPFIBP1"", ""type"": ""mutation"", ""des_level"": ""gene"", ""source"": [""VH""]}"
e886,POU5F1 mutation,Entity,"{""displayName"": ""POU5F1 mutation"", ""reference1"": ""POU5F1"", ""type"": ""mutation"", ""des_level"": ""gene"", ""source"": [""VH""]}"
e887,POU5F1 expression,Entity,"{""displayName"": ""POU5F1 expression"", ""reference1"": ""POU5F1"", ""type"": ""expression"", ""des_level"": ""gene"", ""source"": [""CIVIC""]}"
e888,POLE oncogenic mutation,Entity,"{""displayName"": ""POLE oncogenic mutation"", ""reference1"": ""POLE"", ""type"": ""oncogenic mutation"", ""des_level"": ""gene"", ""source"": [""CGI""]}"
e889,POLE mutation,Entity,"{""displayName"": ""POLE mutation"", ""reference1"": ""POLE"", ""type"": ""mutation"", ""des_level"": ""gene"", ""source"": [""CIVIC"", ""COSMIC""]}"
e890,POLE V411L,Entity,"{""displayName"": ""POLE V411L"", ""reference1"": ""POLE"", ""aa_change"": ""V411L"", ""type"": ""substitution"", ""des_level"": ""individual"", ""source"": [""CIVIC"", ""COSMIC""]}"
e891,POLE S459F,Entity,"{""displayName"": ""POLE S459F"", ""reference1"": ""POLE"", ""aa_change"": ""S459F"", ""type"": ""substitution"", ""des_level"": ""individual"", ""source"": [""CIVIC""]}"
e892,POLE P286R,Entity,"{""displayName"": ""POLE P286R"", ""reference1"": ""POLE"", ""aa_change"": ""P286R"", ""type"": ""substitution"", ""des_level"": ""individual"", ""source"": [""CIVIC"", ""COSMIC""]}"
e893,POLE N363K,Entity,"{""displayName"": ""POLE N363K"", ""reference1"": ""POLE"", ""aa_change"": ""N363K"", ""type"": ""substitution"", ""des_level"": ""individual"", ""source"": [""COSMIC""]}"
e894,POLE A463V,Entity,"{""displayName"": ""POLE A463V"", ""reference1"": ""POLE"", ""aa_change"": ""A463V"", ""type"": ""substitution"", ""des_level"": ""individual"", ""source"": [""COSMIC""]}"
e895,POLD1 mutation,Entity,"{""displayName"": ""POLD1 mutation"", ""reference1"": ""POLD1"", ""type"": ""mutation"", ""des_level"": ""gene"", ""source"": [""COSMIC""]}"
e896,POLD1 E374K,Entity,"{""displayName"": ""POLD1 E374K"", ""reference1"": ""POLD1"", ""aa_change"": ""E374K"", ""type"": ""substitution"", ""des_level"": ""individual"", ""source"": [""CIVIC""]}"
e897,POLD1 C284Y,Entity,"{""displayName"": ""POLD1 C284Y"", ""reference1"": ""POLD1"", ""aa_change"": ""C284Y"", ""type"": ""substitution"", ""des_level"": ""individual"", ""source"": [""CIVIC""]}"
e898,PMS2 mutation,Entity,"{""displayName"": ""PMS2 mutation"", ""reference1"": ""PMS2"", ""type"": ""mutation"", ""des_level"": ""gene"", ""source"": [""COSMIC""]}"
e899,PMS2 R315*,Entity,"{""displayName"": ""PMS2 R315*"", ""reference1"": ""PMS2"", ""aa_change"": ""R315*"", ""type"": ""stop gained"", ""des_level"": ""individual"", ""source"": [""CIVIC""]}"
e900,PMS2 K706fs*19,Entity,"{""displayName"": ""PMS2 K706fs*19"", ""reference1"": ""PMS2"", ""aa_change"": ""K706fs*19"", ""type"": ""frameshift"", ""des_level"": ""individual"", ""source"": [""CIVIC""]}"
e901,PML-RARA fusion,Entity,"{""displayName"": ""PML-RARA fusion"", ""reference1"": ""PML"", ""reference2"": ""RARA"", ""type"": ""fusion"", ""des_level"": ""gene"", ""source"": [""OncoKB"", ""COSMIC"", ""CIVIC"", ""CGI""]}"
e902,PML mutation,Entity,"{""displayName"": ""PML mutation"", ""reference1"": ""PML"", ""type"": ""mutation"", ""des_level"": ""gene"", ""source"": [""VH""]}"
e903,PML L218P,Entity,"{""displayName"": ""PML L218P"", ""reference1"": ""PML"", ""aa_change"": ""L218P"", ""type"": ""substitution"", ""des_level"": ""individual"", ""source"": [""CIVIC""]}"
e904,PML A216V,Entity,"{""displayName"": ""PML A216V"", ""reference1"": ""PML"", ""aa_change"": ""A216V"", ""type"": ""substitution"", ""des_level"": ""individual"", ""source"": [""CIVIC""]}"
e905,PLCG2 mutation,Entity,"{""displayName"": ""PLCG2 mutation"", ""reference1"": ""PLCG2"", ""type"": ""mutation"", ""des_level"": ""gene"", ""source"": [""CIVIC"", ""COSMIC""]}"
e906,PLCG2 R665W,Entity,"{""displayName"": ""PLCG2 R665W"", ""reference1"": ""PLCG2"", ""aa_change"": ""R665W"", ""type"": ""substitution"", ""des_level"": ""individual"", ""source"": [""CGI""]}"
e907,PLCG2 L845F,Entity,"{""displayName"": ""PLCG2 L845F"", ""reference1"": ""PLCG2"", ""aa_change"": ""L845F"", ""type"": ""substitution"", ""des_level"": ""individual"", ""source"": [""CGI""]}"
e908,PIM1 mutation,Entity,"{""displayName"": ""PIM1 mutation"", ""reference1"": ""PIM1"", ""type"": ""mutation"", ""des_level"": ""gene"", ""source"": [""VH""]}"
e909,PIM1 S97N,Entity,"{""displayName"": ""PIM1 S97N"", ""reference1"": ""PIM1"", ""aa_change"": ""S97N"", ""type"": ""substitution"", ""des_level"": ""individual"", ""source"": [""CIVIC""]}"
e910,PIM1 P81S,Entity,"{""displayName"": ""PIM1 P81S"", ""reference1"": ""PIM1"", ""aa_change"": ""P81S"", ""type"": ""substitution"", ""des_level"": ""individual"", ""source"": [""CIVIC""]}"
e911,PIM1 L2V,Entity,"{""displayName"": ""PIM1 L2V"", ""reference1"": ""PIM1"", ""aa_change"": ""L2V"", ""type"": ""substitution"", ""des_level"": ""individual"", ""source"": [""CIVIC""]}"
e912,PIK3R2 overexpression,Entity,"{""displayName"": ""PIK3R2 overexpression"", ""reference1"": ""PIK3R2"", ""type"": ""overexpression"", ""des_level"": ""gene"", ""source"": [""CIVIC""]}"
e913,PIK3R2 mutation,Entity,"{""displayName"": ""PIK3R2 mutation"", ""reference1"": ""PIK3R2"", ""type"": ""mutation"", ""des_level"": ""gene"", ""source"": [""COSMIC""]}"
e914,PIK3R2 N561D,Entity,"{""displayName"": ""PIK3R2 N561D"", ""reference1"": ""PIK3R2"", ""aa_change"": ""N561D"", ""type"": ""substitution"", ""des_level"": ""individual"", ""source"": [""CIVIC"", ""CGI""]}"
e915,PIK3R2 G373R,Entity,"{""displayName"": ""PIK3R2 G373R"", ""reference1"": ""PIK3R2"", ""aa_change"": ""G373R"", ""type"": ""substitution"", ""des_level"": ""individual"", ""source"": [""CIVIC""]}"
e916,PIK3R2 A171V,Entity,"{""displayName"": ""PIK3R2 A171V"", ""reference1"": ""PIK3R2"", ""aa_change"": ""A171V"", ""type"": ""substitution"", ""des_level"": ""individual"", ""source"": [""CGI""]}"
e917,PIK3R1 oncogenic mutation,Entity,"{""displayName"": ""PIK3R1 oncogenic mutation"", ""reference1"": ""PIK3R1"", ""type"": ""oncogenic mutation"", ""des_level"": ""gene"", ""source"": [""CGI""]}"
e918,PIK3R1 mutation,Entity,"{""displayName"": ""PIK3R1 mutation"", ""reference1"": ""PIK3R1"", ""type"": ""mutation"", ""des_level"": ""gene"", ""source"": [""CIVIC"", ""COSMIC""]}"
e919,PIK3R1 K448_Y452del,Entity,"{""displayName"": ""PIK3R1 K448_Y452del"", ""reference1"": ""PIK3R1"", ""aa_change"": ""K448_Y452del"", ""type"": ""deletion"", ""des_level"": ""individual"", ""source"": [""COSMIC""]}"
e920,PIK3CB oncogenic mutation,Entity,"{""displayName"": ""PIK3CB oncogenic mutation"", ""reference1"": ""PIK3CB"", ""type"": ""oncogenic mutation"", ""des_level"": ""gene"", ""source"": [""CGI""]}"
e921,PIK3CB mutation,Entity,"{""displayName"": ""PIK3CB mutation"", ""reference1"": ""PIK3CB"", ""type"": ""mutation"", ""des_level"": ""gene"", ""source"": [""COSMIC""]}"
e922,PIK3CB D1067Y,Entity,"{""displayName"": ""PIK3CB D1067Y"", ""reference1"": ""PIK3CB"", ""aa_change"": ""D1067Y"", ""type"": ""substitution"", ""des_level"": ""individual"", ""source"": [""CGI""]}"
e923,PIK3CA oncogenic mutation,Entity,"{""displayName"": ""PIK3CA oncogenic mutation"", ""reference1"": ""PIK3CA"", ""type"": ""oncogenic mutation"", ""des_level"": ""gene"", ""source"": [""OncoKB"", ""CGI""]}"
e924,PIK3CA mutation,Entity,"{""displayName"": ""PIK3CA mutation"", ""reference1"": ""PIK3CA"", ""type"": ""mutation"", ""des_level"": ""gene"", ""source"": [""CIVIC"", ""COSMIC""]}"
e925,PIK3CA exon 9 mutation,Entity,"{""displayName"": ""PIK3CA exon 9 mutation"", ""reference1"": ""PIK3CA"", ""exon"": ""9"", ""type"": ""mutation"", ""des_level"": ""exon"", ""source"": [""CIVIC"", ""COSMIC""]}"
e926,PIK3CA exon 21 mutation,Entity,"{""displayName"": ""PIK3CA exon 21 mutation"", ""reference1"": ""PIK3CA"", ""exon"": ""21"", ""type"": ""mutation"", ""des_level"": ""exon"", ""source"": [""CIVIC""]}"
e927,PIK3CA exon 20 mutation,Entity,"{""displayName"": ""PIK3CA exon 20 mutation"", ""reference1"": ""PIK3CA"", ""exon"": ""20"", ""type"": ""mutation"", ""des_level"": ""exon"", ""source"": [""CIVIC"", ""COSMIC""]}"
e928,PIK3CA exon 10 mutation,Entity,"{""displayName"": ""PIK3CA exon 10 mutation"", ""reference1"": ""PIK3CA"", ""exon"": ""10"", ""type"": ""mutation"", ""des_level"": ""exon"", ""source"": [""CIVIC""]}"
e929,PIK3CA amplification,Entity,"{""displayName"": ""PIK3CA amplification"", ""reference1"": ""PIK3CA"", ""type"": ""amplification"", ""des_level"": ""gene"", ""source"": [""CIVIC"", ""CGI""]}"
e930,PIK3CA Y1021H,Entity,"{""displayName"": ""PIK3CA Y1021H"", ""reference1"": ""PIK3CA"", ""aa_change"": ""Y1021H"", ""type"": ""substitution"", ""des_level"": ""individual"", ""source"": [""COSMIC""]}"
e931,PIK3CA V955I,Entity,"{""displayName"": ""PIK3CA V955I"", ""reference1"": ""PIK3CA"", ""aa_change"": ""V955I"", ""type"": ""substitution"", ""des_level"": ""individual"", ""source"": [""CIVIC""]}"
e932,PIK3CA V955G,Entity,"{""displayName"": ""PIK3CA V955G"", ""reference1"": ""PIK3CA"", ""aa_change"": ""V955G"", ""type"": ""substitution"", ""des_level"": ""individual"", ""source"": [""CIVIC""]}"
e933,PIK3CA V105del,Entity,"{""displayName"": ""PIK3CA V105del"", ""reference1"": ""PIK3CA"", ""aa_change"": ""V105del"", ""type"": ""deletion"", ""des_level"": ""individual"", ""source"": [""COSMIC""]}"
e934,PIK3CA V105_G106del,Entity,"{""displayName"": ""PIK3CA V105_G106del"", ""reference1"": ""PIK3CA"", ""aa_change"": ""V105_G106del"", ""type"": ""deletion"", ""des_level"": ""individual"", ""source"": [""COSMIC""]}"
e935,PIK3CA S158L,Entity,"{""displayName"": ""PIK3CA S158L"", ""reference1"": ""PIK3CA"", ""aa_change"": ""S158L"", ""type"": ""substitution"", ""des_level"": ""individual"", ""source"": [""CIVIC""]}"
e936,PIK3CA R93W,Entity,"{""displayName"": ""PIK3CA R93W"", ""reference1"": ""PIK3CA"", ""aa_change"": ""R93W"", ""type"": ""substitution"", ""des_level"": ""individual"", ""source"": [""CIVIC"", ""COSMIC""]}"
e937,PIK3CA R88Q,Entity,"{""displayName"": ""PIK3CA R88Q"", ""reference1"": ""PIK3CA"", ""aa_change"": ""R88Q"", ""type"": ""substitution"", ""des_level"": ""individual"", ""source"": [""CIVIC"", ""COSMIC""]}"
e938,PIK3CA R38C,Entity,"{""displayName"": ""PIK3CA R38C"", ""reference1"": ""PIK3CA"", ""aa_change"": ""R38C"", ""type"": ""substitution"", ""des_level"": ""individual"", ""source"": [""COSMIC""]}"
e939,PIK3CA R108H,Entity,"{""displayName"": ""PIK3CA R108H"", ""reference1"": ""PIK3CA"", ""aa_change"": ""R108H"", ""type"": ""substitution"", ""des_level"": ""individual"", ""source"": [""COSMIC""]}"
e940,PIK3CA Q75E,Entity,"{""displayName"": ""PIK3CA Q75E"", ""reference1"": ""PIK3CA"", ""aa_change"": ""Q75E"", ""type"": ""substitution"", ""des_level"": ""individual"", ""source"": [""COSMIC""]}"
e941,PIK3CA Q546X,Entity,"{""displayName"": ""PIK3CA Q546X"", ""reference1"": ""PIK3CA"", ""aa_change"": ""Q546X"", ""type"": ""substitution"", ""des_level"": ""amino acid"", ""source"": [""COSMIC""]}"
e942,PIK3CA Q546R,Entity,"{""displayName"": ""PIK3CA Q546R"", ""reference1"": ""PIK3CA"", ""aa_change"": ""Q546R"", ""type"": ""substitution"", ""des_level"": ""individual"", ""source"": [""OncoKB"", ""CGI""]}"
e943,PIK3CA Q546P,Entity,"{""displayName"": ""PIK3CA Q546P"", ""reference1"": ""PIK3CA"", ""aa_change"": ""Q546P"", ""type"": ""substitution"", ""des_level"": ""individual"", ""source"": [""COSMIC""]}"
e944,PIK3CA Q546K,Entity,"{""displayName"": ""PIK3CA Q546K"", ""reference1"": ""PIK3CA"", ""aa_change"": ""Q546K"", ""type"": ""substitution"", ""des_level"": ""individual"", ""source"": [""CIVIC"", ""COSMIC""]}"
e945,PIK3CA Q546E,Entity,"{""displayName"": ""PIK3CA Q546E"", ""reference1"": ""PIK3CA"", ""aa_change"": ""Q546E"", ""type"": ""substitution"", ""des_level"": ""individual"", ""source"": [""OncoKB"", ""CGI""]}"
e946,PIK3CA P539R,Entity,"{""displayName"": ""PIK3CA P539R"", ""reference1"": ""PIK3CA"", ""aa_change"": ""P539R"", ""type"": ""substitution"", ""des_level"": ""individual"", ""source"": [""COSMIC""]}"
e947,PIK3CA P471L,Entity,"{""displayName"": ""PIK3CA P471L"", ""reference1"": ""PIK3CA"", ""aa_change"": ""P471L"", ""type"": ""substitution"", ""des_level"": ""individual"", ""source"": [""CIVIC""]}"
e948,PIK3CA P104_V105delinsL,Entity,"{""displayName"": ""PIK3CA P104_V105delinsL"", ""reference1"": ""PIK3CA"", ""aa_change"": ""P104_V105delinsL"", ""type"": ""delins"", ""des_level"": ""individual"", ""source"": [""COSMIC""]}"
e949,PIK3CA N345S,Entity,"{""displayName"": ""PIK3CA N345S"", ""reference1"": ""PIK3CA"", ""aa_change"": ""N345S"", ""type"": ""substitution"", ""des_level"": ""individual"", ""source"": [""COSMIC""]}"
e950,PIK3CA N345K,Entity,"{""displayName"": ""PIK3CA N345K"", ""reference1"": ""PIK3CA"", ""aa_change"": ""N345K"", ""type"": ""substitution"", ""des_level"": ""individual"", ""source"": [""CIVIC"", ""COSMIC""]}"
e951,PIK3CA N1044K,Entity,"{""displayName"": ""PIK3CA N1044K"", ""reference1"": ""PIK3CA"", ""aa_change"": ""N1044K"", ""type"": ""substitution"", ""des_level"": ""individual"", ""source"": [""COSMIC""]}"
e952,PIK3CA M1043V,Entity,"{""displayName"": ""PIK3CA M1043V"", ""reference1"": ""PIK3CA"", ""aa_change"": ""M1043V"", ""type"": ""substitution"", ""des_level"": ""individual"", ""source"": [""COSMIC""]}"
e953,PIK3CA M1043I,Entity,"{""displayName"": ""PIK3CA M1043I"", ""reference1"": ""PIK3CA"", ""aa_change"": ""M1043I"", ""type"": ""substitution"", ""des_level"": ""individual"", ""source"": [""COSMIC""]}"
e954,PIK3CA M1004I,Entity,"{""displayName"": ""PIK3CA M1004I"", ""reference1"": ""PIK3CA"", ""aa_change"": ""M1004I"", ""type"": ""substitution"", ""des_level"": ""individual"", ""source"": [""COSMIC""]}"
e955,PIK3CA L938*,Entity,"{""displayName"": ""PIK3CA L938*"", ""reference1"": ""PIK3CA"", ""aa_change"": ""L938*"", ""type"": ""stop gained"", ""des_level"": ""individual"", ""source"": [""CIVIC""]}"
e956,PIK3CA L455_G460delinsC,Entity,"{""displayName"": ""PIK3CA L455_G460delinsC"", ""reference1"": ""PIK3CA"", ""aa_change"": ""L455_G460delinsC"", ""type"": ""delins"", ""des_level"": ""individual"", ""source"": [""COSMIC""]}"
e957,PIK3CA L452_G460del,Entity,"{""displayName"": ""PIK3CA L452_G460del"", ""reference1"": ""PIK3CA"", ""aa_change"": ""L452_G460del"", ""type"": ""deletion"", ""des_level"": ""individual"", ""source"": [""COSMIC""]}"
e958,PIK3CA K966E,Entity,"{""displayName"": ""PIK3CA K966E"", ""reference1"": ""PIK3CA"", ""aa_change"": ""K966E"", ""type"": ""substitution"", ""des_level"": ""individual"", ""source"": [""CIVIC""]}"
e959,PIK3CA K944N,Entity,"{""displayName"": ""PIK3CA K944N"", ""reference1"": ""PIK3CA"", ""aa_change"": ""K944N"", ""type"": ""substitution"", ""des_level"": ""individual"", ""source"": [""CIVIC""]}"
e960,PIK3CA K111N,Entity,"{""displayName"": ""PIK3CA K111N"", ""reference1"": ""PIK3CA"", ""aa_change"": ""K111N"", ""type"": ""substitution"", ""des_level"": ""individual"", ""source"": [""CIVIC""]}"
e961,PIK3CA I391M,Entity,"{""displayName"": ""PIK3CA I391M"", ""reference1"": ""PIK3CA"", ""aa_change"": ""I391M"", ""type"": ""substitution"", ""des_level"": ""individual"", ""source"": [""CIVIC"", ""COSMIC""]}"
e962,PIK3CA H450_P458del,Entity,"{""displayName"": ""PIK3CA H450_P458del"", ""reference1"": ""PIK3CA"", ""aa_change"": ""H450_P458del"", ""type"": ""deletion"", ""des_level"": ""individual"", ""source"": [""COSMIC""]}"
e963,PIK3CA H1047Y,Entity,"{""displayName"": ""PIK3CA H1047Y"", ""reference1"": ""PIK3CA"", ""aa_change"": ""H1047Y"", ""type"": ""substitution"", ""des_level"": ""individual"", ""source"": [""CIVIC"", ""OncoKB"", ""CGI""]}"
e964,PIK3CA H1047X,Entity,"{""displayName"": ""PIK3CA H1047X"", ""reference1"": ""PIK3CA"", ""aa_change"": ""H1047X"", ""type"": ""substitution"", ""des_level"": ""amino acid"", ""source"": [""COSMIC""]}"
e965,PIK3CA H1047R,Entity,"{""displayName"": ""PIK3CA H1047R"", ""reference1"": ""PIK3CA"", ""aa_change"": ""H1047R"", ""type"": ""substitution"", ""des_level"": ""individual"", ""source"": [""OncoKB"", ""COSMIC"", ""CIVIC"", ""CGI""]}"
e966,PIK3CA H1047L,Entity,"{""displayName"": ""PIK3CA H1047L"", ""reference1"": ""PIK3CA"", ""aa_change"": ""H1047L"", ""type"": ""substitution"", ""des_level"": ""individual"", ""source"": [""CIVIC"", ""OncoKB"", ""CGI""]}"
e967,PIK3CA H1047I,Entity,"{""displayName"": ""PIK3CA H1047I"", ""reference1"": ""PIK3CA"", ""aa_change"": ""H1047I"", ""type"": ""substitution"", ""des_level"": ""individual"", ""source"": [""COSMIC""]}"
e968,PIK3CA G118D,Entity,"{""displayName"": ""PIK3CA G118D"", ""reference1"": ""PIK3CA"", ""aa_change"": ""G118D"", ""type"": ""substitution"", ""des_level"": ""individual"", ""source"": [""COSMIC""]}"
e969,PIK3CA G106_R108del,Entity,"{""displayName"": ""PIK3CA G106_R108del"", ""reference1"": ""PIK3CA"", ""aa_change"": ""G106_R108del"", ""type"": ""deletion"", ""des_level"": ""individual"", ""source"": [""COSMIC""]}"
e970,PIK3CA G106_E109del,Entity,"{""displayName"": ""PIK3CA G106_E109del"", ""reference1"": ""PIK3CA"", ""aa_change"": ""G106_E109del"", ""type"": ""deletion"", ""des_level"": ""individual"", ""source"": [""COSMIC""]}"
e971,PIK3CA G106V,Entity,"{""displayName"": ""PIK3CA G106V"", ""reference1"": ""PIK3CA"", ""aa_change"": ""G106V"", ""type"": ""substitution"", ""des_level"": ""individual"", ""source"": [""COSMIC""]}"
e972,PIK3CA G106C,Entity,"{""displayName"": ""PIK3CA G106C"", ""reference1"": ""PIK3CA"", ""aa_change"": ""G106C"", ""type"": ""substitution"", ""des_level"": ""individual"", ""source"": [""COSMIC""]}"
e973,PIK3CA G1049R,Entity,"{""displayName"": ""PIK3CA G1049R"", ""reference1"": ""PIK3CA"", ""aa_change"": ""G1049R"", ""type"": ""substitution"", ""des_level"": ""individual"", ""source"": [""CIVIC"", ""COSMIC""]}"
e974,PIK3CA F930S,Entity,"{""displayName"": ""PIK3CA F930S"", ""reference1"": ""PIK3CA"", ""aa_change"": ""F930S"", ""type"": ""substitution"", ""des_level"": ""individual"", ""source"": [""CIVIC""]}"
e975,PIK3CA E81K,Entity,"{""displayName"": ""PIK3CA E81K"", ""reference1"": ""PIK3CA"", ""aa_change"": ""E81K"", ""type"": ""substitution"", ""des_level"": ""individual"", ""source"": [""CIVIC""]}"
e976,PIK3CA E726K,Entity,"{""displayName"": ""PIK3CA E726K"", ""reference1"": ""PIK3CA"", ""aa_change"": ""E726K"", ""type"": ""substitution"", ""des_level"": ""individual"", ""source"": [""COSMIC""]}"
e977,PIK3CA E545X,Entity,"{""displayName"": ""PIK3CA E545X"", ""reference1"": ""PIK3CA"", ""aa_change"": ""E545X"", ""type"": ""substitution"", ""des_level"": ""amino acid"", ""source"": [""COSMIC""]}"
e978,PIK3CA E545Q,Entity,"{""displayName"": ""PIK3CA E545Q"", ""reference1"": ""PIK3CA"", ""aa_change"": ""E545Q"", ""type"": ""substitution"", ""des_level"": ""individual"", ""source"": [""CIVIC"", ""COSMIC""]}"
e979,PIK3CA E545K,Entity,"{""displayName"": ""PIK3CA E545K"", ""reference1"": ""PIK3CA"", ""aa_change"": ""E545K"", ""type"": ""substitution"", ""des_level"": ""individual"", ""source"": [""OncoKB"", ""COSMIC"", ""CIVIC"", ""CGI""]}"
e980,PIK3CA E545G,Entity,"{""displayName"": ""PIK3CA E545G"", ""reference1"": ""PIK3CA"", ""aa_change"": ""E545G"", ""type"": ""substitution"", ""des_level"": ""individual"", ""source"": [""CIVIC"", ""OncoKB"", ""CGI""]}"
e981,PIK3CA E545D,Entity,"{""displayName"": ""PIK3CA E545D"", ""reference1"": ""PIK3CA"", ""aa_change"": ""E545D"", ""type"": ""substitution"", ""des_level"": ""individual"", ""source"": [""CIVIC"", ""OncoKB"", ""CGI""]}"
e982,PIK3CA E545A,Entity,"{""displayName"": ""PIK3CA E545A"", ""reference1"": ""PIK3CA"", ""aa_change"": ""E545A"", ""type"": ""substitution"", ""des_level"": ""individual"", ""source"": [""OncoKB"", ""COSMIC"", ""CIVIC"", ""CGI""]}"
e983,PIK3CA E545*,Entity,"{""displayName"": ""PIK3CA E545*"", ""reference1"": ""PIK3CA"", ""aa_change"": ""E545*"", ""type"": ""stop gained"", ""des_level"": ""individual"", ""source"": [""CGI""]}"
e984,PIK3CA E542Q,Entity,"{""displayName"": ""PIK3CA E542Q"", ""reference1"": ""PIK3CA"", ""aa_change"": ""E542Q"", ""type"": ""substitution"", ""des_level"": ""individual"", ""source"": [""COSMIC""]}"
e985,PIK3CA E542K,Entity,"{""displayName"": ""PIK3CA E542K"", ""reference1"": ""PIK3CA"", ""aa_change"": ""E542K"", ""type"": ""substitution"", ""des_level"": ""individual"", ""source"": [""OncoKB"", ""COSMIC"", ""CIVIC"", ""CGI""]}"
e986,PIK3CA E453_L455del,Entity,"{""displayName"": ""PIK3CA E453_L455del"", ""reference1"": ""PIK3CA"", ""aa_change"": ""E453_L455del"", ""type"": ""deletion"", ""des_level"": ""individual"", ""source"": [""COSMIC""]}"
e987,PIK3CA E453Q,Entity,"{""displayName"": ""PIK3CA E453Q"", ""reference1"": ""PIK3CA"", ""aa_change"": ""E453Q"", ""type"": ""substitution"", ""des_level"": ""individual"", ""source"": [""COSMIC""]}"
e988,PIK3CA E453K,Entity,"{""displayName"": ""PIK3CA E453K"", ""reference1"": ""PIK3CA"", ""aa_change"": ""E453K"", ""type"": ""substitution"", ""des_level"": ""individual"", ""source"": [""COSMIC""]}"
e989,PIK3CA E418K,Entity,"{""displayName"": ""PIK3CA E418K"", ""reference1"": ""PIK3CA"", ""aa_change"": ""E418K"", ""type"": ""substitution"", ""des_level"": ""individual"", ""source"": [""COSMIC""]}"
e990,PIK3CA E39K,Entity,"{""displayName"": ""PIK3CA E39K"", ""reference1"": ""PIK3CA"", ""aa_change"": ""E39K"", ""type"": ""substitution"", ""des_level"": ""individual"", ""source"": [""COSMIC""]}"
e991,PIK3CA E365K,Entity,"{""displayName"": ""PIK3CA E365K"", ""reference1"": ""PIK3CA"", ""aa_change"": ""E365K"", ""type"": ""substitution"", ""des_level"": ""individual"", ""source"": [""COSMIC""]}"
e992,PIK3CA E110del,Entity,"{""displayName"": ""PIK3CA E110del"", ""reference1"": ""PIK3CA"", ""aa_change"": ""E110del"", ""type"": ""deletion"", ""des_level"": ""individual"", ""source"": [""COSMIC""]}"
e993,PIK3CA E103_V105del,Entity,"{""displayName"": ""PIK3CA E103_V105del"", ""reference1"": ""PIK3CA"", ""aa_change"": ""E103_V105del"", ""type"": ""deletion"", ""des_level"": ""individual"", ""source"": [""COSMIC""]}"
e994,PIK3CA E103_G106delinsD,Entity,"{""displayName"": ""PIK3CA E103_G106delinsD"", ""reference1"": ""PIK3CA"", ""aa_change"": ""E103_G106delinsD"", ""type"": ""delins"", ""des_level"": ""individual"", ""source"": [""COSMIC""]}"
e995,PIK3CA D350G,Entity,"{""displayName"": ""PIK3CA D350G"", ""reference1"": ""PIK3CA"", ""aa_change"": ""D350G"", ""type"": ""substitution"", ""des_level"": ""individual"", ""source"": [""CIVIC""]}"
e996,PIK3CA D1056N,Entity,"{""displayName"": ""PIK3CA D1056N"", ""reference1"": ""PIK3CA"", ""aa_change"": ""D1056N"", ""type"": ""substitution"", ""des_level"": ""individual"", ""source"": [""COSMIC""]}"
e997,PIK3CA D1045N,Entity,"{""displayName"": ""PIK3CA D1045N"", ""reference1"": ""PIK3CA"", ""aa_change"": ""D1045N"", ""type"": ""substitution"", ""des_level"": ""individual"", ""source"": [""COSMIC""]}"
e998,PIK3CA C420R,Entity,"{""displayName"": ""PIK3CA C420R"", ""reference1"": ""PIK3CA"", ""aa_change"": ""C420R"", ""type"": ""substitution"", ""des_level"": ""individual"", ""source"": [""OncoKB"", ""COSMIC"", ""CIVIC"", ""CGI""]}"
e999,PICALM-MLLT10 fusion,Entity,"{""displayName"": ""PICALM-MLLT10 fusion"", ""reference1"": ""PICALM"", ""reference2"": ""MLLT10"", ""type"": ""fusion"", ""des_level"": ""gene"", ""source"": [""OncoKB""]}"
e1000,PICALM mutation,Entity,"{""displayName"": ""PICALM mutation"", ""reference1"": ""PICALM"", ""type"": ""mutation"", ""des_level"": ""gene"", ""source"": [""VH""]}"
e1001,PHF6 oncogenic mutation,Entity,"{""displayName"": ""PHF6 oncogenic mutation"", ""reference1"": ""PHF6"", ""type"": ""oncogenic mutation"", ""des_level"": ""gene"", ""source"": [""OncoKB""]}"
e1002,PHF6 mutation,Entity,"{""displayName"": ""PHF6 mutation"", ""reference1"": ""PHF6"", ""type"": ""mutation"", ""des_level"": ""gene"", ""source"": [""COSMIC""]}"
e1003,PGR mutation,Entity,"{""displayName"": ""PGR mutation"", ""reference1"": ""PGR"", ""type"": ""mutation"", ""des_level"": ""gene"", ""source"": [""COSMIC""]}"
e1004,PGR expression,Entity,"{""displayName"": ""PGR expression"", ""reference1"": ""PGR"", ""type"": ""expression"", ""des_level"": ""gene"", ""source"": [""CIVIC""]}"
e1005,PGR absent,Entity,"{""displayName"": ""PGR absent"", ""reference1"": ""PGR"", ""type"": ""absent"", ""des_level"": ""gene"", ""source"": [""COSMIC""]}"
e1006,PDPK1 mutation,Entity,"{""displayName"": ""PDPK1 mutation"", ""reference1"": ""PDPK1"", ""type"": ""mutation"", ""des_level"": ""gene"", ""source"": [""VH""]}"
e1007,PDPK1 amplification,Entity,"{""displayName"": ""PDPK1 amplification"", ""reference1"": ""PDPK1"", ""type"": ""amplification"", ""des_level"": ""gene"", ""source"": [""CGI""]}"
e1008,PDGFRB overexpression,Entity,"{""displayName"": ""PDGFRB overexpression"", ""reference1"": ""PDGFRB"", ""type"": ""overexpression"", ""des_level"": ""gene"", ""source"": [""CIVIC""]}"
e1009,PDGFRB mutation,Entity,"{""displayName"": ""PDGFRB mutation"", ""reference1"": ""PDGFRB"", ""type"": ""mutation"", ""des_level"": ""gene"", ""source"": [""COSMIC""]}"
e1010,PDGFRB fusion,Entity,"{""displayName"": ""PDGFRB fusion"", ""reference1"": ""PDGFRB"", ""type"": ""fusion"", ""des_level"": ""gene"", ""source"": [""CIVIC"", ""OncoKB""]}"
e1011,PDGFRB C843G,Entity,"{""displayName"": ""PDGFRB C843G"", ""reference1"": ""PDGFRB"", ""aa_change"": ""C843G"", ""type"": ""substitution"", ""des_level"": ""individual"", ""source"": [""CIVIC""]}"
e1012,PDGFRA-FIP1L1 fusion,Entity,"{""displayName"": ""PDGFRA-FIP1L1 fusion"", ""reference1"": ""PDGFRA"", ""reference2"": ""FIP1L1"", ""type"": ""fusion"", ""des_level"": ""gene"", ""source"": [""CGI""]}"
e1013,PDGFRA overexpression,Entity,"{""displayName"": ""PDGFRA overexpression"", ""reference1"": ""PDGFRA"", ""type"": ""overexpression"", ""des_level"": ""gene"", ""source"": [""CIVIC"", ""CGI""]}"
e1014,PDGFRA oncogenic mutation,Entity,"{""displayName"": ""PDGFRA oncogenic mutation"", ""reference1"": ""PDGFRA"", ""type"": ""oncogenic mutation"", ""des_level"": ""gene"", ""source"": [""OncoKB""]}"
e1015,PDGFRA mutation,Entity,"{""displayName"": ""PDGFRA mutation"", ""reference1"": ""PDGFRA"", ""type"": ""mutation"", ""des_level"": ""gene"", ""source"": [""CIVIC"", ""COSMIC""]}"
e1016,PDGFRA fusion,Entity,"{""displayName"": ""PDGFRA fusion"", ""reference1"": ""PDGFRA"", ""type"": ""fusion"", ""des_level"": ""gene"", ""source"": [""CIVIC"", ""OncoKB"", ""CGI""]}"
e1017,PDGFRA exon 18 mutation,Entity,"{""displayName"": ""PDGFRA exon 18 mutation"", ""reference1"": ""PDGFRA"", ""exon"": ""18"", ""type"": ""mutation"", ""des_level"": ""exon"", ""source"": [""CIVIC"", ""COSMIC"", ""CGI""]}"
e1018,PDGFRA exon 18 missense mutation,Entity,"{""displayName"": ""PDGFRA exon 18 missense mutation"", ""reference1"": ""PDGFRA"", ""exon"": ""18"", ""type"": ""missense mutation"", ""des_level"": ""exon"", ""source"": [""OncoKB""]}"
e1019,PDGFRA exon 18 in-frame insertion,Entity,"{""displayName"": ""PDGFRA exon 18 in-frame insertion"", ""reference1"": ""PDGFRA"", ""exon"": ""18"", ""type"": ""in-frame insertion"", ""des_level"": ""exon"", ""source"": [""OncoKB""]}"
e1020,PDGFRA exon 18 in-frame deletion,Entity,"{""displayName"": ""PDGFRA exon 18 in-frame deletion"", ""reference1"": ""PDGFRA"", ""exon"": ""18"", ""type"": ""in-frame deletion"", ""des_level"": ""exon"", ""source"": [""OncoKB""]}"
e1021,PDGFRA exon 17 mutation,Entity,"{""displayName"": ""PDGFRA exon 17 mutation"", ""reference1"": ""PDGFRA"", ""exon"": ""17"", ""type"": ""mutation"", ""des_level"": ""exon"", ""source"": [""COSMIC""]}"
e1022,PDGFRA exon 16 mutation,Entity,"{""displayName"": ""PDGFRA exon 16 mutation"", ""reference1"": ""PDGFRA"", ""exon"": ""16"", ""type"": ""mutation"", ""des_level"": ""exon"", ""source"": [""COSMIC""]}"
e1023,PDGFRA exon 15 mutation,Entity,"{""displayName"": ""PDGFRA exon 15 mutation"", ""reference1"": ""PDGFRA"", ""exon"": ""15"", ""type"": ""mutation"", ""des_level"": ""exon"", ""source"": [""COSMIC""]}"
e1024,PDGFRA exon 14 mutation,Entity,"{""displayName"": ""PDGFRA exon 14 mutation"", ""reference1"": ""PDGFRA"", ""exon"": ""14"", ""type"": ""mutation"", ""des_level"": ""exon"", ""source"": [""COSMIC""]}"
e1025,PDGFRA exon 13 mutation,Entity,"{""displayName"": ""PDGFRA exon 13 mutation"", ""reference1"": ""PDGFRA"", ""exon"": ""13"", ""type"": ""mutation"", ""des_level"": ""exon"", ""source"": [""COSMIC""]}"
e1026,PDGFRA exon 12 mutation,Entity,"{""displayName"": ""PDGFRA exon 12 mutation"", ""reference1"": ""PDGFRA"", ""exon"": ""12"", ""type"": ""mutation"", ""des_level"": ""exon"", ""source"": [""COSMIC""]}"
e1027,PDGFRA amplification,Entity,"{""displayName"": ""PDGFRA amplification"", ""reference1"": ""PDGFRA"", ""type"": ""amplification"", ""des_level"": ""gene"", ""source"": [""CIVIC"", ""CGI""]}"
e1028,PDGFRA V658A,Entity,"{""displayName"": ""PDGFRA V658A"", ""reference1"": ""PDGFRA"", ""aa_change"": ""V658A"", ""type"": ""substitution"", ""des_level"": ""individual"", ""source"": [""CGI""]}"
e1029,PDGFRA V561D,Entity,"{""displayName"": ""PDGFRA V561D"", ""reference1"": ""PDGFRA"", ""aa_change"": ""V561D"", ""type"": ""substitution"", ""des_level"": ""individual"", ""source"": [""CIVIC""]}"
e1030,PDGFRA V561A,Entity,"{""displayName"": ""PDGFRA V561A"", ""reference1"": ""PDGFRA"", ""aa_change"": ""V561A"", ""type"": ""substitution"", ""des_level"": ""individual"", ""source"": [""CIVIC""]}"
e1031,PDGFRA T674I,Entity,"{""displayName"": ""PDGFRA T674I"", ""reference1"": ""PDGFRA"", ""aa_change"": ""T674I"", ""type"": ""substitution"", ""des_level"": ""individual"", ""source"": [""CIVIC"", ""CGI""]}"
e1032,PDGFRA R841K,Entity,"{""displayName"": ""PDGFRA R841K"", ""reference1"": ""PDGFRA"", ""aa_change"": ""R841K"", ""type"": ""substitution"", ""des_level"": ""individual"", ""source"": [""CIVIC"", ""CGI""]}"
e1033,PDGFRA P577S,Entity,"{""displayName"": ""PDGFRA P577S"", ""reference1"": ""PDGFRA"", ""aa_change"": ""P577S"", ""type"": ""substitution"", ""des_level"": ""individual"", ""source"": [""CIVIC"", ""CGI""]}"
e1034,PDGFRA I843del,Entity,"{""displayName"": ""PDGFRA I843del"", ""reference1"": ""PDGFRA"", ""aa_change"": ""I843del"", ""type"": ""deletion"", ""des_level"": ""individual"", ""source"": [""CIVIC"", ""CGI""]}"
e1035,PDGFRA H845Y,Entity,"{""displayName"": ""PDGFRA H845Y"", ""reference1"": ""PDGFRA"", ""aa_change"": ""H845Y"", ""type"": ""substitution"", ""des_level"": ""individual"", ""source"": [""CIVIC"", ""CGI""]}"
e1036,PDGFRA G853D,Entity,"{""displayName"": ""PDGFRA G853D"", ""reference1"": ""PDGFRA"", ""aa_change"": ""G853D"", ""type"": ""substitution"", ""des_level"": ""individual"", ""source"": [""CIVIC"", ""CGI""]}"
e1037,PDGFRA D842_I843delinsVM,Entity,"{""displayName"": ""PDGFRA D842_I843delinsVM"", ""reference1"": ""PDGFRA"", ""aa_change"": ""D842_I843delinsVM"", ""type"": ""delins"", ""des_level"": ""individual"", ""source"": [""CIVIC""]}"
e1038,PDGFRA D842Y,Entity,"{""displayName"": ""PDGFRA D842Y"", ""reference1"": ""PDGFRA"", ""aa_change"": ""D842Y"", ""type"": ""substitution"", ""des_level"": ""individual"", ""source"": [""CIVIC""]}"
e1039,PDGFRA D842V,Entity,"{""displayName"": ""PDGFRA D842V"", ""reference1"": ""PDGFRA"", ""aa_change"": ""D842V"", ""type"": ""substitution"", ""des_level"": ""individual"", ""source"": [""OncoKB"", ""COSMIC"", ""CIVIC"", ""CGI""]}"
e1040,PDGFRA D842I,Entity,"{""displayName"": ""PDGFRA D842I"", ""reference1"": ""PDGFRA"", ""aa_change"": ""D842I"", ""type"": ""substitution"", ""des_level"": ""individual"", ""source"": [""CIVIC""]}"
e1041,PDGFB-COL1A1 fusion,Entity,"{""displayName"": ""PDGFB-COL1A1 fusion"", ""reference1"": ""PDGFB"", ""reference2"": ""COL1A1"", ""type"": ""fusion"", ""des_level"": ""gene"", ""source"": [""CGI""]}"
e1042,PDGFB mutation,Entity,"{""displayName"": ""PDGFB mutation"", ""reference1"": ""PDGFB"", ""type"": ""mutation"", ""des_level"": ""gene"", ""source"": [""VH""]}"
e1043,PDE4DIP-NTRK1 fusion,Entity,"{""displayName"": ""PDE4DIP-NTRK1 fusion"", ""reference1"": ""PDE4DIP"", ""reference2"": ""NTRK1"", ""type"": ""fusion"", ""des_level"": ""gene"", ""source"": [""CIVIC""]}"
e1044,PDE4DIP mutation,Entity,"{""displayName"": ""PDE4DIP mutation"", ""reference1"": ""PDE4DIP"", ""type"": ""mutation"", ""des_level"": ""gene"", ""source"": [""VH""]}"
e1045,PDCD4 mutation,Entity,"{""displayName"": ""PDCD4 mutation"", ""reference1"": ""PDCD4"", ""type"": ""mutation"", ""des_level"": ""gene"", ""source"": [""COSMIC""]}"
e1046,PDCD4 expression,Entity,"{""displayName"": ""PDCD4 expression"", ""reference1"": ""PDCD4"", ""type"": ""expression"", ""des_level"": ""gene"", ""source"": [""CIVIC""]}"
e1047,PDCD1LG2 mutation,Entity,"{""displayName"": ""PDCD1LG2 mutation"", ""reference1"": ""PDCD1LG2"", ""type"": ""mutation"", ""des_level"": ""gene"", ""source"": [""COSMIC""]}"
e1048,PDCD1LG2 amplification,Entity,"{""displayName"": ""PDCD1LG2 amplification"", ""reference1"": ""PDCD1LG2"", ""type"": ""amplification"", ""des_level"": ""gene"", ""source"": [""OncoKB""]}"
e1049,PCM1-JAK2 fusion,Entity,"{""displayName"": ""PCM1-JAK2 fusion"", ""reference1"": ""PCM1"", ""reference2"": ""JAK2"", ""type"": ""fusion"", ""des_level"": ""gene"", ""source"": [""CIVIC"", ""OncoKB""]}"
e1050,PCM1 mutation,Entity,"{""displayName"": ""PCM1 mutation"", ""reference1"": ""PCM1"", ""type"": ""mutation"", ""des_level"": ""gene"", ""source"": [""VH""]}"
e1051,PBRM1 underexpression,Entity,"{""displayName"": ""PBRM1 underexpression"", ""reference1"": ""PBRM1"", ""type"": ""underexpression"", ""des_level"": ""gene"", ""source"": [""CGI""]}"
e1052,PBRM1 oncogenic mutation,Entity,"{""displayName"": ""PBRM1 oncogenic mutation"", ""reference1"": ""PBRM1"", ""type"": ""oncogenic mutation"", ""des_level"": ""gene"", ""source"": [""CGI""]}"
e1053,PBRM1 mutation,Entity,"{""displayName"": ""PBRM1 mutation"", ""reference1"": ""PBRM1"", ""type"": ""mutation"", ""des_level"": ""gene"", ""source"": [""CIVIC"", ""COSMIC""]}"
e1054,PBRM1 copy loss,Entity,"{""displayName"": ""PBRM1 copy loss"", ""reference1"": ""PBRM1"", ""type"": ""copy loss"", ""des_level"": ""gene"", ""source"": [""CGI""]}"
e1055,PBRM1 Q167*,Entity,"{""displayName"": ""PBRM1 Q167*"", ""reference1"": ""PBRM1"", ""aa_change"": ""Q167*"", ""type"": ""stop gained"", ""des_level"": ""individual"", ""source"": [""COSMIC""]}"
e1056,PBRM1 G1451*,Entity,"{""displayName"": ""PBRM1 G1451*"", ""reference1"": ""PBRM1"", ""aa_change"": ""G1451*"", ""type"": ""stop gained"", ""des_level"": ""individual"", ""source"": [""COSMIC""]}"
e1057,PBK overexpression,Entity,"{""displayName"": ""PBK overexpression"", ""reference1"": ""PBK"", ""type"": ""overexpression"", ""des_level"": ""gene"", ""source"": [""CIVIC""]}"
e1058,PBK mutation,Entity,"{""displayName"": ""PBK mutation"", ""reference1"": ""PBK"", ""type"": ""mutation"", ""des_level"": ""gene"", ""source"": [""VH""]}"
e1059,PAX8-PPARG fusion,Entity,"{""displayName"": ""PAX8-PPARG fusion"", ""reference1"": ""PAX8"", ""reference2"": ""PPARG"", ""type"": ""fusion"", ""des_level"": ""gene"", ""source"": [""CIVIC""]}"
e1060,PAX8 mutation,Entity,"{""displayName"": ""PAX8 mutation"", ""reference1"": ""PAX8"", ""type"": ""mutation"", ""des_level"": ""gene"", ""source"": [""VH""]}"
e1061,PAX8 expression,Entity,"{""displayName"": ""PAX8 expression"", ""reference1"": ""PAX8"", ""type"": ""expression"", ""des_level"": ""gene"", ""source"": [""CIVIC""]}"
e1062,PAX7-FOXO1 fusion,Entity,"{""displayName"": ""PAX7-FOXO1 fusion"", ""reference1"": ""PAX7"", ""reference2"": ""FOXO1"", ""type"": ""fusion"", ""des_level"": ""gene"", ""source"": [""CIVIC""]}"
e1063,PAX7 mutation,Entity,"{""displayName"": ""PAX7 mutation"", ""reference1"": ""PAX7"", ""type"": ""mutation"", ""des_level"": ""gene"", ""source"": [""VH""]}"
e1064,PAX5-JAK2 fusion,Entity,"{""displayName"": ""PAX5-JAK2 fusion"", ""reference1"": ""PAX5"", ""reference2"": ""JAK2"", ""type"": ""fusion"", ""des_level"": ""gene"", ""source"": [""CIVIC""]}"
e1065,PAX5 mutation,Entity,"{""displayName"": ""PAX5 mutation"", ""reference1"": ""PAX5"", ""type"": ""mutation"", ""des_level"": ""gene"", ""source"": [""COSMIC""]}"
e1066,PAX5 P80R,Entity,"{""displayName"": ""PAX5 P80R"", ""reference1"": ""PAX5"", ""aa_change"": ""P80R"", ""type"": ""substitution"", ""des_level"": ""individual"", ""source"": [""CIVIC""]}"
e1067,PAX3-FOXO1 fusion,Entity,"{""displayName"": ""PAX3-FOXO1 fusion"", ""reference1"": ""PAX3"", ""reference2"": ""FOXO1"", ""type"": ""fusion"", ""des_level"": ""gene"", ""source"": [""CIVIC""]}"
e1068,PAX3 mutation,Entity,"{""displayName"": ""PAX3 mutation"", ""reference1"": ""PAX3"", ""type"": ""mutation"", ""des_level"": ""gene"", ""source"": [""VH""]}"
e1069,PARP1 overexpression,Entity,"{""displayName"": ""PARP1 overexpression"", ""reference1"": ""PARP1"", ""type"": ""overexpression"", ""des_level"": ""gene"", ""source"": [""CIVIC""]}"
e1070,PARP1 mutation,Entity,"{""displayName"": ""PARP1 mutation"", ""reference1"": ""PARP1"", ""type"": ""mutation"", ""des_level"": ""gene"", ""source"": [""COSMIC""]}"
e1071,PAPSS1-BRAF fusion,Entity,"{""displayName"": ""PAPSS1-BRAF fusion"", ""reference1"": ""PAPSS1"", ""reference2"": ""BRAF"", ""type"": ""fusion"", ""des_level"": ""gene"", ""source"": [""CIVIC""]}"
e1072,PAPSS1 mutation,Entity,"{""displayName"": ""PAPSS1 mutation"", ""reference1"": ""PAPSS1"", ""type"": ""mutation"", ""des_level"": ""gene"", ""source"": [""VH""]}"
e1073,PALB2 oncogenic mutation,Entity,"{""displayName"": ""PALB2 oncogenic mutation"", ""reference1"": ""PALB2"", ""type"": ""oncogenic mutation"", ""des_level"": ""gene"", ""source"": [""OncoKB"", ""CGI""]}"
e1074,PALB2 mutation,Entity,"{""displayName"": ""PALB2 mutation"", ""reference1"": ""PALB2"", ""type"": ""mutation"", ""des_level"": ""gene"", ""source"": [""CIVIC"", ""COSMIC""]}"
e1075,PALB2 copy loss,Entity,"{""displayName"": ""PALB2 copy loss"", ""reference1"": ""PALB2"", ""type"": ""copy loss"", ""des_level"": ""gene"", ""source"": [""CGI""]}"
e1076,PALB2 L531fs*30,Entity,"{""displayName"": ""PALB2 L531fs*30"", ""reference1"": ""PALB2"", ""aa_change"": ""L531fs*30"", ""type"": ""frameshift"", ""des_level"": ""individual"", ""source"": [""CIVIC""]}"
e1077,PAK1 mutation,Entity,"{""displayName"": ""PAK1 mutation"", ""reference1"": ""PAK1"", ""type"": ""mutation"", ""des_level"": ""gene"", ""source"": [""VH""]}"
e1078,PAK1 amplification,Entity,"{""displayName"": ""PAK1 amplification"", ""reference1"": ""PAK1"", ""type"": ""amplification"", ""des_level"": ""gene"", ""source"": [""CGI""]}"
e1079,OFD1-JAK2 fusion,Entity,"{""displayName"": ""OFD1-JAK2 fusion"", ""reference1"": ""OFD1"", ""reference2"": ""JAK2"", ""type"": ""fusion"", ""des_level"": ""gene"", ""source"": [""CIVIC""]}"
e1080,OFD1 mutation,Entity,"{""displayName"": ""OFD1 mutation"", ""reference1"": ""OFD1"", ""type"": ""mutation"", ""des_level"": ""gene"", ""source"": [""VH""]}"
e1081,NUTM1 mutation,Entity,"{""displayName"": ""NUTM1 mutation"", ""reference1"": ""NUTM1"", ""type"": ""mutation"", ""des_level"": ""gene"", ""source"": [""COSMIC""]}"
e1082,NUTM1 fusion,Entity,"{""displayName"": ""NUTM1 fusion"", ""reference1"": ""NUTM1"", ""type"": ""fusion"", ""des_level"": ""gene"", ""source"": [""CIVIC""]}"
e1083,NUP98-NSD1 fusion,Entity,"{""displayName"": ""NUP98-NSD1 fusion"", ""reference1"": ""NUP98"", ""reference2"": ""NSD1"", ""type"": ""fusion"", ""des_level"": ""gene"", ""source"": [""CIVIC"", ""COSMIC""]}"
e1084,NUP98 mutation,Entity,"{""displayName"": ""NUP98 mutation"", ""reference1"": ""NUP98"", ""type"": ""mutation"", ""des_level"": ""gene"", ""source"": [""COSMIC""]}"
e1085,NUP98 fusion,Entity,"{""displayName"": ""NUP98 fusion"", ""reference1"": ""NUP98"", ""type"": ""fusion"", ""des_level"": ""gene"", ""source"": [""COSMIC""]}"
e1086,NUP214-ABL1 fusion,Entity,"{""displayName"": ""NUP214-ABL1 fusion"", ""reference1"": ""NUP214"", ""reference2"": ""ABL1"", ""type"": ""fusion"", ""des_level"": ""gene"", ""source"": [""CIVIC""]}"
e1087,NUP214 mutation,Entity,"{""displayName"": ""NUP214 mutation"", ""reference1"": ""NUP214"", ""type"": ""mutation"", ""des_level"": ""gene"", ""source"": [""VH""]}"
e1088,NUP153-ABL1 fusion,Entity,"{""displayName"": ""NUP153-ABL1 fusion"", ""reference1"": ""NUP153"", ""reference2"": ""ABL1"", ""type"": ""fusion"", ""des_level"": ""gene"", ""source"": [""CIVIC""]}"
e1089,NUP153 mutation,Entity,"{""displayName"": ""NUP153 mutation"", ""reference1"": ""NUP153"", ""type"": ""mutation"", ""des_level"": ""gene"", ""source"": [""VH""]}"
e1090,NTRK3-SCAPER fusion,Entity,"{""displayName"": ""NTRK3-SCAPER fusion"", ""reference1"": ""NTRK3"", ""reference2"": ""SCAPER"", ""type"": ""fusion"", ""des_level"": ""gene"", ""source"": [""CIVIC""]}"
e1091,NTRK3 mutation,Entity,"{""displayName"": ""NTRK3 mutation"", ""reference1"": ""NTRK3"", ""type"": ""mutation"", ""des_level"": ""gene"", ""source"": [""COSMIC""]}"
e1092,NTRK3 fusion,Entity,"{""displayName"": ""NTRK3 fusion"", ""reference1"": ""NTRK3"", ""type"": ""fusion"", ""des_level"": ""gene"", ""source"": [""OncoKB"", ""COSMIC"", ""CIVIC"", ""CGI""]}"
e1093,NTRK3 amplification,Entity,"{""displayName"": ""NTRK3 amplification"", ""reference1"": ""NTRK3"", ""type"": ""amplification"", ""des_level"": ""gene"", ""source"": [""CIVIC""]}"
e1094,NTRK3 G696A,Entity,"{""displayName"": ""NTRK3 G696A"", ""reference1"": ""NTRK3"", ""aa_change"": ""G696A"", ""type"": ""substitution"", ""des_level"": ""individual"", ""source"": [""OncoKB""]}"
e1095,NTRK3 G623R,Entity,"{""displayName"": ""NTRK3 G623R"", ""reference1"": ""NTRK3"", ""aa_change"": ""G623R"", ""type"": ""substitution"", ""des_level"": ""individual"", ""source"": [""CIVIC"", ""OncoKB"", ""CGI""]}"
e1096,NTRK3 F617L,Entity,"{""displayName"": ""NTRK3 F617L"", ""reference1"": ""NTRK3"", ""aa_change"": ""F617L"", ""type"": ""substitution"", ""des_level"": ""individual"", ""source"": [""CIVIC"", ""OncoKB""]}"
e1097,NTRK2 mutation,Entity,"{""displayName"": ""NTRK2 mutation"", ""reference1"": ""NTRK2"", ""type"": ""mutation"", ""des_level"": ""gene"", ""source"": [""COSMIC""]}"
e1098,NTRK2 fusion,Entity,"{""displayName"": ""NTRK2 fusion"", ""reference1"": ""NTRK2"", ""type"": ""fusion"", ""des_level"": ""gene"", ""source"": [""OncoKB"", ""COSMIC"", ""CIVIC""]}"
e1099,NTRK1 overexpression,Entity,"{""displayName"": ""NTRK1 overexpression"", ""reference1"": ""NTRK1"", ""type"": ""overexpression"", ""des_level"": ""gene"", ""source"": [""CIVIC""]}"
e1100,NTRK1 mutation,Entity,"{""displayName"": ""NTRK1 mutation"", ""reference1"": ""NTRK1"", ""type"": ""mutation"", ""des_level"": ""gene"", ""source"": [""COSMIC""]}"
e1101,NTRK1 fusion,Entity,"{""displayName"": ""NTRK1 fusion"", ""reference1"": ""NTRK1"", ""type"": ""fusion"", ""des_level"": ""gene"", ""source"": [""OncoKB"", ""COSMIC"", ""CIVIC"", ""CGI""]}"
e1102,NTRK1 amplification,Entity,"{""displayName"": ""NTRK1 amplification"", ""reference1"": ""NTRK1"", ""type"": ""amplification"", ""des_level"": ""gene"", ""source"": [""CIVIC""]}"
e1103,NTRK1 G667S,Entity,"{""displayName"": ""NTRK1 G667S"", ""reference1"": ""NTRK1"", ""aa_change"": ""G667S"", ""type"": ""substitution"", ""des_level"": ""individual"", ""source"": [""CIVIC""]}"
e1104,NTRK1 G667C,Entity,"{""displayName"": ""NTRK1 G667C"", ""reference1"": ""NTRK1"", ""aa_change"": ""G667C"", ""type"": ""substitution"", ""des_level"": ""individual"", ""source"": [""CIVIC"", ""CGI""]}"
e1105,NTRK1 G595R,Entity,"{""displayName"": ""NTRK1 G595R"", ""reference1"": ""NTRK1"", ""aa_change"": ""G595R"", ""type"": ""substitution"", ""des_level"": ""individual"", ""source"": [""CIVIC"", ""OncoKB"", ""CGI""]}"
e1106,NTRK1 F589L,Entity,"{""displayName"": ""NTRK1 F589L"", ""reference1"": ""NTRK1"", ""aa_change"": ""F589L"", ""type"": ""substitution"", ""des_level"": ""individual"", ""source"": [""CIVIC""]}"
e1107,NT5E overexpression,Entity,"{""displayName"": ""NT5E overexpression"", ""reference1"": ""NT5E"", ""type"": ""overexpression"", ""des_level"": ""gene"", ""source"": [""CIVIC""]}"
e1108,NT5E mutation,Entity,"{""displayName"": ""NT5E mutation"", ""reference1"": ""NT5E"", ""type"": ""mutation"", ""des_level"": ""gene"", ""source"": [""COSMIC""]}"
e1109,NT5C2 mutation,Entity,"{""displayName"": ""NT5C2 mutation"", ""reference1"": ""NT5C2"", ""type"": ""mutation"", ""des_level"": ""gene"", ""source"": [""CIVIC""]}"
e1110,NT5C2 S445F,Entity,"{""displayName"": ""NT5C2 S445F"", ""reference1"": ""NT5C2"", ""aa_change"": ""S445F"", ""type"": ""substitution"", ""des_level"": ""individual"", ""source"": [""CIVIC""]}"
e1111,NT5C2 R367Q,Entity,"{""displayName"": ""NT5C2 R367Q"", ""reference1"": ""NT5C2"", ""aa_change"": ""R367Q"", ""type"": ""substitution"", ""des_level"": ""individual"", ""source"": [""CIVIC""]}"
e1112,NT5C2 R238W,Entity,"{""displayName"": ""NT5C2 R238W"", ""reference1"": ""NT5C2"", ""aa_change"": ""R238W"", ""type"": ""substitution"", ""des_level"": ""individual"", ""source"": [""CIVIC""]}"
e1113,NT5C2 K359Q,Entity,"{""displayName"": ""NT5C2 K359Q"", ""reference1"": ""NT5C2"", ""aa_change"": ""K359Q"", ""type"": ""substitution"", ""des_level"": ""individual"", ""source"": [""CIVIC""]}"
e1114,NT5C2 D407A,Entity,"{""displayName"": ""NT5C2 D407A"", ""reference1"": ""NT5C2"", ""aa_change"": ""D407A"", ""type"": ""substitution"", ""des_level"": ""individual"", ""source"": [""CIVIC""]}"
e1115,NRG1 mutation,Entity,"{""displayName"": ""NRG1 mutation"", ""reference1"": ""NRG1"", ""type"": ""mutation"", ""des_level"": ""gene"", ""source"": [""COSMIC""]}"
e1116,NRG1 fusion,Entity,"{""displayName"": ""NRG1 fusion"", ""reference1"": ""NRG1"", ""type"": ""fusion"", ""des_level"": ""gene"", ""source"": [""OncoKB"", ""COSMIC"", ""CIVIC"", ""CGI""]}"
e1117,NRG1 expression,Entity,"{""displayName"": ""NRG1 expression"", ""reference1"": ""NRG1"", ""type"": ""expression"", ""des_level"": ""gene"", ""source"": [""CIVIC""]}"
e1118,NRF1-BRAF fusion,Entity,"{""displayName"": ""NRF1-BRAF fusion"", ""reference1"": ""NRF1"", ""reference2"": ""BRAF"", ""type"": ""fusion"", ""des_level"": ""gene"", ""source"": [""CIVIC""]}"
e1119,NRF1 mutation,Entity,"{""displayName"": ""NRF1 mutation"", ""reference1"": ""NRF1"", ""type"": ""mutation"", ""des_level"": ""gene"", ""source"": [""VH""]}"
e1120,NRAS oncogenic mutation,Entity,"{""displayName"": ""NRAS oncogenic mutation"", ""reference1"": ""NRAS"", ""type"": ""oncogenic mutation"", ""des_level"": ""gene"", ""source"": [""OncoKB"", ""CGI""]}"
e1121,NRAS mutation,Entity,"{""displayName"": ""NRAS mutation"", ""reference1"": ""NRAS"", ""type"": ""mutation"", ""des_level"": ""gene"", ""source"": [""CIVIC"", ""COSMIC""]}"
e1122,NRAS amino acid 61 mutation,Entity,"{""displayName"": ""NRAS amino acid 61 mutation"", ""reference1"": ""NRAS"", ""amino_acid"": [61, 61], ""type"": ""mutation"", ""des_level"": ""amino acid"", ""source"": [""CGI""]}"
e1123,NRAS amino acid 59 mutation,Entity,"{""displayName"": ""NRAS amino acid 59 mutation"", ""reference1"": ""NRAS"", ""amino_acid"": [59, 59], ""type"": ""mutation"", ""des_level"": ""amino acid"", ""source"": [""CGI""]}"
e1124,NRAS amino acid 146 mutation,Entity,"{""displayName"": ""NRAS amino acid 146 mutation"", ""reference1"": ""NRAS"", ""amino_acid"": [146, 146], ""type"": ""mutation"", ""des_level"": ""amino acid"", ""source"": [""CGI""]}"
e1125,NRAS amino acid 13 mutation,Entity,"{""displayName"": ""NRAS amino acid 13 mutation"", ""reference1"": ""NRAS"", ""amino_acid"": [13, 13], ""type"": ""mutation"", ""des_level"": ""amino acid"", ""source"": [""CGI""]}"
e1126,NRAS amino acid 12 mutation,Entity,"{""displayName"": ""NRAS amino acid 12 mutation"", ""reference1"": ""NRAS"", ""amino_acid"": [12, 12], ""type"": ""mutation"", ""des_level"": ""amino acid"", ""source"": [""CGI""]}"
e1127,NRAS amino acid 117 mutation,Entity,"{""displayName"": ""NRAS amino acid 117 mutation"", ""reference1"": ""NRAS"", ""amino_acid"": [117, 117], ""type"": ""mutation"", ""des_level"": ""amino acid"", ""source"": [""CGI""]}"
e1128,NRAS Q61X,Entity,"{""displayName"": ""NRAS Q61X"", ""reference1"": ""NRAS"", ""aa_change"": ""Q61X"", ""type"": ""substitution"", ""des_level"": ""amino acid"", ""source"": [""CIVIC"", ""COSMIC"", ""CGI""]}"
e1129,NRAS Q61R,Entity,"{""displayName"": ""NRAS Q61R"", ""reference1"": ""NRAS"", ""aa_change"": ""Q61R"", ""type"": ""substitution"", ""des_level"": ""individual"", ""source"": [""CIVIC"", ""COSMIC""]}"
e1130,NRAS Q61L,Entity,"{""displayName"": ""NRAS Q61L"", ""reference1"": ""NRAS"", ""aa_change"": ""Q61L"", ""type"": ""substitution"", ""des_level"": ""individual"", ""source"": [""CIVIC"", ""COSMIC""]}"
e1131,NRAS Q61K,Entity,"{""displayName"": ""NRAS Q61K"", ""reference1"": ""NRAS"", ""aa_change"": ""Q61K"", ""type"": ""substitution"", ""des_level"": ""individual"", ""source"": [""CIVIC"", ""COSMIC""]}"
e1132,NRAS Q61H,Entity,"{""displayName"": ""NRAS Q61H"", ""reference1"": ""NRAS"", ""aa_change"": ""Q61H"", ""type"": ""substitution"", ""des_level"": ""individual"", ""source"": [""CIVIC"", ""COSMIC""]}"
e1133,NRAS Q179X,Entity,"{""displayName"": ""NRAS Q179X"", ""reference1"": ""NRAS"", ""aa_change"": ""Q179X"", ""type"": ""substitution"", ""des_level"": ""individual"", ""source"": [""CIVIC""]}"
e1134,NRAS G13X,Entity,"{""displayName"": ""NRAS G13X"", ""reference1"": ""NRAS"", ""aa_change"": ""G13X"", ""type"": ""substitution"", ""des_level"": ""amino acid"", ""source"": [""COSMIC""]}"
e1135,NRAS G13V,Entity,"{""displayName"": ""NRAS G13V"", ""reference1"": ""NRAS"", ""aa_change"": ""G13V"", ""type"": ""substitution"", ""des_level"": ""individual"", ""source"": [""COSMIC""]}"
e1136,NRAS G13R,Entity,"{""displayName"": ""NRAS G13R"", ""reference1"": ""NRAS"", ""aa_change"": ""G13R"", ""type"": ""substitution"", ""des_level"": ""individual"", ""source"": [""CIVIC""]}"
e1137,NRAS G13D,Entity,"{""displayName"": ""NRAS G13D"", ""reference1"": ""NRAS"", ""aa_change"": ""G13D"", ""type"": ""substitution"", ""des_level"": ""individual"", ""source"": [""CIVIC"", ""COSMIC""]}"
e1138,NRAS G12X,Entity,"{""displayName"": ""NRAS G12X"", ""reference1"": ""NRAS"", ""aa_change"": ""G12X"", ""type"": ""substitution"", ""des_level"": ""amino acid"", ""source"": [""CIVIC"", ""COSMIC""]}"
e1139,NRAS G12V,Entity,"{""displayName"": ""NRAS G12V"", ""reference1"": ""NRAS"", ""aa_change"": ""G12V"", ""type"": ""substitution"", ""des_level"": ""individual"", ""source"": [""COSMIC""]}"
e1140,NRAS G12S,Entity,"{""displayName"": ""NRAS G12S"", ""reference1"": ""NRAS"", ""aa_change"": ""G12S"", ""type"": ""substitution"", ""des_level"": ""individual"", ""source"": [""COSMIC""]}"
e1141,NRAS G12R,Entity,"{""displayName"": ""NRAS G12R"", ""reference1"": ""NRAS"", ""aa_change"": ""G12R"", ""type"": ""substitution"", ""des_level"": ""individual"", ""source"": [""COSMIC""]}"
e1142,NRAS G12D,Entity,"{""displayName"": ""NRAS G12D"", ""reference1"": ""NRAS"", ""aa_change"": ""G12D"", ""type"": ""substitution"", ""des_level"": ""individual"", ""source"": [""CIVIC"", ""COSMIC""]}"
e1143,NRAS G12C,Entity,"{""displayName"": ""NRAS G12C"", ""reference1"": ""NRAS"", ""aa_change"": ""G12C"", ""type"": ""substitution"", ""des_level"": ""individual"", ""source"": [""CIVIC"", ""COSMIC"", ""CGI""]}"
e1144,NRAS G12A,Entity,"{""displayName"": ""NRAS G12A"", ""reference1"": ""NRAS"", ""aa_change"": ""G12A"", ""type"": ""substitution"", ""des_level"": ""individual"", ""source"": [""COSMIC""]}"
e1145,NQO1 mutation,Entity,"{""displayName"": ""NQO1 mutation"", ""reference1"": ""NQO1"", ""type"": ""mutation"", ""des_level"": ""gene"", ""source"": [""COSMIC""]}"
e1146,NQO1 expression,Entity,"{""displayName"": ""NQO1 expression"", ""reference1"": ""NQO1"", ""type"": ""expression"", ""des_level"": ""gene"", ""source"": [""CIVIC""]}"
e1147,NQO1 P187S,Entity,"{""displayName"": ""NQO1 P187S"", ""reference1"": ""NQO1"", ""aa_change"": ""P187S"", ""type"": ""substitution"", ""des_level"": ""individual"", ""source"": [""CIVIC""]}"
e1148,NPM1-MLF1 fusion,Entity,"{""displayName"": ""NPM1-MLF1 fusion"", ""reference1"": ""NPM1"", ""reference2"": ""MLF1"", ""type"": ""fusion"", ""des_level"": ""gene"", ""source"": [""COSMIC""]}"
e1149,NPM1-ALK fusion,Entity,"{""displayName"": ""NPM1-ALK fusion"", ""reference1"": ""NPM1"", ""reference2"": ""ALK"", ""type"": ""fusion"", ""des_level"": ""gene"", ""source"": [""CIVIC""]}"
e1150,NPM1 oncogenic mutation,Entity,"{""displayName"": ""NPM1 oncogenic mutation"", ""reference1"": ""NPM1"", ""type"": ""oncogenic mutation"", ""des_level"": ""gene"", ""source"": [""OncoKB"", ""CGI""]}"
e1151,NPM1 mutation,Entity,"{""displayName"": ""NPM1 mutation"", ""reference1"": ""NPM1"", ""type"": ""mutation"", ""des_level"": ""gene"", ""source"": [""COSMIC""]}"
e1152,NPM1 exon 12 mutation,Entity,"{""displayName"": ""NPM1 exon 12 mutation"", ""reference1"": ""NPM1"", ""exon"": ""12"", ""type"": ""mutation"", ""des_level"": ""exon"", ""source"": [""CIVIC"", ""COSMIC""]}"
e1153,NPM1 W288fs,Entity,"{""displayName"": ""NPM1 W288fs"", ""reference1"": ""NPM1"", ""aa_change"": ""W288fs"", ""type"": ""frameshift"", ""des_level"": ""individual"", ""source"": [""CIVIC""]}"
e1154,NOTCH2 oncogenic mutation,Entity,"{""displayName"": ""NOTCH2 oncogenic mutation"", ""reference1"": ""NOTCH2"", ""type"": ""oncogenic mutation"", ""des_level"": ""gene"", ""source"": [""OncoKB""]}"
e1155,NOTCH2 mutation,Entity,"{""displayName"": ""NOTCH2 mutation"", ""reference1"": ""NOTCH2"", ""type"": ""mutation"", ""des_level"": ""gene"", ""source"": [""COSMIC""]}"
e1156,NOTCH2 fusion,Entity,"{""displayName"": ""NOTCH2 fusion"", ""reference1"": ""NOTCH2"", ""type"": ""fusion"", ""des_level"": ""gene"", ""source"": [""CGI""]}"
e1157,NOTCH2 activating mutation,Entity,"{""displayName"": ""NOTCH2 activating mutation"", ""reference1"": ""NOTCH2"", ""type"": ""activating mutation"", ""des_level"": ""gene"", ""source"": [""CGI""]}"
e1158,NOTCH1 oncogenic mutation,Entity,"{""displayName"": ""NOTCH1 oncogenic mutation"", ""reference1"": ""NOTCH1"", ""type"": ""oncogenic mutation"", ""des_level"": ""gene"", ""source"": [""OncoKB"", ""CGI""]}"
e1159,NOTCH1 mutation,Entity,"{""displayName"": ""NOTCH1 mutation"", ""reference1"": ""NOTCH1"", ""type"": ""mutation"", ""des_level"": ""gene"", ""source"": [""CIVIC"", ""COSMIC""]}"
e1160,NOTCH1 loss of function,Entity,"{""displayName"": ""NOTCH1 loss of function"", ""reference1"": ""NOTCH1"", ""type"": ""loss of function"", ""des_level"": ""gene"", ""source"": [""CIVIC""]}"
e1161,NOTCH1 fusion,Entity,"{""displayName"": ""NOTCH1 fusion"", ""reference1"": ""NOTCH1"", ""type"": ""fusion"", ""des_level"": ""gene"", ""source"": [""CGI""]}"
e1162,NOTCH1 exon 27 mutation,Entity,"{""displayName"": ""NOTCH1 exon 27 mutation"", ""reference1"": ""NOTCH1"", ""exon"": ""27"", ""type"": ""mutation"", ""des_level"": ""exon"", ""source"": [""COSMIC""]}"
e1163,NOTCH1 exon 26 mutation,Entity,"{""displayName"": ""NOTCH1 exon 26 mutation"", ""reference1"": ""NOTCH1"", ""exon"": ""26"", ""type"": ""mutation"", ""des_level"": ""exon"", ""source"": [""COSMIC""]}"
e1164,NOTCH1 exon 20 mutation,Entity,"{""displayName"": ""NOTCH1 exon 20 mutation"", ""reference1"": ""NOTCH1"", ""exon"": ""20"", ""type"": ""mutation"", ""des_level"": ""exon"", ""source"": [""COSMIC""]}"
e1165,NOTCH1 amplification,Entity,"{""displayName"": ""NOTCH1 amplification"", ""reference1"": ""NOTCH1"", ""type"": ""amplification"", ""des_level"": ""gene"", ""source"": [""CIVIC""]}"
e1166,NOTCH1 amino acid 2245-2536 stop lost,Entity,"{""displayName"": ""NOTCH1 amino acid 2245-2536 stop lost"", ""reference1"": ""NOTCH1"", ""amino_acid"": [2245, 2536], ""type"": ""stop lost"", ""des_level"": ""amino acid"", ""source"": [""CGI""]}"
e1167,NOTCH1 amino acid 2245-2536 stop gained,Entity,"{""displayName"": ""NOTCH1 amino acid 2245-2536 stop gained"", ""reference1"": ""NOTCH1"", ""amino_acid"": [2245, 2536], ""type"": ""stop gained"", ""des_level"": ""amino acid"", ""source"": [""CGI""]}"
e1168,NOTCH1 amino acid 2245-2536 splice donor variant,Entity,"{""displayName"": ""NOTCH1 amino acid 2245-2536 splice donor variant"", ""reference1"": ""NOTCH1"", ""amino_acid"": [2245, 2536], ""type"": ""splice donor variant"", ""des_level"": ""amino acid"", ""source"": [""CGI""]}"
e1169,NOTCH1 amino acid 2245-2536 splice acceptor variant,Entity,"{""displayName"": ""NOTCH1 amino acid 2245-2536 splice acceptor variant"", ""reference1"": ""NOTCH1"", ""amino_acid"": [2245, 2536], ""type"": ""splice acceptor variant"", ""des_level"": ""amino acid"", ""source"": [""CGI""]}"
e1170,NOTCH1 amino acid 2245-2536 frameshift,Entity,"{""displayName"": ""NOTCH1 amino acid 2245-2536 frameshift"", ""reference1"": ""NOTCH1"", ""amino_acid"": [2245, 2536], ""type"": ""frameshift"", ""des_level"": ""amino acid"", ""source"": [""CGI""]}"
e1171,NOTCH1 activating mutation,Entity,"{""displayName"": ""NOTCH1 activating mutation"", ""reference1"": ""NOTCH1"", ""type"": ""activating mutation"", ""des_level"": ""gene"", ""source"": [""CGI""]}"
e1172,NOTCH1 V2444fs,Entity,"{""displayName"": ""NOTCH1 V2444fs"", ""reference1"": ""NOTCH1"", ""aa_change"": ""V2444fs"", ""type"": ""frameshift"", ""des_level"": ""individual"", ""source"": [""CIVIC""]}"
e1173,NOTCH1 S2275fs,Entity,"{""displayName"": ""NOTCH1 S2275fs"", ""reference1"": ""NOTCH1"", ""aa_change"": ""S2275fs"", ""type"": ""frameshift"", ""des_level"": ""individual"", ""source"": [""CIVIC""]}"
e1174,NOTCH1 R2327W,Entity,"{""displayName"": ""NOTCH1 R2327W"", ""reference1"": ""NOTCH1"", ""aa_change"": ""R2327W"", ""type"": ""substitution"", ""des_level"": ""individual"", ""source"": [""CIVIC""]}"
e1175,NOTCH1 P2514fs,Entity,"{""displayName"": ""NOTCH1 P2514fs"", ""reference1"": ""NOTCH1"", ""aa_change"": ""P2514fs"", ""type"": ""frameshift"", ""des_level"": ""individual"", ""source"": [""CIVIC""]}"
e1176,NOTCH1 D1642H,Entity,"{""displayName"": ""NOTCH1 D1642H"", ""reference1"": ""NOTCH1"", ""aa_change"": ""D1642H"", ""type"": ""substitution"", ""des_level"": ""individual"", ""source"": [""CIVIC""]}"
e1177,NFE2L2 mutation,Entity,"{""displayName"": ""NFE2L2 mutation"", ""reference1"": ""NFE2L2"", ""type"": ""mutation"", ""des_level"": ""gene"", ""source"": [""CIVIC"", ""COSMIC""]}"
e1178,NFE2L2 G31A,Entity,"{""displayName"": ""NFE2L2 G31A"", ""reference1"": ""NFE2L2"", ""aa_change"": ""G31A"", ""type"": ""substitution"", ""des_level"": ""individual"", ""source"": [""CIVIC""]}"
e1179,NF2 oncogenic mutation,Entity,"{""displayName"": ""NF2 oncogenic mutation"", ""reference1"": ""NF2"", ""type"": ""oncogenic mutation"", ""des_level"": ""gene"", ""source"": [""CGI""]}"
e1180,NF2 mutation,Entity,"{""displayName"": ""NF2 mutation"", ""reference1"": ""NF2"", ""type"": ""mutation"", ""des_level"": ""gene"", ""source"": [""COSMIC""]}"
e1181,NF2 deletion,Entity,"{""displayName"": ""NF2 deletion"", ""reference1"": ""NF2"", ""type"": ""deletion"", ""des_level"": ""gene"", ""source"": [""CGI""]}"
e1182,NF2 copy loss,Entity,"{""displayName"": ""NF2 copy loss"", ""reference1"": ""NF2"", ""type"": ""copy loss"", ""des_level"": ""gene"", ""source"": [""CGI""]}"
e1183,NF2 Y177fs,Entity,"{""displayName"": ""NF2 Y177fs"", ""reference1"": ""NF2"", ""aa_change"": ""Y177fs"", ""type"": ""frameshift"", ""des_level"": ""individual"", ""source"": [""CIVIC""]}"
e1184,NF2 K159fs,Entity,"{""displayName"": ""NF2 K159fs"", ""reference1"": ""NF2"", ""aa_change"": ""K159fs"", ""type"": ""frameshift"", ""des_level"": ""individual"", ""source"": [""CIVIC""]}"
e1185,NF1 oncogenic mutation,Entity,"{""displayName"": ""NF1 oncogenic mutation"", ""reference1"": ""NF1"", ""type"": ""oncogenic mutation"", ""des_level"": ""gene"", ""source"": [""OncoKB"", ""CGI""]}"
e1186,NF1 mutation,Entity,"{""displayName"": ""NF1 mutation"", ""reference1"": ""NF1"", ""type"": ""mutation"", ""des_level"": ""gene"", ""source"": [""CIVIC"", ""COSMIC""]}"
e1187,NF1 inactivating mutation,Entity,"{""displayName"": ""NF1 inactivating mutation"", ""reference1"": ""NF1"", ""type"": ""inactivating mutation"", ""des_level"": ""gene"", ""source"": [""CIVIC""]}"
e1188,NF1 deletion,Entity,"{""displayName"": ""NF1 deletion"", ""reference1"": ""NF1"", ""type"": ""deletion"", ""des_level"": ""gene"", ""source"": [""CGI""]}"
e1189,NF1 copy loss,Entity,"{""displayName"": ""NF1 copy loss"", ""reference1"": ""NF1"", ""type"": ""copy loss"", ""des_level"": ""gene"", ""source"": [""CGI""]}"
e1190,NF1 D1644A,Entity,"{""displayName"": ""NF1 D1644A"", ""reference1"": ""NF1"", ""aa_change"": ""D1644A"", ""type"": ""substitution"", ""des_level"": ""individual"", ""source"": [""CGI""]}"
e1191,NEDD9 mutation,Entity,"{""displayName"": ""NEDD9 mutation"", ""reference1"": ""NEDD9"", ""type"": ""mutation"", ""des_level"": ""gene"", ""source"": [""VH""]}"
e1192,NEDD9 expression,Entity,"{""displayName"": ""NEDD9 expression"", ""reference1"": ""NEDD9"", ""type"": ""expression"", ""des_level"": ""gene"", ""source"": [""CIVIC""]}"
e1193,NCOA3 overexpression,Entity,"{""displayName"": ""NCOA3 overexpression"", ""reference1"": ""NCOA3"", ""type"": ""overexpression"", ""des_level"": ""gene"", ""source"": [""CIVIC""]}"
e1194,NCOA3 mutation,Entity,"{""displayName"": ""NCOA3 mutation"", ""reference1"": ""NCOA3"", ""type"": ""mutation"", ""des_level"": ""gene"", ""source"": [""VH""]}"
e1195,NCOA3 amplification,Entity,"{""displayName"": ""NCOA3 amplification"", ""reference1"": ""NCOA3"", ""type"": ""amplification"", ""des_level"": ""gene"", ""source"": [""CIVIC""]}"
e1196,NAPRT promoter hypermethylation,Entity,"{""displayName"": ""NAPRT promoter hypermethylation"", ""reference1"": ""NAPRT"", ""type"": ""promoter hypermethylation"", ""des_level"": ""gene"", ""source"": [""CIVIC""]}"
e1197,NAPRT mutation,Entity,"{""displayName"": ""NAPRT mutation"", ""reference1"": ""NAPRT"", ""type"": ""mutation"", ""des_level"": ""gene"", ""source"": [""VH""]}"
e1198,MYOD1 mutation,Entity,"{""displayName"": ""MYOD1 mutation"", ""reference1"": ""MYOD1"", ""type"": ""mutation"", ""des_level"": ""gene"", ""source"": [""COSMIC""]}"
e1199,MYOD1 L122R,Entity,"{""displayName"": ""MYOD1 L122R"", ""reference1"": ""MYOD1"", ""aa_change"": ""L122R"", ""type"": ""substitution"", ""des_level"": ""individual"", ""source"": [""CIVIC""]}"
e1200,MYD88 overexpression,Entity,"{""displayName"": ""MYD88 overexpression"", ""reference1"": ""MYD88"", ""type"": ""overexpression"", ""des_level"": ""gene"", ""source"": [""CIVIC""]}"
e1201,MYD88 mutation,Entity,"{""displayName"": ""MYD88 mutation"", ""reference1"": ""MYD88"", ""type"": ""mutation"", ""des_level"": ""gene"", ""source"": [""COSMIC""]}"
e1202,MYD88 exon 5 mutation,Entity,"{""displayName"": ""MYD88 exon 5 mutation"", ""reference1"": ""MYD88"", ""exon"": ""5"", ""type"": ""mutation"", ""des_level"": ""exon"", ""source"": [""COSMIC""]}"
e1203,MYD88 exon 4 mutation,Entity,"{""displayName"": ""MYD88 exon 4 mutation"", ""reference1"": ""MYD88"", ""exon"": ""4"", ""type"": ""mutation"", ""des_level"": ""exon"", ""source"": [""COSMIC""]}"
e1204,MYD88 exon 3 mutation,Entity,"{""displayName"": ""MYD88 exon 3 mutation"", ""reference1"": ""MYD88"", ""exon"": ""3"", ""type"": ""mutation"", ""des_level"": ""exon"", ""source"": [""COSMIC""]}"
e1205,MYD88 L273P,Entity,"{""displayName"": ""MYD88 L273P"", ""reference1"": ""MYD88"", ""aa_change"": ""L273P"", ""type"": ""substitution"", ""des_level"": ""individual"", ""source"": [""COSMIC""]}"
e1206,MYD88 L265P,Entity,"{""displayName"": ""MYD88 L265P"", ""reference1"": ""MYD88"", ""aa_change"": ""L265P"", ""type"": ""substitution"", ""des_level"": ""individual"", ""source"": [""CIVIC"", ""OncoKB"", ""CGI""]}"
e1207,MYCN mutation,Entity,"{""displayName"": ""MYCN mutation"", ""reference1"": ""MYCN"", ""type"": ""mutation"", ""des_level"": ""gene"", ""source"": [""COSMIC""]}"
e1208,MYCN amplification,Entity,"{""displayName"": ""MYCN amplification"", ""reference1"": ""MYCN"", ""type"": ""amplification"", ""des_level"": ""gene"", ""source"": [""CIVIC"", ""CGI""]}"
e1209,MYCL mutation,Entity,"{""displayName"": ""MYCL mutation"", ""reference1"": ""MYCL"", ""type"": ""mutation"", ""des_level"": ""gene"", ""source"": [""VH""]}"
e1210,MYCL expression,Entity,"{""displayName"": ""MYCL expression"", ""reference1"": ""MYCL"", ""type"": ""expression"", ""des_level"": ""gene"", ""source"": [""CIVIC""]}"
e1211,MYC overexpression,Entity,"{""displayName"": ""MYC overexpression"", ""reference1"": ""MYC"", ""type"": ""overexpression"", ""des_level"": ""gene"", ""source"": [""CIVIC""]}"
e1212,MYC mutation,Entity,"{""displayName"": ""MYC mutation"", ""reference1"": ""MYC"", ""type"": ""mutation"", ""des_level"": ""gene"", ""source"": [""COSMIC""]}"
e1213,MYC fusion,Entity,"{""displayName"": ""MYC fusion"", ""reference1"": ""MYC"", ""type"": ""fusion"", ""des_level"": ""gene"", ""source"": [""OncoKB"", ""COSMIC""]}"
e1214,MYC amplification,Entity,"{""displayName"": ""MYC amplification"", ""reference1"": ""MYC"", ""type"": ""amplification"", ""des_level"": ""gene"", ""source"": [""CGI""]}"
e1215,MYBL1 mutation,Entity,"{""displayName"": ""MYBL1 mutation"", ""reference1"": ""MYBL1"", ""type"": ""mutation"", ""des_level"": ""gene"", ""source"": [""COSMIC""]}"
e1216,MYBL1 fusion,Entity,"{""displayName"": ""MYBL1 fusion"", ""reference1"": ""MYBL1"", ""type"": ""fusion"", ""des_level"": ""gene"", ""source"": [""CIVIC""]}"
e1217,MYB-QKI fusion,Entity,"{""displayName"": ""MYB-QKI fusion"", ""reference1"": ""MYB"", ""reference2"": ""QKI"", ""type"": ""fusion"", ""des_level"": ""gene"", ""source"": [""CIVIC""]}"
e1218,MYB-GATA1 fusion,Entity,"{""displayName"": ""MYB-GATA1 fusion"", ""reference1"": ""MYB"", ""reference2"": ""GATA1"", ""type"": ""fusion"", ""des_level"": ""gene"", ""source"": [""OncoKB""]}"
e1219,MYB truncating mutation,Entity,"{""displayName"": ""MYB truncating mutation"", ""reference1"": ""MYB"", ""type"": ""truncating mutation"", ""des_level"": ""gene"", ""source"": [""CIVIC""]}"
e1220,MYB mutation,Entity,"{""displayName"": ""MYB mutation"", ""reference1"": ""MYB"", ""type"": ""mutation"", ""des_level"": ""gene"", ""source"": [""COSMIC""]}"
e1221,MYB fusion,Entity,"{""displayName"": ""MYB fusion"", ""reference1"": ""MYB"", ""type"": ""fusion"", ""des_level"": ""gene"", ""source"": [""CIVIC""]}"
e1222,MYB amplification,Entity,"{""displayName"": ""MYB amplification"", ""reference1"": ""MYB"", ""type"": ""amplification"", ""des_level"": ""gene"", ""source"": [""CIVIC""]}"
e1223,MTOR oncogenic mutation,Entity,"{""displayName"": ""MTOR oncogenic mutation"", ""reference1"": ""MTOR"", ""type"": ""oncogenic mutation"", ""des_level"": ""gene"", ""source"": [""OncoKB""]}"
e1224,MTOR mutation,Entity,"{""displayName"": ""MTOR mutation"", ""reference1"": ""MTOR"", ""type"": ""mutation"", ""des_level"": ""gene"", ""source"": [""CIVIC"", ""COSMIC""]}"
e1225,MTOR S2215Y,Entity,"{""displayName"": ""MTOR S2215Y"", ""reference1"": ""MTOR"", ""aa_change"": ""S2215Y"", ""type"": ""substitution"", ""des_level"": ""individual"", ""source"": [""CIVIC"", ""CGI""]}"
e1226,MTOR R2505P,Entity,"{""displayName"": ""MTOR R2505P"", ""reference1"": ""MTOR"", ""aa_change"": ""R2505P"", ""type"": ""substitution"", ""des_level"": ""individual"", ""source"": [""CGI""]}"
e1227,MTOR Q2223K,Entity,"{""displayName"": ""MTOR Q2223K"", ""reference1"": ""MTOR"", ""aa_change"": ""Q2223K"", ""type"": ""substitution"", ""des_level"": ""individual"", ""source"": [""OncoKB"", ""CGI""]}"
e1228,MTOR P2213S,Entity,"{""displayName"": ""MTOR P2213S"", ""reference1"": ""MTOR"", ""aa_change"": ""P2213S"", ""type"": ""substitution"", ""des_level"": ""individual"", ""source"": [""CIVIC""]}"
e1229,MTOR N1421D,Entity,"{""displayName"": ""MTOR N1421D"", ""reference1"": ""MTOR"", ""aa_change"": ""N1421D"", ""type"": ""substitution"", ""des_level"": ""individual"", ""source"": [""CGI""]}"
e1230,MTOR M2327I,Entity,"{""displayName"": ""MTOR M2327I"", ""reference1"": ""MTOR"", ""aa_change"": ""M2327I"", ""type"": ""substitution"", ""des_level"": ""individual"", ""source"": [""CIVIC""]}"
e1231,MTOR L2427Q,Entity,"{""displayName"": ""MTOR L2427Q"", ""reference1"": ""MTOR"", ""aa_change"": ""L2427Q"", ""type"": ""substitution"", ""des_level"": ""individual"", ""source"": [""OncoKB""]}"
e1232,MTOR L2209V,Entity,"{""displayName"": ""MTOR L2209V"", ""reference1"": ""MTOR"", ""aa_change"": ""L2209V"", ""type"": ""substitution"", ""des_level"": ""individual"", ""source"": [""OncoKB""]}"
e1233,MTOR L1460P,Entity,"{""displayName"": ""MTOR L1460P"", ""reference1"": ""MTOR"", ""aa_change"": ""L1460P"", ""type"": ""substitution"", ""des_level"": ""individual"", ""source"": [""CGI""]}"
e1234,MTOR K1771R,Entity,"{""displayName"": ""MTOR K1771R"", ""reference1"": ""MTOR"", ""aa_change"": ""K1771R"", ""type"": ""substitution"", ""des_level"": ""individual"", ""source"": [""CGI""]}"
e1235,MTOR I1973F,Entity,"{""displayName"": ""MTOR I1973F"", ""reference1"": ""MTOR"", ""aa_change"": ""I1973F"", ""type"": ""substitution"", ""des_level"": ""individual"", ""source"": [""CGI""]}"
e1236,MTOR H1968Y,Entity,"{""displayName"": ""MTOR H1968Y"", ""reference1"": ""MTOR"", ""aa_change"": ""H1968Y"", ""type"": ""substitution"", ""des_level"": ""individual"", ""source"": [""CIVIC""]}"
e1237,MTOR F2108L,Entity,"{""displayName"": ""MTOR F2108L"", ""reference1"": ""MTOR"", ""aa_change"": ""F2108L"", ""type"": ""substitution"", ""des_level"": ""individual"", ""source"": [""CIVIC"", ""CGI""]}"
e1238,MTOR E2419K,Entity,"{""displayName"": ""MTOR E2419K"", ""reference1"": ""MTOR"", ""aa_change"": ""E2419K"", ""type"": ""substitution"", ""des_level"": ""individual"", ""source"": [""CIVIC"", ""OncoKB"", ""CGI""]}"
e1239,MTOR E2014K,Entity,"{""displayName"": ""MTOR E2014K"", ""reference1"": ""MTOR"", ""aa_change"": ""E2014K"", ""type"": ""substitution"", ""des_level"": ""individual"", ""source"": [""CIVIC"", ""OncoKB"", ""CGI""]}"
e1240,MTOR E1799K,Entity,"{""displayName"": ""MTOR E1799K"", ""reference1"": ""MTOR"", ""aa_change"": ""E1799K"", ""type"": ""substitution"", ""des_level"": ""individual"", ""source"": [""CIVIC""]}"
e1241,MTOR C1483Y,Entity,"{""displayName"": ""MTOR C1483Y"", ""reference1"": ""MTOR"", ""aa_change"": ""C1483Y"", ""type"": ""substitution"", ""des_level"": ""individual"", ""source"": [""CIVIC""]}"
e1242,MTOR A2034V,Entity,"{""displayName"": ""MTOR A2034V"", ""reference1"": ""MTOR"", ""aa_change"": ""A2034V"", ""type"": ""substitution"", ""des_level"": ""individual"", ""source"": [""CIVIC""]}"
e1243,MTHFR mutation,Entity,"{""displayName"": ""MTHFR mutation"", ""reference1"": ""MTHFR"", ""type"": ""mutation"", ""des_level"": ""gene"", ""source"": [""VH""]}"
e1244,MTHFR A222V,Entity,"{""displayName"": ""MTHFR A222V"", ""reference1"": ""MTHFR"", ""aa_change"": ""A222V"", ""type"": ""substitution"", ""des_level"": ""individual"", ""source"": [""CIVIC""]}"
e1245,MTAP underexpression,Entity,"{""displayName"": ""MTAP underexpression"", ""reference1"": ""MTAP"", ""type"": ""underexpression"", ""des_level"": ""gene"", ""source"": [""CIVIC""]}"
e1246,MTAP mutation,Entity,"{""displayName"": ""MTAP mutation"", ""reference1"": ""MTAP"", ""type"": ""mutation"", ""des_level"": ""gene"", ""source"": [""VH""]}"
e1247,MTAP deletion,Entity,"{""displayName"": ""MTAP deletion"", ""reference1"": ""MTAP"", ""type"": ""deletion"", ""des_level"": ""gene"", ""source"": [""CIVIC"", ""COSMIC""]}"
e1248,MSH6 mutation,Entity,"{""displayName"": ""MSH6 mutation"", ""reference1"": ""MSH6"", ""type"": ""mutation"", ""des_level"": ""gene"", ""source"": [""COSMIC""]}"
e1249,MSH6 V352I,Entity,"{""displayName"": ""MSH6 V352I"", ""reference1"": ""MSH6"", ""aa_change"": ""V352I"", ""type"": ""substitution"", ""des_level"": ""individual"", ""source"": [""CIVIC""]}"
e1250,MSH6 R1242H,Entity,"{""displayName"": ""MSH6 R1242H"", ""reference1"": ""MSH6"", ""aa_change"": ""R1242H"", ""type"": ""substitution"", ""des_level"": ""individual"", ""source"": [""CIVIC""]}"
e1251,MSH6 R1242C,Entity,"{""displayName"": ""MSH6 R1242C"", ""reference1"": ""MSH6"", ""aa_change"": ""R1242C"", ""type"": ""substitution"", ""des_level"": ""individual"", ""source"": [""CIVIC""]}"
e1252,MSH6 P138T,Entity,"{""displayName"": ""MSH6 P138T"", ""reference1"": ""MSH6"", ""aa_change"": ""P138T"", ""type"": ""substitution"", ""des_level"": ""individual"", ""source"": [""CIVIC""]}"
e1253,MSH6 I891fs,Entity,"{""displayName"": ""MSH6 I891fs"", ""reference1"": ""MSH6"", ""aa_change"": ""I891fs"", ""type"": ""frameshift"", ""des_level"": ""individual"", ""source"": [""CIVIC""]}"
e1254,MSH3 oncogenic mutation,Entity,"{""displayName"": ""MSH3 oncogenic mutation"", ""reference1"": ""MSH3"", ""type"": ""oncogenic mutation"", ""des_level"": ""gene"", ""source"": [""CGI""]}"
e1255,MSH3 mutation,Entity,"{""displayName"": ""MSH3 mutation"", ""reference1"": ""MSH3"", ""type"": ""mutation"", ""des_level"": ""gene"", ""source"": [""COSMIC""]}"
e1256,MSH2 mutation,Entity,"{""displayName"": ""MSH2 mutation"", ""reference1"": ""MSH2"", ""type"": ""mutation"", ""des_level"": ""gene"", ""source"": [""COSMIC""]}"
e1257,MSH2 V273fs,Entity,"{""displayName"": ""MSH2 V273fs"", ""reference1"": ""MSH2"", ""aa_change"": ""V273fs"", ""type"": ""frameshift"", ""des_level"": ""individual"", ""source"": [""CIVIC""]}"
e1258,MSH2 R383*,Entity,"{""displayName"": ""MSH2 R383*"", ""reference1"": ""MSH2"", ""aa_change"": ""R383*"", ""type"": ""stop gained"", ""des_level"": ""individual"", ""source"": [""CIVIC""]}"
e1259,MSH2 K172*,Entity,"{""displayName"": ""MSH2 K172*"", ""reference1"": ""MSH2"", ""aa_change"": ""K172*"", ""type"": ""stop gained"", ""des_level"": ""individual"", ""source"": [""CIVIC""]}"
e1260,MSH2 E483G,Entity,"{""displayName"": ""MSH2 E483G"", ""reference1"": ""MSH2"", ""aa_change"": ""E483G"", ""type"": ""substitution"", ""des_level"": ""individual"", ""source"": [""CIVIC""]}"
e1261,MSH2 E28fs,Entity,"{""displayName"": ""MSH2 E28fs"", ""reference1"": ""MSH2"", ""aa_change"": ""E28fs"", ""type"": ""frameshift"", ""des_level"": ""individual"", ""source"": [""CIVIC""]}"
e1262,MRE11 mutation,Entity,"{""displayName"": ""MRE11 mutation"", ""reference1"": ""MRE11"", ""type"": ""mutation"", ""des_level"": ""gene"", ""source"": [""COSMIC""]}"
e1263,MRE11 frameshift,Entity,"{""displayName"": ""MRE11 frameshift"", ""reference1"": ""MRE11"", ""type"": ""frameshift"", ""des_level"": ""gene"", ""source"": [""CIVIC""]}"
e1264,MPL oncogenic mutation,Entity,"{""displayName"": ""MPL oncogenic mutation"", ""reference1"": ""MPL"", ""type"": ""oncogenic mutation"", ""des_level"": ""gene"", ""source"": [""OncoKB""]}"
e1265,MPL mutation,Entity,"{""displayName"": ""MPL mutation"", ""reference1"": ""MPL"", ""type"": ""mutation"", ""des_level"": ""gene"", ""source"": [""COSMIC""]}"
e1266,MPL exon 10 mutation,Entity,"{""displayName"": ""MPL exon 10 mutation"", ""reference1"": ""MPL"", ""exon"": ""10"", ""type"": ""mutation"", ""des_level"": ""exon"", ""source"": [""COSMIC""]}"
e1267,MPL W515X,Entity,"{""displayName"": ""MPL W515X"", ""reference1"": ""MPL"", ""aa_change"": ""W515X"", ""type"": ""substitution"", ""des_level"": ""amino acid"", ""source"": [""OncoKB""]}"
e1268,MPL W515L,Entity,"{""displayName"": ""MPL W515L"", ""reference1"": ""MPL"", ""aa_change"": ""W515L"", ""type"": ""substitution"", ""des_level"": ""individual"", ""source"": [""OncoKB""]}"
e1269,MPL W515K,Entity,"{""displayName"": ""MPL W515K"", ""reference1"": ""MPL"", ""aa_change"": ""W515K"", ""type"": ""substitution"", ""des_level"": ""individual"", ""source"": [""OncoKB""]}"
e1270,MPL W515F,Entity,"{""displayName"": ""MPL W515F"", ""reference1"": ""MPL"", ""aa_change"": ""W515F"", ""type"": ""substitution"", ""des_level"": ""individual"", ""source"": [""CGI""]}"
e1271,MNX1-ETV6 fusion,Entity,"{""displayName"": ""MNX1-ETV6 fusion"", ""reference1"": ""MNX1"", ""reference2"": ""ETV6"", ""type"": ""fusion"", ""des_level"": ""gene"", ""source"": [""CIVIC""]}"
e1272,MNX1 mutation,Entity,"{""displayName"": ""MNX1 mutation"", ""reference1"": ""MNX1"", ""type"": ""mutation"", ""des_level"": ""gene"", ""source"": [""VH""]}"
e1273,MN1-ZFTA fusion,Entity,"{""displayName"": ""MN1-ZFTA fusion"", ""reference1"": ""MN1"", ""reference2"": ""ZFTA"", ""type"": ""fusion"", ""des_level"": ""gene"", ""source"": [""CIVIC""]}"
e1274,MN1-BEND2 fusion,Entity,"{""displayName"": ""MN1-BEND2 fusion"", ""reference1"": ""MN1"", ""reference2"": ""BEND2"", ""type"": ""fusion"", ""des_level"": ""gene"", ""source"": [""CIVIC""]}"
e1275,MN1 mutation,Entity,"{""displayName"": ""MN1 mutation"", ""reference1"": ""MN1"", ""type"": ""mutation"", ""des_level"": ""gene"", ""source"": [""VH""]}"
e1276,MN1 fusion,Entity,"{""displayName"": ""MN1 fusion"", ""reference1"": ""MN1"", ""type"": ""fusion"", ""des_level"": ""gene"", ""source"": [""CIVIC""]}"
e1277,MLL2 oncogenic mutation,Entity,"{""displayName"": ""MLL2 oncogenic mutation"", ""reference1"": ""MLL2"", ""type"": ""oncogenic mutation"", ""des_level"": ""gene"", ""source"": [""CGI""]}"
e1278,MLL2 mutation,Entity,"{""displayName"": ""MLL2 mutation"", ""reference1"": ""MLL2"", ""type"": ""mutation"", ""des_level"": ""gene"", ""source"": [""VH""]}"
e1279,MLL mutation,Entity,"{""displayName"": ""MLL mutation"", ""reference1"": ""MLL"", ""type"": ""mutation"", ""des_level"": ""gene"", ""source"": [""VH""]}"
e1280,MLL fusion,Entity,"{""displayName"": ""MLL fusion"", ""reference1"": ""MLL"", ""type"": ""fusion"", ""des_level"": ""gene"", ""source"": [""CGI""]}"
e1281,MLH1 mutation,Entity,"{""displayName"": ""MLH1 mutation"", ""reference1"": ""MLH1"", ""type"": ""mutation"", ""des_level"": ""gene"", ""source"": [""COSMIC""]}"
e1282,MLH1 methylation,Entity,"{""displayName"": ""MLH1 methylation"", ""reference1"": ""MLH1"", ""type"": ""methylation"", ""des_level"": ""gene"", ""source"": [""CIVIC"", ""COSMIC""]}"
e1283,MLH1 expression,Entity,"{""displayName"": ""MLH1 expression"", ""reference1"": ""MLH1"", ""type"": ""expression"", ""des_level"": ""gene"", ""source"": [""CIVIC""]}"
e1284,MLH1 V534R,Entity,"{""displayName"": ""MLH1 V534R"", ""reference1"": ""MLH1"", ""aa_change"": ""V534R"", ""type"": ""substitution"", ""des_level"": ""individual"", ""source"": [""CIVIC""]}"
e1285,MLH1 V49A,Entity,"{""displayName"": ""MLH1 V49A"", ""reference1"": ""MLH1"", ""aa_change"": ""V49A"", ""type"": ""substitution"", ""des_level"": ""individual"", ""source"": [""CIVIC""]}"
e1286,MLH1 V213fs,Entity,"{""displayName"": ""MLH1 V213fs"", ""reference1"": ""MLH1"", ""aa_change"": ""V213fs"", ""type"": ""frameshift"", ""des_level"": ""individual"", ""source"": [""CIVIC""]}"
e1287,MLH1 T117M,Entity,"{""displayName"": ""MLH1 T117M"", ""reference1"": ""MLH1"", ""aa_change"": ""T117M"", ""type"": ""substitution"", ""des_level"": ""individual"", ""source"": [""CIVIC""]}"
e1288,MLH1 R687fs,Entity,"{""displayName"": ""MLH1 R687fs"", ""reference1"": ""MLH1"", ""aa_change"": ""R687fs"", ""type"": ""frameshift"", ""des_level"": ""individual"", ""source"": [""CIVIC""]}"
e1289,MLH1 R265G,Entity,"{""displayName"": ""MLH1 R265G"", ""reference1"": ""MLH1"", ""aa_change"": ""R265G"", ""type"": ""substitution"", ""des_level"": ""individual"", ""source"": [""CIVIC""]}"
e1290,MLH1 R226*,Entity,"{""displayName"": ""MLH1 R226*"", ""reference1"": ""MLH1"", ""aa_change"": ""R226*"", ""type"": ""stop gained"", ""des_level"": ""individual"", ""source"": [""CIVIC""]}"
e1291,MLH1 R100*,Entity,"{""displayName"": ""MLH1 R100*"", ""reference1"": ""MLH1"", ""aa_change"": ""R100*"", ""type"": ""stop gained"", ""des_level"": ""individual"", ""source"": [""CIVIC""]}"
e1292,MLH1 Q426fs,Entity,"{""displayName"": ""MLH1 Q426fs"", ""reference1"": ""MLH1"", ""aa_change"": ""Q426fs"", ""type"": ""frameshift"", ""des_level"": ""individual"", ""source"": [""CIVIC""]}"
e1293,MLH1 Q149*,Entity,"{""displayName"": ""MLH1 Q149*"", ""reference1"": ""MLH1"", ""aa_change"": ""Q149*"", ""type"": ""stop gained"", ""des_level"": ""individual"", ""source"": [""CIVIC""]}"
e1294,MLH1 P536fs,Entity,"{""displayName"": ""MLH1 P536fs"", ""reference1"": ""MLH1"", ""aa_change"": ""P536fs"", ""type"": ""frameshift"", ""des_level"": ""individual"", ""source"": [""CIVIC""]}"
e1295,MLH1 P138T,Entity,"{""displayName"": ""MLH1 P138T"", ""reference1"": ""MLH1"", ""aa_change"": ""P138T"", ""type"": ""substitution"", ""des_level"": ""individual"", ""source"": [""CIVIC""]}"
e1296,MLH1 N551T,Entity,"{""displayName"": ""MLH1 N551T"", ""reference1"": ""MLH1"", ""aa_change"": ""N551T"", ""type"": ""substitution"", ""des_level"": ""individual"", ""source"": [""CIVIC""]}"
e1297,MLH1 M490T,Entity,"{""displayName"": ""MLH1 M490T"", ""reference1"": ""MLH1"", ""aa_change"": ""M490T"", ""type"": ""substitution"", ""des_level"": ""individual"", ""source"": [""CIVIC""]}"
e1298,MLH1 M1L,Entity,"{""displayName"": ""MLH1 M1L"", ""reference1"": ""MLH1"", ""aa_change"": ""M1L"", ""type"": ""substitution"", ""des_level"": ""individual"", ""source"": [""CIVIC""]}"
e1299,MLH1 K618del,Entity,"{""displayName"": ""MLH1 K618del"", ""reference1"": ""MLH1"", ""aa_change"": ""K618del"", ""type"": ""deletion"", ""des_level"": ""individual"", ""source"": [""CIVIC""]}"
e1300,MLH1 I68S,Entity,"{""displayName"": ""MLH1 I68S"", ""reference1"": ""MLH1"", ""aa_change"": ""I68S"", ""type"": ""substitution"", ""des_level"": ""individual"", ""source"": [""CIVIC""]}"
e1301,MLH1 G67R,Entity,"{""displayName"": ""MLH1 G67R"", ""reference1"": ""MLH1"", ""aa_change"": ""G67R"", ""type"": ""substitution"", ""des_level"": ""individual"", ""source"": [""CIVIC""]}"
e1302,MLH1 G65D,Entity,"{""displayName"": ""MLH1 G65D"", ""reference1"": ""MLH1"", ""aa_change"": ""G65D"", ""type"": ""substitution"", ""des_level"": ""individual"", ""source"": [""CIVIC""]}"
e1303,MLH1 G606fs*2,Entity,"{""displayName"": ""MLH1 G606fs*2"", ""reference1"": ""MLH1"", ""aa_change"": ""G606fs*2"", ""type"": ""frameshift"", ""des_level"": ""individual"", ""source"": [""CIVIC""]}"
e1304,MLH1 E13fs,Entity,"{""displayName"": ""MLH1 E13fs"", ""reference1"": ""MLH1"", ""aa_change"": ""E13fs"", ""type"": ""frameshift"", ""des_level"": ""individual"", ""source"": [""CIVIC""]}"
e1305,MLH1 D667fs,Entity,"{""displayName"": ""MLH1 D667fs"", ""reference1"": ""MLH1"", ""aa_change"": ""D667fs"", ""type"": ""frameshift"", ""des_level"": ""individual"", ""source"": [""CIVIC""]}"
e1306,MLH1 A681V,Entity,"{""displayName"": ""MLH1 A681V"", ""reference1"": ""MLH1"", ""aa_change"": ""A681V"", ""type"": ""substitution"", ""des_level"": ""individual"", ""source"": [""CIVIC""]}"
e1307,MLH1 A424T,Entity,"{""displayName"": ""MLH1 A424T"", ""reference1"": ""MLH1"", ""aa_change"": ""A424T"", ""type"": ""substitution"", ""des_level"": ""individual"", ""source"": [""CIVIC""]}"
e1308,MLH1 *757L,Entity,"{""displayName"": ""MLH1 *757L"", ""reference1"": ""MLH1"", ""aa_change"": ""*757L"", ""type"": ""substitution"", ""des_level"": ""individual"", ""source"": [""CIVIC""]}"
e1309,MKI67 overexpression,Entity,"{""displayName"": ""MKI67 overexpression"", ""reference1"": ""MKI67"", ""type"": ""overexpression"", ""des_level"": ""gene"", ""source"": [""CGI""]}"
e1310,MKI67 mutation,Entity,"{""displayName"": ""MKI67 mutation"", ""reference1"": ""MKI67"", ""type"": ""mutation"", ""des_level"": ""gene"", ""source"": [""COSMIC""]}"
e1311,MKI67 expression,Entity,"{""displayName"": ""MKI67 expression"", ""reference1"": ""MKI67"", ""type"": ""expression"", ""des_level"": ""gene"", ""source"": [""CIVIC""]}"
e1312,MITF mutation,Entity,"{""displayName"": ""MITF mutation"", ""reference1"": ""MITF"", ""type"": ""mutation"", ""des_level"": ""gene"", ""source"": [""COSMIC""]}"
e1313,MITF fusion,Entity,"{""displayName"": ""MITF fusion"", ""reference1"": ""MITF"", ""type"": ""fusion"", ""des_level"": ""gene"", ""source"": [""CIVIC""]}"
e1314,MITF amplification,Entity,"{""displayName"": ""MITF amplification"", ""reference1"": ""MITF"", ""type"": ""amplification"", ""des_level"": ""gene"", ""source"": [""CGI""]}"
e1315,MIR218-1 underexpression,Entity,"{""displayName"": ""MIR218-1 underexpression"", ""reference1"": ""MIR218-1"", ""type"": ""underexpression"", ""des_level"": ""gene"", ""source"": [""CIVIC""]}"
e1316,MIR218-1 mutation,Entity,"{""displayName"": ""MIR218-1 mutation"", ""reference1"": ""MIR218-1"", ""type"": ""mutation"", ""des_level"": ""gene"", ""source"": [""VH""]}"
e1317,MIR218-1 expression,Entity,"{""displayName"": ""MIR218-1 expression"", ""reference1"": ""MIR218-1"", ""type"": ""expression"", ""des_level"": ""gene"", ""source"": [""CIVIC""]}"
e1318,MGMT underexpression,Entity,"{""displayName"": ""MGMT underexpression"", ""reference1"": ""MGMT"", ""type"": ""underexpression"", ""des_level"": ""gene"", ""source"": [""CIVIC""]}"
e1319,MGMT promoter methylation,Entity,"{""displayName"": ""MGMT promoter methylation"", ""reference1"": ""MGMT"", ""type"": ""promoter methylation"", ""des_level"": ""gene"", ""source"": [""CIVIC""]}"
e1320,MGMT mutation,Entity,"{""displayName"": ""MGMT mutation"", ""reference1"": ""MGMT"", ""type"": ""mutation"", ""des_level"": ""gene"", ""source"": [""COSMIC""]}"
e1321,MET-ATXN7L1 fusion,Entity,"{""displayName"": ""MET-ATXN7L1 fusion"", ""reference1"": ""MET"", ""reference2"": ""ATXN7L1"", ""type"": ""fusion"", ""des_level"": ""gene"", ""source"": [""CIVIC""]}"
e1322,MET overexpression,Entity,"{""displayName"": ""MET overexpression"", ""reference1"": ""MET"", ""type"": ""overexpression"", ""des_level"": ""gene"", ""source"": [""CIVIC""]}"
e1323,MET mutation,Entity,"{""displayName"": ""MET mutation"", ""reference1"": ""MET"", ""type"": ""mutation"", ""des_level"": ""gene"", ""source"": [""CIVIC"", ""COSMIC""]}"
e1324,MET kinase domain mutation,Entity,"{""displayName"": ""MET kinase domain mutation"", ""reference1"": ""MET"", ""type"": ""kinase domain mutation"", ""des_level"": ""gene"", ""source"": [""CGI""]}"
e1325,MET fusion,Entity,"{""displayName"": ""MET fusion"", ""reference1"": ""MET"", ""type"": ""fusion"", ""des_level"": ""gene"", ""source"": [""OncoKB"", ""CGI""]}"
e1326,MET exon 16 mutation,Entity,"{""displayName"": ""MET exon 16 mutation"", ""reference1"": ""MET"", ""exon"": ""16"", ""type"": ""mutation"", ""des_level"": ""exon"", ""source"": [""CGI""]}"
e1327,MET exon 14 splice mutation,Entity,"{""displayName"": ""MET exon 14 splice mutation"", ""reference1"": ""MET"", ""exon"": ""14"", ""type"": ""splice mutation"", ""des_level"": ""exon"", ""source"": [""OncoKB""]}"
e1328,MET exon 14 mutation,Entity,"{""displayName"": ""MET exon 14 mutation"", ""reference1"": ""MET"", ""exon"": ""14"", ""type"": ""mutation"", ""des_level"": ""exon"", ""source"": [""COSMIC""]}"
e1329,MET exon 14 in-frame deletion,Entity,"{""displayName"": ""MET exon 14 in-frame deletion"", ""reference1"": ""MET"", ""exon"": ""14"", ""type"": ""in-frame deletion"", ""des_level"": ""exon"", ""source"": [""OncoKB"", ""COSMIC""]}"
e1330,MET exon 14 deletion,Entity,"{""displayName"": ""MET exon 14 deletion"", ""reference1"": ""MET"", ""exon"": ""14"", ""type"": ""deletion"", ""des_level"": ""exon"", ""source"": [""OncoKB""]}"
e1331,MET amplification,Entity,"{""displayName"": ""MET amplification"", ""reference1"": ""MET"", ""type"": ""amplification"", ""des_level"": ""gene"", ""source"": [""CIVIC"", ""OncoKB"", ""CGI""]}"
e1332,MET Y1235D,Entity,"{""displayName"": ""MET Y1235D"", ""reference1"": ""MET"", ""aa_change"": ""Y1235D"", ""type"": ""substitution"", ""des_level"": ""individual"", ""source"": [""CGI""]}"
e1333,MET Y1230H,Entity,"{""displayName"": ""MET Y1230H"", ""reference1"": ""MET"", ""aa_change"": ""Y1230H"", ""type"": ""substitution"", ""des_level"": ""individual"", ""source"": [""OncoKB""]}"
e1334,MET Y1230C,Entity,"{""displayName"": ""MET Y1230C"", ""reference1"": ""MET"", ""aa_change"": ""Y1230C"", ""type"": ""substitution"", ""des_level"": ""individual"", ""source"": [""CGI""]}"
e1335,MET Y1003X,Entity,"{""displayName"": ""MET Y1003X"", ""reference1"": ""MET"", ""aa_change"": ""Y1003X"", ""type"": ""substitution"", ""des_level"": ""amino acid"", ""source"": [""OncoKB""]}"
e1336,MET V1110I,Entity,"{""displayName"": ""MET V1110I"", ""reference1"": ""MET"", ""aa_change"": ""V1110I"", ""type"": ""substitution"", ""des_level"": ""individual"", ""source"": [""CGI""]}"
e1337,MET T1010I,Entity,"{""displayName"": ""MET T1010I"", ""reference1"": ""MET"", ""aa_change"": ""T1010I"", ""type"": ""substitution"", ""des_level"": ""individual"", ""source"": [""CGI""]}"
e1338,MET R988C,Entity,"{""displayName"": ""MET R988C"", ""reference1"": ""MET"", ""aa_change"": ""R988C"", ""type"": ""substitution"", ""des_level"": ""individual"", ""source"": [""CGI""]}"
e1339,MET R1004G,Entity,"{""displayName"": ""MET R1004G"", ""reference1"": ""MET"", ""aa_change"": ""R1004G"", ""type"": ""substitution"", ""des_level"": ""individual"", ""source"": [""CIVIC""]}"
e1340,MET N375S,Entity,"{""displayName"": ""MET N375S"", ""reference1"": ""MET"", ""aa_change"": ""N375S"", ""type"": ""substitution"", ""des_level"": ""individual"", ""source"": [""COSMIC""]}"
e1341,MET M1268T,Entity,"{""displayName"": ""MET M1268T"", ""reference1"": ""MET"", ""aa_change"": ""M1268T"", ""type"": ""substitution"", ""des_level"": ""individual"", ""source"": [""COSMIC"", ""CGI""]}"
e1342,MET H1112R,Entity,"{""displayName"": ""MET H1112R"", ""reference1"": ""MET"", ""aa_change"": ""H1112R"", ""type"": ""substitution"", ""des_level"": ""individual"", ""source"": [""CGI""]}"
e1343,MET H1112L,Entity,"{""displayName"": ""MET H1112L"", ""reference1"": ""MET"", ""aa_change"": ""H1112L"", ""type"": ""substitution"", ""des_level"": ""individual"", ""source"": [""CGI""]}"
e1344,MET Exon 14 deletion,Entity,"{""displayName"": ""MET Exon 14 deletion"", ""reference1"": ""MET"", ""exon"": ""14"", ""type"": ""deletion"", ""des_level"": ""exon"", ""source"": [""CIVIC"", ""CGI""]}"
e1345,MET D1246V,Entity,"{""displayName"": ""MET D1246V"", ""reference1"": ""MET"", ""aa_change"": ""D1246V"", ""type"": ""substitution"", ""des_level"": ""individual"", ""source"": [""CGI""]}"
e1346,MET D1228V,Entity,"{""displayName"": ""MET D1228V"", ""reference1"": ""MET"", ""aa_change"": ""D1228V"", ""type"": ""substitution"", ""des_level"": ""individual"", ""source"": [""CIVIC""]}"
e1347,MET D1228N,Entity,"{""displayName"": ""MET D1228N"", ""reference1"": ""MET"", ""aa_change"": ""D1228N"", ""type"": ""substitution"", ""des_level"": ""individual"", ""source"": [""OncoKB"", ""COSMIC"", ""CIVIC""]}"
e1348,MET D1010X,Entity,"{""displayName"": ""MET D1010X"", ""reference1"": ""MET"", ""aa_change"": ""D1010X"", ""type"": ""substitution"", ""des_level"": ""amino acid"", ""source"": [""OncoKB""]}"
e1349,MERTK overexpression,Entity,"{""displayName"": ""MERTK overexpression"", ""reference1"": ""MERTK"", ""type"": ""overexpression"", ""des_level"": ""gene"", ""source"": [""CIVIC""]}"
e1350,MERTK mutation,Entity,"{""displayName"": ""MERTK mutation"", ""reference1"": ""MERTK"", ""type"": ""mutation"", ""des_level"": ""gene"", ""source"": [""COSMIC""]}"
e1351,MEN1 mutation,Entity,"{""displayName"": ""MEN1 mutation"", ""reference1"": ""MEN1"", ""type"": ""mutation"", ""des_level"": ""gene"", ""source"": [""COSMIC""]}"
e1352,MEN1 frameshift,Entity,"{""displayName"": ""MEN1 frameshift"", ""reference1"": ""MEN1"", ""type"": ""frameshift"", ""des_level"": ""gene"", ""source"": [""CIVIC""]}"
e1353,MEF2D-CSF1R fusion,Entity,"{""displayName"": ""MEF2D-CSF1R fusion"", ""reference1"": ""MEF2D"", ""reference2"": ""CSF1R"", ""type"": ""fusion"", ""des_level"": ""gene"", ""source"": [""CIVIC""]}"
e1354,MEF2D mutation,Entity,"{""displayName"": ""MEF2D mutation"", ""reference1"": ""MEF2D"", ""type"": ""mutation"", ""des_level"": ""gene"", ""source"": [""VH""]}"
e1355,MEF2B oncogenic mutation,Entity,"{""displayName"": ""MEF2B oncogenic mutation"", ""reference1"": ""MEF2B"", ""type"": ""oncogenic mutation"", ""des_level"": ""gene"", ""source"": [""OncoKB""]}"
e1356,MEF2B mutation,Entity,"{""displayName"": ""MEF2B mutation"", ""reference1"": ""MEF2B"", ""type"": ""mutation"", ""des_level"": ""gene"", ""source"": [""VH""]}"
e1357,MDM4 mutation,Entity,"{""displayName"": ""MDM4 mutation"", ""reference1"": ""MDM4"", ""type"": ""mutation"", ""des_level"": ""gene"", ""source"": [""COSMIC""]}"
e1358,MDM4 amplification,Entity,"{""displayName"": ""MDM4 amplification"", ""reference1"": ""MDM4"", ""type"": ""amplification"", ""des_level"": ""gene"", ""source"": [""CGI""]}"
e1359,MDM2 mutation,Entity,"{""displayName"": ""MDM2 mutation"", ""reference1"": ""MDM2"", ""type"": ""mutation"", ""des_level"": ""gene"", ""source"": [""COSMIC""]}"
e1360,MDM2 expression,Entity,"{""displayName"": ""MDM2 expression"", ""reference1"": ""MDM2"", ""type"": ""expression"", ""des_level"": ""gene"", ""source"": [""CIVIC""]}"
e1361,MDM2 amplification,Entity,"{""displayName"": ""MDM2 amplification"", ""reference1"": ""MDM2"", ""type"": ""amplification"", ""des_level"": ""gene"", ""source"": [""OncoKB"", ""CGI""]}"
e1362,MCL1 mutation,Entity,"{""displayName"": ""MCL1 mutation"", ""reference1"": ""MCL1"", ""type"": ""mutation"", ""des_level"": ""gene"", ""source"": [""COSMIC""]}"
e1363,MCL1 amplification,Entity,"{""displayName"": ""MCL1 amplification"", ""reference1"": ""MCL1"", ""type"": ""amplification"", ""des_level"": ""gene"", ""source"": [""CGI""]}"
e1364,MAPK1 mutation,Entity,"{""displayName"": ""MAPK1 mutation"", ""reference1"": ""MAPK1"", ""type"": ""mutation"", ""des_level"": ""gene"", ""source"": [""COSMIC""]}"
e1365,MAPK1 amplification,Entity,"{""displayName"": ""MAPK1 amplification"", ""reference1"": ""MAPK1"", ""type"": ""amplification"", ""des_level"": ""gene"", ""source"": [""CIVIC""]}"
e1366,MAPK1 E322K,Entity,"{""displayName"": ""MAPK1 E322K"", ""reference1"": ""MAPK1"", ""aa_change"": ""E322K"", ""type"": ""substitution"", ""des_level"": ""individual"", ""source"": [""CIVIC""]}"
e1367,MAP2K7 mutation,Entity,"{""displayName"": ""MAP2K7 mutation"", ""reference1"": ""MAP2K7"", ""type"": ""mutation"", ""des_level"": ""gene"", ""source"": [""VH""]}"
e1368,MAP2K7 E116K,Entity,"{""displayName"": ""MAP2K7 E116K"", ""reference1"": ""MAP2K7"", ""aa_change"": ""E116K"", ""type"": ""substitution"", ""des_level"": ""individual"", ""source"": [""CIVIC""]}"
e1369,MAP2K2 oncogenic mutation,Entity,"{""displayName"": ""MAP2K2 oncogenic mutation"", ""reference1"": ""MAP2K2"", ""type"": ""oncogenic mutation"", ""des_level"": ""gene"", ""source"": [""OncoKB""]}"
e1370,MAP2K2 mutation,Entity,"{""displayName"": ""MAP2K2 mutation"", ""reference1"": ""MAP2K2"", ""type"": ""mutation"", ""des_level"": ""gene"", ""source"": [""COSMIC""]}"
e1371,MAP2K2 V35M,Entity,"{""displayName"": ""MAP2K2 V35M"", ""reference1"": ""MAP2K2"", ""aa_change"": ""V35M"", ""type"": ""substitution"", ""des_level"": ""individual"", ""source"": [""CGI""]}"
e1372,MAP2K2 Q60X,Entity,"{""displayName"": ""MAP2K2 Q60X"", ""reference1"": ""MAP2K2"", ""aa_change"": ""Q60X"", ""type"": ""substitution"", ""des_level"": ""amino acid"", ""source"": [""COSMIC""]}"
e1373,MAP2K2 Q60P,Entity,"{""displayName"": ""MAP2K2 Q60P"", ""reference1"": ""MAP2K2"", ""aa_change"": ""Q60P"", ""type"": ""substitution"", ""des_level"": ""individual"", ""source"": [""CGI""]}"
e1374,MAP2K2 P128X,Entity,"{""displayName"": ""MAP2K2 P128X"", ""reference1"": ""MAP2K2"", ""aa_change"": ""P128X"", ""type"": ""substitution"", ""des_level"": ""amino acid"", ""source"": [""COSMIC""]}"
e1375,MAP2K2 N126D,Entity,"{""displayName"": ""MAP2K2 N126D"", ""reference1"": ""MAP2K2"", ""aa_change"": ""N126D"", ""type"": ""substitution"", ""des_level"": ""individual"", ""source"": [""CGI""]}"
e1376,MAP2K2 L46F,Entity,"{""displayName"": ""MAP2K2 L46F"", ""reference1"": ""MAP2K2"", ""aa_change"": ""L46F"", ""type"": ""substitution"", ""des_level"": ""individual"", ""source"": [""CGI""]}"
e1377,MAP2K2 K61X,Entity,"{""displayName"": ""MAP2K2 K61X"", ""reference1"": ""MAP2K2"", ""aa_change"": ""K61X"", ""type"": ""substitution"", ""des_level"": ""amino acid"", ""source"": [""COSMIC""]}"
e1378,MAP2K2 F57X,Entity,"{""displayName"": ""MAP2K2 F57X"", ""reference1"": ""MAP2K2"", ""aa_change"": ""F57X"", ""type"": ""substitution"", ""des_level"": ""amino acid"", ""source"": [""COSMIC""]}"
e1379,MAP2K2 D71X,Entity,"{""displayName"": ""MAP2K2 D71X"", ""reference1"": ""MAP2K2"", ""aa_change"": ""D71X"", ""type"": ""substitution"", ""des_level"": ""amino acid"", ""source"": [""COSMIC""]}"
e1380,MAP2K2 C125X,Entity,"{""displayName"": ""MAP2K2 C125X"", ""reference1"": ""MAP2K2"", ""aa_change"": ""C125X"", ""type"": ""substitution"", ""des_level"": ""amino acid"", ""source"": [""COSMIC""]}"
e1381,MAP2K2 C125S,Entity,"{""displayName"": ""MAP2K2 C125S"", ""reference1"": ""MAP2K2"", ""aa_change"": ""C125S"", ""type"": ""substitution"", ""des_level"": ""individual"", ""source"": [""CGI""]}"
e1382,MAP2K1 oncogenic mutation,Entity,"{""displayName"": ""MAP2K1 oncogenic mutation"", ""reference1"": ""MAP2K1"", ""type"": ""oncogenic mutation"", ""des_level"": ""gene"", ""source"": [""OncoKB"", ""CGI""]}"
e1383,MAP2K1 mutation,Entity,"{""displayName"": ""MAP2K1 mutation"", ""reference1"": ""MAP2K1"", ""type"": ""mutation"", ""des_level"": ""gene"", ""source"": [""COSMIC""]}"
e1384,MAP2K1 exon 6 mutation,Entity,"{""displayName"": ""MAP2K1 exon 6 mutation"", ""reference1"": ""MAP2K1"", ""exon"": ""6"", ""type"": ""mutation"", ""des_level"": ""exon"", ""source"": [""COSMIC""]}"
e1385,MAP2K1 exon 3 mutation,Entity,"{""displayName"": ""MAP2K1 exon 3 mutation"", ""reference1"": ""MAP2K1"", ""exon"": ""3"", ""type"": ""mutation"", ""des_level"": ""exon"", ""source"": [""COSMIC""]}"
e1386,MAP2K1 exon 2 mutation,Entity,"{""displayName"": ""MAP2K1 exon 2 mutation"", ""reference1"": ""MAP2K1"", ""exon"": ""2"", ""type"": ""mutation"", ""des_level"": ""exon"", ""source"": [""COSMIC""]}"
e1387,MAP2K1 amino acid 56-60 deletion,Entity,"{""displayName"": ""MAP2K1 amino acid 56-60 deletion"", ""reference1"": ""MAP2K1"", ""amino_acid"": [56, 60], ""type"": ""deletion"", ""des_level"": ""amino acid"", ""source"": [""CGI""]}"
e1388,MAP2K1 V211D,Entity,"{""displayName"": ""MAP2K1 V211D"", ""reference1"": ""MAP2K1"", ""aa_change"": ""V211D"", ""type"": ""substitution"", ""des_level"": ""individual"", ""source"": [""CGI""]}"
e1389,MAP2K1 Q56_V60del,Entity,"{""displayName"": ""MAP2K1 Q56_V60del"", ""reference1"": ""MAP2K1"", ""aa_change"": ""Q56_V60del"", ""type"": ""deletion"", ""des_level"": ""individual"", ""source"": [""CIVIC""]}"
e1390,MAP2K1 Q56P,Entity,"{""displayName"": ""MAP2K1 Q56P"", ""reference1"": ""MAP2K1"", ""aa_change"": ""Q56P"", ""type"": ""substitution"", ""des_level"": ""individual"", ""source"": [""CIVIC"", ""COSMIC"", ""CGI""]}"
e1391,MAP2K1 P124X,Entity,"{""displayName"": ""MAP2K1 P124X"", ""reference1"": ""MAP2K1"", ""aa_change"": ""P124X"", ""type"": ""substitution"", ""des_level"": ""amino acid"", ""source"": [""CGI""]}"
e1392,MAP2K1 P124S,Entity,"{""displayName"": ""MAP2K1 P124S"", ""reference1"": ""MAP2K1"", ""aa_change"": ""P124S"", ""type"": ""substitution"", ""des_level"": ""individual"", ""source"": [""CIVIC"", ""COSMIC"", ""CGI""]}"
e1393,MAP2K1 P124L,Entity,"{""displayName"": ""MAP2K1 P124L"", ""reference1"": ""MAP2K1"", ""aa_change"": ""P124L"", ""type"": ""substitution"", ""des_level"": ""individual"", ""source"": [""COSMIC"", ""CGI""]}"
e1394,MAP2K1 L215P,Entity,"{""displayName"": ""MAP2K1 L215P"", ""reference1"": ""MAP2K1"", ""aa_change"": ""L215P"", ""type"": ""substitution"", ""des_level"": ""individual"", ""source"": [""CGI""]}"
e1395,MAP2K1 L115X,Entity,"{""displayName"": ""MAP2K1 L115X"", ""reference1"": ""MAP2K1"", ""aa_change"": ""L115X"", ""type"": ""substitution"", ""des_level"": ""amino acid"", ""source"": [""CGI""]}"
e1396,MAP2K1 K57T,Entity,"{""displayName"": ""MAP2K1 K57T"", ""reference1"": ""MAP2K1"", ""aa_change"": ""K57T"", ""type"": ""substitution"", ""des_level"": ""individual"", ""source"": [""CGI""]}"
e1397,MAP2K1 K57N,Entity,"{""displayName"": ""MAP2K1 K57N"", ""reference1"": ""MAP2K1"", ""aa_change"": ""K57N"", ""type"": ""substitution"", ""des_level"": ""individual"", ""source"": [""CIVIC"", ""COSMIC"", ""CGI""]}"
e1398,MAP2K1 K57E,Entity,"{""displayName"": ""MAP2K1 K57E"", ""reference1"": ""MAP2K1"", ""aa_change"": ""K57E"", ""type"": ""substitution"", ""des_level"": ""individual"", ""source"": [""CGI""]}"
e1399,MAP2K1 K104N,Entity,"{""displayName"": ""MAP2K1 K104N"", ""reference1"": ""MAP2K1"", ""aa_change"": ""K104N"", ""type"": ""substitution"", ""des_level"": ""individual"", ""source"": [""CGI""]}"
e1400,MAP2K1 I99T,Entity,"{""displayName"": ""MAP2K1 I99T"", ""reference1"": ""MAP2K1"", ""aa_change"": ""I99T"", ""type"": ""substitution"", ""des_level"": ""individual"", ""source"": [""CGI""]}"
e1401,MAP2K1 I111S,Entity,"{""displayName"": ""MAP2K1 I111S"", ""reference1"": ""MAP2K1"", ""aa_change"": ""I111S"", ""type"": ""substitution"", ""des_level"": ""individual"", ""source"": [""CGI""]}"
e1402,MAP2K1 I111N,Entity,"{""displayName"": ""MAP2K1 I111N"", ""reference1"": ""MAP2K1"", ""aa_change"": ""I111N"", ""type"": ""substitution"", ""des_level"": ""individual"", ""source"": [""CGI""]}"
e1403,MAP2K1 I103N,Entity,"{""displayName"": ""MAP2K1 I103N"", ""reference1"": ""MAP2K1"", ""aa_change"": ""I103N"", ""type"": ""substitution"", ""des_level"": ""individual"", ""source"": [""CGI""]}"
e1404,MAP2K1 H119P,Entity,"{""displayName"": ""MAP2K1 H119P"", ""reference1"": ""MAP2K1"", ""aa_change"": ""H119P"", ""type"": ""substitution"", ""des_level"": ""individual"", ""source"": [""CGI""]}"
e1405,MAP2K1 G128D,Entity,"{""displayName"": ""MAP2K1 G128D"", ""reference1"": ""MAP2K1"", ""aa_change"": ""G128D"", ""type"": ""substitution"", ""des_level"": ""individual"", ""source"": [""CGI""]}"
e1406,MAP2K1 F53L,Entity,"{""displayName"": ""MAP2K1 F53L"", ""reference1"": ""MAP2K1"", ""aa_change"": ""F53L"", ""type"": ""substitution"", ""des_level"": ""individual"", ""source"": [""COSMIC""]}"
e1407,MAP2K1 F133L,Entity,"{""displayName"": ""MAP2K1 F133L"", ""reference1"": ""MAP2K1"", ""aa_change"": ""F133L"", ""type"": ""substitution"", ""des_level"": ""individual"", ""source"": [""CGI""]}"
e1408,MAP2K1 F129L,Entity,"{""displayName"": ""MAP2K1 F129L"", ""reference1"": ""MAP2K1"", ""aa_change"": ""F129L"", ""type"": ""substitution"", ""des_level"": ""individual"", ""source"": [""CGI""]}"
e1409,MAP2K1 E203K,Entity,"{""displayName"": ""MAP2K1 E203K"", ""reference1"": ""MAP2K1"", ""aa_change"": ""E203K"", ""type"": ""substitution"", ""des_level"": ""individual"", ""source"": [""CGI""]}"
e1410,MAP2K1 E120D,Entity,"{""displayName"": ""MAP2K1 E120D"", ""reference1"": ""MAP2K1"", ""aa_change"": ""E120D"", ""type"": ""substitution"", ""des_level"": ""individual"", ""source"": [""CGI""]}"
e1411,MAP2K1 D67N,Entity,"{""displayName"": ""MAP2K1 D67N"", ""reference1"": ""MAP2K1"", ""aa_change"": ""D67N"", ""type"": ""substitution"", ""des_level"": ""individual"", ""source"": [""COSMIC"", ""CGI""]}"
e1412,MAP2K1 C121S,Entity,"{""displayName"": ""MAP2K1 C121S"", ""reference1"": ""MAP2K1"", ""aa_change"": ""C121S"", ""type"": ""substitution"", ""des_level"": ""individual"", ""source"": [""CIVIC"", ""COSMIC"", ""CGI""]}"
e1413,MAGEH1 mutation,Entity,"{""displayName"": ""MAGEH1 mutation"", ""reference1"": ""MAGEH1"", ""type"": ""mutation"", ""des_level"": ""gene"", ""source"": [""VH""]}"
e1414,MAGEH1 expression,Entity,"{""displayName"": ""MAGEH1 expression"", ""reference1"": ""MAGEH1"", ""type"": ""expression"", ""des_level"": ""gene"", ""source"": [""CIVIC""]}"
e1415,MACF1-BRAF fusion,Entity,"{""displayName"": ""MACF1-BRAF fusion"", ""reference1"": ""MACF1"", ""reference2"": ""BRAF"", ""type"": ""fusion"", ""des_level"": ""gene"", ""source"": [""CIVIC""]}"
e1416,MACF1 mutation,Entity,"{""displayName"": ""MACF1 mutation"", ""reference1"": ""MACF1"", ""type"": ""mutation"", ""des_level"": ""gene"", ""source"": [""VH""]}"
e1417,LYN overexpression,Entity,"{""displayName"": ""LYN overexpression"", ""reference1"": ""LYN"", ""type"": ""overexpression"", ""des_level"": ""gene"", ""source"": [""CIVIC""]}"
e1418,LYN mutation,Entity,"{""displayName"": ""LYN mutation"", ""reference1"": ""LYN"", ""type"": ""mutation"", ""des_level"": ""gene"", ""source"": [""VH""]}"
e1419,LSM14A-ABL1 fusion,Entity,"{""displayName"": ""LSM14A-ABL1 fusion"", ""reference1"": ""LSM14A"", ""reference2"": ""ABL1"", ""type"": ""fusion"", ""des_level"": ""gene"", ""source"": [""CIVIC""]}"
e1420,LSM14A mutation,Entity,"{""displayName"": ""LSM14A mutation"", ""reference1"": ""LSM14A"", ""type"": ""mutation"", ""des_level"": ""gene"", ""source"": [""VH""]}"
e1421,LRP1B oncogenic mutation,Entity,"{""displayName"": ""LRP1B oncogenic mutation"", ""reference1"": ""LRP1B"", ""type"": ""oncogenic mutation"", ""des_level"": ""gene"", ""source"": [""CGI""]}"
e1422,LRP1B mutation,Entity,"{""displayName"": ""LRP1B mutation"", ""reference1"": ""LRP1B"", ""type"": ""mutation"", ""des_level"": ""gene"", ""source"": [""VH""]}"
e1423,LRP1B exon 22 mutation,Entity,"{""displayName"": ""LRP1B exon 22 mutation"", ""reference1"": ""LRP1B"", ""exon"": ""22"", ""type"": ""mutation"", ""des_level"": ""exon"", ""source"": [""VH""]}"
e1424,LRP1B exon 22 in-frame deletion,Entity,"{""displayName"": ""LRP1B exon 22 in-frame deletion"", ""reference1"": ""LRP1B"", ""exon"": ""22"", ""type"": ""in-frame deletion"", ""des_level"": ""exon"", ""source"": [""CIVIC""]}"
e1425,LRP1B exon 21 mutation,Entity,"{""displayName"": ""LRP1B exon 21 mutation"", ""reference1"": ""LRP1B"", ""exon"": ""21"", ""type"": ""mutation"", ""des_level"": ""exon"", ""source"": [""VH""]}"
e1426,LRP1B exon 21 in-frame deletion,Entity,"{""displayName"": ""LRP1B exon 21 in-frame deletion"", ""reference1"": ""LRP1B"", ""exon"": ""21"", ""type"": ""in-frame deletion"", ""des_level"": ""exon"", ""source"": [""CIVIC""]}"
e1427,LRP1B exon 20 mutation,Entity,"{""displayName"": ""LRP1B exon 20 mutation"", ""reference1"": ""LRP1B"", ""exon"": ""20"", ""type"": ""mutation"", ""des_level"": ""exon"", ""source"": [""VH""]}"
e1428,LRP1B exon 20 in-frame deletion,Entity,"{""displayName"": ""LRP1B exon 20 in-frame deletion"", ""reference1"": ""LRP1B"", ""exon"": ""20"", ""type"": ""in-frame deletion"", ""des_level"": ""exon"", ""source"": [""CIVIC""]}"
e1429,LRP1B exon 19 mutation,Entity,"{""displayName"": ""LRP1B exon 19 mutation"", ""reference1"": ""LRP1B"", ""exon"": ""19"", ""type"": ""mutation"", ""des_level"": ""exon"", ""source"": [""VH""]}"
e1430,LRP1B exon 19 in-frame deletion,Entity,"{""displayName"": ""LRP1B exon 19 in-frame deletion"", ""reference1"": ""LRP1B"", ""exon"": ""19"", ""type"": ""in-frame deletion"", ""des_level"": ""exon"", ""source"": [""CIVIC""]}"
e1431,LRP1B exon 18 mutation,Entity,"{""displayName"": ""LRP1B exon 18 mutation"", ""reference1"": ""LRP1B"", ""exon"": ""18"", ""type"": ""mutation"", ""des_level"": ""exon"", ""source"": [""VH""]}"
e1432,LRP1B exon 18 in-frame deletion,Entity,"{""displayName"": ""LRP1B exon 18 in-frame deletion"", ""reference1"": ""LRP1B"", ""exon"": ""18"", ""type"": ""in-frame deletion"", ""des_level"": ""exon"", ""source"": [""CIVIC""]}"
e1433,LRP1B exon 17 mutation,Entity,"{""displayName"": ""LRP1B exon 17 mutation"", ""reference1"": ""LRP1B"", ""exon"": ""17"", ""type"": ""mutation"", ""des_level"": ""exon"", ""source"": [""VH""]}"
e1434,LRP1B exon 17 in-frame deletion,Entity,"{""displayName"": ""LRP1B exon 17 in-frame deletion"", ""reference1"": ""LRP1B"", ""exon"": ""17"", ""type"": ""in-frame deletion"", ""des_level"": ""exon"", ""source"": [""CIVIC""]}"
e1435,LRP1B exon 16 mutation,Entity,"{""displayName"": ""LRP1B exon 16 mutation"", ""reference1"": ""LRP1B"", ""exon"": ""16"", ""type"": ""mutation"", ""des_level"": ""exon"", ""source"": [""VH""]}"
e1436,LRP1B exon 16 in-frame deletion,Entity,"{""displayName"": ""LRP1B exon 16 in-frame deletion"", ""reference1"": ""LRP1B"", ""exon"": ""16"", ""type"": ""in-frame deletion"", ""des_level"": ""exon"", ""source"": [""CIVIC""]}"
e1437,LRP1B exon 15 mutation,Entity,"{""displayName"": ""LRP1B exon 15 mutation"", ""reference1"": ""LRP1B"", ""exon"": ""15"", ""type"": ""mutation"", ""des_level"": ""exon"", ""source"": [""VH""]}"
e1438,LRP1B exon 15 in-frame deletion,Entity,"{""displayName"": ""LRP1B exon 15 in-frame deletion"", ""reference1"": ""LRP1B"", ""exon"": ""15"", ""type"": ""in-frame deletion"", ""des_level"": ""exon"", ""source"": [""CIVIC""]}"
e1439,LRP1B exon 14 mutation,Entity,"{""displayName"": ""LRP1B exon 14 mutation"", ""reference1"": ""LRP1B"", ""exon"": ""14"", ""type"": ""mutation"", ""des_level"": ""exon"", ""source"": [""VH""]}"
e1440,LRP1B exon 14 in-frame deletion,Entity,"{""displayName"": ""LRP1B exon 14 in-frame deletion"", ""reference1"": ""LRP1B"", ""exon"": ""14"", ""type"": ""in-frame deletion"", ""des_level"": ""exon"", ""source"": [""CIVIC""]}"
e1441,LRP1B exon 13 mutation,Entity,"{""displayName"": ""LRP1B exon 13 mutation"", ""reference1"": ""LRP1B"", ""exon"": ""13"", ""type"": ""mutation"", ""des_level"": ""exon"", ""source"": [""VH""]}"
e1442,LRP1B exon 13 in-frame deletion,Entity,"{""displayName"": ""LRP1B exon 13 in-frame deletion"", ""reference1"": ""LRP1B"", ""exon"": ""13"", ""type"": ""in-frame deletion"", ""des_level"": ""exon"", ""source"": [""CIVIC""]}"
e1443,LRP1B exon 12 mutation,Entity,"{""displayName"": ""LRP1B exon 12 mutation"", ""reference1"": ""LRP1B"", ""exon"": ""12"", ""type"": ""mutation"", ""des_level"": ""exon"", ""source"": [""VH""]}"
e1444,LRP1B exon 12 in-frame deletion,Entity,"{""displayName"": ""LRP1B exon 12 in-frame deletion"", ""reference1"": ""LRP1B"", ""exon"": ""12"", ""type"": ""in-frame deletion"", ""des_level"": ""exon"", ""source"": [""CIVIC""]}"
e1445,LRP1B deletion,Entity,"{""displayName"": ""LRP1B deletion"", ""reference1"": ""LRP1B"", ""type"": ""deletion"", ""des_level"": ""gene"", ""source"": [""CIVIC""]}"
e1446,LRP1B copy loss,Entity,"{""displayName"": ""LRP1B copy loss"", ""reference1"": ""LRP1B"", ""type"": ""copy loss"", ""des_level"": ""gene"", ""source"": [""CGI""]}"
e1447,LPP-HMGA2 fusion,Entity,"{""displayName"": ""LPP-HMGA2 fusion"", ""reference1"": ""LPP"", ""reference2"": ""HMGA2"", ""type"": ""fusion"", ""des_level"": ""gene"", ""source"": [""CIVIC""]}"
e1448,LPP mutation,Entity,"{""displayName"": ""LPP mutation"", ""reference1"": ""LPP"", ""type"": ""mutation"", ""des_level"": ""gene"", ""source"": [""VH""]}"
e1449,LMO2 mutation,Entity,"{""displayName"": ""LMO2 mutation"", ""reference1"": ""LMO2"", ""type"": ""mutation"", ""des_level"": ""gene"", ""source"": [""VH""]}"
e1450,LMO2 fusion,Entity,"{""displayName"": ""LMO2 fusion"", ""reference1"": ""LMO2"", ""type"": ""fusion"", ""des_level"": ""gene"", ""source"": [""OncoKB""]}"
e1451,LMNA-NTRK1 fusion,Entity,"{""displayName"": ""LMNA-NTRK1 fusion"", ""reference1"": ""LMNA"", ""reference2"": ""NTRK1"", ""type"": ""fusion"", ""des_level"": ""gene"", ""source"": [""CIVIC""]}"
e1452,LMNA mutation,Entity,"{""displayName"": ""LMNA mutation"", ""reference1"": ""LMNA"", ""type"": ""mutation"", ""des_level"": ""gene"", ""source"": [""VH""]}"
e1453,LEPR underexpression,Entity,"{""displayName"": ""LEPR underexpression"", ""reference1"": ""LEPR"", ""type"": ""underexpression"", ""des_level"": ""gene"", ""source"": [""CIVIC""]}"
e1454,LEPR mutation,Entity,"{""displayName"": ""LEPR mutation"", ""reference1"": ""LEPR"", ""type"": ""mutation"", ""des_level"": ""gene"", ""source"": [""VH""]}"
e1455,KRT18 underexpression,Entity,"{""displayName"": ""KRT18 underexpression"", ""reference1"": ""KRT18"", ""type"": ""underexpression"", ""des_level"": ""gene"", ""source"": [""CIVIC""]}"
e1456,KRT18 mutation,Entity,"{""displayName"": ""KRT18 mutation"", ""reference1"": ""KRT18"", ""type"": ""mutation"", ""des_level"": ""gene"", ""source"": [""VH""]}"
e1457,KRAS oncogenic mutation,Entity,"{""displayName"": ""KRAS oncogenic mutation"", ""reference1"": ""KRAS"", ""type"": ""oncogenic mutation"", ""des_level"": ""gene"", ""source"": [""OncoKB"", ""CGI""]}"
e1458,KRAS mutation,Entity,"{""displayName"": ""KRAS mutation"", ""reference1"": ""KRAS"", ""type"": ""mutation"", ""des_level"": ""gene"", ""source"": [""CIVIC"", ""COSMIC""]}"
e1459,KRAS exon 2 mutation,Entity,"{""displayName"": ""KRAS exon 2 mutation"", ""reference1"": ""KRAS"", ""exon"": ""2"", ""type"": ""mutation"", ""des_level"": ""exon"", ""source"": [""CIVIC""]}"
e1460,KRAS amplification,Entity,"{""displayName"": ""KRAS amplification"", ""reference1"": ""KRAS"", ""type"": ""amplification"", ""des_level"": ""gene"", ""source"": [""CIVIC"", ""CGI""]}"
e1461,KRAS amino acid 61 mutation,Entity,"{""displayName"": ""KRAS amino acid 61 mutation"", ""reference1"": ""KRAS"", ""amino_acid"": [61, 61], ""type"": ""mutation"", ""des_level"": ""amino acid"", ""source"": [""CGI""]}"
e1462,KRAS amino acid 59 mutation,Entity,"{""displayName"": ""KRAS amino acid 59 mutation"", ""reference1"": ""KRAS"", ""amino_acid"": [59, 59], ""type"": ""mutation"", ""des_level"": ""amino acid"", ""source"": [""CGI""]}"
e1463,KRAS amino acid 146 mutation,Entity,"{""displayName"": ""KRAS amino acid 146 mutation"", ""reference1"": ""KRAS"", ""amino_acid"": [146, 146], ""type"": ""mutation"", ""des_level"": ""amino acid"", ""source"": [""CGI""]}"
e1464,KRAS amino acid 13 mutation,Entity,"{""displayName"": ""KRAS amino acid 13 mutation"", ""reference1"": ""KRAS"", ""amino_acid"": [13, 13], ""type"": ""mutation"", ""des_level"": ""amino acid"", ""source"": [""CGI""]}"
e1465,KRAS amino acid 12 mutation,Entity,"{""displayName"": ""KRAS amino acid 12 mutation"", ""reference1"": ""KRAS"", ""amino_acid"": [12, 12], ""type"": ""mutation"", ""des_level"": ""amino acid"", ""source"": [""CGI""]}"
e1466,KRAS amino acid 117 mutation,Entity,"{""displayName"": ""KRAS amino acid 117 mutation"", ""reference1"": ""KRAS"", ""amino_acid"": [117, 117], ""type"": ""mutation"", ""des_level"": ""amino acid"", ""source"": [""CGI""]}"
e1467,KRAS R164Q,Entity,"{""displayName"": ""KRAS R164Q"", ""reference1"": ""KRAS"", ""aa_change"": ""R164Q"", ""type"": ""substitution"", ""des_level"": ""individual"", ""source"": [""CIVIC""]}"
e1468,KRAS Q61X,Entity,"{""displayName"": ""KRAS Q61X"", ""reference1"": ""KRAS"", ""aa_change"": ""Q61X"", ""type"": ""substitution"", ""des_level"": ""amino acid"", ""source"": [""CIVIC"", ""COSMIC""]}"
e1469,KRAS Q61R,Entity,"{""displayName"": ""KRAS Q61R"", ""reference1"": ""KRAS"", ""aa_change"": ""Q61R"", ""type"": ""substitution"", ""des_level"": ""individual"", ""source"": [""CIVIC"", ""COSMIC""]}"
e1470,KRAS Q61L,Entity,"{""displayName"": ""KRAS Q61L"", ""reference1"": ""KRAS"", ""aa_change"": ""Q61L"", ""type"": ""substitution"", ""des_level"": ""individual"", ""source"": [""CIVIC"", ""COSMIC""]}"
e1471,KRAS Q61K,Entity,"{""displayName"": ""KRAS Q61K"", ""reference1"": ""KRAS"", ""aa_change"": ""Q61K"", ""type"": ""substitution"", ""des_level"": ""individual"", ""source"": [""CIVIC"", ""COSMIC""]}"
e1472,KRAS Q61H,Entity,"{""displayName"": ""KRAS Q61H"", ""reference1"": ""KRAS"", ""aa_change"": ""Q61H"", ""type"": ""substitution"", ""des_level"": ""individual"", ""source"": [""CIVIC"", ""COSMIC""]}"
e1473,KRAS Q22*,Entity,"{""displayName"": ""KRAS Q22*"", ""reference1"": ""KRAS"", ""aa_change"": ""Q22*"", ""type"": ""stop gained"", ""des_level"": ""individual"", ""source"": [""CIVIC""]}"
e1474,KRAS G13X,Entity,"{""displayName"": ""KRAS G13X"", ""reference1"": ""KRAS"", ""aa_change"": ""G13X"", ""type"": ""substitution"", ""des_level"": ""amino acid"", ""source"": [""CIVIC"", ""COSMIC""]}"
e1475,KRAS G13V,Entity,"{""displayName"": ""KRAS G13V"", ""reference1"": ""KRAS"", ""aa_change"": ""G13V"", ""type"": ""substitution"", ""des_level"": ""individual"", ""source"": [""CIVIC""]}"
e1476,KRAS G13D,Entity,"{""displayName"": ""KRAS G13D"", ""reference1"": ""KRAS"", ""aa_change"": ""G13D"", ""type"": ""substitution"", ""des_level"": ""individual"", ""source"": [""CIVIC"", ""COSMIC"", ""CGI""]}"
e1477,KRAS G12X,Entity,"{""displayName"": ""KRAS G12X"", ""reference1"": ""KRAS"", ""aa_change"": ""G12X"", ""type"": ""substitution"", ""des_level"": ""amino acid"", ""source"": [""CIVIC"", ""COSMIC"", ""CGI""]}"
e1478,KRAS G12V,Entity,"{""displayName"": ""KRAS G12V"", ""reference1"": ""KRAS"", ""aa_change"": ""G12V"", ""type"": ""substitution"", ""des_level"": ""individual"", ""source"": [""CIVIC"", ""COSMIC""]}"
e1479,KRAS G12S,Entity,"{""displayName"": ""KRAS G12S"", ""reference1"": ""KRAS"", ""aa_change"": ""G12S"", ""type"": ""substitution"", ""des_level"": ""individual"", ""source"": [""CIVIC"", ""COSMIC""]}"
e1480,KRAS G12R,Entity,"{""displayName"": ""KRAS G12R"", ""reference1"": ""KRAS"", ""aa_change"": ""G12R"", ""type"": ""substitution"", ""des_level"": ""individual"", ""source"": [""CIVIC"", ""COSMIC""]}"
e1481,KRAS G12D,Entity,"{""displayName"": ""KRAS G12D"", ""reference1"": ""KRAS"", ""aa_change"": ""G12D"", ""type"": ""substitution"", ""des_level"": ""individual"", ""source"": [""OncoKB"", ""COSMIC"", ""CIVIC""]}"
e1482,KRAS G12C,Entity,"{""displayName"": ""KRAS G12C"", ""reference1"": ""KRAS"", ""aa_change"": ""G12C"", ""type"": ""substitution"", ""des_level"": ""individual"", ""source"": [""OncoKB"", ""COSMIC"", ""CIVIC"", ""CGI""]}"
e1483,KRAS G12A,Entity,"{""displayName"": ""KRAS G12A"", ""reference1"": ""KRAS"", ""aa_change"": ""G12A"", ""type"": ""substitution"", ""des_level"": ""individual"", ""source"": [""CIVIC"", ""COSMIC""]}"
e1484,KRAS G10_A11insG,Entity,"{""displayName"": ""KRAS G10_A11insG"", ""reference1"": ""KRAS"", ""aa_change"": ""G10_A11insG"", ""type"": ""insertion"", ""des_level"": ""individual"", ""source"": [""CIVIC""]}"
e1485,KRAS A146X,Entity,"{""displayName"": ""KRAS A146X"", ""reference1"": ""KRAS"", ""aa_change"": ""A146X"", ""type"": ""substitution"", ""des_level"": ""amino acid"", ""source"": [""CIVIC""]}"
e1486,KRAS A146V,Entity,"{""displayName"": ""KRAS A146V"", ""reference1"": ""KRAS"", ""aa_change"": ""A146V"", ""type"": ""substitution"", ""des_level"": ""individual"", ""source"": [""CIVIC""]}"
e1487,KRAS A146T,Entity,"{""displayName"": ""KRAS A146T"", ""reference1"": ""KRAS"", ""aa_change"": ""A146T"", ""type"": ""substitution"", ""des_level"": ""individual"", ""source"": [""CIVIC""]}"
e1488,KRAS A146P,Entity,"{""displayName"": ""KRAS A146P"", ""reference1"": ""KRAS"", ""aa_change"": ""A146P"", ""type"": ""substitution"", ""des_level"": ""individual"", ""source"": [""CIVIC""]}"
e1489,KRAS A11_G12insGA,Entity,"{""displayName"": ""KRAS A11_G12insGA"", ""reference1"": ""KRAS"", ""aa_change"": ""A11_G12insGA"", ""type"": ""insertion"", ""des_level"": ""individual"", ""source"": [""CIVIC""]}"
e1490,KMT2D oncogenic mutation,Entity,"{""displayName"": ""KMT2D oncogenic mutation"", ""reference1"": ""KMT2D"", ""type"": ""oncogenic mutation"", ""des_level"": ""gene"", ""source"": [""OncoKB""]}"
e1491,KMT2D mutation,Entity,"{""displayName"": ""KMT2D mutation"", ""reference1"": ""KMT2D"", ""type"": ""mutation"", ""des_level"": ""gene"", ""source"": [""COSMIC""]}"
e1492,KMT2D loss of function,Entity,"{""displayName"": ""KMT2D loss of function"", ""reference1"": ""KMT2D"", ""type"": ""loss of function"", ""des_level"": ""gene"", ""source"": [""CIVIC""]}"
e1493,KMT2A-MLLT3 fusion,Entity,"{""displayName"": ""KMT2A-MLLT3 fusion"", ""reference1"": ""KMT2A"", ""reference2"": ""MLLT3"", ""type"": ""fusion"", ""des_level"": ""gene"", ""source"": [""OncoKB"", ""COSMIC"", ""CIVIC""]}"
e1494,KMT2A-MLLT10 fusion,Entity,"{""displayName"": ""KMT2A-MLLT10 fusion"", ""reference1"": ""KMT2A"", ""reference2"": ""MLLT10"", ""type"": ""fusion"", ""des_level"": ""gene"", ""source"": [""COSMIC""]}"
e1495,KMT2A-MLLT1 fusion,Entity,"{""displayName"": ""KMT2A-MLLT1 fusion"", ""reference1"": ""KMT2A"", ""reference2"": ""MLLT1"", ""type"": ""fusion"", ""des_level"": ""gene"", ""source"": [""COSMIC""]}"
e1496,KMT2A-AFF1 fusion,Entity,"{""displayName"": ""KMT2A-AFF1 fusion"", ""reference1"": ""KMT2A"", ""reference2"": ""AFF1"", ""type"": ""fusion"", ""des_level"": ""gene"", ""source"": [""COSMIC""]}"
e1497,KMT2A-AFDN fusion,Entity,"{""displayName"": ""KMT2A-AFDN fusion"", ""reference1"": ""KMT2A"", ""reference2"": ""AFDN"", ""type"": ""fusion"", ""des_level"": ""gene"", ""source"": [""COSMIC""]}"
e1498,KMT2A-ABI1 fusion,Entity,"{""displayName"": ""KMT2A-ABI1 fusion"", ""reference1"": ""KMT2A"", ""reference2"": ""ABI1"", ""type"": ""fusion"", ""des_level"": ""gene"", ""source"": [""COSMIC""]}"
e1499,KMT2A mutation,Entity,"{""displayName"": ""KMT2A mutation"", ""reference1"": ""KMT2A"", ""type"": ""mutation"", ""des_level"": ""gene"", ""source"": [""COSMIC""]}"
e1500,KMT2A fusion,Entity,"{""displayName"": ""KMT2A fusion"", ""reference1"": ""KMT2A"", ""type"": ""fusion"", ""des_level"": ""gene"", ""source"": [""OncoKB""]}"
e1501,KLLN promoter methylation,Entity,"{""displayName"": ""KLLN promoter methylation"", ""reference1"": ""KLLN"", ""type"": ""promoter methylation"", ""des_level"": ""gene"", ""source"": [""CIVIC""]}"
e1502,KLLN mutation,Entity,"{""displayName"": ""KLLN mutation"", ""reference1"": ""KLLN"", ""type"": ""mutation"", ""des_level"": ""gene"", ""source"": [""VH""]}"
e1503,KLF5 mutation,Entity,"{""displayName"": ""KLF5 mutation"", ""reference1"": ""KLF5"", ""type"": ""mutation"", ""des_level"": ""gene"", ""source"": [""VH""]}"
e1504,KLF5 E419Q,Entity,"{""displayName"": ""KLF5 E419Q"", ""reference1"": ""KLF5"", ""aa_change"": ""E419Q"", ""type"": ""substitution"", ""des_level"": ""individual"", ""source"": [""CIVIC""]}"
e1505,KLF5 E419K,Entity,"{""displayName"": ""KLF5 E419K"", ""reference1"": ""KLF5"", ""aa_change"": ""E419K"", ""type"": ""substitution"", ""des_level"": ""individual"", ""source"": [""CIVIC""]}"
e1506,KLF2 oncogenic mutation,Entity,"{""displayName"": ""KLF2 oncogenic mutation"", ""reference1"": ""KLF2"", ""type"": ""oncogenic mutation"", ""des_level"": ""gene"", ""source"": [""OncoKB""]}"
e1507,KLF2 mutation,Entity,"{""displayName"": ""KLF2 mutation"", ""reference1"": ""KLF2"", ""type"": ""mutation"", ""des_level"": ""gene"", ""source"": [""VH""]}"
e1508,KIT oncogenic mutation,Entity,"{""displayName"": ""KIT oncogenic mutation"", ""reference1"": ""KIT"", ""type"": ""oncogenic mutation"", ""des_level"": ""gene"", ""source"": [""OncoKB""]}"
e1509,KIT mutation,Entity,"{""displayName"": ""KIT mutation"", ""reference1"": ""KIT"", ""type"": ""mutation"", ""des_level"": ""gene"", ""source"": [""CIVIC"", ""COSMIC""]}"
e1510,KIT expression,Entity,"{""displayName"": ""KIT expression"", ""reference1"": ""KIT"", ""type"": ""expression"", ""des_level"": ""gene"", ""source"": [""CIVIC""]}"
e1511,KIT exon 9 mutation,Entity,"{""displayName"": ""KIT exon 9 mutation"", ""reference1"": ""KIT"", ""exon"": ""9"", ""type"": ""mutation"", ""des_level"": ""exon"", ""source"": [""CIVIC"", ""COSMIC"", ""CGI""]}"
e1512,KIT exon 18 mutation,Entity,"{""displayName"": ""KIT exon 18 mutation"", ""reference1"": ""KIT"", ""exon"": ""18"", ""type"": ""mutation"", ""des_level"": ""exon"", ""source"": [""COSMIC""]}"
e1513,KIT exon 17 mutation,Entity,"{""displayName"": ""KIT exon 17 mutation"", ""reference1"": ""KIT"", ""exon"": ""17"", ""type"": ""mutation"", ""des_level"": ""exon"", ""source"": [""COSMIC"", ""CGI""]}"
e1514,KIT exon 14 mutation,Entity,"{""displayName"": ""KIT exon 14 mutation"", ""reference1"": ""KIT"", ""exon"": ""14"", ""type"": ""mutation"", ""des_level"": ""exon"", ""source"": [""CIVIC"", ""COSMIC"", ""CGI""]}"
e1515,KIT exon 13 mutation,Entity,"{""displayName"": ""KIT exon 13 mutation"", ""reference1"": ""KIT"", ""exon"": ""13"", ""type"": ""mutation"", ""des_level"": ""exon"", ""source"": [""CIVIC"", ""COSMIC"", ""CGI""]}"
e1516,KIT exon 11 mutation,Entity,"{""displayName"": ""KIT exon 11 mutation"", ""reference1"": ""KIT"", ""exon"": ""11"", ""type"": ""mutation"", ""des_level"": ""exon"", ""source"": [""CIVIC"", ""COSMIC"", ""CGI""]}"
e1517,KIT exon 10 mutation,Entity,"{""displayName"": ""KIT exon 10 mutation"", ""reference1"": ""KIT"", ""exon"": ""10"", ""type"": ""mutation"", ""des_level"": ""exon"", ""source"": [""COSMIC""]}"
e1518,KIT amplification,Entity,"{""displayName"": ""KIT amplification"", ""reference1"": ""KIT"", ""type"": ""amplification"", ""des_level"": ""gene"", ""source"": [""CIVIC"", ""CGI""]}"
e1519,KIT amino acid 577-579 deletion,Entity,"{""displayName"": ""KIT amino acid 577-579 deletion"", ""reference1"": ""KIT"", ""amino_acid"": [577, 579], ""type"": ""deletion"", ""des_level"": ""amino acid"", ""source"": [""CGI""]}"
e1520,KIT amino acid 416-422 insertion,Entity,"{""displayName"": ""KIT amino acid 416-422 insertion"", ""reference1"": ""KIT"", ""amino_acid"": [416, 422], ""type"": ""insertion"", ""des_level"": ""amino acid"", ""source"": [""CGI""]}"
e1521,KIT amino acid 416-422 deletion,Entity,"{""displayName"": ""KIT amino acid 416-422 deletion"", ""reference1"": ""KIT"", ""amino_acid"": [416, 422], ""type"": ""deletion"", ""des_level"": ""amino acid"", ""source"": [""CGI""]}"
e1522,KIT Y823D,Entity,"{""displayName"": ""KIT Y823D"", ""reference1"": ""KIT"", ""aa_change"": ""Y823D"", ""type"": ""substitution"", ""des_level"": ""individual"", ""source"": [""CIVIC"", ""OncoKB"", ""CGI""]}"
e1523,KIT Y568_L576delinsCV,Entity,"{""displayName"": ""KIT Y568_L576delinsCV"", ""reference1"": ""KIT"", ""aa_change"": ""Y568_L576delinsCV"", ""type"": ""delins"", ""des_level"": ""individual"", ""source"": [""COSMIC""]}"
e1524,KIT Y553_K558del,Entity,"{""displayName"": ""KIT Y553_K558del"", ""reference1"": ""KIT"", ""aa_change"": ""Y553_K558del"", ""type"": ""deletion"", ""des_level"": ""individual"", ""source"": [""OncoKB"", ""COSMIC""]}"
e1525,KIT Y553N,Entity,"{""displayName"": ""KIT Y553N"", ""reference1"": ""KIT"", ""aa_change"": ""Y553N"", ""type"": ""substitution"", ""des_level"": ""individual"", ""source"": [""COSMIC"", ""CGI""]}"
e1526,KIT Y503_F504insAY,Entity,"{""displayName"": ""KIT Y503_F504insAY"", ""reference1"": ""KIT"", ""aa_change"": ""Y503_F504insAY"", ""type"": ""insertion"", ""des_level"": ""individual"", ""source"": [""CIVIC""]}"
e1527,KIT W557_V560delinsF,Entity,"{""displayName"": ""KIT W557_V560delinsF"", ""reference1"": ""KIT"", ""aa_change"": ""W557_V560delinsF"", ""type"": ""delins"", ""des_level"": ""individual"", ""source"": [""COSMIC""]}"
e1528,KIT W557_V560delinsC,Entity,"{""displayName"": ""KIT W557_V560delinsC"", ""reference1"": ""KIT"", ""aa_change"": ""W557_V560delinsC"", ""type"": ""delins"", ""des_level"": ""individual"", ""source"": [""COSMIC""]}"
e1529,KIT W557_K558del,Entity,"{""displayName"": ""KIT W557_K558del"", ""reference1"": ""KIT"", ""aa_change"": ""W557_K558del"", ""type"": ""deletion"", ""des_level"": ""individual"", ""source"": [""CIVIC"", ""COSMIC""]}"
e1530,KIT W557_E561del,Entity,"{""displayName"": ""KIT W557_E561del"", ""reference1"": ""KIT"", ""aa_change"": ""W557_E561del"", ""type"": ""deletion"", ""des_level"": ""individual"", ""source"": [""COSMIC""]}"
e1531,KIT W557R,Entity,"{""displayName"": ""KIT W557R"", ""reference1"": ""KIT"", ""aa_change"": ""W557R"", ""type"": ""substitution"", ""des_level"": ""individual"", ""source"": [""OncoKB"", ""COSMIC""]}"
e1532,KIT W557G,Entity,"{""displayName"": ""KIT W557G"", ""reference1"": ""KIT"", ""aa_change"": ""W557G"", ""type"": ""substitution"", ""des_level"": ""individual"", ""source"": [""OncoKB"", ""COSMIC""]}"
e1533,KIT V654A,Entity,"{""displayName"": ""KIT V654A"", ""reference1"": ""KIT"", ""aa_change"": ""V654A"", ""type"": ""substitution"", ""des_level"": ""individual"", ""source"": [""OncoKB"", ""COSMIC"", ""CIVIC"", ""CGI""]}"
e1534,KIT V560del,Entity,"{""displayName"": ""KIT V560del"", ""reference1"": ""KIT"", ""aa_change"": ""V560del"", ""type"": ""deletion"", ""des_level"": ""individual"", ""source"": [""OncoKB"", ""COSMIC"", ""CIVIC"", ""CGI""]}"
e1535,KIT V560_L576del,Entity,"{""displayName"": ""KIT V560_L576del"", ""reference1"": ""KIT"", ""aa_change"": ""V560_L576del"", ""type"": ""deletion"", ""des_level"": ""individual"", ""source"": [""CIVIC""]}"
e1536,KIT V560G,Entity,"{""displayName"": ""KIT V560G"", ""reference1"": ""KIT"", ""aa_change"": ""V560G"", ""type"": ""substitution"", ""des_level"": ""individual"", ""source"": [""OncoKB"", ""COSMIC"", ""CIVIC""]}"
e1537,KIT V560D,Entity,"{""displayName"": ""KIT V560D"", ""reference1"": ""KIT"", ""aa_change"": ""V560D"", ""type"": ""substitution"", ""des_level"": ""individual"", ""source"": [""OncoKB"", ""COSMIC"", ""CIVIC""]}"
e1538,KIT V559_V560del,Entity,"{""displayName"": ""KIT V559_V560del"", ""reference1"": ""KIT"", ""aa_change"": ""V559_V560del"", ""type"": ""deletion"", ""des_level"": ""individual"", ""source"": [""COSMIC""]}"
e1539,KIT V559_G565del,Entity,"{""displayName"": ""KIT V559_G565del"", ""reference1"": ""KIT"", ""aa_change"": ""V559_G565del"", ""type"": ""deletion"", ""des_level"": ""individual"", ""source"": [""COSMIC""]}"
e1540,KIT V559I,Entity,"{""displayName"": ""KIT V559I"", ""reference1"": ""KIT"", ""aa_change"": ""V559I"", ""type"": ""substitution"", ""des_level"": ""individual"", ""source"": [""CGI""]}"
e1541,KIT V559G,Entity,"{""displayName"": ""KIT V559G"", ""reference1"": ""KIT"", ""aa_change"": ""V559G"", ""type"": ""substitution"", ""des_level"": ""individual"", ""source"": [""COSMIC""]}"
e1542,KIT V559D,Entity,"{""displayName"": ""KIT V559D"", ""reference1"": ""KIT"", ""aa_change"": ""V559D"", ""type"": ""substitution"", ""des_level"": ""individual"", ""source"": [""CIVIC""]}"
e1543,KIT V559A,Entity,"{""displayName"": ""KIT V559A"", ""reference1"": ""KIT"", ""aa_change"": ""V559A"", ""type"": ""substitution"", ""des_level"": ""individual"", ""source"": [""OncoKB"", ""COSMIC""]}"
e1544,KIT V555_V559del,Entity,"{""displayName"": ""KIT V555_V559del"", ""reference1"": ""KIT"", ""aa_change"": ""V555_V559del"", ""type"": ""deletion"", ""des_level"": ""individual"", ""source"": [""CIVIC""]}"
e1545,KIT V530I,Entity,"{""displayName"": ""KIT V530I"", ""reference1"": ""KIT"", ""aa_change"": ""V530I"", ""type"": ""substitution"", ""des_level"": ""individual"", ""source"": [""COSMIC""]}"
e1546,KIT T670X,Entity,"{""displayName"": ""KIT T670X"", ""reference1"": ""KIT"", ""aa_change"": ""T670X"", ""type"": ""substitution"", ""des_level"": ""amino acid"", ""source"": [""CGI""]}"
e1547,KIT T670I,Entity,"{""displayName"": ""KIT T670I"", ""reference1"": ""KIT"", ""aa_change"": ""T670I"", ""type"": ""substitution"", ""des_level"": ""individual"", ""source"": [""CIVIC"", ""OncoKB"", ""CGI""]}"
e1548,KIT T417_D419delinsY,Entity,"{""displayName"": ""KIT T417_D419delinsY"", ""reference1"": ""KIT"", ""aa_change"": ""T417_D419delinsY"", ""type"": ""delins"", ""des_level"": ""individual"", ""source"": [""CIVIC""]}"
e1549,KIT S628N,Entity,"{""displayName"": ""KIT S628N"", ""reference1"": ""KIT"", ""aa_change"": ""S628N"", ""type"": ""substitution"", ""des_level"": ""individual"", ""source"": [""CIVIC""]}"
e1550,KIT R634Q,Entity,"{""displayName"": ""KIT R634Q"", ""reference1"": ""KIT"", ""aa_change"": ""R634Q"", ""type"": ""substitution"", ""des_level"": ""individual"", ""source"": [""COSMIC""]}"
e1551,KIT P577del,Entity,"{""displayName"": ""KIT P577del"", ""reference1"": ""KIT"", ""aa_change"": ""P577del"", ""type"": ""deletion"", ""des_level"": ""individual"", ""source"": [""OncoKB""]}"
e1552,KIT P577_D579del,Entity,"{""displayName"": ""KIT P577_D579del"", ""reference1"": ""KIT"", ""aa_change"": ""P577_D579del"", ""type"": ""deletion"", ""des_level"": ""individual"", ""source"": [""COSMIC""]}"
e1553,KIT P551_E554del,Entity,"{""displayName"": ""KIT P551_E554del"", ""reference1"": ""KIT"", ""aa_change"": ""P551_E554del"", ""type"": ""deletion"", ""des_level"": ""individual"", ""source"": [""COSMIC""]}"
e1554,KIT N882H,Entity,"{""displayName"": ""KIT N882H"", ""reference1"": ""KIT"", ""aa_change"": ""N882H"", ""type"": ""substitution"", ""des_level"": ""individual"", ""source"": [""COSMIC""]}"
e1555,KIT N822X,Entity,"{""displayName"": ""KIT N822X"", ""reference1"": ""KIT"", ""aa_change"": ""N822X"", ""type"": ""substitution"", ""des_level"": ""amino acid"", ""source"": [""OncoKB"", ""CGI""]}"
e1556,KIT N822K,Entity,"{""displayName"": ""KIT N822K"", ""reference1"": ""KIT"", ""aa_change"": ""N822K"", ""type"": ""substitution"", ""des_level"": ""individual"", ""source"": [""CIVIC"", ""COSMIC"", ""CGI""]}"
e1557,KIT N822H,Entity,"{""displayName"": ""KIT N822H"", ""reference1"": ""KIT"", ""aa_change"": ""N822H"", ""type"": ""substitution"", ""des_level"": ""individual"", ""source"": [""CIVIC""]}"
e1558,KIT M552_W557del,Entity,"{""displayName"": ""KIT M552_W557del"", ""reference1"": ""KIT"", ""aa_change"": ""M552_W557del"", ""type"": ""deletion"", ""des_level"": ""individual"", ""source"": [""COSMIC""]}"
e1559,KIT M541L,Entity,"{""displayName"": ""KIT M541L"", ""reference1"": ""KIT"", ""aa_change"": ""M541L"", ""type"": ""substitution"", ""des_level"": ""individual"", ""source"": [""CIVIC"", ""COSMIC""]}"
e1560,KIT L831P,Entity,"{""displayName"": ""KIT L831P"", ""reference1"": ""KIT"", ""aa_change"": ""L831P"", ""type"": ""substitution"", ""des_level"": ""individual"", ""source"": [""COSMIC""]}"
e1561,KIT L576del,Entity,"{""displayName"": ""KIT L576del"", ""reference1"": ""KIT"", ""aa_change"": ""L576del"", ""type"": ""deletion"", ""des_level"": ""individual"", ""source"": [""OncoKB""]}"
e1562,KIT L576P,Entity,"{""displayName"": ""KIT L576P"", ""reference1"": ""KIT"", ""aa_change"": ""L576P"", ""type"": ""substitution"", ""des_level"": ""individual"", ""source"": [""OncoKB"", ""COSMIC"", ""CIVIC""]}"
e1563,KIT K642E,Entity,"{""displayName"": ""KIT K642E"", ""reference1"": ""KIT"", ""aa_change"": ""K642E"", ""type"": ""substitution"", ""des_level"": ""individual"", ""source"": [""OncoKB"", ""COSMIC"", ""CIVIC""]}"
e1564,KIT K558delinsNP,Entity,"{""displayName"": ""KIT K558delinsNP"", ""reference1"": ""KIT"", ""aa_change"": ""K558delinsNP"", ""type"": ""delins"", ""des_level"": ""individual"", ""source"": [""CIVIC"", ""COSMIC""]}"
e1565,KIT K558_V559delinsN,Entity,"{""displayName"": ""KIT K558_V559delinsN"", ""reference1"": ""KIT"", ""aa_change"": ""K558_V559delinsN"", ""type"": ""delins"", ""des_level"": ""individual"", ""source"": [""COSMIC""]}"
e1566,KIT K558_V559del,Entity,"{""displayName"": ""KIT K558_V559del"", ""reference1"": ""KIT"", ""aa_change"": ""K558_V559del"", ""type"": ""deletion"", ""des_level"": ""individual"", ""source"": [""CIVIC"", ""COSMIC""]}"
e1567,KIT K550_W557delinsFL,Entity,"{""displayName"": ""KIT K550_W557delinsFL"", ""reference1"": ""KIT"", ""aa_change"": ""K550_W557delinsFL"", ""type"": ""delins"", ""des_level"": ""individual"", ""source"": [""COSMIC""]}"
e1568,KIT K550_W557del,Entity,"{""displayName"": ""KIT K550_W557del"", ""reference1"": ""KIT"", ""aa_change"": ""K550_W557del"", ""type"": ""deletion"", ""des_level"": ""individual"", ""source"": [""CIVIC""]}"
e1569,KIT K550_K559del,Entity,"{""displayName"": ""KIT K550_K559del"", ""reference1"": ""KIT"", ""aa_change"": ""K550_K559del"", ""type"": ""deletion"", ""des_level"": ""individual"", ""source"": [""CIVIC""]}"
e1570,KIT K550_K558del,Entity,"{""displayName"": ""KIT K550_K558del"", ""reference1"": ""KIT"", ""aa_change"": ""K550_K558del"", ""type"": ""deletion"", ""des_level"": ""individual"", ""source"": [""CIVIC"", ""COSMIC""]}"
e1571,KIT K484_G487del,Entity,"{""displayName"": ""KIT K484_G487del"", ""reference1"": ""KIT"", ""aa_change"": ""K484_G487del"", ""type"": ""deletion"", ""des_level"": ""individual"", ""source"": [""CIVIC""]}"
e1572,KIT H697Y,Entity,"{""displayName"": ""KIT H697Y"", ""reference1"": ""KIT"", ""aa_change"": ""H697Y"", ""type"": ""substitution"", ""des_level"": ""individual"", ""source"": [""CGI""]}"
e1573,KIT F522C,Entity,"{""displayName"": ""KIT F522C"", ""reference1"": ""KIT"", ""aa_change"": ""F522C"", ""type"": ""substitution"", ""des_level"": ""individual"", ""source"": [""COSMIC""]}"
e1574,KIT F506_F508dup,Entity,"{""displayName"": ""KIT F506_F508dup"", ""reference1"": ""KIT"", ""aa_change"": ""F506_F508dup"", ""type"": ""duplication"", ""des_level"": ""individual"", ""source"": [""CIVIC""]}"
e1575,KIT E554_K558del,Entity,"{""displayName"": ""KIT E554_K558del"", ""reference1"": ""KIT"", ""aa_change"": ""E554_K558del"", ""type"": ""deletion"", ""des_level"": ""individual"", ""source"": [""COSMIC""]}"
e1576,KIT E554_I571del,Entity,"{""displayName"": ""KIT E554_I571del"", ""reference1"": ""KIT"", ""aa_change"": ""E554_I571del"", ""type"": ""deletion"", ""des_level"": ""individual"", ""source"": [""COSMIC""]}"
e1577,KIT D820Y,Entity,"{""displayName"": ""KIT D820Y"", ""reference1"": ""KIT"", ""aa_change"": ""D820Y"", ""type"": ""substitution"", ""des_level"": ""individual"", ""source"": [""CIVIC"", ""COSMIC"", ""CGI""]}"
e1578,KIT D820X,Entity,"{""displayName"": ""KIT D820X"", ""reference1"": ""KIT"", ""aa_change"": ""D820X"", ""type"": ""substitution"", ""des_level"": ""amino acid"", ""source"": [""OncoKB"", ""CGI""]}"
e1579,KIT D820G,Entity,"{""displayName"": ""KIT D820G"", ""reference1"": ""KIT"", ""aa_change"": ""D820G"", ""type"": ""substitution"", ""des_level"": ""individual"", ""source"": [""CIVIC"", ""COSMIC""]}"
e1580,KIT D820E,Entity,"{""displayName"": ""KIT D820E"", ""reference1"": ""KIT"", ""aa_change"": ""D820E"", ""type"": ""substitution"", ""des_level"": ""individual"", ""source"": [""COSMIC"", ""CGI""]}"
e1581,KIT D820A,Entity,"{""displayName"": ""KIT D820A"", ""reference1"": ""KIT"", ""aa_change"": ""D820A"", ""type"": ""substitution"", ""des_level"": ""individual"", ""source"": [""CIVIC""]}"
e1582,KIT D816Y,Entity,"{""displayName"": ""KIT D816Y"", ""reference1"": ""KIT"", ""aa_change"": ""D816Y"", ""type"": ""substitution"", ""des_level"": ""individual"", ""source"": [""CGI""]}"
e1583,KIT D816X,Entity,"{""displayName"": ""KIT D816X"", ""reference1"": ""KIT"", ""aa_change"": ""D816X"", ""type"": ""substitution"", ""des_level"": ""amino acid"", ""source"": [""OncoKB"", ""CGI""]}"
e1584,KIT D816V,Entity,"{""displayName"": ""KIT D816V"", ""reference1"": ""KIT"", ""aa_change"": ""D816V"", ""type"": ""substitution"", ""des_level"": ""individual"", ""source"": [""OncoKB"", ""COSMIC"", ""CIVIC"", ""CGI""]}"
e1585,KIT D816H,Entity,"{""displayName"": ""KIT D816H"", ""reference1"": ""KIT"", ""aa_change"": ""D816H"", ""type"": ""substitution"", ""des_level"": ""individual"", ""source"": [""CIVIC""]}"
e1586,KIT D816F,Entity,"{""displayName"": ""KIT D816F"", ""reference1"": ""KIT"", ""aa_change"": ""D816F"", ""type"": ""substitution"", ""des_level"": ""individual"", ""source"": [""CGI""]}"
e1587,KIT D816E,Entity,"{""displayName"": ""KIT D816E"", ""reference1"": ""KIT"", ""aa_change"": ""D816E"", ""type"": ""substitution"", ""des_level"": ""individual"", ""source"": [""CIVIC"", ""COSMIC""]}"
e1588,KIT D579del,Entity,"{""displayName"": ""KIT D579del"", ""reference1"": ""KIT"", ""aa_change"": ""D579del"", ""type"": ""deletion"", ""des_level"": ""individual"", ""source"": [""CIVIC"", ""OncoKB""]}"
e1589,KIT D579_H580insPYD,Entity,"{""displayName"": ""KIT D579_H580insPYD"", ""reference1"": ""KIT"", ""aa_change"": ""D579_H580insPYD"", ""type"": ""insertion"", ""des_level"": ""individual"", ""source"": [""COSMIC""]}"
e1590,KIT C809G,Entity,"{""displayName"": ""KIT C809G"", ""reference1"": ""KIT"", ""aa_change"": ""C809G"", ""type"": ""substitution"", ""des_level"": ""individual"", ""source"": [""CIVIC"", ""OncoKB"", ""CGI""]}"
e1591,KIT A829P,Entity,"{""displayName"": ""KIT A829P"", ""reference1"": ""KIT"", ""aa_change"": ""A829P"", ""type"": ""substitution"", ""des_level"": ""individual"", ""source"": [""OncoKB"", ""COSMIC"", ""CIVIC"", ""CGI""]}"
e1592,KIT A502_Y503insAY,Entity,"{""displayName"": ""KIT A502_Y503insAY"", ""reference1"": ""KIT"", ""aa_change"": ""A502_Y503insAY"", ""type"": ""insertion"", ""des_level"": ""individual"", ""source"": [""CIVIC""]}"
e1593,KIT A502_Y503dup,Entity,"{""displayName"": ""KIT A502_Y503dup"", ""reference1"": ""KIT"", ""aa_change"": ""A502_Y503dup"", ""type"": ""duplication"", ""des_level"": ""individual"", ""source"": [""COSMIC""]}"
e1594,KIF5B-RET fusion,Entity,"{""displayName"": ""KIF5B-RET fusion"", ""reference1"": ""KIF5B"", ""reference2"": ""RET"", ""type"": ""fusion"", ""des_level"": ""gene"", ""source"": [""CIVIC"", ""COSMIC""]}"
e1595,KIF5B-EGFR fusion,Entity,"{""displayName"": ""KIF5B-EGFR fusion"", ""reference1"": ""KIF5B"", ""reference2"": ""EGFR"", ""type"": ""fusion"", ""des_level"": ""gene"", ""source"": [""CIVIC""]}"
e1596,KIF5B mutation,Entity,"{""displayName"": ""KIF5B mutation"", ""reference1"": ""KIF5B"", ""type"": ""mutation"", ""des_level"": ""gene"", ""source"": [""VH""]}"
e1597,KIF23 mutation,Entity,"{""displayName"": ""KIF23 mutation"", ""reference1"": ""KIF23"", ""type"": ""mutation"", ""des_level"": ""gene"", ""source"": [""VH""]}"
e1598,KIF23 expression,Entity,"{""displayName"": ""KIF23 expression"", ""reference1"": ""KIF23"", ""type"": ""expression"", ""des_level"": ""gene"", ""source"": [""CIVIC""]}"
e1599,KIAA1549-BRAF fusion,Entity,"{""displayName"": ""KIAA1549-BRAF fusion"", ""reference1"": ""KIAA1549"", ""reference2"": ""BRAF"", ""type"": ""fusion"", ""des_level"": ""gene"", ""source"": [""CIVIC"", ""COSMIC""]}"
e1600,KIAA1549 mutation,Entity,"{""displayName"": ""KIAA1549 mutation"", ""reference1"": ""KIAA1549"", ""type"": ""mutation"", ""des_level"": ""gene"", ""source"": [""VH""]}"
e1601,KDR mutation,Entity,"{""displayName"": ""KDR mutation"", ""reference1"": ""KDR"", ""type"": ""mutation"", ""des_level"": ""gene"", ""source"": [""COSMIC""]}"
e1602,KDR R961W,Entity,"{""displayName"": ""KDR R961W"", ""reference1"": ""KDR"", ""aa_change"": ""R961W"", ""type"": ""substitution"", ""des_level"": ""individual"", ""source"": [""CIVIC""]}"
e1603,KDR R1032Q,Entity,"{""displayName"": ""KDR R1032Q"", ""reference1"": ""KDR"", ""aa_change"": ""R1032Q"", ""type"": ""substitution"", ""des_level"": ""individual"", ""source"": [""CIVIC""]}"
e1604,KDR D717V,Entity,"{""displayName"": ""KDR D717V"", ""reference1"": ""KDR"", ""aa_change"": ""D717V"", ""type"": ""substitution"", ""des_level"": ""individual"", ""source"": [""CIVIC""]}"
e1605,KDR A1065T,Entity,"{""displayName"": ""KDR A1065T"", ""reference1"": ""KDR"", ""aa_change"": ""A1065T"", ""type"": ""substitution"", ""des_level"": ""individual"", ""source"": [""CIVIC"", ""CGI""]}"
e1606,KDM6A oncogenic mutation,Entity,"{""displayName"": ""KDM6A oncogenic mutation"", ""reference1"": ""KDM6A"", ""type"": ""oncogenic mutation"", ""des_level"": ""gene"", ""source"": [""OncoKB""]}"
e1607,KDM6A mutation,Entity,"{""displayName"": ""KDM6A mutation"", ""reference1"": ""KDM6A"", ""type"": ""mutation"", ""des_level"": ""gene"", ""source"": [""VH""]}"
e1608,KCNJ5 mutation,Entity,"{""displayName"": ""KCNJ5 mutation"", ""reference1"": ""KCNJ5"", ""type"": ""mutation"", ""des_level"": ""gene"", ""source"": [""VH""]}"
e1609,KCNJ5 L168R,Entity,"{""displayName"": ""KCNJ5 L168R"", ""reference1"": ""KCNJ5"", ""aa_change"": ""L168R"", ""type"": ""substitution"", ""des_level"": ""individual"", ""source"": [""CGI""]}"
e1610,KAT6A-CREBBP fusion,Entity,"{""displayName"": ""KAT6A-CREBBP fusion"", ""reference1"": ""KAT6A"", ""reference2"": ""CREBBP"", ""type"": ""fusion"", ""des_level"": ""gene"", ""source"": [""OncoKB"", ""COSMIC""]}"
e1611,KAT6A mutation,Entity,"{""displayName"": ""KAT6A mutation"", ""reference1"": ""KAT6A"", ""type"": ""mutation"", ""des_level"": ""gene"", ""source"": [""VH""]}"
e1612,KANK4-ALK fusion,Entity,"{""displayName"": ""KANK4-ALK fusion"", ""reference1"": ""KANK4"", ""reference2"": ""ALK"", ""type"": ""fusion"", ""des_level"": ""gene"", ""source"": [""CIVIC""]}"
e1613,KANK4 mutation,Entity,"{""displayName"": ""KANK4 mutation"", ""reference1"": ""KANK4"", ""type"": ""mutation"", ""des_level"": ""gene"", ""source"": [""VH""]}"
e1614,KANK1-NTRK2 fusion,Entity,"{""displayName"": ""KANK1-NTRK2 fusion"", ""reference1"": ""KANK1"", ""reference2"": ""NTRK2"", ""type"": ""fusion"", ""des_level"": ""gene"", ""source"": [""CIVIC""]}"
e1615,KANK1 mutation,Entity,"{""displayName"": ""KANK1 mutation"", ""reference1"": ""KANK1"", ""type"": ""mutation"", ""des_level"": ""gene"", ""source"": [""VH""]}"
e1616,JUN overexpression,Entity,"{""displayName"": ""JUN overexpression"", ""reference1"": ""JUN"", ""type"": ""overexpression"", ""des_level"": ""gene"", ""source"": [""CIVIC""]}"
e1617,JUN mutation,Entity,"{""displayName"": ""JUN mutation"", ""reference1"": ""JUN"", ""type"": ""mutation"", ""des_level"": ""gene"", ""source"": [""VH""]}"
e1618,JAK3 oncogenic mutation,Entity,"{""displayName"": ""JAK3 oncogenic mutation"", ""reference1"": ""JAK3"", ""type"": ""oncogenic mutation"", ""des_level"": ""gene"", ""source"": [""OncoKB""]}"
e1619,JAK3 mutation,Entity,"{""displayName"": ""JAK3 mutation"", ""reference1"": ""JAK3"", ""type"": ""mutation"", ""des_level"": ""gene"", ""source"": [""COSMIC""]}"
e1620,JAK3 R657Q,Entity,"{""displayName"": ""JAK3 R657Q"", ""reference1"": ""JAK3"", ""aa_change"": ""R657Q"", ""type"": ""substitution"", ""des_level"": ""individual"", ""source"": [""CGI""]}"
e1621,JAK3 Q501H,Entity,"{""displayName"": ""JAK3 Q501H"", ""reference1"": ""JAK3"", ""aa_change"": ""Q501H"", ""type"": ""substitution"", ""des_level"": ""individual"", ""source"": [""CGI""]}"
e1622,JAK3 I87T,Entity,"{""displayName"": ""JAK3 I87T"", ""reference1"": ""JAK3"", ""aa_change"": ""I87T"", ""type"": ""substitution"", ""des_level"": ""individual"", ""source"": [""CGI""]}"
e1623,JAK3 A573V,Entity,"{""displayName"": ""JAK3 A573V"", ""reference1"": ""JAK3"", ""aa_change"": ""A573V"", ""type"": ""substitution"", ""des_level"": ""individual"", ""source"": [""CGI""]}"
e1624,JAK3 A572V,Entity,"{""displayName"": ""JAK3 A572V"", ""reference1"": ""JAK3"", ""aa_change"": ""A572V"", ""type"": ""substitution"", ""des_level"": ""individual"", ""source"": [""CGI""]}"
e1625,JAK2-BRAF fusion,Entity,"{""displayName"": ""JAK2-BRAF fusion"", ""reference1"": ""JAK2"", ""reference2"": ""BRAF"", ""type"": ""fusion"", ""des_level"": ""gene"", ""source"": [""CGI""]}"
e1626,JAK2 oncogenic mutation,Entity,"{""displayName"": ""JAK2 oncogenic mutation"", ""reference1"": ""JAK2"", ""type"": ""oncogenic mutation"", ""des_level"": ""gene"", ""source"": [""OncoKB"", ""CGI""]}"
e1627,JAK2 mutation,Entity,"{""displayName"": ""JAK2 mutation"", ""reference1"": ""JAK2"", ""type"": ""mutation"", ""des_level"": ""gene"", ""source"": [""COSMIC""]}"
e1628,JAK2 fusion,Entity,"{""displayName"": ""JAK2 fusion"", ""reference1"": ""JAK2"", ""type"": ""fusion"", ""des_level"": ""gene"", ""source"": [""OncoKB"", ""COSMIC""]}"
e1629,JAK2 exon 16 mutation,Entity,"{""displayName"": ""JAK2 exon 16 mutation"", ""reference1"": ""JAK2"", ""exon"": ""16"", ""type"": ""mutation"", ""des_level"": ""exon"", ""source"": [""COSMIC""]}"
e1630,JAK2 exon 14 mutation,Entity,"{""displayName"": ""JAK2 exon 14 mutation"", ""reference1"": ""JAK2"", ""exon"": ""14"", ""type"": ""mutation"", ""des_level"": ""exon"", ""source"": [""COSMIC""]}"
e1631,JAK2 exon 12 mutation,Entity,"{""displayName"": ""JAK2 exon 12 mutation"", ""reference1"": ""JAK2"", ""exon"": ""12"", ""type"": ""mutation"", ""des_level"": ""exon"", ""source"": [""COSMIC""]}"
e1632,JAK2 exon 12 missense mutation,Entity,"{""displayName"": ""JAK2 exon 12 missense mutation"", ""reference1"": ""JAK2"", ""exon"": ""12"", ""type"": ""missense mutation"", ""des_level"": ""exon"", ""source"": [""OncoKB""]}"
e1633,JAK2 exon 12 in-frame insertion,Entity,"{""displayName"": ""JAK2 exon 12 in-frame insertion"", ""reference1"": ""JAK2"", ""exon"": ""12"", ""type"": ""in-frame insertion"", ""des_level"": ""exon"", ""source"": [""OncoKB""]}"
e1634,JAK2 exon 12 in-frame deletion,Entity,"{""displayName"": ""JAK2 exon 12 in-frame deletion"", ""reference1"": ""JAK2"", ""exon"": ""12"", ""type"": ""in-frame deletion"", ""des_level"": ""exon"", ""source"": [""OncoKB""]}"
e1635,JAK2 amplification,Entity,"{""displayName"": ""JAK2 amplification"", ""reference1"": ""JAK2"", ""type"": ""amplification"", ""des_level"": ""gene"", ""source"": [""CGI""]}"
e1636,JAK2 V617F,Entity,"{""displayName"": ""JAK2 V617F"", ""reference1"": ""JAK2"", ""aa_change"": ""V617F"", ""type"": ""substitution"", ""des_level"": ""individual"", ""source"": [""OncoKB"", ""COSMIC"", ""CIVIC"", ""CGI""]}"
e1637,JAK2 F694L,Entity,"{""displayName"": ""JAK2 F694L"", ""reference1"": ""JAK2"", ""aa_change"": ""F694L"", ""type"": ""substitution"", ""des_level"": ""individual"", ""source"": [""CIVIC""]}"
e1638,JAK1 overexpression,Entity,"{""displayName"": ""JAK1 overexpression"", ""reference1"": ""JAK1"", ""type"": ""overexpression"", ""des_level"": ""gene"", ""source"": [""CIVIC""]}"
e1639,JAK1 oncogenic mutation,Entity,"{""displayName"": ""JAK1 oncogenic mutation"", ""reference1"": ""JAK1"", ""type"": ""oncogenic mutation"", ""des_level"": ""gene"", ""source"": [""OncoKB"", ""CGI""]}"
e1640,JAK1 mutation,Entity,"{""displayName"": ""JAK1 mutation"", ""reference1"": ""JAK1"", ""type"": ""mutation"", ""des_level"": ""gene"", ""source"": [""COSMIC""]}"
e1641,JAK1 S703I,Entity,"{""displayName"": ""JAK1 S703I"", ""reference1"": ""JAK1"", ""aa_change"": ""S703I"", ""type"": ""substitution"", ""des_level"": ""individual"", ""source"": [""CIVIC""]}"
e1642,JAK1 S646F,Entity,"{""displayName"": ""JAK1 S646F"", ""reference1"": ""JAK1"", ""aa_change"": ""S646F"", ""type"": ""substitution"", ""des_level"": ""individual"", ""source"": [""CGI""]}"
e1643,JAK1 R683X,Entity,"{""displayName"": ""JAK1 R683X"", ""reference1"": ""JAK1"", ""aa_change"": ""R683X"", ""type"": ""substitution"", ""des_level"": ""amino acid"", ""source"": [""CGI""]}"
e1644,JAK1 Q503*,Entity,"{""displayName"": ""JAK1 Q503*"", ""reference1"": ""JAK1"", ""aa_change"": ""Q503*"", ""type"": ""stop gained"", ""des_level"": ""individual"", ""source"": [""CIVIC""]}"
e1645,ITK-SYK fusion,Entity,"{""displayName"": ""ITK-SYK fusion"", ""reference1"": ""ITK"", ""reference2"": ""SYK"", ""type"": ""fusion"", ""des_level"": ""gene"", ""source"": [""COSMIC""]}"
e1646,ITK mutation,Entity,"{""displayName"": ""ITK mutation"", ""reference1"": ""ITK"", ""type"": ""mutation"", ""des_level"": ""gene"", ""source"": [""VH""]}"
e1647,IRF4 mutation,Entity,"{""displayName"": ""IRF4 mutation"", ""reference1"": ""IRF4"", ""type"": ""mutation"", ""des_level"": ""gene"", ""source"": [""VH""]}"
e1648,IRF4 fusion,Entity,"{""displayName"": ""IRF4 fusion"", ""reference1"": ""IRF4"", ""type"": ""fusion"", ""des_level"": ""gene"", ""source"": [""OncoKB""]}"
e1649,INPP4B oncogenic mutation,Entity,"{""displayName"": ""INPP4B oncogenic mutation"", ""reference1"": ""INPP4B"", ""type"": ""oncogenic mutation"", ""des_level"": ""gene"", ""source"": [""CGI""]}"
e1650,INPP4B mutation,Entity,"{""displayName"": ""INPP4B mutation"", ""reference1"": ""INPP4B"", ""type"": ""mutation"", ""des_level"": ""gene"", ""source"": [""VH""]}"
e1651,INPP4B copy loss,Entity,"{""displayName"": ""INPP4B copy loss"", ""reference1"": ""INPP4B"", ""type"": ""copy loss"", ""des_level"": ""gene"", ""source"": [""CGI""]}"
e1652,IL7R oncogenic mutation,Entity,"{""displayName"": ""IL7R oncogenic mutation"", ""reference1"": ""IL7R"", ""type"": ""oncogenic mutation"", ""des_level"": ""gene"", ""source"": [""OncoKB""]}"
e1653,IL7R mutation,Entity,"{""displayName"": ""IL7R mutation"", ""reference1"": ""IL7R"", ""type"": ""mutation"", ""des_level"": ""gene"", ""source"": [""COSMIC""]}"
e1654,IL7R fusion,Entity,"{""displayName"": ""IL7R fusion"", ""reference1"": ""IL7R"", ""type"": ""fusion"", ""des_level"": ""gene"", ""source"": [""COSMIC""]}"
e1655,IL7R amino acid 237-255 insertion,Entity,"{""displayName"": ""IL7R amino acid 237-255 insertion"", ""reference1"": ""IL7R"", ""amino_acid"": [237, 255], ""type"": ""insertion"", ""des_level"": ""amino acid"", ""source"": [""CGI""]}"
e1656,IL7R amino acid 237-255 deletion,Entity,"{""displayName"": ""IL7R amino acid 237-255 deletion"", ""reference1"": ""IL7R"", ""amino_acid"": [237, 255], ""type"": ""deletion"", ""des_level"": ""amino acid"", ""source"": [""CGI""]}"
e1657,IL7R S185C,Entity,"{""displayName"": ""IL7R S185C"", ""reference1"": ""IL7R"", ""aa_change"": ""S185C"", ""type"": ""substitution"", ""des_level"": ""individual"", ""source"": [""CGI""]}"
e1658,IL6 overexpression,Entity,"{""displayName"": ""IL6 overexpression"", ""reference1"": ""IL6"", ""type"": ""overexpression"", ""des_level"": ""gene"", ""source"": [""CIVIC""]}"
e1659,IL6 mutation,Entity,"{""displayName"": ""IL6 mutation"", ""reference1"": ""IL6"", ""type"": ""mutation"", ""des_level"": ""gene"", ""source"": [""VH""]}"
e1660,IKZF1 mutation,Entity,"{""displayName"": ""IKZF1 mutation"", ""reference1"": ""IKZF1"", ""type"": ""mutation"", ""des_level"": ""gene"", ""source"": [""CIVIC"", ""COSMIC""]}"
e1661,IKZF1 deletion,Entity,"{""displayName"": ""IKZF1 deletion"", ""reference1"": ""IKZF1"", ""type"": ""deletion"", ""des_level"": ""gene"", ""source"": [""CIVIC"", ""OncoKB""]}"
e1662,IKZF1 absent,Entity,"{""displayName"": ""IKZF1 absent"", ""reference1"": ""IKZF1"", ""type"": ""absent"", ""des_level"": ""gene"", ""source"": [""COSMIC""]}"
e1663,IGH-MALT1 fusion,Entity,"{""displayName"": ""IGH-MALT1 fusion"", ""reference1"": ""IGH"", ""reference2"": ""MALT1"", ""type"": ""fusion"", ""des_level"": ""gene"", ""source"": [""OncoKB""]}"
e1664,IGH-MAFB fusion,Entity,"{""displayName"": ""IGH-MAFB fusion"", ""reference1"": ""IGH"", ""reference2"": ""MAFB"", ""type"": ""fusion"", ""des_level"": ""gene"", ""source"": [""OncoKB""]}"
e1665,IGH-MAF fusion,Entity,"{""displayName"": ""IGH-MAF fusion"", ""reference1"": ""IGH"", ""reference2"": ""MAF"", ""type"": ""fusion"", ""des_level"": ""gene"", ""source"": [""OncoKB""]}"
e1666,IGH-IL3 fusion,Entity,"{""displayName"": ""IGH-IL3 fusion"", ""reference1"": ""IGH"", ""reference2"": ""IL3"", ""type"": ""fusion"", ""des_level"": ""gene"", ""source"": [""OncoKB""]}"
e1667,IGH-FOXP1 fusion,Entity,"{""displayName"": ""IGH-FOXP1 fusion"", ""reference1"": ""IGH"", ""reference2"": ""FOXP1"", ""type"": ""fusion"", ""des_level"": ""gene"", ""source"": [""OncoKB""]}"
e1668,IGH-FGFR3 fusion,Entity,"{""displayName"": ""IGH-FGFR3 fusion"", ""reference1"": ""IGH"", ""reference2"": ""FGFR3"", ""type"": ""fusion"", ""des_level"": ""gene"", ""source"": [""OncoKB""]}"
e1669,IGH-CRLF2 fusion,Entity,"{""displayName"": ""IGH-CRLF2 fusion"", ""reference1"": ""IGH"", ""reference2"": ""CRLF2"", ""type"": ""fusion"", ""des_level"": ""gene"", ""source"": [""CIVIC""]}"
e1670,IGH-CCND3 fusion,Entity,"{""displayName"": ""IGH-CCND3 fusion"", ""reference1"": ""IGH"", ""reference2"": ""CCND3"", ""type"": ""fusion"", ""des_level"": ""gene"", ""source"": [""OncoKB""]}"
e1671,IGH-CCND1 fusion,Entity,"{""displayName"": ""IGH-CCND1 fusion"", ""reference1"": ""IGH"", ""reference2"": ""CCND1"", ""type"": ""fusion"", ""des_level"": ""gene"", ""source"": [""OncoKB""]}"
e1672,IGH-BCL2 fusion,Entity,"{""displayName"": ""IGH-BCL2 fusion"", ""reference1"": ""IGH"", ""reference2"": ""BCL2"", ""type"": ""fusion"", ""des_level"": ""gene"", ""source"": [""OncoKB""]}"
e1673,IGH-BCL10 fusion,Entity,"{""displayName"": ""IGH-BCL10 fusion"", ""reference1"": ""IGH"", ""reference2"": ""BCL10"", ""type"": ""fusion"", ""des_level"": ""gene"", ""source"": [""OncoKB""]}"
e1674,IGH mutation,Entity,"{""displayName"": ""IGH mutation"", ""reference1"": ""IGH"", ""type"": ""mutation"", ""des_level"": ""gene"", ""source"": [""VH""]}"
e1675,IGF2 overexpression,Entity,"{""displayName"": ""IGF2 overexpression"", ""reference1"": ""IGF2"", ""type"": ""overexpression"", ""des_level"": ""gene"", ""source"": [""CIVIC""]}"
e1676,IGF2 mutation,Entity,"{""displayName"": ""IGF2 mutation"", ""reference1"": ""IGF2"", ""type"": ""mutation"", ""des_level"": ""gene"", ""source"": [""VH""]}"
e1677,IGF2 amplification,Entity,"{""displayName"": ""IGF2 amplification"", ""reference1"": ""IGF2"", ""type"": ""amplification"", ""des_level"": ""gene"", ""source"": [""CGI""]}"
e1678,IGF1R overexpression,Entity,"{""displayName"": ""IGF1R overexpression"", ""reference1"": ""IGF1R"", ""type"": ""overexpression"", ""des_level"": ""gene"", ""source"": [""CIVIC""]}"
e1679,IGF1R mutation,Entity,"{""displayName"": ""IGF1R mutation"", ""reference1"": ""IGF1R"", ""type"": ""mutation"", ""des_level"": ""gene"", ""source"": [""COSMIC""]}"
e1680,IGF1R expression,Entity,"{""displayName"": ""IGF1R expression"", ""reference1"": ""IGF1R"", ""type"": ""expression"", ""des_level"": ""gene"", ""source"": [""CIVIC""]}"
e1681,IGF1R amplification,Entity,"{""displayName"": ""IGF1R amplification"", ""reference1"": ""IGF1R"", ""type"": ""amplification"", ""des_level"": ""gene"", ""source"": [""CGI""]}"
e1682,IDH2 oncogenic mutation,Entity,"{""displayName"": ""IDH2 oncogenic mutation"", ""reference1"": ""IDH2"", ""type"": ""oncogenic mutation"", ""des_level"": ""gene"", ""source"": [""OncoKB"", ""CGI""]}"
e1683,IDH2 mutation,Entity,"{""displayName"": ""IDH2 mutation"", ""reference1"": ""IDH2"", ""type"": ""mutation"", ""des_level"": ""gene"", ""source"": [""CIVIC"", ""COSMIC""]}"
e1684,IDH2 exon 4 mutation,Entity,"{""displayName"": ""IDH2 exon 4 mutation"", ""reference1"": ""IDH2"", ""exon"": ""4"", ""type"": ""mutation"", ""des_level"": ""exon"", ""source"": [""COSMIC""]}"
e1685,IDH2 V305M,Entity,"{""displayName"": ""IDH2 V305M"", ""reference1"": ""IDH2"", ""aa_change"": ""V305M"", ""type"": ""substitution"", ""des_level"": ""individual"", ""source"": [""COSMIC""]}"
e1686,IDH2 R172X,Entity,"{""displayName"": ""IDH2 R172X"", ""reference1"": ""IDH2"", ""aa_change"": ""R172X"", ""type"": ""substitution"", ""des_level"": ""amino acid"", ""source"": [""CIVIC"", ""COSMIC"", ""CGI""]}"
e1687,IDH2 R172W,Entity,"{""displayName"": ""IDH2 R172W"", ""reference1"": ""IDH2"", ""aa_change"": ""R172W"", ""type"": ""substitution"", ""des_level"": ""individual"", ""source"": [""CIVIC"", ""OncoKB""]}"
e1688,IDH2 R172S,Entity,"{""displayName"": ""IDH2 R172S"", ""reference1"": ""IDH2"", ""aa_change"": ""R172S"", ""type"": ""substitution"", ""des_level"": ""individual"", ""source"": [""OncoKB""]}"
e1689,IDH2 R172M,Entity,"{""displayName"": ""IDH2 R172M"", ""reference1"": ""IDH2"", ""aa_change"": ""R172M"", ""type"": ""substitution"", ""des_level"": ""individual"", ""source"": [""OncoKB""]}"
e1690,IDH2 R172K,Entity,"{""displayName"": ""IDH2 R172K"", ""reference1"": ""IDH2"", ""aa_change"": ""R172K"", ""type"": ""substitution"", ""des_level"": ""individual"", ""source"": [""OncoKB"", ""COSMIC"", ""CIVIC"", ""CGI""]}"
e1691,IDH2 R172G,Entity,"{""displayName"": ""IDH2 R172G"", ""reference1"": ""IDH2"", ""aa_change"": ""R172G"", ""type"": ""substitution"", ""des_level"": ""individual"", ""source"": [""CIVIC"", ""OncoKB""]}"
e1692,IDH2 R140X,Entity,"{""displayName"": ""IDH2 R140X"", ""reference1"": ""IDH2"", ""aa_change"": ""R140X"", ""type"": ""substitution"", ""des_level"": ""amino acid"", ""source"": [""CIVIC"", ""COSMIC""]}"
e1693,IDH2 R140W,Entity,"{""displayName"": ""IDH2 R140W"", ""reference1"": ""IDH2"", ""aa_change"": ""R140W"", ""type"": ""substitution"", ""des_level"": ""individual"", ""source"": [""OncoKB""]}"
e1694,IDH2 R140Q,Entity,"{""displayName"": ""IDH2 R140Q"", ""reference1"": ""IDH2"", ""aa_change"": ""R140Q"", ""type"": ""substitution"", ""des_level"": ""individual"", ""source"": [""OncoKB"", ""COSMIC""]}"
e1695,IDH2 R140L,Entity,"{""displayName"": ""IDH2 R140L"", ""reference1"": ""IDH2"", ""aa_change"": ""R140L"", ""type"": ""substitution"", ""des_level"": ""individual"", ""source"": [""OncoKB""]}"
e1696,IDH2 R140K,Entity,"{""displayName"": ""IDH2 R140K"", ""reference1"": ""IDH2"", ""aa_change"": ""R140K"", ""type"": ""substitution"", ""des_level"": ""individual"", ""source"": [""CGI""]}"
e1697,IDH2 R140G,Entity,"{""displayName"": ""IDH2 R140G"", ""reference1"": ""IDH2"", ""aa_change"": ""R140G"", ""type"": ""substitution"", ""des_level"": ""individual"", ""source"": [""OncoKB""]}"
e1698,IDH1 oncogenic mutation,Entity,"{""displayName"": ""IDH1 oncogenic mutation"", ""reference1"": ""IDH1"", ""type"": ""oncogenic mutation"", ""des_level"": ""gene"", ""source"": [""OncoKB"", ""CGI""]}"
e1699,IDH1 mutation,Entity,"{""displayName"": ""IDH1 mutation"", ""reference1"": ""IDH1"", ""type"": ""mutation"", ""des_level"": ""gene"", ""source"": [""CIVIC"", ""COSMIC""]}"
e1700,IDH1 R132X,Entity,"{""displayName"": ""IDH1 R132X"", ""reference1"": ""IDH1"", ""aa_change"": ""R132X"", ""type"": ""substitution"", ""des_level"": ""amino acid"", ""source"": [""OncoKB"", ""COSMIC"", ""CIVIC"", ""CGI""]}"
e1701,IDH1 R132S,Entity,"{""displayName"": ""IDH1 R132S"", ""reference1"": ""IDH1"", ""aa_change"": ""R132S"", ""type"": ""substitution"", ""des_level"": ""individual"", ""source"": [""OncoKB"", ""COSMIC"", ""CIVIC"", ""CGI""]}"
e1702,IDH1 R132L,Entity,"{""displayName"": ""IDH1 R132L"", ""reference1"": ""IDH1"", ""aa_change"": ""R132L"", ""type"": ""substitution"", ""des_level"": ""individual"", ""source"": [""OncoKB"", ""COSMIC"", ""CIVIC"", ""CGI""]}"
e1703,IDH1 R132H,Entity,"{""displayName"": ""IDH1 R132H"", ""reference1"": ""IDH1"", ""aa_change"": ""R132H"", ""type"": ""substitution"", ""des_level"": ""individual"", ""source"": [""OncoKB"", ""COSMIC"", ""CIVIC"", ""CGI""]}"
e1704,IDH1 R132G,Entity,"{""displayName"": ""IDH1 R132G"", ""reference1"": ""IDH1"", ""aa_change"": ""R132G"", ""type"": ""substitution"", ""des_level"": ""individual"", ""source"": [""OncoKB"", ""COSMIC"", ""CIVIC"", ""CGI""]}"
e1705,IDH1 R132F,Entity,"{""displayName"": ""IDH1 R132F"", ""reference1"": ""IDH1"", ""aa_change"": ""R132F"", ""type"": ""substitution"", ""des_level"": ""individual"", ""source"": [""COSMIC""]}"
e1706,IDH1 R132C,Entity,"{""displayName"": ""IDH1 R132C"", ""reference1"": ""IDH1"", ""aa_change"": ""R132C"", ""type"": ""substitution"", ""des_level"": ""individual"", ""source"": [""OncoKB"", ""COSMIC"", ""CIVIC"", ""CGI""]}"
e1707,ID3 oncogenic mutation,Entity,"{""displayName"": ""ID3 oncogenic mutation"", ""reference1"": ""ID3"", ""type"": ""oncogenic mutation"", ""des_level"": ""gene"", ""source"": [""OncoKB""]}"
e1708,ID3 mutation,Entity,"{""displayName"": ""ID3 mutation"", ""reference1"": ""ID3"", ""type"": ""mutation"", ""des_level"": ""gene"", ""source"": [""VH""]}"
e1709,HSPB1 mutation,Entity,"{""displayName"": ""HSPB1 mutation"", ""reference1"": ""HSPB1"", ""type"": ""mutation"", ""des_level"": ""gene"", ""source"": [""VH""]}"
e1710,HSPB1 expression,Entity,"{""displayName"": ""HSPB1 expression"", ""reference1"": ""HSPB1"", ""type"": ""expression"", ""des_level"": ""gene"", ""source"": [""CIVIC""]}"
e1711,HSPA5 mutation,Entity,"{""displayName"": ""HSPA5 mutation"", ""reference1"": ""HSPA5"", ""type"": ""mutation"", ""des_level"": ""gene"", ""source"": [""VH""]}"
e1712,HSPA5 expression,Entity,"{""displayName"": ""HSPA5 expression"", ""reference1"": ""HSPA5"", ""type"": ""expression"", ""des_level"": ""gene"", ""source"": [""CIVIC""]}"
e1713,HSD3B1 mutation,Entity,"{""displayName"": ""HSD3B1 mutation"", ""reference1"": ""HSD3B1"", ""type"": ""mutation"", ""des_level"": ""gene"", ""source"": [""VH""]}"
e1714,HSD3B1 N367T,Entity,"{""displayName"": ""HSD3B1 N367T"", ""reference1"": ""HSD3B1"", ""aa_change"": ""N367T"", ""type"": ""substitution"", ""des_level"": ""individual"", ""source"": [""COSMIC""]}"
e1715,HRAS oncogenic mutation,Entity,"{""displayName"": ""HRAS oncogenic mutation"", ""reference1"": ""HRAS"", ""type"": ""oncogenic mutation"", ""des_level"": ""gene"", ""source"": [""OncoKB"", ""CGI""]}"
e1716,HRAS mutation,Entity,"{""displayName"": ""HRAS mutation"", ""reference1"": ""HRAS"", ""type"": ""mutation"", ""des_level"": ""gene"", ""source"": [""CIVIC"", ""COSMIC""]}"
e1717,HRAS exon 2 mutation,Entity,"{""displayName"": ""HRAS exon 2 mutation"", ""reference1"": ""HRAS"", ""exon"": ""2"", ""type"": ""mutation"", ""des_level"": ""exon"", ""source"": [""COSMIC""]}"
e1718,HRAS exon 1 mutation,Entity,"{""displayName"": ""HRAS exon 1 mutation"", ""reference1"": ""HRAS"", ""exon"": ""1"", ""type"": ""mutation"", ""des_level"": ""exon"", ""source"": [""COSMIC""]}"
e1719,HRAS Q61X,Entity,"{""displayName"": ""HRAS Q61X"", ""reference1"": ""HRAS"", ""aa_change"": ""Q61X"", ""type"": ""substitution"", ""des_level"": ""amino acid"", ""source"": [""CIVIC"", ""COSMIC""]}"
e1720,HRAS G13X,Entity,"{""displayName"": ""HRAS G13X"", ""reference1"": ""HRAS"", ""aa_change"": ""G13X"", ""type"": ""substitution"", ""des_level"": ""amino acid"", ""source"": [""COSMIC""]}"
e1721,HRAS G13D,Entity,"{""displayName"": ""HRAS G13D"", ""reference1"": ""HRAS"", ""aa_change"": ""G13D"", ""type"": ""substitution"", ""des_level"": ""individual"", ""source"": [""CIVIC""]}"
e1722,HRAS G12X,Entity,"{""displayName"": ""HRAS G12X"", ""reference1"": ""HRAS"", ""aa_change"": ""G12X"", ""type"": ""substitution"", ""des_level"": ""amino acid"", ""source"": [""COSMIC""]}"
e1723,HRAS G12V,Entity,"{""displayName"": ""HRAS G12V"", ""reference1"": ""HRAS"", ""aa_change"": ""G12V"", ""type"": ""substitution"", ""des_level"": ""individual"", ""source"": [""COSMIC""]}"
e1724,HOXB13 mutation,Entity,"{""displayName"": ""HOXB13 mutation"", ""reference1"": ""HOXB13"", ""type"": ""mutation"", ""des_level"": ""gene"", ""source"": [""COSMIC""]}"
e1725,HOXB13 G84E,Entity,"{""displayName"": ""HOXB13 G84E"", ""reference1"": ""HOXB13"", ""aa_change"": ""G84E"", ""type"": ""substitution"", ""des_level"": ""individual"", ""source"": [""CIVIC""]}"
e1726,HMOX1 mutation,Entity,"{""displayName"": ""HMOX1 mutation"", ""reference1"": ""HMOX1"", ""type"": ""mutation"", ""des_level"": ""gene"", ""source"": [""VH""]}"
e1727,HMOX1 expression,Entity,"{""displayName"": ""HMOX1 expression"", ""reference1"": ""HMOX1"", ""type"": ""expression"", ""des_level"": ""gene"", ""source"": [""CIVIC""]}"
e1728,HMGA2-LPP fusion,Entity,"{""displayName"": ""HMGA2-LPP fusion"", ""reference1"": ""HMGA2"", ""reference2"": ""LPP"", ""type"": ""fusion"", ""des_level"": ""gene"", ""source"": [""CIVIC""]}"
e1729,HMGA2 mutation,Entity,"{""displayName"": ""HMGA2 mutation"", ""reference1"": ""HMGA2"", ""type"": ""mutation"", ""des_level"": ""gene"", ""source"": [""VH""]}"
e1730,HLA-DRA mutation,Entity,"{""displayName"": ""HLA-DRA mutation"", ""reference1"": ""HLA-DRA"", ""type"": ""mutation"", ""des_level"": ""gene"", ""source"": [""VH""]}"
e1731,HLA-DRA expression,Entity,"{""displayName"": ""HLA-DRA expression"", ""reference1"": ""HLA-DRA"", ""type"": ""expression"", ""des_level"": ""gene"", ""source"": [""CIVIC""]}"
e1732,HIP1-ALK fusion,Entity,"{""displayName"": ""HIP1-ALK fusion"", ""reference1"": ""HIP1"", ""reference2"": ""ALK"", ""type"": ""fusion"", ""des_level"": ""gene"", ""source"": [""CIVIC""]}"
e1733,HIP1 mutation,Entity,"{""displayName"": ""HIP1 mutation"", ""reference1"": ""HIP1"", ""type"": ""mutation"", ""des_level"": ""gene"", ""source"": [""VH""]}"
e1734,HIF1A overexpression,Entity,"{""displayName"": ""HIF1A overexpression"", ""reference1"": ""HIF1A"", ""type"": ""overexpression"", ""des_level"": ""gene"", ""source"": [""CIVIC"", ""CGI""]}"
e1735,HIF1A mutation,Entity,"{""displayName"": ""HIF1A mutation"", ""reference1"": ""HIF1A"", ""type"": ""mutation"", ""des_level"": ""gene"", ""source"": [""COSMIC""]}"
e1736,HIF1A expression,Entity,"{""displayName"": ""HIF1A expression"", ""reference1"": ""HIF1A"", ""type"": ""expression"", ""des_level"": ""gene"", ""source"": [""CIVIC""]}"
e1737,HGF overexpression,Entity,"{""displayName"": ""HGF overexpression"", ""reference1"": ""HGF"", ""type"": ""overexpression"", ""des_level"": ""gene"", ""source"": [""CGI""]}"
e1738,HGF mutation,Entity,"{""displayName"": ""HGF mutation"", ""reference1"": ""HGF"", ""type"": ""mutation"", ""des_level"": ""gene"", ""source"": [""COSMIC""]}"
e1739,HGF expression,Entity,"{""displayName"": ""HGF expression"", ""reference1"": ""HGF"", ""type"": ""expression"", ""des_level"": ""gene"", ""source"": [""CIVIC""]}"
e1740,HGF amplification,Entity,"{""displayName"": ""HGF amplification"", ""reference1"": ""HGF"", ""type"": ""amplification"", ""des_level"": ""gene"", ""source"": [""CGI""]}"
e1741,HEY1-NCOA2 fusion,Entity,"{""displayName"": ""HEY1-NCOA2 fusion"", ""reference1"": ""HEY1"", ""reference2"": ""NCOA2"", ""type"": ""fusion"", ""des_level"": ""gene"", ""source"": [""CIVIC""]}"
e1742,HEY1 mutation,Entity,"{""displayName"": ""HEY1 mutation"", ""reference1"": ""HEY1"", ""type"": ""mutation"", ""des_level"": ""gene"", ""source"": [""VH""]}"
e1743,HAVCR2 overexpression,Entity,"{""displayName"": ""HAVCR2 overexpression"", ""reference1"": ""HAVCR2"", ""type"": ""overexpression"", ""des_level"": ""gene"", ""source"": [""CIVIC""]}"
e1744,HAVCR2 mutation,Entity,"{""displayName"": ""HAVCR2 mutation"", ""reference1"": ""HAVCR2"", ""type"": ""mutation"", ""des_level"": ""gene"", ""source"": [""COSMIC""]}"
e1745,H3C2 mutation,Entity,"{""displayName"": ""H3C2 mutation"", ""reference1"": ""H3C2"", ""type"": ""mutation"", ""des_level"": ""gene"", ""source"": [""VH""]}"
e1746,H3C2 K27M,Entity,"{""displayName"": ""H3C2 K27M"", ""reference1"": ""H3C2"", ""aa_change"": ""K27M"", ""type"": ""substitution"", ""des_level"": ""individual"", ""source"": [""CIVIC""]}"
e1747,H3-3B mutation,Entity,"{""displayName"": ""H3-3B mutation"", ""reference1"": ""H3-3B"", ""type"": ""mutation"", ""des_level"": ""gene"", ""source"": [""VH""]}"
e1748,H3-3B K36M,Entity,"{""displayName"": ""H3-3B K36M"", ""reference1"": ""H3-3B"", ""aa_change"": ""K36M"", ""type"": ""substitution"", ""des_level"": ""individual"", ""source"": [""CIVIC""]}"
e1749,H3-3A mutation,Entity,"{""displayName"": ""H3-3A mutation"", ""reference1"": ""H3-3A"", ""type"": ""mutation"", ""des_level"": ""gene"", ""source"": [""CIVIC""]}"
e1750,H3-3A K28M,Entity,"{""displayName"": ""H3-3A K28M"", ""reference1"": ""H3-3A"", ""aa_change"": ""K28M"", ""type"": ""substitution"", ""des_level"": ""individual"", ""source"": [""CIVIC""]}"
e1751,H3-3A G34W,Entity,"{""displayName"": ""H3-3A G34W"", ""reference1"": ""H3-3A"", ""aa_change"": ""G34W"", ""type"": ""substitution"", ""des_level"": ""individual"", ""source"": [""CIVIC""]}"
e1752,H3-3A G34R,Entity,"{""displayName"": ""H3-3A G34R"", ""reference1"": ""H3-3A"", ""aa_change"": ""G34R"", ""type"": ""substitution"", ""des_level"": ""individual"", ""source"": [""CIVIC""]}"
e1753,GSTP1 mutation,Entity,"{""displayName"": ""GSTP1 mutation"", ""reference1"": ""GSTP1"", ""type"": ""mutation"", ""des_level"": ""gene"", ""source"": [""VH""]}"
e1754,GSTP1 deletion,Entity,"{""displayName"": ""GSTP1 deletion"", ""reference1"": ""GSTP1"", ""type"": ""deletion"", ""des_level"": ""gene"", ""source"": [""CIVIC""]}"
e1755,GSTP1 I105V,Entity,"{""displayName"": ""GSTP1 I105V"", ""reference1"": ""GSTP1"", ""aa_change"": ""I105V"", ""type"": ""substitution"", ""des_level"": ""individual"", ""source"": [""CIVIC""]}"
e1756,GOPC-ROS1 fusion,Entity,"{""displayName"": ""GOPC-ROS1 fusion"", ""reference1"": ""GOPC"", ""reference2"": ""ROS1"", ""type"": ""fusion"", ""des_level"": ""gene"", ""source"": [""CIVIC""]}"
e1757,GOPC mutation,Entity,"{""displayName"": ""GOPC mutation"", ""reference1"": ""GOPC"", ""type"": ""mutation"", ""des_level"": ""gene"", ""source"": [""VH""]}"
e1758,GON4L-NTRK1 fusion,Entity,"{""displayName"": ""GON4L-NTRK1 fusion"", ""reference1"": ""GON4L"", ""reference2"": ""NTRK1"", ""type"": ""fusion"", ""des_level"": ""gene"", ""source"": [""CIVIC""]}"
e1759,GON4L mutation,Entity,"{""displayName"": ""GON4L mutation"", ""reference1"": ""GON4L"", ""type"": ""mutation"", ""des_level"": ""gene"", ""source"": [""VH""]}"
e1760,GOLGA5-JAK2 fusion,Entity,"{""displayName"": ""GOLGA5-JAK2 fusion"", ""reference1"": ""GOLGA5"", ""reference2"": ""JAK2"", ""type"": ""fusion"", ""des_level"": ""gene"", ""source"": [""CIVIC""]}"
e1761,GOLGA5 mutation,Entity,"{""displayName"": ""GOLGA5 mutation"", ""reference1"": ""GOLGA5"", ""type"": ""mutation"", ""des_level"": ""gene"", ""source"": [""VH""]}"
e1762,GOLGA4-RAF1 fusion,Entity,"{""displayName"": ""GOLGA4-RAF1 fusion"", ""reference1"": ""GOLGA4"", ""reference2"": ""RAF1"", ""type"": ""fusion"", ""des_level"": ""gene"", ""source"": [""CIVIC""]}"
e1763,GOLGA4 mutation,Entity,"{""displayName"": ""GOLGA4 mutation"", ""reference1"": ""GOLGA4"", ""type"": ""mutation"", ""des_level"": ""gene"", ""source"": [""VH""]}"
e1764,GNAS mutation,Entity,"{""displayName"": ""GNAS mutation"", ""reference1"": ""GNAS"", ""type"": ""mutation"", ""des_level"": ""gene"", ""source"": [""VH""]}"
e1765,GNAS R201X,Entity,"{""displayName"": ""GNAS R201X"", ""reference1"": ""GNAS"", ""aa_change"": ""R201X"", ""type"": ""substitution"", ""des_level"": ""amino acid"", ""source"": [""CIVIC"", ""CGI""]}"
e1766,GNAS R201H,Entity,"{""displayName"": ""GNAS R201H"", ""reference1"": ""GNAS"", ""aa_change"": ""R201H"", ""type"": ""substitution"", ""des_level"": ""individual"", ""source"": [""CIVIC""]}"
e1767,GNAS R201C,Entity,"{""displayName"": ""GNAS R201C"", ""reference1"": ""GNAS"", ""aa_change"": ""R201C"", ""type"": ""substitution"", ""des_level"": ""individual"", ""source"": [""CIVIC""]}"
e1768,GNAQ mutation,Entity,"{""displayName"": ""GNAQ mutation"", ""reference1"": ""GNAQ"", ""type"": ""mutation"", ""des_level"": ""gene"", ""source"": [""CIVIC"", ""COSMIC""]}"
e1769,GNAQ Q209X,Entity,"{""displayName"": ""GNAQ Q209X"", ""reference1"": ""GNAQ"", ""aa_change"": ""Q209X"", ""type"": ""substitution"", ""des_level"": ""amino acid"", ""source"": [""CIVIC"", ""CGI""]}"
e1770,GNAQ Q209P,Entity,"{""displayName"": ""GNAQ Q209P"", ""reference1"": ""GNAQ"", ""aa_change"": ""Q209P"", ""type"": ""substitution"", ""des_level"": ""individual"", ""source"": [""CIVIC""]}"
e1771,GNA11 mutation,Entity,"{""displayName"": ""GNA11 mutation"", ""reference1"": ""GNA11"", ""type"": ""mutation"", ""des_level"": ""gene"", ""source"": [""CIVIC"", ""COSMIC""]}"
e1772,GNA11 R183C,Entity,"{""displayName"": ""GNA11 R183C"", ""reference1"": ""GNA11"", ""aa_change"": ""R183C"", ""type"": ""substitution"", ""des_level"": ""individual"", ""source"": [""CIVIC""]}"
e1773,GNA11 Q209X,Entity,"{""displayName"": ""GNA11 Q209X"", ""reference1"": ""GNA11"", ""aa_change"": ""Q209X"", ""type"": ""substitution"", ""des_level"": ""amino acid"", ""source"": [""CIVIC""]}"
e1774,GNA11 Q209P,Entity,"{""displayName"": ""GNA11 Q209P"", ""reference1"": ""GNA11"", ""aa_change"": ""Q209P"", ""type"": ""substitution"", ""des_level"": ""individual"", ""source"": [""CGI""]}"
e1775,GNA11 Q209L,Entity,"{""displayName"": ""GNA11 Q209L"", ""reference1"": ""GNA11"", ""aa_change"": ""Q209L"", ""type"": ""substitution"", ""des_level"": ""individual"", ""source"": [""CIVIC"", ""CGI""]}"
e1776,GLI2 mutation,Entity,"{""displayName"": ""GLI2 mutation"", ""reference1"": ""GLI2"", ""type"": ""mutation"", ""des_level"": ""gene"", ""source"": [""COSMIC""]}"
e1777,GLI2 amplification,Entity,"{""displayName"": ""GLI2 amplification"", ""reference1"": ""GLI2"", ""type"": ""amplification"", ""des_level"": ""gene"", ""source"": [""CGI""]}"
e1778,GATA3 oncogenic mutation,Entity,"{""displayName"": ""GATA3 oncogenic mutation"", ""reference1"": ""GATA3"", ""type"": ""oncogenic mutation"", ""des_level"": ""gene"", ""source"": [""OncoKB"", ""CGI""]}"
e1779,GATA3 mutation,Entity,"{""displayName"": ""GATA3 mutation"", ""reference1"": ""GATA3"", ""type"": ""mutation"", ""des_level"": ""gene"", ""source"": [""COSMIC""]}"
e1780,GATA2 oncogenic mutation,Entity,"{""displayName"": ""GATA2 oncogenic mutation"", ""reference1"": ""GATA2"", ""type"": ""oncogenic mutation"", ""des_level"": ""gene"", ""source"": [""OncoKB""]}"
e1781,GATA2 mutation,Entity,"{""displayName"": ""GATA2 mutation"", ""reference1"": ""GATA2"", ""type"": ""mutation"", ""des_level"": ""gene"", ""source"": [""VH""]}"
e1782,GATA2 expression,Entity,"{""displayName"": ""GATA2 expression"", ""reference1"": ""GATA2"", ""type"": ""expression"", ""des_level"": ""gene"", ""source"": [""CIVIC""]}"
e1783,GATA2 exon 3 mutation,Entity,"{""displayName"": ""GATA2 exon 3 mutation"", ""reference1"": ""GATA2"", ""exon"": ""3"", ""type"": ""mutation"", ""des_level"": ""exon"", ""source"": [""COSMIC""]}"
e1784,GATA2 exon 2 mutation,Entity,"{""displayName"": ""GATA2 exon 2 mutation"", ""reference1"": ""GATA2"", ""exon"": ""2"", ""type"": ""mutation"", ""des_level"": ""exon"", ""source"": [""COSMIC""]}"
e1785,GATA1 oncogenic mutation,Entity,"{""displayName"": ""GATA1 oncogenic mutation"", ""reference1"": ""GATA1"", ""type"": ""oncogenic mutation"", ""des_level"": ""gene"", ""source"": [""OncoKB""]}"
e1786,GATA1 mutation,Entity,"{""displayName"": ""GATA1 mutation"", ""reference1"": ""GATA1"", ""type"": ""mutation"", ""des_level"": ""gene"", ""source"": [""COSMIC""]}"
e1787,GAS6 mutation,Entity,"{""displayName"": ""GAS6 mutation"", ""reference1"": ""GAS6"", ""type"": ""mutation"", ""des_level"": ""gene"", ""source"": [""VH""]}"
e1788,GAS6 expression,Entity,"{""displayName"": ""GAS6 expression"", ""reference1"": ""GAS6"", ""type"": ""expression"", ""des_level"": ""gene"", ""source"": [""CIVIC""]}"
e1789,G6PD mutation,Entity,"{""displayName"": ""G6PD mutation"", ""reference1"": ""G6PD"", ""type"": ""mutation"", ""des_level"": ""gene"", ""source"": [""VH""]}"
e1790,G6PD V98M,Entity,"{""displayName"": ""G6PD V98M"", ""reference1"": ""G6PD"", ""aa_change"": ""V98M"", ""type"": ""substitution"", ""des_level"": ""individual"", ""source"": [""CGI""]}"
e1791,G6PD S218F,Entity,"{""displayName"": ""G6PD S218F"", ""reference1"": ""G6PD"", ""aa_change"": ""S218F"", ""type"": ""substitution"", ""des_level"": ""individual"", ""source"": [""CGI""]}"
e1792,G6PD N156D,Entity,"{""displayName"": ""G6PD N156D"", ""reference1"": ""G6PD"", ""aa_change"": ""N156D"", ""type"": ""substitution"", ""des_level"": ""individual"", ""source"": [""CGI""]}"
e1793,FUS-ERG fusion,Entity,"{""displayName"": ""FUS-ERG fusion"", ""reference1"": ""FUS"", ""reference2"": ""ERG"", ""type"": ""fusion"", ""des_level"": ""gene"", ""source"": [""COSMIC""]}"
e1794,FUS-DDIT3 fusion,Entity,"{""displayName"": ""FUS-DDIT3 fusion"", ""reference1"": ""FUS"", ""reference2"": ""DDIT3"", ""type"": ""fusion"", ""des_level"": ""gene"", ""source"": [""CIVIC""]}"
e1795,FUS-CREB3L2 fusion,Entity,"{""displayName"": ""FUS-CREB3L2 fusion"", ""reference1"": ""FUS"", ""reference2"": ""CREB3L2"", ""type"": ""fusion"", ""des_level"": ""gene"", ""source"": [""CIVIC""]}"
e1796,FUS mutation,Entity,"{""displayName"": ""FUS mutation"", ""reference1"": ""FUS"", ""type"": ""mutation"", ""des_level"": ""gene"", ""source"": [""VH""]}"
e1797,FRS2 mutation,Entity,"{""displayName"": ""FRS2 mutation"", ""reference1"": ""FRS2"", ""type"": ""mutation"", ""des_level"": ""gene"", ""source"": [""VH""]}"
e1798,FRS2 amplification,Entity,"{""displayName"": ""FRS2 amplification"", ""reference1"": ""FRS2"", ""type"": ""amplification"", ""des_level"": ""gene"", ""source"": [""CGI""]}"
e1799,FOXR2 mutation,Entity,"{""displayName"": ""FOXR2 mutation"", ""reference1"": ""FOXR2"", ""type"": ""mutation"", ""des_level"": ""gene"", ""source"": [""VH""]}"
e1800,FOXR2 fusion,Entity,"{""displayName"": ""FOXR2 fusion"", ""reference1"": ""FOXR2"", ""type"": ""fusion"", ""des_level"": ""gene"", ""source"": [""CIVIC""]}"
e1801,FOXP3 mutation,Entity,"{""displayName"": ""FOXP3 mutation"", ""reference1"": ""FOXP3"", ""type"": ""mutation"", ""des_level"": ""gene"", ""source"": [""VH""]}"
e1802,FOXP3 expression,Entity,"{""displayName"": ""FOXP3 expression"", ""reference1"": ""FOXP3"", ""type"": ""expression"", ""des_level"": ""gene"", ""source"": [""CIVIC""]}"
e1803,FOXP1-ABL1 fusion,Entity,"{""displayName"": ""FOXP1-ABL1 fusion"", ""reference1"": ""FOXP1"", ""reference2"": ""ABL1"", ""type"": ""fusion"", ""des_level"": ""gene"", ""source"": [""CIVIC""]}"
e1804,FOXP1 mutation,Entity,"{""displayName"": ""FOXP1 mutation"", ""reference1"": ""FOXP1"", ""type"": ""mutation"", ""des_level"": ""gene"", ""source"": [""VH""]}"
e1805,FOXP1 amplification,Entity,"{""displayName"": ""FOXP1 amplification"", ""reference1"": ""FOXP1"", ""type"": ""amplification"", ""des_level"": ""gene"", ""source"": [""CIVIC""]}"
e1806,FOXL2 mutation,Entity,"{""displayName"": ""FOXL2 mutation"", ""reference1"": ""FOXL2"", ""type"": ""mutation"", ""des_level"": ""gene"", ""source"": [""VH""]}"
e1807,FOXL2 C134W,Entity,"{""displayName"": ""FOXL2 C134W"", ""reference1"": ""FOXL2"", ""aa_change"": ""C134W"", ""type"": ""substitution"", ""des_level"": ""individual"", ""source"": [""CIVIC"", ""COSMIC""]}"
e1808,FOXA1 mutation,Entity,"{""displayName"": ""FOXA1 mutation"", ""reference1"": ""FOXA1"", ""type"": ""mutation"", ""des_level"": ""gene"", ""source"": [""COSMIC""]}"
e1809,FOXA1 amplification,Entity,"{""displayName"": ""FOXA1 amplification"", ""reference1"": ""FOXA1"", ""type"": ""amplification"", ""des_level"": ""gene"", ""source"": [""CGI""]}"
e1810,FOS overexpression,Entity,"{""displayName"": ""FOS overexpression"", ""reference1"": ""FOS"", ""type"": ""overexpression"", ""des_level"": ""gene"", ""source"": [""CIVIC""]}"
e1811,FOS mutation,Entity,"{""displayName"": ""FOS mutation"", ""reference1"": ""FOS"", ""type"": ""mutation"", ""des_level"": ""gene"", ""source"": [""VH""]}"
e1812,FOS fusion,Entity,"{""displayName"": ""FOS fusion"", ""reference1"": ""FOS"", ""type"": ""fusion"", ""des_level"": ""gene"", ""source"": [""CIVIC""]}"
e1813,FLT3-ITD fusion,Entity,"{""displayName"": ""FLT3-ITD fusion"", ""reference1"": ""FLT3"", ""reference2"": ""ITD"", ""type"": ""fusion"", ""des_level"": ""gene"", ""source"": [""COSMIC"", ""CGI""]}"
e1814,FLT3 tyrosine kinase domain mutation,Entity,"{""displayName"": ""FLT3 tyrosine kinase domain mutation"", ""reference1"": ""FLT3"", ""type"": ""tyrosine kinase domain mutation"", ""des_level"": ""gene"", ""source"": [""COSMIC""]}"
e1815,FLT3 overexpression,Entity,"{""displayName"": ""FLT3 overexpression"", ""reference1"": ""FLT3"", ""type"": ""overexpression"", ""des_level"": ""gene"", ""source"": [""CIVIC""]}"
e1816,FLT3 oncogenic mutation,Entity,"{""displayName"": ""FLT3 oncogenic mutation"", ""reference1"": ""FLT3"", ""type"": ""oncogenic mutation"", ""des_level"": ""gene"", ""source"": [""OncoKB""]}"
e1817,FLT3 mutation,Entity,"{""displayName"": ""FLT3 mutation"", ""reference1"": ""FLT3"", ""type"": ""mutation"", ""des_level"": ""gene"", ""source"": [""CIVIC"", ""COSMIC""]}"
e1818,FLT3 amplification,Entity,"{""displayName"": ""FLT3 amplification"", ""reference1"": ""FLT3"", ""type"": ""amplification"", ""des_level"": ""gene"", ""source"": [""CIVIC""]}"
e1819,FLT3 Y842X,Entity,"{""displayName"": ""FLT3 Y842X"", ""reference1"": ""FLT3"", ""aa_change"": ""Y842X"", ""type"": ""substitution"", ""des_level"": ""amino acid"", ""source"": [""CGI""]}"
e1820,FLT3 Y842C,Entity,"{""displayName"": ""FLT3 Y842C"", ""reference1"": ""FLT3"", ""aa_change"": ""Y842C"", ""type"": ""substitution"", ""des_level"": ""individual"", ""source"": [""CIVIC"", ""OncoKB""]}"
e1821,FLT3 T227M,Entity,"{""displayName"": ""FLT3 T227M"", ""reference1"": ""FLT3"", ""aa_change"": ""T227M"", ""type"": ""substitution"", ""des_level"": ""individual"", ""source"": [""CIVIC""]}"
e1822,FLT3 R834Q,Entity,"{""displayName"": ""FLT3 R834Q"", ""reference1"": ""FLT3"", ""aa_change"": ""R834Q"", ""type"": ""substitution"", ""des_level"": ""individual"", ""source"": [""OncoKB""]}"
e1823,FLT3 N841I,Entity,"{""displayName"": ""FLT3 N841I"", ""reference1"": ""FLT3"", ""aa_change"": ""N841I"", ""type"": ""substitution"", ""des_level"": ""individual"", ""source"": [""OncoKB""]}"
e1824,FLT3 N676X,Entity,"{""displayName"": ""FLT3 N676X"", ""reference1"": ""FLT3"", ""aa_change"": ""N676X"", ""type"": ""substitution"", ""des_level"": ""amino acid"", ""source"": [""CGI""]}"
e1825,FLT3 N676K,Entity,"{""displayName"": ""FLT3 N676K"", ""reference1"": ""FLT3"", ""aa_change"": ""N676K"", ""type"": ""substitution"", ""des_level"": ""individual"", ""source"": [""OncoKB""]}"
e1826,FLT3 I867S,Entity,"{""displayName"": ""FLT3 I867S"", ""reference1"": ""FLT3"", ""aa_change"": ""I867S"", ""type"": ""substitution"", ""des_level"": ""individual"", ""source"": [""OncoKB""]}"
e1827,FLT3 I836X,Entity,"{""displayName"": ""FLT3 I836X"", ""reference1"": ""FLT3"", ""aa_change"": ""I836X"", ""type"": ""substitution"", ""des_level"": ""amino acid"", ""source"": [""OncoKB"", ""COSMIC"", ""CGI""]}"
e1828,FLT3 F691X,Entity,"{""displayName"": ""FLT3 F691X"", ""reference1"": ""FLT3"", ""aa_change"": ""F691X"", ""type"": ""substitution"", ""des_level"": ""amino acid"", ""source"": [""CGI""]}"
e1829,FLT3 F691L,Entity,"{""displayName"": ""FLT3 F691L"", ""reference1"": ""FLT3"", ""aa_change"": ""F691L"", ""type"": ""substitution"", ""des_level"": ""individual"", ""source"": [""CIVIC""]}"
e1830,FLT3 D839G,Entity,"{""displayName"": ""FLT3 D839G"", ""reference1"": ""FLT3"", ""aa_change"": ""D839G"", ""type"": ""substitution"", ""des_level"": ""individual"", ""source"": [""OncoKB""]}"
e1831,FLT3 D835Y,Entity,"{""displayName"": ""FLT3 D835Y"", ""reference1"": ""FLT3"", ""aa_change"": ""D835Y"", ""type"": ""substitution"", ""des_level"": ""individual"", ""source"": [""CIVIC""]}"
e1832,FLT3 D835X,Entity,"{""displayName"": ""FLT3 D835X"", ""reference1"": ""FLT3"", ""aa_change"": ""D835X"", ""type"": ""substitution"", ""des_level"": ""amino acid"", ""source"": [""OncoKB"", ""COSMIC"", ""CIVIC"", ""CGI""]}"
e1833,FLT3 D835V,Entity,"{""displayName"": ""FLT3 D835V"", ""reference1"": ""FLT3"", ""aa_change"": ""D835V"", ""type"": ""substitution"", ""des_level"": ""individual"", ""source"": [""CIVIC""]}"
e1834,FLT3 D835I,Entity,"{""displayName"": ""FLT3 D835I"", ""reference1"": ""FLT3"", ""aa_change"": ""D835I"", ""type"": ""substitution"", ""des_level"": ""individual"", ""source"": [""CIVIC""]}"
e1835,FLT3 D835H,Entity,"{""displayName"": ""FLT3 D835H"", ""reference1"": ""FLT3"", ""aa_change"": ""D835H"", ""type"": ""substitution"", ""des_level"": ""individual"", ""source"": [""CIVIC""]}"
e1836,FLT1 overexpression,Entity,"{""displayName"": ""FLT1 overexpression"", ""reference1"": ""FLT1"", ""type"": ""overexpression"", ""des_level"": ""gene"", ""source"": [""CGI""]}"
e1837,FLT1 mutation,Entity,"{""displayName"": ""FLT1 mutation"", ""reference1"": ""FLT1"", ""type"": ""mutation"", ""des_level"": ""gene"", ""source"": [""COSMIC""]}"
e1838,FLCN oncogenic mutation,Entity,"{""displayName"": ""FLCN oncogenic mutation"", ""reference1"": ""FLCN"", ""type"": ""oncogenic mutation"", ""des_level"": ""gene"", ""source"": [""CGI""]}"
e1839,FLCN mutation,Entity,"{""displayName"": ""FLCN mutation"", ""reference1"": ""FLCN"", ""type"": ""mutation"", ""des_level"": ""gene"", ""source"": [""COSMIC""]}"
e1840,FLCN copy loss,Entity,"{""displayName"": ""FLCN copy loss"", ""reference1"": ""FLCN"", ""type"": ""copy loss"", ""des_level"": ""gene"", ""source"": [""CGI""]}"
e1841,FIP1L1-PDGFRA fusion,Entity,"{""displayName"": ""FIP1L1-PDGFRA fusion"", ""reference1"": ""FIP1L1"", ""reference2"": ""PDGFRA"", ""type"": ""fusion"", ""des_level"": ""gene"", ""source"": [""CIVIC"", ""OncoKB""]}"
e1842,FIP1L1 mutation,Entity,"{""displayName"": ""FIP1L1 mutation"", ""reference1"": ""FIP1L1"", ""type"": ""mutation"", ""des_level"": ""gene"", ""source"": [""VH""]}"
e1843,FGFR4 mutation,Entity,"{""displayName"": ""FGFR4 mutation"", ""reference1"": ""FGFR4"", ""type"": ""mutation"", ""des_level"": ""gene"", ""source"": [""COSMIC""]}"
e1844,FGFR4 V550X,Entity,"{""displayName"": ""FGFR4 V550X"", ""reference1"": ""FGFR4"", ""aa_change"": ""V550X"", ""type"": ""substitution"", ""des_level"": ""amino acid"", ""source"": [""CGI""]}"
e1845,FGFR4 N535X,Entity,"{""displayName"": ""FGFR4 N535X"", ""reference1"": ""FGFR4"", ""aa_change"": ""N535X"", ""type"": ""substitution"", ""des_level"": ""amino acid"", ""source"": [""CGI""]}"
e1846,FGFR3-TACC3 fusion,Entity,"{""displayName"": ""FGFR3-TACC3 fusion"", ""reference1"": ""FGFR3"", ""reference2"": ""TACC3"", ""type"": ""fusion"", ""des_level"": ""gene"", ""source"": [""CIVIC"", ""COSMIC"", ""CGI""]}"
e1847,FGFR3-BAIAP2L1 fusion,Entity,"{""displayName"": ""FGFR3-BAIAP2L1 fusion"", ""reference1"": ""FGFR3"", ""reference2"": ""BAIAP2L1"", ""type"": ""fusion"", ""des_level"": ""gene"", ""source"": [""CIVIC"", ""COSMIC""]}"
e1848,FGFR3 overexpression,Entity,"{""displayName"": ""FGFR3 overexpression"", ""reference1"": ""FGFR3"", ""type"": ""overexpression"", ""des_level"": ""gene"", ""source"": [""CIVIC""]}"
e1849,FGFR3 oncogenic mutation,Entity,"{""displayName"": ""FGFR3 oncogenic mutation"", ""reference1"": ""FGFR3"", ""type"": ""oncogenic mutation"", ""des_level"": ""gene"", ""source"": [""OncoKB"", ""CGI""]}"
e1850,FGFR3 mutation,Entity,"{""displayName"": ""FGFR3 mutation"", ""reference1"": ""FGFR3"", ""type"": ""mutation"", ""des_level"": ""gene"", ""source"": [""CIVIC"", ""COSMIC""]}"
e1851,FGFR3 kinase domain mutation,Entity,"{""displayName"": ""FGFR3 kinase domain mutation"", ""reference1"": ""FGFR3"", ""type"": ""kinase domain mutation"", ""des_level"": ""gene"", ""source"": [""COSMIC""]}"
e1852,FGFR3 fusion,Entity,"{""displayName"": ""FGFR3 fusion"", ""reference1"": ""FGFR3"", ""type"": ""fusion"", ""des_level"": ""gene"", ""source"": [""OncoKB"", ""COSMIC"", ""CGI""]}"
e1853,FGFR3 Y373C,Entity,"{""displayName"": ""FGFR3 Y373C"", ""reference1"": ""FGFR3"", ""aa_change"": ""Y373C"", ""type"": ""substitution"", ""des_level"": ""individual"", ""source"": [""OncoKB"", ""COSMIC"", ""CIVIC"", ""CGI""]}"
e1854,FGFR3 V555M,Entity,"{""displayName"": ""FGFR3 V555M"", ""reference1"": ""FGFR3"", ""aa_change"": ""V555M"", ""type"": ""substitution"", ""des_level"": ""individual"", ""source"": [""CIVIC"", ""CGI""]}"
e1855,FGFR3 S371C,Entity,"{""displayName"": ""FGFR3 S371C"", ""reference1"": ""FGFR3"", ""aa_change"": ""S371C"", ""type"": ""substitution"", ""des_level"": ""individual"", ""source"": [""OncoKB""]}"
e1856,FGFR3 S249C,Entity,"{""displayName"": ""FGFR3 S249C"", ""reference1"": ""FGFR3"", ""aa_change"": ""S249C"", ""type"": ""substitution"", ""des_level"": ""individual"", ""source"": [""OncoKB"", ""COSMIC"", ""CIVIC"", ""CGI""]}"
e1857,FGFR3 R248C,Entity,"{""displayName"": ""FGFR3 R248C"", ""reference1"": ""FGFR3"", ""aa_change"": ""R248C"", ""type"": ""substitution"", ""des_level"": ""individual"", ""source"": [""OncoKB"", ""COSMIC"", ""CIVIC"", ""CGI""]}"
e1858,FGFR3 K656E,Entity,"{""displayName"": ""FGFR3 K656E"", ""reference1"": ""FGFR3"", ""aa_change"": ""K656E"", ""type"": ""substitution"", ""des_level"": ""individual"", ""source"": [""COSMIC""]}"
e1859,FGFR3 K650X,Entity,"{""displayName"": ""FGFR3 K650X"", ""reference1"": ""FGFR3"", ""aa_change"": ""K650X"", ""type"": ""substitution"", ""des_level"": ""amino acid"", ""source"": [""OncoKB"", ""CGI""]}"
e1860,FGFR3 K650T,Entity,"{""displayName"": ""FGFR3 K650T"", ""reference1"": ""FGFR3"", ""aa_change"": ""K650T"", ""type"": ""substitution"", ""des_level"": ""individual"", ""source"": [""CIVIC""]}"
e1861,FGFR3 K650Q,Entity,"{""displayName"": ""FGFR3 K650Q"", ""reference1"": ""FGFR3"", ""aa_change"": ""K650Q"", ""type"": ""substitution"", ""des_level"": ""individual"", ""source"": [""CIVIC""]}"
e1862,FGFR3 K650N,Entity,"{""displayName"": ""FGFR3 K650N"", ""reference1"": ""FGFR3"", ""aa_change"": ""K650N"", ""type"": ""substitution"", ""des_level"": ""individual"", ""source"": [""CIVIC""]}"
e1863,FGFR3 K650M,Entity,"{""displayName"": ""FGFR3 K650M"", ""reference1"": ""FGFR3"", ""aa_change"": ""K650M"", ""type"": ""substitution"", ""des_level"": ""individual"", ""source"": [""CIVIC""]}"
e1864,FGFR3 K650L,Entity,"{""displayName"": ""FGFR3 K650L"", ""reference1"": ""FGFR3"", ""aa_change"": ""K650L"", ""type"": ""substitution"", ""des_level"": ""individual"", ""source"": [""CIVIC""]}"
e1865,FGFR3 K650E,Entity,"{""displayName"": ""FGFR3 K650E"", ""reference1"": ""FGFR3"", ""aa_change"": ""K650E"", ""type"": ""substitution"", ""des_level"": ""individual"", ""source"": [""CIVIC"", ""COSMIC""]}"
e1866,FGFR3 K650D,Entity,"{""displayName"": ""FGFR3 K650D"", ""reference1"": ""FGFR3"", ""aa_change"": ""K650D"", ""type"": ""substitution"", ""des_level"": ""individual"", ""source"": [""CIVIC""]}"
e1867,FGFR3 G691R,Entity,"{""displayName"": ""FGFR3 G691R"", ""reference1"": ""FGFR3"", ""aa_change"": ""G691R"", ""type"": ""substitution"", ""des_level"": ""individual"", ""source"": [""CGI""]}"
e1868,FGFR3 G380R,Entity,"{""displayName"": ""FGFR3 G380R"", ""reference1"": ""FGFR3"", ""aa_change"": ""G380R"", ""type"": ""substitution"", ""des_level"": ""individual"", ""source"": [""CIVIC"", ""OncoKB""]}"
e1869,FGFR3 G370C,Entity,"{""displayName"": ""FGFR3 G370C"", ""reference1"": ""FGFR3"", ""aa_change"": ""G370C"", ""type"": ""substitution"", ""des_level"": ""individual"", ""source"": [""OncoKB"", ""COSMIC"", ""CIVIC"", ""CGI""]}"
e1870,FGFR3 A391E,Entity,"{""displayName"": ""FGFR3 A391E"", ""reference1"": ""FGFR3"", ""aa_change"": ""A391E"", ""type"": ""substitution"", ""des_level"": ""individual"", ""source"": [""CIVIC""]}"
e1871,FGFR2-TACC3 fusion,Entity,"{""displayName"": ""FGFR2-TACC3 fusion"", ""reference1"": ""FGFR2"", ""reference2"": ""TACC3"", ""type"": ""fusion"", ""des_level"": ""gene"", ""source"": [""CIVIC"", ""COSMIC""]}"
e1872,FGFR2-OGA fusion,Entity,"{""displayName"": ""FGFR2-OGA fusion"", ""reference1"": ""FGFR2"", ""reference2"": ""OGA"", ""type"": ""fusion"", ""des_level"": ""gene"", ""source"": [""CIVIC""]}"
e1873,FGFR2-CCDC6 fusion,Entity,"{""displayName"": ""FGFR2-CCDC6 fusion"", ""reference1"": ""FGFR2"", ""reference2"": ""CCDC6"", ""type"": ""fusion"", ""des_level"": ""gene"", ""source"": [""CIVIC""]}"
e1874,FGFR2-CASP7 fusion,Entity,"{""displayName"": ""FGFR2-CASP7 fusion"", ""reference1"": ""FGFR2"", ""reference2"": ""CASP7"", ""type"": ""fusion"", ""des_level"": ""gene"", ""source"": [""COSMIC""]}"
e1875,FGFR2-BICC1 fusion,Entity,"{""displayName"": ""FGFR2-BICC1 fusion"", ""reference1"": ""FGFR2"", ""reference2"": ""BICC1"", ""type"": ""fusion"", ""des_level"": ""gene"", ""source"": [""CIVIC"", ""COSMIC""]}"
e1876,FGFR2-AHCYL1 fusion,Entity,"{""displayName"": ""FGFR2-AHCYL1 fusion"", ""reference1"": ""FGFR2"", ""reference2"": ""AHCYL1"", ""type"": ""fusion"", ""des_level"": ""gene"", ""source"": [""CIVIC""]}"
e1877,FGFR2 oncogenic mutation,Entity,"{""displayName"": ""FGFR2 oncogenic mutation"", ""reference1"": ""FGFR2"", ""type"": ""oncogenic mutation"", ""des_level"": ""gene"", ""source"": [""OncoKB""]}"
e1878,FGFR2 mutation,Entity,"{""displayName"": ""FGFR2 mutation"", ""reference1"": ""FGFR2"", ""type"": ""mutation"", ""des_level"": ""gene"", ""source"": [""CIVIC"", ""COSMIC""]}"
e1879,FGFR2 kinase domain mutation,Entity,"{""displayName"": ""FGFR2 kinase domain mutation"", ""reference1"": ""FGFR2"", ""type"": ""kinase domain mutation"", ""des_level"": ""gene"", ""source"": [""COSMIC""]}"
e1880,FGFR2 fusion,Entity,"{""displayName"": ""FGFR2 fusion"", ""reference1"": ""FGFR2"", ""type"": ""fusion"", ""des_level"": ""gene"", ""source"": [""OncoKB"", ""COSMIC"", ""CIVIC"", ""CGI""]}"
e1881,FGFR2 amplification,Entity,"{""displayName"": ""FGFR2 amplification"", ""reference1"": ""FGFR2"", ""type"": ""amplification"", ""des_level"": ""gene"", ""source"": [""CIVIC"", ""CGI""]}"
e1882,FGFR2 W290C,Entity,"{""displayName"": ""FGFR2 W290C"", ""reference1"": ""FGFR2"", ""aa_change"": ""W290C"", ""type"": ""substitution"", ""des_level"": ""individual"", ""source"": [""CGI""]}"
e1883,FGFR2 V565I,Entity,"{""displayName"": ""FGFR2 V565I"", ""reference1"": ""FGFR2"", ""aa_change"": ""V565I"", ""type"": ""substitution"", ""des_level"": ""individual"", ""source"": [""CGI""]}"
e1884,FGFR2 V564F,Entity,"{""displayName"": ""FGFR2 V564F"", ""reference1"": ""FGFR2"", ""aa_change"": ""V564F"", ""type"": ""substitution"", ""des_level"": ""individual"", ""source"": [""CGI""]}"
e1885,FGFR2 S320C,Entity,"{""displayName"": ""FGFR2 S320C"", ""reference1"": ""FGFR2"", ""aa_change"": ""S320C"", ""type"": ""substitution"", ""des_level"": ""individual"", ""source"": [""CGI""]}"
e1886,FGFR2 S252W,Entity,"{""displayName"": ""FGFR2 S252W"", ""reference1"": ""FGFR2"", ""aa_change"": ""S252W"", ""type"": ""substitution"", ""des_level"": ""individual"", ""source"": [""CGI""]}"
e1887,FGFR2 R565A,Entity,"{""displayName"": ""FGFR2 R565A"", ""reference1"": ""FGFR2"", ""aa_change"": ""R565A"", ""type"": ""substitution"", ""des_level"": ""individual"", ""source"": [""CGI""]}"
e1888,FGFR2 P253R,Entity,"{""displayName"": ""FGFR2 P253R"", ""reference1"": ""FGFR2"", ""aa_change"": ""P253R"", ""type"": ""substitution"", ""des_level"": ""individual"", ""source"": [""CIVIC"", ""COSMIC""]}"
e1889,FGFR2 N550X,Entity,"{""displayName"": ""FGFR2 N550X"", ""reference1"": ""FGFR2"", ""aa_change"": ""N550X"", ""type"": ""substitution"", ""des_level"": ""amino acid"", ""source"": [""CGI""]}"
e1890,FGFR2 N550K,Entity,"{""displayName"": ""FGFR2 N550K"", ""reference1"": ""FGFR2"", ""aa_change"": ""N550K"", ""type"": ""substitution"", ""des_level"": ""individual"", ""source"": [""CIVIC"", ""CGI""]}"
e1891,FGFR2 N549H,Entity,"{""displayName"": ""FGFR2 N549H"", ""reference1"": ""FGFR2"", ""aa_change"": ""N549H"", ""type"": ""substitution"", ""des_level"": ""individual"", ""source"": [""CGI""]}"
e1892,FGFR2 M538I,Entity,"{""displayName"": ""FGFR2 M538I"", ""reference1"": ""FGFR2"", ""aa_change"": ""M538I"", ""type"": ""substitution"", ""des_level"": ""individual"", ""source"": [""CGI""]}"
e1893,FGFR2 M536I,Entity,"{""displayName"": ""FGFR2 M536I"", ""reference1"": ""FGFR2"", ""aa_change"": ""M536I"", ""type"": ""substitution"", ""des_level"": ""individual"", ""source"": [""CGI""]}"
e1894,FGFR2 L618M,Entity,"{""displayName"": ""FGFR2 L618M"", ""reference1"": ""FGFR2"", ""aa_change"": ""L618M"", ""type"": ""substitution"", ""des_level"": ""individual"", ""source"": [""CGI""]}"
e1895,FGFR2 L617V,Entity,"{""displayName"": ""FGFR2 L617V"", ""reference1"": ""FGFR2"", ""aa_change"": ""L617V"", ""type"": ""substitution"", ""des_level"": ""individual"", ""source"": [""CGI""]}"
e1896,FGFR2 K660N,Entity,"{""displayName"": ""FGFR2 K660N"", ""reference1"": ""FGFR2"", ""aa_change"": ""K660N"", ""type"": ""substitution"", ""des_level"": ""individual"", ""source"": [""CGI""]}"
e1897,FGFR2 K660E,Entity,"{""displayName"": ""FGFR2 K660E"", ""reference1"": ""FGFR2"", ""aa_change"": ""K660E"", ""type"": ""substitution"", ""des_level"": ""individual"", ""source"": [""CGI""]}"
e1898,FGFR2 K659M,Entity,"{""displayName"": ""FGFR2 K659M"", ""reference1"": ""FGFR2"", ""aa_change"": ""K659M"", ""type"": ""substitution"", ""des_level"": ""individual"", ""source"": [""CGI""]}"
e1899,FGFR2 K641R,Entity,"{""displayName"": ""FGFR2 K641R"", ""reference1"": ""FGFR2"", ""aa_change"": ""K641R"", ""type"": ""substitution"", ""des_level"": ""individual"", ""source"": [""CGI""]}"
e1900,FGFR2 I548V,Entity,"{""displayName"": ""FGFR2 I548V"", ""reference1"": ""FGFR2"", ""aa_change"": ""I548V"", ""type"": ""substitution"", ""des_level"": ""individual"", ""source"": [""CGI""]}"
e1901,FGFR2 E566G,Entity,"{""displayName"": ""FGFR2 E566G"", ""reference1"": ""FGFR2"", ""aa_change"": ""E566G"", ""type"": ""substitution"", ""des_level"": ""individual"", ""source"": [""CGI""]}"
e1902,FGFR2 A266_S267insSTVVGGD,Entity,"{""displayName"": ""FGFR2 A266_S267insSTVVGGD"", ""reference1"": ""FGFR2"", ""aa_change"": ""A266_S267insSTVVGGD"", ""type"": ""insertion"", ""des_level"": ""individual"", ""source"": [""CGI""]}"
e1903,FGFR1OP2-FGFR1 fusion,Entity,"{""displayName"": ""FGFR1OP2-FGFR1 fusion"", ""reference1"": ""FGFR1OP2"", ""reference2"": ""FGFR1"", ""type"": ""fusion"", ""des_level"": ""gene"", ""source"": [""CIVIC""]}"
e1904,FGFR1OP2 mutation,Entity,"{""displayName"": ""FGFR1OP2 mutation"", ""reference1"": ""FGFR1OP2"", ""type"": ""mutation"", ""des_level"": ""gene"", ""source"": [""VH""]}"
e1905,FGFR1-TACC1 fusion,Entity,"{""displayName"": ""FGFR1-TACC1 fusion"", ""reference1"": ""FGFR1"", ""reference2"": ""TACC1"", ""type"": ""fusion"", ""des_level"": ""gene"", ""source"": [""COSMIC""]}"
e1906,FGFR1 oncogenic mutation,Entity,"{""displayName"": ""FGFR1 oncogenic mutation"", ""reference1"": ""FGFR1"", ""type"": ""oncogenic mutation"", ""des_level"": ""gene"", ""source"": [""OncoKB""]}"
e1907,FGFR1 mutation,Entity,"{""displayName"": ""FGFR1 mutation"", ""reference1"": ""FGFR1"", ""type"": ""mutation"", ""des_level"": ""gene"", ""source"": [""COSMIC""]}"
e1908,FGFR1 kinase domain mutation,Entity,"{""displayName"": ""FGFR1 kinase domain mutation"", ""reference1"": ""FGFR1"", ""type"": ""kinase domain mutation"", ""des_level"": ""gene"", ""source"": [""COSMIC""]}"
e1909,FGFR1 fusion,Entity,"{""displayName"": ""FGFR1 fusion"", ""reference1"": ""FGFR1"", ""type"": ""fusion"", ""des_level"": ""gene"", ""source"": [""OncoKB"", ""COSMIC"", ""CIVIC""]}"
e1910,FGFR1 expression,Entity,"{""displayName"": ""FGFR1 expression"", ""reference1"": ""FGFR1"", ""type"": ""expression"", ""des_level"": ""gene"", ""source"": [""CIVIC""]}"
e1911,FGFR1 amplification,Entity,"{""displayName"": ""FGFR1 amplification"", ""reference1"": ""FGFR1"", ""type"": ""amplification"", ""des_level"": ""gene"", ""source"": [""CIVIC"", ""OncoKB"", ""CGI""]}"
e1912,FGFR1 N546K,Entity,"{""displayName"": ""FGFR1 N546K"", ""reference1"": ""FGFR1"", ""aa_change"": ""N546K"", ""type"": ""substitution"", ""des_level"": ""individual"", ""source"": [""CIVIC""]}"
e1913,FGFR1 N546D,Entity,"{""displayName"": ""FGFR1 N546D"", ""reference1"": ""FGFR1"", ""aa_change"": ""N546D"", ""type"": ""substitution"", ""des_level"": ""individual"", ""source"": [""COSMIC""]}"
e1914,FGFR1 M563I,Entity,"{""displayName"": ""FGFR1 M563I"", ""reference1"": ""FGFR1"", ""aa_change"": ""M563I"", ""type"": ""substitution"", ""des_level"": ""individual"", ""source"": [""COSMIC""]}"
e1915,FGFR1 K687E,Entity,"{""displayName"": ""FGFR1 K687E"", ""reference1"": ""FGFR1"", ""aa_change"": ""K687E"", ""type"": ""substitution"", ""des_level"": ""individual"", ""source"": [""COSMIC""]}"
e1916,FGFR-TACC fusion,Entity,"{""displayName"": ""FGFR-TACC fusion"", ""reference1"": ""FGFR"", ""reference2"": ""TACC"", ""type"": ""fusion"", ""des_level"": ""gene"", ""source"": [""COSMIC""]}"
e1917,FGFR mutation,Entity,"{""displayName"": ""FGFR mutation"", ""reference1"": ""FGFR"", ""type"": ""mutation"", ""des_level"": ""gene"", ""source"": [""VH""]}"
e1918,FGF4 mutation,Entity,"{""displayName"": ""FGF4 mutation"", ""reference1"": ""FGF4"", ""type"": ""mutation"", ""des_level"": ""gene"", ""source"": [""COSMIC""]}"
e1919,FGF4 amplification,Entity,"{""displayName"": ""FGF4 amplification"", ""reference1"": ""FGF4"", ""type"": ""amplification"", ""des_level"": ""gene"", ""source"": [""CGI""]}"
e1920,FGF3 mutation,Entity,"{""displayName"": ""FGF3 mutation"", ""reference1"": ""FGF3"", ""type"": ""mutation"", ""des_level"": ""gene"", ""source"": [""COSMIC""]}"
e1921,FGF3 amplification,Entity,"{""displayName"": ""FGF3 amplification"", ""reference1"": ""FGF3"", ""type"": ""amplification"", ""des_level"": ""gene"", ""source"": [""CIVIC"", ""CGI""]}"
e1922,FGF2 mutation,Entity,"{""displayName"": ""FGF2 mutation"", ""reference1"": ""FGF2"", ""type"": ""mutation"", ""des_level"": ""gene"", ""source"": [""COSMIC""]}"
e1923,FGF2 expression,Entity,"{""displayName"": ""FGF2 expression"", ""reference1"": ""FGF2"", ""type"": ""expression"", ""des_level"": ""gene"", ""source"": [""CIVIC""]}"
e1924,FGF19 overexpression,Entity,"{""displayName"": ""FGF19 overexpression"", ""reference1"": ""FGF19"", ""type"": ""overexpression"", ""des_level"": ""gene"", ""source"": [""CIVIC""]}"
e1925,FGF19 mutation,Entity,"{""displayName"": ""FGF19 mutation"", ""reference1"": ""FGF19"", ""type"": ""mutation"", ""des_level"": ""gene"", ""source"": [""COSMIC""]}"
e1926,FCGR3A mutation,Entity,"{""displayName"": ""FCGR3A mutation"", ""reference1"": ""FCGR3A"", ""type"": ""mutation"", ""des_level"": ""gene"", ""source"": [""VH""]}"
e1927,FCGR3A F212V,Entity,"{""displayName"": ""FCGR3A F212V"", ""reference1"": ""FCGR3A"", ""aa_change"": ""F212V"", ""type"": ""substitution"", ""des_level"": ""individual"", ""source"": [""CIVIC""]}"
e1928,FCGR2B mutation,Entity,"{""displayName"": ""FCGR2B mutation"", ""reference1"": ""FCGR2B"", ""type"": ""mutation"", ""des_level"": ""gene"", ""source"": [""VH""]}"
e1929,FCGR2B I232T,Entity,"{""displayName"": ""FCGR2B I232T"", ""reference1"": ""FCGR2B"", ""aa_change"": ""I232T"", ""type"": ""substitution"", ""des_level"": ""individual"", ""source"": [""CIVIC""]}"
e1930,FCGR2A mutation,Entity,"{""displayName"": ""FCGR2A mutation"", ""reference1"": ""FCGR2A"", ""type"": ""mutation"", ""des_level"": ""gene"", ""source"": [""VH""]}"
e1931,FCGR2A H167R,Entity,"{""displayName"": ""FCGR2A H167R"", ""reference1"": ""FCGR2A"", ""aa_change"": ""H167R"", ""type"": ""substitution"", ""des_level"": ""individual"", ""source"": [""CIVIC""]}"
e1932,FCER2 mutation,Entity,"{""displayName"": ""FCER2 mutation"", ""reference1"": ""FCER2"", ""type"": ""mutation"", ""des_level"": ""gene"", ""source"": [""COSMIC""]}"
e1933,FCER2 absent,Entity,"{""displayName"": ""FCER2 absent"", ""reference1"": ""FCER2"", ""type"": ""absent"", ""des_level"": ""gene"", ""source"": [""COSMIC""]}"
e1934,FBXW7 oncogenic mutation,Entity,"{""displayName"": ""FBXW7 oncogenic mutation"", ""reference1"": ""FBXW7"", ""type"": ""oncogenic mutation"", ""des_level"": ""gene"", ""source"": [""OncoKB"", ""CGI""]}"
e1935,FBXW7 mutation,Entity,"{""displayName"": ""FBXW7 mutation"", ""reference1"": ""FBXW7"", ""type"": ""mutation"", ""des_level"": ""gene"", ""source"": [""CIVIC"", ""COSMIC""]}"
e1936,FBXW7 loss of function,Entity,"{""displayName"": ""FBXW7 loss of function"", ""reference1"": ""FBXW7"", ""type"": ""loss of function"", ""des_level"": ""gene"", ""source"": [""CIVIC""]}"
e1937,FBXW7 copy loss,Entity,"{""displayName"": ""FBXW7 copy loss"", ""reference1"": ""FBXW7"", ""type"": ""copy loss"", ""des_level"": ""gene"", ""source"": [""CGI""]}"
e1938,FBXW7 T692*,Entity,"{""displayName"": ""FBXW7 T692*"", ""reference1"": ""FBXW7"", ""aa_change"": ""T692*"", ""type"": ""stop gained"", ""des_level"": ""individual"", ""source"": [""COSMIC""]}"
e1939,FAT1 oncogenic mutation,Entity,"{""displayName"": ""FAT1 oncogenic mutation"", ""reference1"": ""FAT1"", ""type"": ""oncogenic mutation"", ""des_level"": ""gene"", ""source"": [""CGI""]}"
e1940,FAT1 mutation,Entity,"{""displayName"": ""FAT1 mutation"", ""reference1"": ""FAT1"", ""type"": ""mutation"", ""des_level"": ""gene"", ""source"": [""COSMIC""]}"
e1941,FANCL oncogenic mutation,Entity,"{""displayName"": ""FANCL oncogenic mutation"", ""reference1"": ""FANCL"", ""type"": ""oncogenic mutation"", ""des_level"": ""gene"", ""source"": [""OncoKB"", ""CGI""]}"
e1942,FANCL mutation,Entity,"{""displayName"": ""FANCL mutation"", ""reference1"": ""FANCL"", ""type"": ""mutation"", ""des_level"": ""gene"", ""source"": [""COSMIC""]}"
e1943,FANCC oncogenic mutation,Entity,"{""displayName"": ""FANCC oncogenic mutation"", ""reference1"": ""FANCC"", ""type"": ""oncogenic mutation"", ""des_level"": ""gene"", ""source"": [""CGI""]}"
e1944,FANCC mutation,Entity,"{""displayName"": ""FANCC mutation"", ""reference1"": ""FANCC"", ""type"": ""mutation"", ""des_level"": ""gene"", ""source"": [""COSMIC""]}"
e1945,FANCC loss of function,Entity,"{""displayName"": ""FANCC loss of function"", ""reference1"": ""FANCC"", ""type"": ""loss of function"", ""des_level"": ""gene"", ""source"": [""CIVIC""]}"
e1946,FANCC copy loss,Entity,"{""displayName"": ""FANCC copy loss"", ""reference1"": ""FANCC"", ""type"": ""copy loss"", ""des_level"": ""gene"", ""source"": [""CGI""]}"
e1947,FANCA oncogenic mutation,Entity,"{""displayName"": ""FANCA oncogenic mutation"", ""reference1"": ""FANCA"", ""type"": ""oncogenic mutation"", ""des_level"": ""gene"", ""source"": [""CGI""]}"
e1948,FANCA mutation,Entity,"{""displayName"": ""FANCA mutation"", ""reference1"": ""FANCA"", ""type"": ""mutation"", ""des_level"": ""gene"", ""source"": [""COSMIC""]}"
e1949,FANCA copy loss,Entity,"{""displayName"": ""FANCA copy loss"", ""reference1"": ""FANCA"", ""type"": ""copy loss"", ""des_level"": ""gene"", ""source"": [""CGI""]}"
e1950,EZH2 overexpression,Entity,"{""displayName"": ""EZH2 overexpression"", ""reference1"": ""EZH2"", ""type"": ""overexpression"", ""des_level"": ""gene"", ""source"": [""CIVIC""]}"
e1951,EZH2 oncogenic mutation,Entity,"{""displayName"": ""EZH2 oncogenic mutation"", ""reference1"": ""EZH2"", ""type"": ""oncogenic mutation"", ""des_level"": ""gene"", ""source"": [""OncoKB""]}"
e1952,EZH2 mutation,Entity,"{""displayName"": ""EZH2 mutation"", ""reference1"": ""EZH2"", ""type"": ""mutation"", ""des_level"": ""gene"", ""source"": [""CIVIC"", ""COSMIC""]}"
e1953,EZH2 intron 6 mutation,Entity,"{""displayName"": ""EZH2 intron 6 mutation"", ""reference1"": ""EZH2"", ""intron"": ""6"", ""type"": ""mutation"", ""des_level"": ""intron"", ""source"": [""CIVIC""]}"
e1954,EZH2 expression,Entity,"{""displayName"": ""EZH2 expression"", ""reference1"": ""EZH2"", ""type"": ""expression"", ""des_level"": ""gene"", ""source"": [""CIVIC""]}"
e1955,EZH2 activating mutation,Entity,"{""displayName"": ""EZH2 activating mutation"", ""reference1"": ""EZH2"", ""type"": ""activating mutation"", ""des_level"": ""gene"", ""source"": [""CIVIC""]}"
e1956,EZH2 Y646X,Entity,"{""displayName"": ""EZH2 Y646X"", ""reference1"": ""EZH2"", ""aa_change"": ""Y646X"", ""type"": ""substitution"", ""des_level"": ""amino acid"", ""source"": [""CIVIC""]}"
e1957,EZH2 Y646S,Entity,"{""displayName"": ""EZH2 Y646S"", ""reference1"": ""EZH2"", ""aa_change"": ""Y646S"", ""type"": ""substitution"", ""des_level"": ""individual"", ""source"": [""CIVIC"", ""OncoKB"", ""CGI""]}"
e1958,EZH2 Y646N,Entity,"{""displayName"": ""EZH2 Y646N"", ""reference1"": ""EZH2"", ""aa_change"": ""Y646N"", ""type"": ""substitution"", ""des_level"": ""individual"", ""source"": [""CIVIC"", ""OncoKB"", ""CGI""]}"
e1959,EZH2 Y646H,Entity,"{""displayName"": ""EZH2 Y646H"", ""reference1"": ""EZH2"", ""aa_change"": ""Y646H"", ""type"": ""substitution"", ""des_level"": ""individual"", ""source"": [""CIVIC"", ""OncoKB"", ""CGI""]}"
e1960,EZH2 Y646F,Entity,"{""displayName"": ""EZH2 Y646F"", ""reference1"": ""EZH2"", ""aa_change"": ""Y646F"", ""type"": ""substitution"", ""des_level"": ""individual"", ""source"": [""CIVIC"", ""OncoKB"", ""CGI""]}"
e1961,EZH2 Y646C,Entity,"{""displayName"": ""EZH2 Y646C"", ""reference1"": ""EZH2"", ""aa_change"": ""Y646C"", ""type"": ""substitution"", ""des_level"": ""individual"", ""source"": [""CIVIC"", ""OncoKB"", ""CGI""]}"
e1962,EZH2 Y641X,Entity,"{""displayName"": ""EZH2 Y641X"", ""reference1"": ""EZH2"", ""aa_change"": ""Y641X"", ""type"": ""substitution"", ""des_level"": ""amino acid"", ""source"": [""CGI""]}"
e1963,EZH2 A692V,Entity,"{""displayName"": ""EZH2 A692V"", ""reference1"": ""EZH2"", ""aa_change"": ""A692V"", ""type"": ""substitution"", ""des_level"": ""individual"", ""source"": [""CIVIC"", ""OncoKB"", ""CGI""]}"
e1964,EZH2 A682G,Entity,"{""displayName"": ""EZH2 A682G"", ""reference1"": ""EZH2"", ""aa_change"": ""A682G"", ""type"": ""substitution"", ""des_level"": ""individual"", ""source"": [""CIVIC"", ""OncoKB"", ""CGI""]}"
e1965,EZH2 A677X,Entity,"{""displayName"": ""EZH2 A677X"", ""reference1"": ""EZH2"", ""aa_change"": ""A677X"", ""type"": ""substitution"", ""des_level"": ""amino acid"", ""source"": [""CGI""]}"
e1966,EWSR1-WT1 fusion,Entity,"{""displayName"": ""EWSR1-WT1 fusion"", ""reference1"": ""EWSR1"", ""reference2"": ""WT1"", ""type"": ""fusion"", ""des_level"": ""gene"", ""source"": [""CIVIC""]}"
e1967,EWSR1-FLI1 fusion,Entity,"{""displayName"": ""EWSR1-FLI1 fusion"", ""reference1"": ""EWSR1"", ""reference2"": ""FLI1"", ""type"": ""fusion"", ""des_level"": ""gene"", ""source"": [""CIVIC"", ""OncoKB""]}"
e1968,EWSR1-ERG fusion,Entity,"{""displayName"": ""EWSR1-ERG fusion"", ""reference1"": ""EWSR1"", ""reference2"": ""ERG"", ""type"": ""fusion"", ""des_level"": ""gene"", ""source"": [""CIVIC""]}"
e1969,EWSR1-DDIT3 fusion,Entity,"{""displayName"": ""EWSR1-DDIT3 fusion"", ""reference1"": ""EWSR1"", ""reference2"": ""DDIT3"", ""type"": ""fusion"", ""des_level"": ""gene"", ""source"": [""CIVIC""]}"
e1970,EWSR1-CREB3L1 fusion,Entity,"{""displayName"": ""EWSR1-CREB3L1 fusion"", ""reference1"": ""EWSR1"", ""reference2"": ""CREB3L1"", ""type"": ""fusion"", ""des_level"": ""gene"", ""source"": [""CIVIC""]}"
e1971,EWSR1 mutation,Entity,"{""displayName"": ""EWSR1 mutation"", ""reference1"": ""EWSR1"", ""type"": ""mutation"", ""des_level"": ""gene"", ""source"": [""VH""]}"
e1972,ETV6-RUNX1 fusion,Entity,"{""displayName"": ""ETV6-RUNX1 fusion"", ""reference1"": ""ETV6"", ""reference2"": ""RUNX1"", ""type"": ""fusion"", ""des_level"": ""gene"", ""source"": [""CIVIC"", ""OncoKB""]}"
e1973,ETV6-PDGFRB fusion,Entity,"{""displayName"": ""ETV6-PDGFRB fusion"", ""reference1"": ""ETV6"", ""reference2"": ""PDGFRB"", ""type"": ""fusion"", ""des_level"": ""gene"", ""source"": [""COSMIC""]}"
e1974,ETV6-NTRK3 fusion,Entity,"{""displayName"": ""ETV6-NTRK3 fusion"", ""reference1"": ""ETV6"", ""reference2"": ""NTRK3"", ""type"": ""fusion"", ""des_level"": ""gene"", ""source"": [""CIVIC"", ""COSMIC""]}"
e1975,ETV6-NTRK2 fusion,Entity,"{""displayName"": ""ETV6-NTRK2 fusion"", ""reference1"": ""ETV6"", ""reference2"": ""NTRK2"", ""type"": ""fusion"", ""des_level"": ""gene"", ""source"": [""CIVIC""]}"
e1976,ETV6-NTRK1 fusion,Entity,"{""displayName"": ""ETV6-NTRK1 fusion"", ""reference1"": ""ETV6"", ""reference2"": ""NTRK1"", ""type"": ""fusion"", ""des_level"": ""gene"", ""source"": [""CIVIC""]}"
e1977,ETV6-JAK2 fusion,Entity,"{""displayName"": ""ETV6-JAK2 fusion"", ""reference1"": ""ETV6"", ""reference2"": ""JAK2"", ""type"": ""fusion"", ""des_level"": ""gene"", ""source"": [""CIVIC""]}"
e1978,ETV6-ABL1 fusion,Entity,"{""displayName"": ""ETV6-ABL1 fusion"", ""reference1"": ""ETV6"", ""reference2"": ""ABL1"", ""type"": ""fusion"", ""des_level"": ""gene"", ""source"": [""CIVIC""]}"
e1979,ETV6 oncogenic mutation,Entity,"{""displayName"": ""ETV6 oncogenic mutation"", ""reference1"": ""ETV6"", ""type"": ""oncogenic mutation"", ""des_level"": ""gene"", ""source"": [""OncoKB""]}"
e1980,ETV6 mutation,Entity,"{""displayName"": ""ETV6 mutation"", ""reference1"": ""ETV6"", ""type"": ""mutation"", ""des_level"": ""gene"", ""source"": [""COSMIC""]}"
e1981,ETV4 overexpression,Entity,"{""displayName"": ""ETV4 overexpression"", ""reference1"": ""ETV4"", ""type"": ""overexpression"", ""des_level"": ""gene"", ""source"": [""CIVIC""]}"
e1982,ETV4 mutation,Entity,"{""displayName"": ""ETV4 mutation"", ""reference1"": ""ETV4"", ""type"": ""mutation"", ""des_level"": ""gene"", ""source"": [""VH""]}"
e1983,ETNK1 oncogenic mutation,Entity,"{""displayName"": ""ETNK1 oncogenic mutation"", ""reference1"": ""ETNK1"", ""type"": ""oncogenic mutation"", ""des_level"": ""gene"", ""source"": [""OncoKB""]}"
e1984,ETNK1 mutation,Entity,"{""displayName"": ""ETNK1 mutation"", ""reference1"": ""ETNK1"", ""type"": ""mutation"", ""des_level"": ""gene"", ""source"": [""VH""]}"
e1985,ESR1-YAP1 fusion,Entity,"{""displayName"": ""ESR1-YAP1 fusion"", ""reference1"": ""ESR1"", ""reference2"": ""YAP1"", ""type"": ""fusion"", ""des_level"": ""gene"", ""source"": [""CGI""]}"
e1986,ESR1 overexpression,Entity,"{""displayName"": ""ESR1 overexpression"", ""reference1"": ""ESR1"", ""type"": ""overexpression"", ""des_level"": ""gene"", ""source"": [""CIVIC"", ""CGI""]}"
e1987,ESR1 oncogenic mutation,Entity,"{""displayName"": ""ESR1 oncogenic mutation"", ""reference1"": ""ESR1"", ""type"": ""oncogenic mutation"", ""des_level"": ""gene"", ""source"": [""OncoKB"", ""CGI""]}"
e1988,ESR1 mutation,Entity,"{""displayName"": ""ESR1 mutation"", ""reference1"": ""ESR1"", ""type"": ""mutation"", ""des_level"": ""gene"", ""source"": [""CIVIC"", ""COSMIC""]}"
e1989,ESR1 fusion,Entity,"{""displayName"": ""ESR1 fusion"", ""reference1"": ""ESR1"", ""type"": ""fusion"", ""des_level"": ""gene"", ""source"": [""OncoKB""]}"
e1990,ESR1 amino acid 538 mutation,Entity,"{""displayName"": ""ESR1 amino acid 538 mutation"", ""reference1"": ""ESR1"", ""amino_acid"": [538, 538], ""type"": ""mutation"", ""des_level"": ""amino acid"", ""source"": [""CGI""]}"
e1991,ESR1 amino acid 537 mutation,Entity,"{""displayName"": ""ESR1 amino acid 537 mutation"", ""reference1"": ""ESR1"", ""amino_acid"": [537, 537], ""type"": ""mutation"", ""des_level"": ""amino acid"", ""source"": [""CGI""]}"
e1992,ESR1 absent,Entity,"{""displayName"": ""ESR1 absent"", ""reference1"": ""ESR1"", ""type"": ""absent"", ""des_level"": ""gene"", ""source"": [""COSMIC""]}"
e1993,ESR1 Y537X,Entity,"{""displayName"": ""ESR1 Y537X"", ""reference1"": ""ESR1"", ""aa_change"": ""Y537X"", ""type"": ""substitution"", ""des_level"": ""amino acid"", ""source"": [""OncoKB""]}"
e1994,ESR1 Y537S,Entity,"{""displayName"": ""ESR1 Y537S"", ""reference1"": ""ESR1"", ""aa_change"": ""Y537S"", ""type"": ""substitution"", ""des_level"": ""individual"", ""source"": [""CIVIC"", ""COSMIC"", ""CGI""]}"
e1995,ESR1 Y537N,Entity,"{""displayName"": ""ESR1 Y537N"", ""reference1"": ""ESR1"", ""aa_change"": ""Y537N"", ""type"": ""substitution"", ""des_level"": ""individual"", ""source"": [""CIVIC"", ""COSMIC""]}"
e1996,ESR1 Y537D,Entity,"{""displayName"": ""ESR1 Y537D"", ""reference1"": ""ESR1"", ""aa_change"": ""Y537D"", ""type"": ""substitution"", ""des_level"": ""individual"", ""source"": [""COSMIC""]}"
e1997,ESR1 Y537C,Entity,"{""displayName"": ""ESR1 Y537C"", ""reference1"": ""ESR1"", ""aa_change"": ""Y537C"", ""type"": ""substitution"", ""des_level"": ""individual"", ""source"": [""CIVIC"", ""COSMIC""]}"
e1998,ESR1 V422del,Entity,"{""displayName"": ""ESR1 V422del"", ""reference1"": ""ESR1"", ""aa_change"": ""V422del"", ""type"": ""deletion"", ""des_level"": ""individual"", ""source"": [""OncoKB""]}"
e1999,ESR1 S463P,Entity,"{""displayName"": ""ESR1 S463P"", ""reference1"": ""ESR1"", ""aa_change"": ""S463P"", ""type"": ""substitution"", ""des_level"": ""individual"", ""source"": [""CIVIC"", ""OncoKB""]}"
e2000,ESR1 P535H,Entity,"{""displayName"": ""ESR1 P535H"", ""reference1"": ""ESR1"", ""aa_change"": ""P535H"", ""type"": ""substitution"", ""des_level"": ""individual"", ""source"": [""CGI""]}"
e2001,ESR1 L536X,Entity,"{""displayName"": ""ESR1 L536X"", ""reference1"": ""ESR1"", ""aa_change"": ""L536X"", ""type"": ""substitution"", ""des_level"": ""amino acid"", ""source"": [""OncoKB"", ""CGI""]}"
e2002,ESR1 L536Q,Entity,"{""displayName"": ""ESR1 L536Q"", ""reference1"": ""ESR1"", ""aa_change"": ""L536Q"", ""type"": ""substitution"", ""des_level"": ""individual"", ""source"": [""CIVIC""]}"
e2003,ESR1 L469V,Entity,"{""displayName"": ""ESR1 L469V"", ""reference1"": ""ESR1"", ""aa_change"": ""L469V"", ""type"": ""substitution"", ""des_level"": ""individual"", ""source"": [""OncoKB""]}"
e2004,ESR1 E380X,Entity,"{""displayName"": ""ESR1 E380X"", ""reference1"": ""ESR1"", ""aa_change"": ""E380X"", ""type"": ""substitution"", ""des_level"": ""amino acid"", ""source"": [""OncoKB""]}"
e2005,ESR1 E380Q,Entity,"{""displayName"": ""ESR1 E380Q"", ""reference1"": ""ESR1"", ""aa_change"": ""E380Q"", ""type"": ""substitution"", ""des_level"": ""individual"", ""source"": [""CGI""]}"
e2006,ESR1 D538X,Entity,"{""displayName"": ""ESR1 D538X"", ""reference1"": ""ESR1"", ""aa_change"": ""D538X"", ""type"": ""substitution"", ""des_level"": ""amino acid"", ""source"": [""OncoKB""]}"
e2007,ESR1 D538G,Entity,"{""displayName"": ""ESR1 D538G"", ""reference1"": ""ESR1"", ""aa_change"": ""D538G"", ""type"": ""substitution"", ""des_level"": ""individual"", ""source"": [""CIVIC"", ""COSMIC""]}"
e2008,ERRFI1 mutation,Entity,"{""displayName"": ""ERRFI1 mutation"", ""reference1"": ""ERRFI1"", ""type"": ""mutation"", ""des_level"": ""gene"", ""source"": [""VH""]}"
e2009,ERRFI1 E384*,Entity,"{""displayName"": ""ERRFI1 E384*"", ""reference1"": ""ERRFI1"", ""aa_change"": ""E384*"", ""type"": ""stop gained"", ""des_level"": ""individual"", ""source"": [""CIVIC""]}"
e2010,EREG mutation,Entity,"{""displayName"": ""EREG mutation"", ""reference1"": ""EREG"", ""type"": ""mutation"", ""des_level"": ""gene"", ""source"": [""VH""]}"
e2011,EREG expression,Entity,"{""displayName"": ""EREG expression"", ""reference1"": ""EREG"", ""type"": ""expression"", ""des_level"": ""gene"", ""source"": [""CIVIC""]}"
e2012,EREG amplification,Entity,"{""displayName"": ""EREG amplification"", ""reference1"": ""EREG"", ""type"": ""amplification"", ""des_level"": ""gene"", ""source"": [""CGI""]}"
e2013,ERCC6 oncogenic mutation,Entity,"{""displayName"": ""ERCC6 oncogenic mutation"", ""reference1"": ""ERCC6"", ""type"": ""oncogenic mutation"", ""des_level"": ""gene"", ""source"": [""CGI""]}"
e2014,ERCC6 mutation,Entity,"{""displayName"": ""ERCC6 mutation"", ""reference1"": ""ERCC6"", ""type"": ""mutation"", ""des_level"": ""gene"", ""source"": [""COSMIC""]}"
e2015,ERCC4 oncogenic mutation,Entity,"{""displayName"": ""ERCC4 oncogenic mutation"", ""reference1"": ""ERCC4"", ""type"": ""oncogenic mutation"", ""des_level"": ""gene"", ""source"": [""CGI""]}"
e2016,ERCC4 mutation,Entity,"{""displayName"": ""ERCC4 mutation"", ""reference1"": ""ERCC4"", ""type"": ""mutation"", ""des_level"": ""gene"", ""source"": [""COSMIC""]}"
e2017,ERCC2 oncogenic mutation,Entity,"{""displayName"": ""ERCC2 oncogenic mutation"", ""reference1"": ""ERCC2"", ""type"": ""oncogenic mutation"", ""des_level"": ""gene"", ""source"": [""OncoKB"", ""CGI""]}"
e2018,ERCC2 mutation,Entity,"{""displayName"": ""ERCC2 mutation"", ""reference1"": ""ERCC2"", ""type"": ""mutation"", ""des_level"": ""gene"", ""source"": [""COSMIC""]}"
e2019,ERCC2 K751Q,Entity,"{""displayName"": ""ERCC2 K751Q"", ""reference1"": ""ERCC2"", ""aa_change"": ""K751Q"", ""type"": ""substitution"", ""des_level"": ""individual"", ""source"": [""CIVIC""]}"
e2020,ERCC1 underexpression,Entity,"{""displayName"": ""ERCC1 underexpression"", ""reference1"": ""ERCC1"", ""type"": ""underexpression"", ""des_level"": ""gene"", ""source"": [""CIVIC""]}"
e2021,ERCC1 overexpression,Entity,"{""displayName"": ""ERCC1 overexpression"", ""reference1"": ""ERCC1"", ""type"": ""overexpression"", ""des_level"": ""gene"", ""source"": [""CGI""]}"
e2022,ERCC1 oncogenic mutation,Entity,"{""displayName"": ""ERCC1 oncogenic mutation"", ""reference1"": ""ERCC1"", ""type"": ""oncogenic mutation"", ""des_level"": ""gene"", ""source"": [""CGI""]}"
e2023,ERCC1 mutation,Entity,"{""displayName"": ""ERCC1 mutation"", ""reference1"": ""ERCC1"", ""type"": ""mutation"", ""des_level"": ""gene"", ""source"": [""COSMIC""]}"
e2024,ERCC1 expression,Entity,"{""displayName"": ""ERCC1 expression"", ""reference1"": ""ERCC1"", ""type"": ""expression"", ""des_level"": ""gene"", ""source"": [""CIVIC""]}"
e2025,ERCC1 copy loss,Entity,"{""displayName"": ""ERCC1 copy loss"", ""reference1"": ""ERCC1"", ""type"": ""copy loss"", ""des_level"": ""gene"", ""source"": [""CGI""]}"
e2026,ERBB4 mutation,Entity,"{""displayName"": ""ERBB4 mutation"", ""reference1"": ""ERBB4"", ""type"": ""mutation"", ""des_level"": ""gene"", ""source"": [""CIVIC"", ""COSMIC""]}"
e2027,ERBB4 fusion,Entity,"{""displayName"": ""ERBB4 fusion"", ""reference1"": ""ERBB4"", ""type"": ""fusion"", ""des_level"": ""gene"", ""source"": [""CGI""]}"
e2028,ERBB4 expression,Entity,"{""displayName"": ""ERBB4 expression"", ""reference1"": ""ERBB4"", ""type"": ""expression"", ""des_level"": ""gene"", ""source"": [""CIVIC""]}"
e2029,ERBB4 R544W,Entity,"{""displayName"": ""ERBB4 R544W"", ""reference1"": ""ERBB4"", ""aa_change"": ""R544W"", ""type"": ""substitution"", ""des_level"": ""individual"", ""source"": [""CGI""]}"
e2030,ERBB4 R393W,Entity,"{""displayName"": ""ERBB4 R393W"", ""reference1"": ""ERBB4"", ""aa_change"": ""R393W"", ""type"": ""substitution"", ""des_level"": ""individual"", ""source"": [""CGI""]}"
e2031,ERBB4 H809G,Entity,"{""displayName"": ""ERBB4 H809G"", ""reference1"": ""ERBB4"", ""aa_change"": ""H809G"", ""type"": ""substitution"", ""des_level"": ""individual"", ""source"": [""CGI""]}"
e2032,ERBB4 E872K,Entity,"{""displayName"": ""ERBB4 E872K"", ""reference1"": ""ERBB4"", ""aa_change"": ""E872K"", ""type"": ""substitution"", ""des_level"": ""individual"", ""source"": [""CGI""]}"
e2033,ERBB4 E452K,Entity,"{""displayName"": ""ERBB4 E452K"", ""reference1"": ""ERBB4"", ""aa_change"": ""E452K"", ""type"": ""substitution"", ""des_level"": ""individual"", ""source"": [""CGI""]}"
e2034,ERBB4 E317K,Entity,"{""displayName"": ""ERBB4 E317K"", ""reference1"": ""ERBB4"", ""aa_change"": ""E317K"", ""type"": ""substitution"", ""des_level"": ""individual"", ""source"": [""CGI""]}"
e2035,ERBB3 overexpression,Entity,"{""displayName"": ""ERBB3 overexpression"", ""reference1"": ""ERBB3"", ""type"": ""overexpression"", ""des_level"": ""gene"", ""source"": [""CIVIC""]}"
e2036,ERBB3 mutation,Entity,"{""displayName"": ""ERBB3 mutation"", ""reference1"": ""ERBB3"", ""type"": ""mutation"", ""des_level"": ""gene"", ""source"": [""CIVIC"", ""COSMIC""]}"
e2037,ERBB3 expression,Entity,"{""displayName"": ""ERBB3 expression"", ""reference1"": ""ERBB3"", ""type"": ""expression"", ""des_level"": ""gene"", ""source"": [""CIVIC""]}"
e2038,ERBB3 amplification,Entity,"{""displayName"": ""ERBB3 amplification"", ""reference1"": ""ERBB3"", ""type"": ""amplification"", ""des_level"": ""gene"", ""source"": [""CGI""]}"
e2039,ERBB3 absent,Entity,"{""displayName"": ""ERBB3 absent"", ""reference1"": ""ERBB3"", ""type"": ""absent"", ""des_level"": ""gene"", ""source"": [""COSMIC""]}"
e2040,ERBB3 V855A,Entity,"{""displayName"": ""ERBB3 V855A"", ""reference1"": ""ERBB3"", ""aa_change"": ""V855A"", ""type"": ""substitution"", ""des_level"": ""individual"", ""source"": [""CIVIC""]}"
e2041,ERBB3 V104M,Entity,"{""displayName"": ""ERBB3 V104M"", ""reference1"": ""ERBB3"", ""aa_change"": ""V104M"", ""type"": ""substitution"", ""des_level"": ""individual"", ""source"": [""CIVIC"", ""CGI""]}"
e2042,ERBB3 R103G,Entity,"{""displayName"": ""ERBB3 R103G"", ""reference1"": ""ERBB3"", ""aa_change"": ""R103G"", ""type"": ""substitution"", ""des_level"": ""individual"", ""source"": [""CIVIC"", ""CGI""]}"
e2043,ERBB3 Q809R,Entity,"{""displayName"": ""ERBB3 Q809R"", ""reference1"": ""ERBB3"", ""aa_change"": ""Q809R"", ""type"": ""substitution"", ""des_level"": ""individual"", ""source"": [""CGI""]}"
e2044,ERBB3 P262H,Entity,"{""displayName"": ""ERBB3 P262H"", ""reference1"": ""ERBB3"", ""aa_change"": ""P262H"", ""type"": ""substitution"", ""des_level"": ""individual"", ""source"": [""CGI""]}"
e2045,ERBB3 G284R,Entity,"{""displayName"": ""ERBB3 G284R"", ""reference1"": ""ERBB3"", ""aa_change"": ""G284R"", ""type"": ""substitution"", ""des_level"": ""individual"", ""source"": [""CIVIC"", ""CGI""]}"
e2046,ERBB2 tyrosine kinase domain mutation,Entity,"{""displayName"": ""ERBB2 tyrosine kinase domain mutation"", ""reference1"": ""ERBB2"", ""type"": ""tyrosine kinase domain mutation"", ""des_level"": ""gene"", ""source"": [""COSMIC""]}"
e2047,ERBB2 overexpression,Entity,"{""displayName"": ""ERBB2 overexpression"", ""reference1"": ""ERBB2"", ""type"": ""overexpression"", ""des_level"": ""gene"", ""source"": [""CIVIC"", ""CGI""]}"
e2048,ERBB2 oncogenic mutation,Entity,"{""displayName"": ""ERBB2 oncogenic mutation"", ""reference1"": ""ERBB2"", ""type"": ""oncogenic mutation"", ""des_level"": ""gene"", ""source"": [""OncoKB"", ""CGI""]}"
e2049,ERBB2 mutation,Entity,"{""displayName"": ""ERBB2 mutation"", ""reference1"": ""ERBB2"", ""type"": ""mutation"", ""des_level"": ""gene"", ""source"": [""CIVIC"", ""COSMIC""]}"
e2050,ERBB2 kinase domain mutation,Entity,"{""displayName"": ""ERBB2 kinase domain mutation"", ""reference1"": ""ERBB2"", ""type"": ""kinase domain mutation"", ""des_level"": ""gene"", ""source"": [""CIVIC""]}"
e2051,ERBB2 expression,Entity,"{""displayName"": ""ERBB2 expression"", ""reference1"": ""ERBB2"", ""type"": ""expression"", ""des_level"": ""gene"", ""source"": [""CGI""]}"
e2052,ERBB2 exon 20 mutation,Entity,"{""displayName"": ""ERBB2 exon 20 mutation"", ""reference1"": ""ERBB2"", ""exon"": ""20"", ""type"": ""mutation"", ""des_level"": ""exon"", ""source"": [""COSMIC"", ""CGI""]}"
e2053,ERBB2 exon 20 in-frame insertion,Entity,"{""displayName"": ""ERBB2 exon 20 in-frame insertion"", ""reference1"": ""ERBB2"", ""exon"": ""20"", ""type"": ""in-frame insertion"", ""des_level"": ""exon"", ""source"": [""CIVIC"", ""COSMIC""]}"
e2054,ERBB2 exon 19 mutation,Entity,"{""displayName"": ""ERBB2 exon 19 mutation"", ""reference1"": ""ERBB2"", ""exon"": ""19"", ""type"": ""mutation"", ""des_level"": ""exon"", ""source"": [""COSMIC""]}"
e2055,ERBB2 amplification,Entity,"{""displayName"": ""ERBB2 amplification"", ""reference1"": ""ERBB2"", ""type"": ""amplification"", ""des_level"": ""gene"", ""source"": [""CIVIC"", ""OncoKB"", ""CGI""]}"
e2056,ERBB2 amino acid 755-759 deletion,Entity,"{""displayName"": ""ERBB2 amino acid 755-759 deletion"", ""reference1"": ""ERBB2"", ""amino_acid"": [755, 759], ""type"": ""deletion"", ""des_level"": ""amino acid"", ""source"": [""CGI""]}"
e2057,ERBB2 activating mutation,Entity,"{""displayName"": ""ERBB2 activating mutation"", ""reference1"": ""ERBB2"", ""type"": ""activating mutation"", ""des_level"": ""gene"", ""source"": [""CIVIC""]}"
e2058,ERBB2 absent,Entity,"{""displayName"": ""ERBB2 absent"", ""reference1"": ""ERBB2"", ""type"": ""absent"", ""des_level"": ""gene"", ""source"": [""COSMIC""]}"
e2059,ERBB2 Y772_A775dup,Entity,"{""displayName"": ""ERBB2 Y772_A775dup"", ""reference1"": ""ERBB2"", ""aa_change"": ""Y772_A775dup"", ""type"": ""duplication"", ""des_level"": ""individual"", ""source"": [""CIVIC"", ""COSMIC""]}"
e2060,ERBB2 V842I,Entity,"{""displayName"": ""ERBB2 V842I"", ""reference1"": ""ERBB2"", ""aa_change"": ""V842I"", ""type"": ""substitution"", ""des_level"": ""individual"", ""source"": [""CIVIC"", ""CGI""]}"
e2061,ERBB2 V777X,Entity,"{""displayName"": ""ERBB2 V777X"", ""reference1"": ""ERBB2"", ""aa_change"": ""V777X"", ""type"": ""substitution"", ""des_level"": ""amino acid"", ""source"": [""CGI""]}"
e2062,ERBB2 V777L,Entity,"{""displayName"": ""ERBB2 V777L"", ""reference1"": ""ERBB2"", ""aa_change"": ""V777L"", ""type"": ""substitution"", ""des_level"": ""individual"", ""source"": [""CIVIC"", ""COSMIC"", ""CGI""]}"
e2063,ERBB2 V773A,Entity,"{""displayName"": ""ERBB2 V773A"", ""reference1"": ""ERBB2"", ""aa_change"": ""V773A"", ""type"": ""substitution"", ""des_level"": ""individual"", ""source"": [""CIVIC""]}"
e2064,ERBB2 V659E,Entity,"{""displayName"": ""ERBB2 V659E"", ""reference1"": ""ERBB2"", ""aa_change"": ""V659E"", ""type"": ""substitution"", ""des_level"": ""individual"", ""source"": [""CGI""]}"
e2065,ERBB2 T862A,Entity,"{""displayName"": ""ERBB2 T862A"", ""reference1"": ""ERBB2"", ""aa_change"": ""T862A"", ""type"": ""substitution"", ""des_level"": ""individual"", ""source"": [""CIVIC""]}"
e2066,ERBB2 T798M,Entity,"{""displayName"": ""ERBB2 T798M"", ""reference1"": ""ERBB2"", ""aa_change"": ""T798M"", ""type"": ""substitution"", ""des_level"": ""individual"", ""source"": [""CIVIC""]}"
e2067,ERBB2 T798I,Entity,"{""displayName"": ""ERBB2 T798I"", ""reference1"": ""ERBB2"", ""aa_change"": ""T798I"", ""type"": ""substitution"", ""des_level"": ""individual"", ""source"": [""CIVIC"", ""CGI""]}"
e2068,ERBB2 S310Y,Entity,"{""displayName"": ""ERBB2 S310Y"", ""reference1"": ""ERBB2"", ""aa_change"": ""S310Y"", ""type"": ""substitution"", ""des_level"": ""individual"", ""source"": [""CIVIC"", ""COSMIC"", ""CGI""]}"
e2069,ERBB2 S310X,Entity,"{""displayName"": ""ERBB2 S310X"", ""reference1"": ""ERBB2"", ""aa_change"": ""S310X"", ""type"": ""substitution"", ""des_level"": ""amino acid"", ""source"": [""CGI""]}"
e2070,ERBB2 S310F,Entity,"{""displayName"": ""ERBB2 S310F"", ""reference1"": ""ERBB2"", ""aa_change"": ""S310F"", ""type"": ""substitution"", ""des_level"": ""individual"", ""source"": [""CIVIC"", ""COSMIC"", ""CGI""]}"
e2071,ERBB2 R896C,Entity,"{""displayName"": ""ERBB2 R896C"", ""reference1"": ""ERBB2"", ""aa_change"": ""R896C"", ""type"": ""substitution"", ""des_level"": ""individual"", ""source"": [""CIVIC"", ""CGI""]}"
e2072,ERBB2 R678Q,Entity,"{""displayName"": ""ERBB2 R678Q"", ""reference1"": ""ERBB2"", ""aa_change"": ""R678Q"", ""type"": ""substitution"", ""des_level"": ""individual"", ""source"": [""CIVIC"", ""COSMIC""]}"
e2073,ERBB2 Q709L,Entity,"{""displayName"": ""ERBB2 Q709L"", ""reference1"": ""ERBB2"", ""aa_change"": ""Q709L"", ""type"": ""substitution"", ""des_level"": ""individual"", ""source"": [""COSMIC""]}"
e2074,ERBB2 P780_Y781insGSP,Entity,"{""displayName"": ""ERBB2 P780_Y781insGSP"", ""reference1"": ""ERBB2"", ""aa_change"": ""P780_Y781insGSP"", ""type"": ""insertion"", ""des_level"": ""individual"", ""source"": [""COSMIC"", ""CGI""]}"
e2075,ERBB2 N857S,Entity,"{""displayName"": ""ERBB2 N857S"", ""reference1"": ""ERBB2"", ""aa_change"": ""N857S"", ""type"": ""substitution"", ""des_level"": ""individual"", ""source"": [""CIVIC""]}"
e2076,ERBB2 M774delinsWLV,Entity,"{""displayName"": ""ERBB2 M774delinsWLV"", ""reference1"": ""ERBB2"", ""aa_change"": ""M774delinsWLV"", ""type"": ""delins"", ""des_level"": ""individual"", ""source"": [""CIVIC""]}"
e2077,ERBB2 M774_A775insAYVM,Entity,"{""displayName"": ""ERBB2 M774_A775insAYVM"", ""reference1"": ""ERBB2"", ""aa_change"": ""M774_A775insAYVM"", ""type"": ""insertion"", ""des_level"": ""individual"", ""source"": [""COSMIC""]}"
e2078,ERBB2 L869R,Entity,"{""displayName"": ""ERBB2 L869R"", ""reference1"": ""ERBB2"", ""aa_change"": ""L869R"", ""type"": ""substitution"", ""des_level"": ""individual"", ""source"": [""CGI""]}"
e2079,ERBB2 L866M,Entity,"{""displayName"": ""ERBB2 L866M"", ""reference1"": ""ERBB2"", ""aa_change"": ""L866M"", ""type"": ""substitution"", ""des_level"": ""individual"", ""source"": [""CIVIC""]}"
e2080,ERBB2 L755_T759del,Entity,"{""displayName"": ""ERBB2 L755_T759del"", ""reference1"": ""ERBB2"", ""aa_change"": ""L755_T759del"", ""type"": ""deletion"", ""des_level"": ""individual"", ""source"": [""CIVIC""]}"
e2081,ERBB2 L755X,Entity,"{""displayName"": ""ERBB2 L755X"", ""reference1"": ""ERBB2"", ""aa_change"": ""L755X"", ""type"": ""substitution"", ""des_level"": ""amino acid"", ""source"": [""CGI""]}"
e2082,ERBB2 L755W,Entity,"{""displayName"": ""ERBB2 L755W"", ""reference1"": ""ERBB2"", ""aa_change"": ""L755W"", ""type"": ""substitution"", ""des_level"": ""individual"", ""source"": [""CIVIC""]}"
e2083,ERBB2 L755S,Entity,"{""displayName"": ""ERBB2 L755S"", ""reference1"": ""ERBB2"", ""aa_change"": ""L755S"", ""type"": ""substitution"", ""des_level"": ""individual"", ""source"": [""CIVIC"", ""COSMIC"", ""CGI""]}"
e2084,ERBB2 L755P,Entity,"{""displayName"": ""ERBB2 L755P"", ""reference1"": ""ERBB2"", ""aa_change"": ""L755P"", ""type"": ""substitution"", ""des_level"": ""individual"", ""source"": [""CIVIC"", ""COSMIC""]}"
e2085,ERBB2 K753E,Entity,"{""displayName"": ""ERBB2 K753E"", ""reference1"": ""ERBB2"", ""aa_change"": ""K753E"", ""type"": ""substitution"", ""des_level"": ""individual"", ""source"": [""CGI""]}"
e2086,ERBB2 H878Y,Entity,"{""displayName"": ""ERBB2 H878Y"", ""reference1"": ""ERBB2"", ""aa_change"": ""H878Y"", ""type"": ""substitution"", ""des_level"": ""individual"", ""source"": [""CIVIC""]}"
e2087,ERBB2 G778_S779insLPS,Entity,"{""displayName"": ""ERBB2 G778_S779insLPS"", ""reference1"": ""ERBB2"", ""aa_change"": ""G778_S779insLPS"", ""type"": ""insertion"", ""des_level"": ""individual"", ""source"": [""CIVIC""]}"
e2088,ERBB2 G778_P780dup,Entity,"{""displayName"": ""ERBB2 G778_P780dup"", ""reference1"": ""ERBB2"", ""aa_change"": ""G778_P780dup"", ""type"": ""duplication"", ""des_level"": ""individual"", ""source"": [""CIVIC"", ""COSMIC""]}"
e2089,ERBB2 G776delinsVC,Entity,"{""displayName"": ""ERBB2 G776delinsVC"", ""reference1"": ""ERBB2"", ""aa_change"": ""G776delinsVC"", ""type"": ""delins"", ""des_level"": ""individual"", ""source"": [""CIVIC"", ""COSMIC"", ""CGI""]}"
e2090,ERBB2 G776delinsLC,Entity,"{""displayName"": ""ERBB2 G776delinsLC"", ""reference1"": ""ERBB2"", ""aa_change"": ""G776delinsLC"", ""type"": ""delins"", ""des_level"": ""individual"", ""source"": [""CIVIC""]}"
e2091,ERBB2 G776delinsCV,Entity,"{""displayName"": ""ERBB2 G776delinsCV"", ""reference1"": ""ERBB2"", ""aa_change"": ""G776delinsCV"", ""type"": ""delins"", ""des_level"": ""individual"", ""source"": [""CIVIC""]}"
e2092,ERBB2 G776_V777insVC,Entity,"{""displayName"": ""ERBB2 G776_V777insVC"", ""reference1"": ""ERBB2"", ""aa_change"": ""G776_V777insVC"", ""type"": ""insertion"", ""des_level"": ""individual"", ""source"": [""COSMIC""]}"
e2093,ERBB2 G776_V777delinsVCD,Entity,"{""displayName"": ""ERBB2 G776_V777delinsVCD"", ""reference1"": ""ERBB2"", ""aa_change"": ""G776_V777delinsVCD"", ""type"": ""delins"", ""des_level"": ""individual"", ""source"": [""CIVIC""]}"
e2094,ERBB2 G776R,Entity,"{""displayName"": ""ERBB2 G776R"", ""reference1"": ""ERBB2"", ""aa_change"": ""G776R"", ""type"": ""substitution"", ""des_level"": ""individual"", ""source"": [""COSMIC""]}"
e2095,ERBB2 G776L,Entity,"{""displayName"": ""ERBB2 G776L"", ""reference1"": ""ERBB2"", ""aa_change"": ""G776L"", ""type"": ""substitution"", ""des_level"": ""individual"", ""source"": [""CIVIC"", ""COSMIC"", ""CGI""]}"
e2096,ERBB2 G776C,Entity,"{""displayName"": ""ERBB2 G776C"", ""reference1"": ""ERBB2"", ""aa_change"": ""G776C"", ""type"": ""substitution"", ""des_level"": ""individual"", ""source"": [""COSMIC""]}"
e2097,ERBB2 G660D,Entity,"{""displayName"": ""ERBB2 G660D"", ""reference1"": ""ERBB2"", ""aa_change"": ""G660D"", ""type"": ""substitution"", ""des_level"": ""individual"", ""source"": [""COSMIC""]}"
e2098,ERBB2 G309E,Entity,"{""displayName"": ""ERBB2 G309E"", ""reference1"": ""ERBB2"", ""aa_change"": ""G309E"", ""type"": ""substitution"", ""des_level"": ""individual"", ""source"": [""CGI""]}"
e2099,ERBB2 G309A,Entity,"{""displayName"": ""ERBB2 G309A"", ""reference1"": ""ERBB2"", ""aa_change"": ""G309A"", ""type"": ""substitution"", ""des_level"": ""individual"", ""source"": [""CIVIC"", ""CGI""]}"
e2100,ERBB2 E693K,Entity,"{""displayName"": ""ERBB2 E693K"", ""reference1"": ""ERBB2"", ""aa_change"": ""E693K"", ""type"": ""substitution"", ""des_level"": ""individual"", ""source"": [""COSMIC""]}"
e2101,ERBB2 E321G,Entity,"{""displayName"": ""ERBB2 E321G"", ""reference1"": ""ERBB2"", ""aa_change"": ""E321G"", ""type"": ""substitution"", ""des_level"": ""individual"", ""source"": [""CGI""]}"
e2102,ERBB2 D769Y,Entity,"{""displayName"": ""ERBB2 D769Y"", ""reference1"": ""ERBB2"", ""aa_change"": ""D769Y"", ""type"": ""substitution"", ""des_level"": ""individual"", ""source"": [""CIVIC"", ""CGI""]}"
e2103,ERBB2 D769N,Entity,"{""displayName"": ""ERBB2 D769N"", ""reference1"": ""ERBB2"", ""aa_change"": ""D769N"", ""type"": ""substitution"", ""des_level"": ""individual"", ""source"": [""COSMIC""]}"
e2104,ERBB2 D769H,Entity,"{""displayName"": ""ERBB2 D769H"", ""reference1"": ""ERBB2"", ""aa_change"": ""D769H"", ""type"": ""substitution"", ""des_level"": ""individual"", ""source"": [""CIVIC"", ""COSMIC"", ""CGI""]}"
e2105,ERBB2 C334S,Entity,"{""displayName"": ""ERBB2 C334S"", ""reference1"": ""ERBB2"", ""aa_change"": ""C334S"", ""type"": ""substitution"", ""des_level"": ""individual"", ""source"": [""CGI""]}"
e2106,ERBB2 C311R,Entity,"{""displayName"": ""ERBB2 C311R"", ""reference1"": ""ERBB2"", ""aa_change"": ""C311R"", ""type"": ""substitution"", ""des_level"": ""individual"", ""source"": [""CGI""]}"
e2107,ERBB2 A775_G776insYVMA,Entity,"{""displayName"": ""ERBB2 A775_G776insYVMA"", ""reference1"": ""ERBB2"", ""aa_change"": ""A775_G776insYVMA"", ""type"": ""insertion"", ""des_level"": ""individual"", ""source"": [""COSMIC"", ""CGI""]}"
e2108,ERBB2 A775_G776insVVMA,Entity,"{""displayName"": ""ERBB2 A775_G776insVVMA"", ""reference1"": ""ERBB2"", ""aa_change"": ""A775_G776insVVMA"", ""type"": ""insertion"", ""des_level"": ""individual"", ""source"": [""CIVIC""]}"
e2109,ERBB2 A775_G776insV,Entity,"{""displayName"": ""ERBB2 A775_G776insV"", ""reference1"": ""ERBB2"", ""aa_change"": ""A775_G776insV"", ""type"": ""insertion"", ""des_level"": ""individual"", ""source"": [""CIVIC""]}"
e2110,ERBB2 A775_G776insTVMA,Entity,"{""displayName"": ""ERBB2 A775_G776insTVMA"", ""reference1"": ""ERBB2"", ""aa_change"": ""A775_G776insTVMA"", ""type"": ""insertion"", ""des_level"": ""individual"", ""source"": [""CIVIC""]}"
e2111,EPOR mutation,Entity,"{""displayName"": ""EPOR mutation"", ""reference1"": ""EPOR"", ""type"": ""mutation"", ""des_level"": ""gene"", ""source"": [""COSMIC""]}"
e2112,EPOR fusion,Entity,"{""displayName"": ""EPOR fusion"", ""reference1"": ""EPOR"", ""type"": ""fusion"", ""des_level"": ""gene"", ""source"": [""OncoKB"", ""COSMIC""]}"
e2113,EPHB4 mutation,Entity,"{""displayName"": ""EPHB4 mutation"", ""reference1"": ""EPHB4"", ""type"": ""mutation"", ""des_level"": ""gene"", ""source"": [""VH""]}"
e2114,EPHB4 expression,Entity,"{""displayName"": ""EPHB4 expression"", ""reference1"": ""EPHB4"", ""type"": ""expression"", ""des_level"": ""gene"", ""source"": [""CIVIC""]}"
e2115,EPHA3 mutation,Entity,"{""displayName"": ""EPHA3 mutation"", ""reference1"": ""EPHA3"", ""type"": ""mutation"", ""des_level"": ""gene"", ""source"": [""VH""]}"
e2116,EPHA3 amplification,Entity,"{""displayName"": ""EPHA3 amplification"", ""reference1"": ""EPHA3"", ""type"": ""amplification"", ""des_level"": ""gene"", ""source"": [""CGI""]}"
e2117,EPHA2 mutation,Entity,"{""displayName"": ""EPHA2 mutation"", ""reference1"": ""EPHA2"", ""type"": ""mutation"", ""des_level"": ""gene"", ""source"": [""COSMIC""]}"
e2118,EPHA2 amplification,Entity,"{""displayName"": ""EPHA2 amplification"", ""reference1"": ""EPHA2"", ""type"": ""amplification"", ""des_level"": ""gene"", ""source"": [""CGI""]}"
e2119,EPHA2 G391R,Entity,"{""displayName"": ""EPHA2 G391R"", ""reference1"": ""EPHA2"", ""aa_change"": ""G391R"", ""type"": ""substitution"", ""des_level"": ""individual"", ""source"": [""CGI""]}"
e2120,EPAS1 overexpression,Entity,"{""displayName"": ""EPAS1 overexpression"", ""reference1"": ""EPAS1"", ""type"": ""overexpression"", ""des_level"": ""gene"", ""source"": [""CIVIC""]}"
e2121,EPAS1 mutation,Entity,"{""displayName"": ""EPAS1 mutation"", ""reference1"": ""EPAS1"", ""type"": ""mutation"", ""des_level"": ""gene"", ""source"": [""COSMIC""]}"
e2122,EP300 oncogenic mutation,Entity,"{""displayName"": ""EP300 oncogenic mutation"", ""reference1"": ""EP300"", ""type"": ""oncogenic mutation"", ""des_level"": ""gene"", ""source"": [""OncoKB""]}"
e2123,EP300 mutation,Entity,"{""displayName"": ""EP300 mutation"", ""reference1"": ""EP300"", ""type"": ""mutation"", ""des_level"": ""gene"", ""source"": [""COSMIC""]}"
e2124,EML4-NTRK3 fusion,Entity,"{""displayName"": ""EML4-NTRK3 fusion"", ""reference1"": ""EML4"", ""reference2"": ""NTRK3"", ""type"": ""fusion"", ""des_level"": ""gene"", ""source"": [""CIVIC""]}"
e2125,EML4-ALK fusion,Entity,"{""displayName"": ""EML4-ALK fusion"", ""reference1"": ""EML4"", ""reference2"": ""ALK"", ""type"": ""fusion"", ""des_level"": ""gene"", ""source"": [""CIVIC"", ""COSMIC""]}"
e2126,EML4 mutation,Entity,"{""displayName"": ""EML4 mutation"", ""reference1"": ""EML4"", ""type"": ""mutation"", ""des_level"": ""gene"", ""source"": [""VH""]}"
e2127,EGFR-SEPTIN14 fusion,Entity,"{""displayName"": ""EGFR-SEPTIN14 fusion"", ""reference1"": ""EGFR"", ""reference2"": ""SEPTIN14"", ""type"": ""fusion"", ""des_level"": ""gene"", ""source"": [""CIVIC""]}"
e2128,EGFR-RAD51 fusion,Entity,"{""displayName"": ""EGFR-RAD51 fusion"", ""reference1"": ""EGFR"", ""reference2"": ""RAD51"", ""type"": ""fusion"", ""des_level"": ""gene"", ""source"": [""CIVIC"", ""CGI""]}"
e2129,EGFR overexpression,Entity,"{""displayName"": ""EGFR overexpression"", ""reference1"": ""EGFR"", ""type"": ""overexpression"", ""des_level"": ""gene"", ""source"": [""CIVIC"", ""CGI""]}"
e2130,EGFR oncogenic mutation,Entity,"{""displayName"": ""EGFR oncogenic mutation"", ""reference1"": ""EGFR"", ""type"": ""oncogenic mutation"", ""des_level"": ""gene"", ""source"": [""CGI""]}"
e2131,EGFR mutation,Entity,"{""displayName"": ""EGFR mutation"", ""reference1"": ""EGFR"", ""type"": ""mutation"", ""des_level"": ""gene"", ""source"": [""CIVIC"", ""COSMIC""]}"
e2132,EGFR kinase domain mutation,Entity,"{""displayName"": ""EGFR kinase domain mutation"", ""reference1"": ""EGFR"", ""type"": ""kinase domain mutation"", ""des_level"": ""gene"", ""source"": [""OncoKB""]}"
e2133,EGFR gain of function,Entity,"{""displayName"": ""EGFR gain of function"", ""reference1"": ""EGFR"", ""type"": ""gain of function"", ""des_level"": ""gene"", ""source"": [""CIVIC""]}"
e2134,EGFR expression,Entity,"{""displayName"": ""EGFR expression"", ""reference1"": ""EGFR"", ""type"": ""expression"", ""des_level"": ""gene"", ""source"": [""CIVIC""]}"
e2135,EGFR exon 7 mutation,Entity,"{""displayName"": ""EGFR exon 7 mutation"", ""reference1"": ""EGFR"", ""exon"": ""7"", ""type"": ""mutation"", ""des_level"": ""exon"", ""source"": [""VH""]}"
e2136,EGFR exon 7 in-frame deletion,Entity,"{""displayName"": ""EGFR exon 7 in-frame deletion"", ""reference1"": ""EGFR"", ""exon"": ""7"", ""type"": ""in-frame deletion"", ""des_level"": ""exon"", ""source"": [""COSMIC""]}"
e2137,EGFR exon 6 mutation,Entity,"{""displayName"": ""EGFR exon 6 mutation"", ""reference1"": ""EGFR"", ""exon"": ""6"", ""type"": ""mutation"", ""des_level"": ""exon"", ""source"": [""VH""]}"
e2138,EGFR exon 6 in-frame deletion,Entity,"{""displayName"": ""EGFR exon 6 in-frame deletion"", ""reference1"": ""EGFR"", ""exon"": ""6"", ""type"": ""in-frame deletion"", ""des_level"": ""exon"", ""source"": [""COSMIC""]}"
e2139,EGFR exon 5 mutation,Entity,"{""displayName"": ""EGFR exon 5 mutation"", ""reference1"": ""EGFR"", ""exon"": ""5"", ""type"": ""mutation"", ""des_level"": ""exon"", ""source"": [""VH""]}"
e2140,EGFR exon 5 in-frame deletion,Entity,"{""displayName"": ""EGFR exon 5 in-frame deletion"", ""reference1"": ""EGFR"", ""exon"": ""5"", ""type"": ""in-frame deletion"", ""des_level"": ""exon"", ""source"": [""COSMIC""]}"
e2141,EGFR exon 4 mutation,Entity,"{""displayName"": ""EGFR exon 4 mutation"", ""reference1"": ""EGFR"", ""exon"": ""4"", ""type"": ""mutation"", ""des_level"": ""exon"", ""source"": [""VH""]}"
e2142,EGFR exon 4 in-frame deletion,Entity,"{""displayName"": ""EGFR exon 4 in-frame deletion"", ""reference1"": ""EGFR"", ""exon"": ""4"", ""type"": ""in-frame deletion"", ""des_level"": ""exon"", ""source"": [""CIVIC"", ""COSMIC""]}"
e2143,EGFR exon 3 mutation,Entity,"{""displayName"": ""EGFR exon 3 mutation"", ""reference1"": ""EGFR"", ""exon"": ""3"", ""type"": ""mutation"", ""des_level"": ""exon"", ""source"": [""VH""]}"
e2144,EGFR exon 3 in-frame deletion,Entity,"{""displayName"": ""EGFR exon 3 in-frame deletion"", ""reference1"": ""EGFR"", ""exon"": ""3"", ""type"": ""in-frame deletion"", ""des_level"": ""exon"", ""source"": [""COSMIC""]}"
e2145,EGFR exon 21 mutation,Entity,"{""displayName"": ""EGFR exon 21 mutation"", ""reference1"": ""EGFR"", ""exon"": ""21"", ""type"": ""mutation"", ""des_level"": ""exon"", ""source"": [""COSMIC""]}"
e2146,EGFR exon 20 mutation,Entity,"{""displayName"": ""EGFR exon 20 mutation"", ""reference1"": ""EGFR"", ""exon"": ""20"", ""type"": ""mutation"", ""des_level"": ""exon"", ""source"": [""VH""]}"
e2147,EGFR exon 20 in-frame insertion,Entity,"{""displayName"": ""EGFR exon 20 in-frame insertion"", ""reference1"": ""EGFR"", ""exon"": ""20"", ""type"": ""in-frame insertion"", ""des_level"": ""exon"", ""source"": [""OncoKB"", ""COSMIC"", ""CIVIC"", ""CGI""]}"
e2148,EGFR exon 2 mutation,Entity,"{""displayName"": ""EGFR exon 2 mutation"", ""reference1"": ""EGFR"", ""exon"": ""2"", ""type"": ""mutation"", ""des_level"": ""exon"", ""source"": [""VH""]}"
e2149,EGFR exon 2 in-frame deletion,Entity,"{""displayName"": ""EGFR exon 2 in-frame deletion"", ""reference1"": ""EGFR"", ""exon"": ""2"", ""type"": ""in-frame deletion"", ""des_level"": ""exon"", ""source"": [""COSMIC""]}"
e2150,EGFR exon 19 mutation,Entity,"{""displayName"": ""EGFR exon 19 mutation"", ""reference1"": ""EGFR"", ""exon"": ""19"", ""type"": ""mutation"", ""des_level"": ""exon"", ""source"": [""VH""]}"
e2151,EGFR exon 19 in-frame insertion,Entity,"{""displayName"": ""EGFR exon 19 in-frame insertion"", ""reference1"": ""EGFR"", ""exon"": ""19"", ""type"": ""in-frame insertion"", ""des_level"": ""exon"", ""source"": [""OncoKB"", ""COSMIC"", ""CGI""]}"
e2152,EGFR exon 19 in-frame deletion,Entity,"{""displayName"": ""EGFR exon 19 in-frame deletion"", ""reference1"": ""EGFR"", ""exon"": ""19"", ""type"": ""in-frame deletion"", ""des_level"": ""exon"", ""source"": [""OncoKB"", ""COSMIC"", ""CIVIC"", ""CGI""]}"
e2153,EGFR exon 18 overexpression,Entity,"{""displayName"": ""EGFR exon 18 overexpression"", ""reference1"": ""EGFR"", ""exon"": ""18"", ""type"": ""overexpression"", ""des_level"": ""exon"", ""source"": [""CIVIC""]}"
e2154,EGFR exon 18 mutation,Entity,"{""displayName"": ""EGFR exon 18 mutation"", ""reference1"": ""EGFR"", ""exon"": ""18"", ""type"": ""mutation"", ""des_level"": ""exon"", ""source"": [""COSMIC""]}"
e2155,EGFR amplification,Entity,"{""displayName"": ""EGFR amplification"", ""reference1"": ""EGFR"", ""type"": ""amplification"", ""des_level"": ""gene"", ""source"": [""CIVIC"", ""OncoKB"", ""CGI""]}"
e2156,EGFR amino acid 769-770 insertion,Entity,"{""displayName"": ""EGFR amino acid 769-770 insertion"", ""reference1"": ""EGFR"", ""amino_acid"": [769, 770], ""type"": ""insertion"", ""des_level"": ""amino acid"", ""source"": [""CGI""]}"
e2157,EGFR amino acid 6-273 deletion,Entity,"{""displayName"": ""EGFR amino acid 6-273 deletion"", ""reference1"": ""EGFR"", ""amino_acid"": [6, 273], ""type"": ""deletion"", ""des_level"": ""amino acid"", ""source"": [""CGI""]}"
e2158,EGFR amino acid 30-336 deletion,Entity,"{""displayName"": ""EGFR amino acid 30-336 deletion"", ""reference1"": ""EGFR"", ""amino_acid"": [30, 336], ""type"": ""deletion"", ""des_level"": ""amino acid"", ""source"": [""CGI""]}"
e2159,EGFR Y801H,Entity,"{""displayName"": ""EGFR Y801H"", ""reference1"": ""EGFR"", ""aa_change"": ""Y801H"", ""type"": ""substitution"", ""des_level"": ""individual"", ""source"": [""CIVIC""]}"
e2160,EGFR Y764_V765insHH,Entity,"{""displayName"": ""EGFR Y764_V765insHH"", ""reference1"": ""EGFR"", ""aa_change"": ""Y764_V765insHH"", ""type"": ""insertion"", ""des_level"": ""individual"", ""source"": [""CIVIC""]}"
e2161,EGFR W731L,Entity,"{""displayName"": ""EGFR W731L"", ""reference1"": ""EGFR"", ""aa_change"": ""W731L"", ""type"": ""substitution"", ""des_level"": ""individual"", ""source"": [""CIVIC""]}"
e2162,EGFR V851I,Entity,"{""displayName"": ""EGFR V851I"", ""reference1"": ""EGFR"", ""aa_change"": ""V851I"", ""type"": ""substitution"", ""des_level"": ""individual"", ""source"": [""CIVIC""]}"
e2163,EGFR V843I,Entity,"{""displayName"": ""EGFR V843I"", ""reference1"": ""EGFR"", ""aa_change"": ""V843I"", ""type"": ""substitution"", ""des_level"": ""individual"", ""source"": [""CGI""]}"
e2164,EGFR V834I,Entity,"{""displayName"": ""EGFR V834I"", ""reference1"": ""EGFR"", ""aa_change"": ""V834I"", ""type"": ""substitution"", ""des_level"": ""individual"", ""source"": [""CIVIC""]}"
e2165,EGFR V774M,Entity,"{""displayName"": ""EGFR V774M"", ""reference1"": ""EGFR"", ""aa_change"": ""V774M"", ""type"": ""substitution"", ""des_level"": ""individual"", ""source"": [""CIVIC""]}"
e2166,EGFR V774A,Entity,"{""displayName"": ""EGFR V774A"", ""reference1"": ""EGFR"", ""aa_change"": ""V774A"", ""type"": ""substitution"", ""des_level"": ""individual"", ""source"": [""CIVIC""]}"
e2167,EGFR V769_D770insASV,Entity,"{""displayName"": ""EGFR V769_D770insASV"", ""reference1"": ""EGFR"", ""aa_change"": ""V769_D770insASV"", ""type"": ""insertion"", ""des_level"": ""individual"", ""source"": [""CIVIC""]}"
e2168,EGFR V769L,Entity,"{""displayName"": ""EGFR V769L"", ""reference1"": ""EGFR"", ""aa_change"": ""V769L"", ""type"": ""substitution"", ""des_level"": ""individual"", ""source"": [""COSMIC""]}"
e2169,EGFR V742A,Entity,"{""displayName"": ""EGFR V742A"", ""reference1"": ""EGFR"", ""aa_change"": ""V742A"", ""type"": ""substitution"", ""des_level"": ""individual"", ""source"": [""CIVIC""]}"
e2170,EGFR V441F,Entity,"{""displayName"": ""EGFR V441F"", ""reference1"": ""EGFR"", ""aa_change"": ""V441F"", ""type"": ""substitution"", ""des_level"": ""individual"", ""source"": [""CIVIC""]}"
e2171,EGFR T854I,Entity,"{""displayName"": ""EGFR T854I"", ""reference1"": ""EGFR"", ""aa_change"": ""T854I"", ""type"": ""substitution"", ""des_level"": ""individual"", ""source"": [""COSMIC""]}"
e2172,EGFR T847I,Entity,"{""displayName"": ""EGFR T847I"", ""reference1"": ""EGFR"", ""aa_change"": ""T847I"", ""type"": ""substitution"", ""des_level"": ""individual"", ""source"": [""CIVIC""]}"
e2173,EGFR T790M,Entity,"{""displayName"": ""EGFR T790M"", ""reference1"": ""EGFR"", ""aa_change"": ""T790M"", ""type"": ""substitution"", ""des_level"": ""individual"", ""source"": [""OncoKB"", ""COSMIC"", ""CIVIC"", ""CGI""]}"
e2174,EGFR T785A,Entity,"{""displayName"": ""EGFR T785A"", ""reference1"": ""EGFR"", ""aa_change"": ""T785A"", ""type"": ""substitution"", ""des_level"": ""individual"", ""source"": [""CIVIC""]}"
e2175,EGFR T263P,Entity,"{""displayName"": ""EGFR T263P"", ""reference1"": ""EGFR"", ""aa_change"": ""T263P"", ""type"": ""substitution"", ""des_level"": ""individual"", ""source"": [""CIVIC"", ""OncoKB"", ""CGI""]}"
e2176,EGFR S786I,Entity,"{""displayName"": ""EGFR S786I"", ""reference1"": ""EGFR"", ""aa_change"": ""S786I"", ""type"": ""substitution"", ""des_level"": ""individual"", ""source"": [""COSMIC"", ""CGI""]}"
e2177,EGFR S768_D770dup,Entity,"{""displayName"": ""EGFR S768_D770dup"", ""reference1"": ""EGFR"", ""aa_change"": ""S768_D770dup"", ""type"": ""duplication"", ""des_level"": ""individual"", ""source"": [""CIVIC""]}"
e2178,EGFR S768T,Entity,"{""displayName"": ""EGFR S768T"", ""reference1"": ""EGFR"", ""aa_change"": ""S768T"", ""type"": ""substitution"", ""des_level"": ""individual"", ""source"": [""COSMIC""]}"
e2179,EGFR S768I,Entity,"{""displayName"": ""EGFR S768I"", ""reference1"": ""EGFR"", ""aa_change"": ""S768I"", ""type"": ""substitution"", ""des_level"": ""individual"", ""source"": [""OncoKB"", ""COSMIC"", ""CIVIC"", ""CGI""]}"
e2180,EGFR S720X,Entity,"{""displayName"": ""EGFR S720X"", ""reference1"": ""EGFR"", ""aa_change"": ""S720X"", ""type"": ""substitution"", ""des_level"": ""amino acid"", ""source"": [""CIVIC"", ""CGI""]}"
e2181,EGFR S645C,Entity,"{""displayName"": ""EGFR S645C"", ""reference1"": ""EGFR"", ""aa_change"": ""S645C"", ""type"": ""substitution"", ""des_level"": ""individual"", ""source"": [""CIVIC""]}"
e2182,EGFR S492R,Entity,"{""displayName"": ""EGFR S492R"", ""reference1"": ""EGFR"", ""aa_change"": ""S492R"", ""type"": ""substitution"", ""des_level"": ""individual"", ""source"": [""CIVIC"", ""CGI""]}"
e2183,EGFR S464L,Entity,"{""displayName"": ""EGFR S464L"", ""reference1"": ""EGFR"", ""aa_change"": ""S464L"", ""type"": ""substitution"", ""des_level"": ""individual"", ""source"": [""CGI""]}"
e2184,EGFR R831H,Entity,"{""displayName"": ""EGFR R831H"", ""reference1"": ""EGFR"", ""aa_change"": ""R831H"", ""type"": ""substitution"", ""des_level"": ""individual"", ""source"": [""CIVIC""]}"
e2185,EGFR R776C,Entity,"{""displayName"": ""EGFR R776C"", ""reference1"": ""EGFR"", ""aa_change"": ""R776C"", ""type"": ""substitution"", ""des_level"": ""individual"", ""source"": [""CIVIC""]}"
e2186,EGFR R705K,Entity,"{""displayName"": ""EGFR R705K"", ""reference1"": ""EGFR"", ""aa_change"": ""R705K"", ""type"": ""substitution"", ""des_level"": ""individual"", ""source"": [""CIVIC""]}"
e2187,EGFR R451C,Entity,"{""displayName"": ""EGFR R451C"", ""reference1"": ""EGFR"", ""aa_change"": ""R451C"", ""type"": ""substitution"", ""des_level"": ""individual"", ""source"": [""CIVIC"", ""CGI""]}"
e2188,EGFR R222C,Entity,"{""displayName"": ""EGFR R222C"", ""reference1"": ""EGFR"", ""aa_change"": ""R222C"", ""type"": ""substitution"", ""des_level"": ""individual"", ""source"": [""CIVIC""]}"
e2189,EGFR R108K,Entity,"{""displayName"": ""EGFR R108K"", ""reference1"": ""EGFR"", ""aa_change"": ""R108K"", ""type"": ""substitution"", ""des_level"": ""individual"", ""source"": [""CIVIC"", ""OncoKB"", ""CGI""]}"
e2190,EGFR P772_V774insPHV,Entity,"{""displayName"": ""EGFR P772_V774insPHV"", ""reference1"": ""EGFR"", ""aa_change"": ""P772_V774insPHV"", ""type"": ""insertion"", ""des_level"": ""individual"", ""source"": [""CIVIC""]}"
e2191,EGFR P772_H773insYNP,Entity,"{""displayName"": ""EGFR P772_H773insYNP"", ""reference1"": ""EGFR"", ""aa_change"": ""P772_H773insYNP"", ""type"": ""insertion"", ""des_level"": ""individual"", ""source"": [""CIVIC""]}"
e2192,EGFR P753insPS,Entity,"{""displayName"": ""EGFR P753insPS"", ""reference1"": ""EGFR"", ""aa_change"": ""P753insPS"", ""type"": ""insertion"", ""des_level"": ""individual"", ""source"": [""CGI""]}"
e2193,EGFR P753S,Entity,"{""displayName"": ""EGFR P753S"", ""reference1"": ""EGFR"", ""aa_change"": ""P753S"", ""type"": ""substitution"", ""des_level"": ""individual"", ""source"": [""CIVIC"", ""CGI""]}"
e2194,EGFR P546S,Entity,"{""displayName"": ""EGFR P546S"", ""reference1"": ""EGFR"", ""aa_change"": ""P546S"", ""type"": ""substitution"", ""des_level"": ""individual"", ""source"": [""CGI""]}"
e2195,EGFR N842S,Entity,"{""displayName"": ""EGFR N842S"", ""reference1"": ""EGFR"", ""aa_change"": ""N842S"", ""type"": ""substitution"", ""des_level"": ""individual"", ""source"": [""CIVIC""]}"
e2196,EGFR N826Y,Entity,"{""displayName"": ""EGFR N826Y"", ""reference1"": ""EGFR"", ""aa_change"": ""N826Y"", ""type"": ""substitution"", ""des_level"": ""individual"", ""source"": [""CIVIC""]}"
e2197,EGFR N826S,Entity,"{""displayName"": ""EGFR N826S"", ""reference1"": ""EGFR"", ""aa_change"": ""N826S"", ""type"": ""substitution"", ""des_level"": ""individual"", ""source"": [""CIVIC""]}"
e2198,EGFR N771_P772insL,Entity,"{""displayName"": ""EGFR N771_P772insL"", ""reference1"": ""EGFR"", ""aa_change"": ""N771_P772insL"", ""type"": ""insertion"", ""des_level"": ""individual"", ""source"": [""CIVIC""]}"
e2199,EGFR M766_A767insASV,Entity,"{""displayName"": ""EGFR M766_A767insASV"", ""reference1"": ""EGFR"", ""aa_change"": ""M766_A767insASV"", ""type"": ""insertion"", ""des_level"": ""individual"", ""source"": [""CIVIC""]}"
e2200,EGFR M766_A767insAI,Entity,"{""displayName"": ""EGFR M766_A767insAI"", ""reference1"": ""EGFR"", ""aa_change"": ""M766_A767insAI"", ""type"": ""insertion"", ""des_level"": ""individual"", ""source"": [""CIVIC""]}"
e2201,EGFR L861X,Entity,"{""displayName"": ""EGFR L861X"", ""reference1"": ""EGFR"", ""aa_change"": ""L861X"", ""type"": ""substitution"", ""des_level"": ""amino acid"", ""source"": [""CIVIC"", ""COSMIC"", ""CGI""]}"
e2202,EGFR L861R,Entity,"{""displayName"": ""EGFR L861R"", ""reference1"": ""EGFR"", ""aa_change"": ""L861R"", ""type"": ""substitution"", ""des_level"": ""individual"", ""source"": [""CIVIC"", ""CGI""]}"
e2203,EGFR L861Q,Entity,"{""displayName"": ""EGFR L861Q"", ""reference1"": ""EGFR"", ""aa_change"": ""L861Q"", ""type"": ""substitution"", ""des_level"": ""individual"", ""source"": [""OncoKB"", ""COSMIC"", ""CIVIC"", ""CGI""]}"
e2204,EGFR L861P,Entity,"{""displayName"": ""EGFR L861P"", ""reference1"": ""EGFR"", ""aa_change"": ""L861P"", ""type"": ""substitution"", ""des_level"": ""individual"", ""source"": [""CGI""]}"
e2205,EGFR L861G,Entity,"{""displayName"": ""EGFR L861G"", ""reference1"": ""EGFR"", ""aa_change"": ""L861G"", ""type"": ""substitution"", ""des_level"": ""individual"", ""source"": [""COSMIC""]}"
e2206,EGFR L858R,Entity,"{""displayName"": ""EGFR L858R"", ""reference1"": ""EGFR"", ""aa_change"": ""L858R"", ""type"": ""substitution"", ""des_level"": ""individual"", ""source"": [""OncoKB"", ""COSMIC"", ""CIVIC"", ""CGI""]}"
e2207,EGFR L838V,Entity,"{""displayName"": ""EGFR L838V"", ""reference1"": ""EGFR"", ""aa_change"": ""L838V"", ""type"": ""substitution"", ""des_level"": ""individual"", ""source"": [""CIVIC""]}"
e2208,EGFR L838P,Entity,"{""displayName"": ""EGFR L838P"", ""reference1"": ""EGFR"", ""aa_change"": ""L838P"", ""type"": ""substitution"", ""des_level"": ""individual"", ""source"": [""CIVIC""]}"
e2209,EGFR L833V,Entity,"{""displayName"": ""EGFR L833V"", ""reference1"": ""EGFR"", ""aa_change"": ""L833V"", ""type"": ""substitution"", ""des_level"": ""individual"", ""source"": [""COSMIC""]}"
e2210,EGFR L798I,Entity,"{""displayName"": ""EGFR L798I"", ""reference1"": ""EGFR"", ""aa_change"": ""L798I"", ""type"": ""substitution"", ""des_level"": ""individual"", ""source"": [""CGI""]}"
e2211,EGFR L792X,Entity,"{""displayName"": ""EGFR L792X"", ""reference1"": ""EGFR"", ""aa_change"": ""L792X"", ""type"": ""substitution"", ""des_level"": ""amino acid"", ""source"": [""CGI""]}"
e2212,EGFR L792H,Entity,"{""displayName"": ""EGFR L792H"", ""reference1"": ""EGFR"", ""aa_change"": ""L792H"", ""type"": ""substitution"", ""des_level"": ""individual"", ""source"": [""OncoKB"", ""COSMIC""]}"
e2213,EGFR L747del,Entity,"{""displayName"": ""EGFR L747del"", ""reference1"": ""EGFR"", ""aa_change"": ""L747del"", ""type"": ""deletion"", ""des_level"": ""individual"", ""source"": [""CGI""]}"
e2214,EGFR L747_S752delinsQ,Entity,"{""displayName"": ""EGFR L747_S752delinsQ"", ""reference1"": ""EGFR"", ""aa_change"": ""L747_S752delinsQ"", ""type"": ""delins"", ""des_level"": ""individual"", ""source"": [""CIVIC""]}"
e2215,EGFR L747_P753delinsS,Entity,"{""displayName"": ""EGFR L747_P753delinsS"", ""reference1"": ""EGFR"", ""aa_change"": ""L747_P753delinsS"", ""type"": ""delins"", ""des_level"": ""individual"", ""source"": [""CIVIC""]}"
e2216,EGFR L747S,Entity,"{""displayName"": ""EGFR L747S"", ""reference1"": ""EGFR"", ""aa_change"": ""L747S"", ""type"": ""substitution"", ""des_level"": ""individual"", ""source"": [""COSMIC"", ""CGI""]}"
e2217,EGFR L747P,Entity,"{""displayName"": ""EGFR L747P"", ""reference1"": ""EGFR"", ""aa_change"": ""L747P"", ""type"": ""substitution"", ""des_level"": ""individual"", ""source"": [""OncoKB"", ""COSMIC"", ""CIVIC""]}"
e2218,EGFR L718X,Entity,"{""displayName"": ""EGFR L718X"", ""reference1"": ""EGFR"", ""aa_change"": ""L718X"", ""type"": ""substitution"", ""des_level"": ""amino acid"", ""source"": [""COSMIC"", ""CGI""]}"
e2219,EGFR L718V,Entity,"{""displayName"": ""EGFR L718V"", ""reference1"": ""EGFR"", ""aa_change"": ""L718V"", ""type"": ""substitution"", ""des_level"": ""individual"", ""source"": [""OncoKB""]}"
e2220,EGFR K806E,Entity,"{""displayName"": ""EGFR K806E"", ""reference1"": ""EGFR"", ""aa_change"": ""K806E"", ""type"": ""substitution"", ""des_level"": ""individual"", ""source"": [""CIVIC""]}"
e2221,EGFR K757R,Entity,"{""displayName"": ""EGFR K757R"", ""reference1"": ""EGFR"", ""aa_change"": ""K757R"", ""type"": ""substitution"", ""des_level"": ""individual"", ""source"": [""CIVIC"", ""CGI""]}"
e2222,EGFR K754E,Entity,"{""displayName"": ""EGFR K754E"", ""reference1"": ""EGFR"", ""aa_change"": ""K754E"", ""type"": ""substitution"", ""des_level"": ""individual"", ""source"": [""CIVIC""]}"
e2223,EGFR K467T,Entity,"{""displayName"": ""EGFR K467T"", ""reference1"": ""EGFR"", ""aa_change"": ""K467T"", ""type"": ""substitution"", ""des_level"": ""individual"", ""source"": [""CIVIC"", ""CGI""]}"
e2224,EGFR I491M,Entity,"{""displayName"": ""EGFR I491M"", ""reference1"": ""EGFR"", ""aa_change"": ""I491M"", ""type"": ""substitution"", ""des_level"": ""individual"", ""source"": [""CGI""]}"
e2225,EGFR H835L,Entity,"{""displayName"": ""EGFR H835L"", ""reference1"": ""EGFR"", ""aa_change"": ""H835L"", ""type"": ""substitution"", ""des_level"": ""individual"", ""source"": [""COSMIC""]}"
e2226,EGFR H773_V774insNPH,Entity,"{""displayName"": ""EGFR H773_V774insNPH"", ""reference1"": ""EGFR"", ""aa_change"": ""H773_V774insNPH"", ""type"": ""insertion"", ""des_level"": ""individual"", ""source"": [""CIVIC""]}"
e2227,EGFR H773_V774insH,Entity,"{""displayName"": ""EGFR H773_V774insH"", ""reference1"": ""EGFR"", ""aa_change"": ""H773_V774insH"", ""type"": ""insertion"", ""des_level"": ""individual"", ""source"": [""CIVIC""]}"
e2228,EGFR G724S,Entity,"{""displayName"": ""EGFR G724S"", ""reference1"": ""EGFR"", ""aa_change"": ""G724S"", ""type"": ""substitution"", ""des_level"": ""individual"", ""source"": [""OncoKB"", ""COSMIC"", ""CIVIC""]}"
e2229,EGFR G719X,Entity,"{""displayName"": ""EGFR G719X"", ""reference1"": ""EGFR"", ""aa_change"": ""G719X"", ""type"": ""substitution"", ""des_level"": ""amino acid"", ""source"": [""OncoKB"", ""COSMIC"", ""CIVIC"", ""CGI""]}"
e2230,EGFR G719S,Entity,"{""displayName"": ""EGFR G719S"", ""reference1"": ""EGFR"", ""aa_change"": ""G719S"", ""type"": ""substitution"", ""des_level"": ""individual"", ""source"": [""CIVIC"", ""COSMIC"", ""CGI""]}"
e2231,EGFR G719D,Entity,"{""displayName"": ""EGFR G719D"", ""reference1"": ""EGFR"", ""aa_change"": ""G719D"", ""type"": ""substitution"", ""des_level"": ""individual"", ""source"": [""CIVIC"", ""COSMIC"", ""CGI""]}"
e2232,EGFR G719C,Entity,"{""displayName"": ""EGFR G719C"", ""reference1"": ""EGFR"", ""aa_change"": ""G719C"", ""type"": ""substitution"", ""des_level"": ""individual"", ""source"": [""COSMIC"", ""CGI""]}"
e2233,EGFR G719A,Entity,"{""displayName"": ""EGFR G719A"", ""reference1"": ""EGFR"", ""aa_change"": ""G719A"", ""type"": ""substitution"", ""des_level"": ""individual"", ""source"": [""CIVIC"", ""COSMIC"", ""CGI""]}"
e2234,EGFR G598V,Entity,"{""displayName"": ""EGFR G598V"", ""reference1"": ""EGFR"", ""aa_change"": ""G598V"", ""type"": ""substitution"", ""des_level"": ""individual"", ""source"": [""CIVIC"", ""CGI""]}"
e2235,EGFR G465R,Entity,"{""displayName"": ""EGFR G465R"", ""reference1"": ""EGFR"", ""aa_change"": ""G465R"", ""type"": ""substitution"", ""des_level"": ""individual"", ""source"": [""CIVIC"", ""CGI""]}"
e2236,EGFR E884K,Entity,"{""displayName"": ""EGFR E884K"", ""reference1"": ""EGFR"", ""aa_change"": ""E884K"", ""type"": ""substitution"", ""des_level"": ""individual"", ""source"": [""COSMIC""]}"
e2237,EGFR E868G,Entity,"{""displayName"": ""EGFR E868G"", ""reference1"": ""EGFR"", ""aa_change"": ""E868G"", ""type"": ""substitution"", ""des_level"": ""individual"", ""source"": [""CIVIC""]}"
e2238,EGFR E746_T751delinsI,Entity,"{""displayName"": ""EGFR E746_T751delinsI"", ""reference1"": ""EGFR"", ""aa_change"": ""E746_T751delinsI"", ""type"": ""delins"", ""des_level"": ""individual"", ""source"": [""CIVIC""]}"
e2239,EGFR E746_A750del,Entity,"{""displayName"": ""EGFR E746_A750del"", ""reference1"": ""EGFR"", ""aa_change"": ""E746_A750del"", ""type"": ""deletion"", ""des_level"": ""individual"", ""source"": [""CIVIC""]}"
e2240,EGFR E746G,Entity,"{""displayName"": ""EGFR E746G"", ""reference1"": ""EGFR"", ""aa_change"": ""E746G"", ""type"": ""substitution"", ""des_level"": ""individual"", ""source"": [""CIVIC"", ""CGI""]}"
e2241,EGFR E734Q,Entity,"{""displayName"": ""EGFR E734Q"", ""reference1"": ""EGFR"", ""aa_change"": ""E734Q"", ""type"": ""substitution"", ""des_level"": ""individual"", ""source"": [""CIVIC""]}"
e2242,EGFR E709_T710delinsD,Entity,"{""displayName"": ""EGFR E709_T710delinsD"", ""reference1"": ""EGFR"", ""aa_change"": ""E709_T710delinsD"", ""type"": ""delins"", ""des_level"": ""individual"", ""source"": [""OncoKB"", ""COSMIC""]}"
e2243,EGFR E709K,Entity,"{""displayName"": ""EGFR E709K"", ""reference1"": ""EGFR"", ""aa_change"": ""E709K"", ""type"": ""substitution"", ""des_level"": ""individual"", ""source"": [""COSMIC""]}"
e2244,EGFR E709G,Entity,"{""displayName"": ""EGFR E709G"", ""reference1"": ""EGFR"", ""aa_change"": ""E709G"", ""type"": ""substitution"", ""des_level"": ""individual"", ""source"": [""COSMIC""]}"
e2245,EGFR E709A,Entity,"{""displayName"": ""EGFR E709A"", ""reference1"": ""EGFR"", ""aa_change"": ""E709A"", ""type"": ""substitution"", ""des_level"": ""individual"", ""source"": [""COSMIC""]}"
e2246,EGFR E690K,Entity,"{""displayName"": ""EGFR E690K"", ""reference1"": ""EGFR"", ""aa_change"": ""E690K"", ""type"": ""substitution"", ""des_level"": ""individual"", ""source"": [""COSMIC"", ""CGI""]}"
e2247,EGFR D770delinsGY,Entity,"{""displayName"": ""EGFR D770delinsGY"", ""reference1"": ""EGFR"", ""aa_change"": ""D770delinsGY"", ""type"": ""delins"", ""des_level"": ""individual"", ""source"": [""CIVIC""]}"
e2248,EGFR D770_N771insSVD,Entity,"{""displayName"": ""EGFR D770_N771insSVD"", ""reference1"": ""EGFR"", ""aa_change"": ""D770_N771insSVD"", ""type"": ""insertion"", ""des_level"": ""individual"", ""source"": [""CIVIC"", ""COSMIC""]}"
e2249,EGFR D770_N771insNPG,Entity,"{""displayName"": ""EGFR D770_N771insNPG"", ""reference1"": ""EGFR"", ""aa_change"": ""D770_N771insNPG"", ""type"": ""insertion"", ""des_level"": ""individual"", ""source"": [""CIVIC""]}"
e2250,EGFR D770_N771insGT,Entity,"{""displayName"": ""EGFR D770_N771insGT"", ""reference1"": ""EGFR"", ""aa_change"": ""D770_N771insGT"", ""type"": ""insertion"", ""des_level"": ""individual"", ""source"": [""CIVIC""]}"
e2251,EGFR D770_N771insGL,Entity,"{""displayName"": ""EGFR D770_N771insGL"", ""reference1"": ""EGFR"", ""aa_change"": ""D770_N771insGL"", ""type"": ""insertion"", ""des_level"": ""individual"", ""source"": [""CIVIC""]}"
e2252,EGFR D770_N771insG,Entity,"{""displayName"": ""EGFR D770_N771insG"", ""reference1"": ""EGFR"", ""aa_change"": ""D770_N771insG"", ""type"": ""insertion"", ""des_level"": ""individual"", ""source"": [""CIVIC""]}"
e2253,EGFR D761Y,Entity,"{""displayName"": ""EGFR D761Y"", ""reference1"": ""EGFR"", ""aa_change"": ""D761Y"", ""type"": ""substitution"", ""des_level"": ""individual"", ""source"": [""CIVIC"", ""OncoKB"", ""CGI""]}"
e2254,EGFR C797Y,Entity,"{""displayName"": ""EGFR C797Y"", ""reference1"": ""EGFR"", ""aa_change"": ""C797Y"", ""type"": ""substitution"", ""des_level"": ""individual"", ""source"": [""CIVIC""]}"
e2255,EGFR C797X,Entity,"{""displayName"": ""EGFR C797X"", ""reference1"": ""EGFR"", ""aa_change"": ""C797X"", ""type"": ""substitution"", ""des_level"": ""amino acid"", ""source"": [""COSMIC""]}"
e2256,EGFR C797S,Entity,"{""displayName"": ""EGFR C797S"", ""reference1"": ""EGFR"", ""aa_change"": ""C797S"", ""type"": ""substitution"", ""des_level"": ""individual"", ""source"": [""OncoKB"", ""COSMIC"", ""CIVIC"", ""CGI""]}"
e2257,EGFR C797G,Entity,"{""displayName"": ""EGFR C797G"", ""reference1"": ""EGFR"", ""aa_change"": ""C797G"", ""type"": ""substitution"", ""des_level"": ""individual"", ""source"": [""OncoKB""]}"
e2258,EGFR A864T,Entity,"{""displayName"": ""EGFR A864T"", ""reference1"": ""EGFR"", ""aa_change"": ""A864T"", ""type"": ""substitution"", ""des_level"": ""individual"", ""source"": [""CIVIC""]}"
e2259,EGFR A859T,Entity,"{""displayName"": ""EGFR A859T"", ""reference1"": ""EGFR"", ""aa_change"": ""A859T"", ""type"": ""substitution"", ""des_level"": ""individual"", ""source"": [""COSMIC""]}"
e2260,EGFR A763_Y764insFQEA,Entity,"{""displayName"": ""EGFR A763_Y764insFQEA"", ""reference1"": ""EGFR"", ""aa_change"": ""A763_Y764insFQEA"", ""type"": ""insertion"", ""des_level"": ""individual"", ""source"": [""CIVIC"", ""OncoKB""]}"
e2261,EGFR A289V,Entity,"{""displayName"": ""EGFR A289V"", ""reference1"": ""EGFR"", ""aa_change"": ""A289V"", ""type"": ""substitution"", ""des_level"": ""individual"", ""source"": [""CIVIC"", ""OncoKB"", ""CGI""]}"
e2262,EGF mutation,Entity,"{""displayName"": ""EGF mutation"", ""reference1"": ""EGF"", ""type"": ""mutation"", ""des_level"": ""gene"", ""source"": [""VH""]}"
e2263,EGF expression,Entity,"{""displayName"": ""EGF expression"", ""reference1"": ""EGF"", ""type"": ""expression"", ""des_level"": ""gene"", ""source"": [""CIVIC""]}"
e2264,EED oncogenic mutation,Entity,"{""displayName"": ""EED oncogenic mutation"", ""reference1"": ""EED"", ""type"": ""oncogenic mutation"", ""des_level"": ""gene"", ""source"": [""OncoKB""]}"
e2265,EED mutation,Entity,"{""displayName"": ""EED mutation"", ""reference1"": ""EED"", ""type"": ""mutation"", ""des_level"": ""gene"", ""source"": [""VH""]}"
e2266,ECT2L oncogenic mutation,Entity,"{""displayName"": ""ECT2L oncogenic mutation"", ""reference1"": ""ECT2L"", ""type"": ""oncogenic mutation"", ""des_level"": ""gene"", ""source"": [""OncoKB""]}"
e2267,ECT2L mutation,Entity,"{""displayName"": ""ECT2L mutation"", ""reference1"": ""ECT2L"", ""type"": ""mutation"", ""des_level"": ""gene"", ""source"": [""VH""]}"
e2268,ECSCR mutation,Entity,"{""displayName"": ""ECSCR mutation"", ""reference1"": ""ECSCR"", ""type"": ""mutation"", ""des_level"": ""gene"", ""source"": [""VH""]}"
e2269,ECSCR expression,Entity,"{""displayName"": ""ECSCR expression"", ""reference1"": ""ECSCR"", ""type"": ""expression"", ""des_level"": ""gene"", ""source"": [""CIVIC""]}"
e2270,EBF1-PDGFRB fusion,Entity,"{""displayName"": ""EBF1-PDGFRB fusion"", ""reference1"": ""EBF1"", ""reference2"": ""PDGFRB"", ""type"": ""fusion"", ""des_level"": ""gene"", ""source"": [""CIVIC""]}"
e2271,EBF1-JAK2 fusion,Entity,"{""displayName"": ""EBF1-JAK2 fusion"", ""reference1"": ""EBF1"", ""reference2"": ""JAK2"", ""type"": ""fusion"", ""des_level"": ""gene"", ""source"": [""CIVIC""]}"
e2272,EBF1 mutation,Entity,"{""displayName"": ""EBF1 mutation"", ""reference1"": ""EBF1"", ""type"": ""mutation"", ""des_level"": ""gene"", ""source"": [""VH""]}"
e2273,DUX4 mutation,Entity,"{""displayName"": ""DUX4 mutation"", ""reference1"": ""DUX4"", ""type"": ""mutation"", ""des_level"": ""gene"", ""source"": [""VH""]}"
e2274,DUX4 fusion,Entity,"{""displayName"": ""DUX4 fusion"", ""reference1"": ""DUX4"", ""type"": ""fusion"", ""des_level"": ""gene"", ""source"": [""CIVIC""]}"
e2275,DUSP6 mutation,Entity,"{""displayName"": ""DUSP6 mutation"", ""reference1"": ""DUSP6"", ""type"": ""mutation"", ""des_level"": ""gene"", ""source"": [""VH""]}"
e2276,DUSP6 expression,Entity,"{""displayName"": ""DUSP6 expression"", ""reference1"": ""DUSP6"", ""type"": ""expression"", ""des_level"": ""gene"", ""source"": [""CIVIC""]}"
e2277,DUSP22-IRF4 fusion,Entity,"{""displayName"": ""DUSP22-IRF4 fusion"", ""reference1"": ""DUSP22"", ""reference2"": ""IRF4"", ""type"": ""fusion"", ""des_level"": ""gene"", ""source"": [""OncoKB""]}"
e2278,DUSP22 mutation,Entity,"{""displayName"": ""DUSP22 mutation"", ""reference1"": ""DUSP22"", ""type"": ""mutation"", ""des_level"": ""gene"", ""source"": [""VH""]}"
e2279,DUSP22 fusion,Entity,"{""displayName"": ""DUSP22 fusion"", ""reference1"": ""DUSP22"", ""type"": ""fusion"", ""des_level"": ""gene"", ""source"": [""OncoKB""]}"
e2280,DPYD splice donor variant,Entity,"{""displayName"": ""DPYD splice donor variant"", ""reference1"": ""DPYD"", ""type"": ""splice donor variant"", ""des_level"": ""gene"", ""source"": [""CGI""]}"
e2281,DPYD mutation,Entity,"{""displayName"": ""DPYD mutation"", ""reference1"": ""DPYD"", ""type"": ""mutation"", ""des_level"": ""gene"", ""source"": [""VH""]}"
e2282,DPYD exon 19 mutation,Entity,"{""displayName"": ""DPYD exon 19 mutation"", ""reference1"": ""DPYD"", ""exon"": ""19"", ""type"": ""mutation"", ""des_level"": ""exon"", ""source"": [""VH""]}"
e2283,DPYD exon 19 in-frame deletion,Entity,"{""displayName"": ""DPYD exon 19 in-frame deletion"", ""reference1"": ""DPYD"", ""exon"": ""19"", ""type"": ""in-frame deletion"", ""des_level"": ""exon"", ""source"": [""CIVIC""]}"
e2284,DPYD exon 18 mutation,Entity,"{""displayName"": ""DPYD exon 18 mutation"", ""reference1"": ""DPYD"", ""exon"": ""18"", ""type"": ""mutation"", ""des_level"": ""exon"", ""source"": [""VH""]}"
e2285,DPYD exon 18 in-frame deletion,Entity,"{""displayName"": ""DPYD exon 18 in-frame deletion"", ""reference1"": ""DPYD"", ""exon"": ""18"", ""type"": ""in-frame deletion"", ""des_level"": ""exon"", ""source"": [""CIVIC""]}"
e2286,DPYD exon 17 mutation,Entity,"{""displayName"": ""DPYD exon 17 mutation"", ""reference1"": ""DPYD"", ""exon"": ""17"", ""type"": ""mutation"", ""des_level"": ""exon"", ""source"": [""VH""]}"
e2287,DPYD exon 17 in-frame deletion,Entity,"{""displayName"": ""DPYD exon 17 in-frame deletion"", ""reference1"": ""DPYD"", ""exon"": ""17"", ""type"": ""in-frame deletion"", ""des_level"": ""exon"", ""source"": [""CIVIC""]}"
e2288,DPYD exon 16 mutation,Entity,"{""displayName"": ""DPYD exon 16 mutation"", ""reference1"": ""DPYD"", ""exon"": ""16"", ""type"": ""mutation"", ""des_level"": ""exon"", ""source"": [""VH""]}"
e2289,DPYD exon 16 in-frame deletion,Entity,"{""displayName"": ""DPYD exon 16 in-frame deletion"", ""reference1"": ""DPYD"", ""exon"": ""16"", ""type"": ""in-frame deletion"", ""des_level"": ""exon"", ""source"": [""CIVIC""]}"
e2290,DPYD exon 15 mutation,Entity,"{""displayName"": ""DPYD exon 15 mutation"", ""reference1"": ""DPYD"", ""exon"": ""15"", ""type"": ""mutation"", ""des_level"": ""exon"", ""source"": [""VH""]}"
e2291,DPYD exon 15 in-frame deletion,Entity,"{""displayName"": ""DPYD exon 15 in-frame deletion"", ""reference1"": ""DPYD"", ""exon"": ""15"", ""type"": ""in-frame deletion"", ""des_level"": ""exon"", ""source"": [""CIVIC""]}"
e2292,DPYD exon 14 mutation,Entity,"{""displayName"": ""DPYD exon 14 mutation"", ""reference1"": ""DPYD"", ""exon"": ""14"", ""type"": ""mutation"", ""des_level"": ""exon"", ""source"": [""VH""]}"
e2293,DPYD exon 14 in-frame deletion,Entity,"{""displayName"": ""DPYD exon 14 in-frame deletion"", ""reference1"": ""DPYD"", ""exon"": ""14"", ""type"": ""in-frame deletion"", ""des_level"": ""exon"", ""source"": [""CIVIC""]}"
e2294,DPYD exon 13 mutation,Entity,"{""displayName"": ""DPYD exon 13 mutation"", ""reference1"": ""DPYD"", ""exon"": ""13"", ""type"": ""mutation"", ""des_level"": ""exon"", ""source"": [""VH""]}"
e2295,DPYD exon 13 in-frame deletion,Entity,"{""displayName"": ""DPYD exon 13 in-frame deletion"", ""reference1"": ""DPYD"", ""exon"": ""13"", ""type"": ""in-frame deletion"", ""des_level"": ""exon"", ""source"": [""CIVIC""]}"
e2296,DPYD exon 12 mutation,Entity,"{""displayName"": ""DPYD exon 12 mutation"", ""reference1"": ""DPYD"", ""exon"": ""12"", ""type"": ""mutation"", ""des_level"": ""exon"", ""source"": [""VH""]}"
e2297,DPYD exon 12 in-frame deletion,Entity,"{""displayName"": ""DPYD exon 12 in-frame deletion"", ""reference1"": ""DPYD"", ""exon"": ""12"", ""type"": ""in-frame deletion"", ""des_level"": ""exon"", ""source"": [""CIVIC""]}"
e2298,DPYD exon 11 mutation,Entity,"{""displayName"": ""DPYD exon 11 mutation"", ""reference1"": ""DPYD"", ""exon"": ""11"", ""type"": ""mutation"", ""des_level"": ""exon"", ""source"": [""VH""]}"
e2299,DPYD exon 11 in-frame deletion,Entity,"{""displayName"": ""DPYD exon 11 in-frame deletion"", ""reference1"": ""DPYD"", ""exon"": ""11"", ""type"": ""in-frame deletion"", ""des_level"": ""exon"", ""source"": [""CIVIC""]}"
e2300,DPYD I560S,Entity,"{""displayName"": ""DPYD I560S"", ""reference1"": ""DPYD"", ""aa_change"": ""I560S"", ""type"": ""substitution"", ""des_level"": ""individual"", ""source"": [""CGI""]}"
e2301,DPYD D949V,Entity,"{""displayName"": ""DPYD D949V"", ""reference1"": ""DPYD"", ""aa_change"": ""D949V"", ""type"": ""substitution"", ""des_level"": ""individual"", ""source"": [""CGI""]}"
e2302,DNMT3A oncogenic mutation,Entity,"{""displayName"": ""DNMT3A oncogenic mutation"", ""reference1"": ""DNMT3A"", ""type"": ""oncogenic mutation"", ""des_level"": ""gene"", ""source"": [""OncoKB"", ""CGI""]}"
e2303,DNMT3A mutation,Entity,"{""displayName"": ""DNMT3A mutation"", ""reference1"": ""DNMT3A"", ""type"": ""mutation"", ""des_level"": ""gene"", ""source"": [""CIVIC"", ""COSMIC""]}"
e2304,DNMT3A R882X,Entity,"{""displayName"": ""DNMT3A R882X"", ""reference1"": ""DNMT3A"", ""aa_change"": ""R882X"", ""type"": ""substitution"", ""des_level"": ""amino acid"", ""source"": [""CIVIC""]}"
e2305,DNMT3A R882C,Entity,"{""displayName"": ""DNMT3A R882C"", ""reference1"": ""DNMT3A"", ""aa_change"": ""R882C"", ""type"": ""substitution"", ""des_level"": ""individual"", ""source"": [""COSMIC""]}"
e2306,DNMT1 mutation,Entity,"{""displayName"": ""DNMT1 mutation"", ""reference1"": ""DNMT1"", ""type"": ""mutation"", ""des_level"": ""gene"", ""source"": [""VH""]}"
e2307,DNMT1 expression,Entity,"{""displayName"": ""DNMT1 expression"", ""reference1"": ""DNMT1"", ""type"": ""expression"", ""des_level"": ""gene"", ""source"": [""CIVIC""]}"
e2308,DNAJB1-PRKACA fusion,Entity,"{""displayName"": ""DNAJB1-PRKACA fusion"", ""reference1"": ""DNAJB1"", ""reference2"": ""PRKACA"", ""type"": ""fusion"", ""des_level"": ""gene"", ""source"": [""CIVIC"", ""COSMIC""]}"
e2309,DNAJB1 mutation,Entity,"{""displayName"": ""DNAJB1 mutation"", ""reference1"": ""DNAJB1"", ""type"": ""mutation"", ""des_level"": ""gene"", ""source"": [""VH""]}"
e2310,DICER1 mutation,Entity,"{""displayName"": ""DICER1 mutation"", ""reference1"": ""DICER1"", ""type"": ""mutation"", ""des_level"": ""gene"", ""source"": [""COSMIC""]}"
e2311,DICER1 E1813Q,Entity,"{""displayName"": ""DICER1 E1813Q"", ""reference1"": ""DICER1"", ""aa_change"": ""E1813Q"", ""type"": ""substitution"", ""des_level"": ""individual"", ""source"": [""CIVIC""]}"
e2312,DICER1 E1705K,Entity,"{""displayName"": ""DICER1 E1705K"", ""reference1"": ""DICER1"", ""aa_change"": ""E1705K"", ""type"": ""substitution"", ""des_level"": ""individual"", ""source"": [""CIVIC""]}"
e2313,DICER1 D1709N,Entity,"{""displayName"": ""DICER1 D1709N"", ""reference1"": ""DICER1"", ""aa_change"": ""D1709N"", ""type"": ""substitution"", ""des_level"": ""individual"", ""source"": [""CIVIC""]}"
e2314,DICER1 D1709G,Entity,"{""displayName"": ""DICER1 D1709G"", ""reference1"": ""DICER1"", ""aa_change"": ""D1709G"", ""type"": ""substitution"", ""des_level"": ""individual"", ""source"": [""CIVIC""]}"
e2315,DICER1 D1709E,Entity,"{""displayName"": ""DICER1 D1709E"", ""reference1"": ""DICER1"", ""aa_change"": ""D1709E"", ""type"": ""substitution"", ""des_level"": ""individual"", ""source"": [""CIVIC""]}"
e2316,DEK-NUP214 fusion,Entity,"{""displayName"": ""DEK-NUP214 fusion"", ""reference1"": ""DEK"", ""reference2"": ""NUP214"", ""type"": ""fusion"", ""des_level"": ""gene"", ""source"": [""OncoKB"", ""COSMIC""]}"
e2317,DEK mutation,Entity,"{""displayName"": ""DEK mutation"", ""reference1"": ""DEK"", ""type"": ""mutation"", ""des_level"": ""gene"", ""source"": [""VH""]}"
e2318,DEFA1 mutation,Entity,"{""displayName"": ""DEFA1 mutation"", ""reference1"": ""DEFA1"", ""type"": ""mutation"", ""des_level"": ""gene"", ""source"": [""VH""]}"
e2319,DEFA1 expression,Entity,"{""displayName"": ""DEFA1 expression"", ""reference1"": ""DEFA1"", ""type"": ""expression"", ""des_level"": ""gene"", ""source"": [""CIVIC""]}"
e2320,DDX43 overexpression,Entity,"{""displayName"": ""DDX43 overexpression"", ""reference1"": ""DDX43"", ""type"": ""overexpression"", ""des_level"": ""gene"", ""source"": [""CIVIC""]}"
e2321,DDX43 mutation,Entity,"{""displayName"": ""DDX43 mutation"", ""reference1"": ""DDX43"", ""type"": ""mutation"", ""des_level"": ""gene"", ""source"": [""VH""]}"
e2322,DDX41 mutation,Entity,"{""displayName"": ""DDX41 mutation"", ""reference1"": ""DDX41"", ""type"": ""mutation"", ""des_level"": ""gene"", ""source"": [""VH""]}"
e2323,DDX41 R164W,Entity,"{""displayName"": ""DDX41 R164W"", ""reference1"": ""DDX41"", ""aa_change"": ""R164W"", ""type"": ""substitution"", ""des_level"": ""individual"", ""source"": [""CIVIC""]}"
e2324,DDR2-NTRK1 fusion,Entity,"{""displayName"": ""DDR2-NTRK1 fusion"", ""reference1"": ""DDR2"", ""reference2"": ""NTRK1"", ""type"": ""fusion"", ""des_level"": ""gene"", ""source"": [""CIVIC""]}"
e2325,DDR2 mutation,Entity,"{""displayName"": ""DDR2 mutation"", ""reference1"": ""DDR2"", ""type"": ""mutation"", ""des_level"": ""gene"", ""source"": [""COSMIC""]}"
e2326,DDR2 S768R,Entity,"{""displayName"": ""DDR2 S768R"", ""reference1"": ""DDR2"", ""aa_change"": ""S768R"", ""type"": ""substitution"", ""des_level"": ""individual"", ""source"": [""CIVIC"", ""COSMIC"", ""CGI""]}"
e2327,DDR2 L63V,Entity,"{""displayName"": ""DDR2 L63V"", ""reference1"": ""DDR2"", ""aa_change"": ""L63V"", ""type"": ""substitution"", ""des_level"": ""individual"", ""source"": [""CIVIC"", ""CGI""]}"
e2328,DDR2 L239R,Entity,"{""displayName"": ""DDR2 L239R"", ""reference1"": ""DDR2"", ""aa_change"": ""L239R"", ""type"": ""substitution"", ""des_level"": ""individual"", ""source"": [""CIVIC"", ""COSMIC"", ""CGI""]}"
e2329,DDR2 I638F,Entity,"{""displayName"": ""DDR2 I638F"", ""reference1"": ""DDR2"", ""aa_change"": ""I638F"", ""type"": ""substitution"", ""des_level"": ""individual"", ""source"": [""CIVIC"", ""COSMIC"", ""CGI""]}"
e2330,DDR2 G774V,Entity,"{""displayName"": ""DDR2 G774V"", ""reference1"": ""DDR2"", ""aa_change"": ""G774V"", ""type"": ""substitution"", ""des_level"": ""individual"", ""source"": [""CIVIC"", ""CGI""]}"
e2331,DDR2 G505S,Entity,"{""displayName"": ""DDR2 G505S"", ""reference1"": ""DDR2"", ""aa_change"": ""G505S"", ""type"": ""substitution"", ""des_level"": ""individual"", ""source"": [""CIVIC"", ""CGI""]}"
e2332,DDR2 G253C,Entity,"{""displayName"": ""DDR2 G253C"", ""reference1"": ""DDR2"", ""aa_change"": ""G253C"", ""type"": ""substitution"", ""des_level"": ""individual"", ""source"": [""CIVIC"", ""CGI""]}"
e2333,DCTN1-ALK fusion,Entity,"{""displayName"": ""DCTN1-ALK fusion"", ""reference1"": ""DCTN1"", ""reference2"": ""ALK"", ""type"": ""fusion"", ""des_level"": ""gene"", ""source"": [""COSMIC""]}"
e2334,DCTN1 mutation,Entity,"{""displayName"": ""DCTN1 mutation"", ""reference1"": ""DCTN1"", ""type"": ""mutation"", ""des_level"": ""gene"", ""source"": [""VH""]}"
e2335,DCC mutation,Entity,"{""displayName"": ""DCC mutation"", ""reference1"": ""DCC"", ""type"": ""mutation"", ""des_level"": ""gene"", ""source"": [""VH""]}"
e2336,DCC expression,Entity,"{""displayName"": ""DCC expression"", ""reference1"": ""DCC"", ""type"": ""expression"", ""des_level"": ""gene"", ""source"": [""CIVIC""]}"
e2337,CYP2D6 mutation,Entity,"{""displayName"": ""CYP2D6 mutation"", ""reference1"": ""CYP2D6"", ""type"": ""mutation"", ""des_level"": ""gene"", ""source"": [""COSMIC""]}"
e2338,CYP2D6 loss of function,Entity,"{""displayName"": ""CYP2D6 loss of function"", ""reference1"": ""CYP2D6"", ""type"": ""loss of function"", ""des_level"": ""gene"", ""source"": [""CIVIC""]}"
e2339,CYP17A1 mutation,Entity,"{""displayName"": ""CYP17A1 mutation"", ""reference1"": ""CYP17A1"", ""type"": ""mutation"", ""des_level"": ""gene"", ""source"": [""VH""]}"
e2340,CYP17A1 expression,Entity,"{""displayName"": ""CYP17A1 expression"", ""reference1"": ""CYP17A1"", ""type"": ""expression"", ""des_level"": ""gene"", ""source"": [""CGI""]}"
e2341,CXCR4 oncogenic mutation,Entity,"{""displayName"": ""CXCR4 oncogenic mutation"", ""reference1"": ""CXCR4"", ""type"": ""oncogenic mutation"", ""des_level"": ""gene"", ""source"": [""OncoKB""]}"
e2342,CXCR4 mutation,Entity,"{""displayName"": ""CXCR4 mutation"", ""reference1"": ""CXCR4"", ""type"": ""mutation"", ""des_level"": ""gene"", ""source"": [""COSMIC"", ""CGI""]}"
e2343,CXCR4 expression,Entity,"{""displayName"": ""CXCR4 expression"", ""reference1"": ""CXCR4"", ""type"": ""expression"", ""des_level"": ""gene"", ""source"": [""CIVIC""]}"
e2344,CUX1-BRAF fusion,Entity,"{""displayName"": ""CUX1-BRAF fusion"", ""reference1"": ""CUX1"", ""reference2"": ""BRAF"", ""type"": ""fusion"", ""des_level"": ""gene"", ""source"": [""CIVIC""]}"
e2345,CUX1 mutation,Entity,"{""displayName"": ""CUX1 mutation"", ""reference1"": ""CUX1"", ""type"": ""mutation"", ""des_level"": ""gene"", ""source"": [""VH""]}"
e2346,CTNNB1 oncogenic mutation,Entity,"{""displayName"": ""CTNNB1 oncogenic mutation"", ""reference1"": ""CTNNB1"", ""type"": ""oncogenic mutation"", ""des_level"": ""gene"", ""source"": [""CGI""]}"
e2347,CTNNB1 mutation,Entity,"{""displayName"": ""CTNNB1 mutation"", ""reference1"": ""CTNNB1"", ""type"": ""mutation"", ""des_level"": ""gene"", ""source"": [""COSMIC""]}"
e2348,CTNNB1 exon 3 mutation,Entity,"{""displayName"": ""CTNNB1 exon 3 mutation"", ""reference1"": ""CTNNB1"", ""exon"": ""3"", ""type"": ""mutation"", ""des_level"": ""exon"", ""source"": [""CIVIC""]}"
e2349,CTNNB1 activating mutation,Entity,"{""displayName"": ""CTNNB1 activating mutation"", ""reference1"": ""CTNNB1"", ""type"": ""activating mutation"", ""des_level"": ""gene"", ""source"": [""CIVIC""]}"
e2350,CTNNB1 T41I,Entity,"{""displayName"": ""CTNNB1 T41I"", ""reference1"": ""CTNNB1"", ""aa_change"": ""T41I"", ""type"": ""substitution"", ""des_level"": ""individual"", ""source"": [""COSMIC""]}"
e2351,CTNNB1 T41A,Entity,"{""displayName"": ""CTNNB1 T41A"", ""reference1"": ""CTNNB1"", ""aa_change"": ""T41A"", ""type"": ""substitution"", ""des_level"": ""individual"", ""source"": [""CIVIC"", ""COSMIC""]}"
e2352,CTNNB1 S45P,Entity,"{""displayName"": ""CTNNB1 S45P"", ""reference1"": ""CTNNB1"", ""aa_change"": ""S45P"", ""type"": ""substitution"", ""des_level"": ""individual"", ""source"": [""CIVIC"", ""COSMIC""]}"
e2353,CTNNB1 S45F,Entity,"{""displayName"": ""CTNNB1 S45F"", ""reference1"": ""CTNNB1"", ""aa_change"": ""S45F"", ""type"": ""substitution"", ""des_level"": ""individual"", ""source"": [""CIVIC"", ""COSMIC""]}"
e2354,CTNNB1 S37Y,Entity,"{""displayName"": ""CTNNB1 S37Y"", ""reference1"": ""CTNNB1"", ""aa_change"": ""S37Y"", ""type"": ""substitution"", ""des_level"": ""individual"", ""source"": [""CGI""]}"
e2355,CTNNB1 S37F,Entity,"{""displayName"": ""CTNNB1 S37F"", ""reference1"": ""CTNNB1"", ""aa_change"": ""S37F"", ""type"": ""substitution"", ""des_level"": ""individual"", ""source"": [""COSMIC""]}"
e2356,CTNNB1 S37C,Entity,"{""displayName"": ""CTNNB1 S37C"", ""reference1"": ""CTNNB1"", ""aa_change"": ""S37C"", ""type"": ""substitution"", ""des_level"": ""individual"", ""source"": [""COSMIC"", ""CGI""]}"
e2357,CTNNB1 S33P,Entity,"{""displayName"": ""CTNNB1 S33P"", ""reference1"": ""CTNNB1"", ""aa_change"": ""S33P"", ""type"": ""substitution"", ""des_level"": ""individual"", ""source"": [""COSMIC""]}"
e2358,CTNNB1 S33F,Entity,"{""displayName"": ""CTNNB1 S33F"", ""reference1"": ""CTNNB1"", ""aa_change"": ""S33F"", ""type"": ""substitution"", ""des_level"": ""individual"", ""source"": [""COSMIC""]}"
e2359,CTNNB1 S33C,Entity,"{""displayName"": ""CTNNB1 S33C"", ""reference1"": ""CTNNB1"", ""aa_change"": ""S33C"", ""type"": ""substitution"", ""des_level"": ""individual"", ""source"": [""COSMIC""]}"
e2360,CTNNB1 H36Y,Entity,"{""displayName"": ""CTNNB1 H36Y"", ""reference1"": ""CTNNB1"", ""aa_change"": ""H36Y"", ""type"": ""substitution"", ""des_level"": ""individual"", ""source"": [""CGI""]}"
e2361,CTNNB1 G34V,Entity,"{""displayName"": ""CTNNB1 G34V"", ""reference1"": ""CTNNB1"", ""aa_change"": ""G34V"", ""type"": ""substitution"", ""des_level"": ""individual"", ""source"": [""COSMIC""]}"
e2362,CTNNB1 G34R,Entity,"{""displayName"": ""CTNNB1 G34R"", ""reference1"": ""CTNNB1"", ""aa_change"": ""G34R"", ""type"": ""substitution"", ""des_level"": ""individual"", ""source"": [""COSMIC""]}"
e2363,CTNNB1 G34E,Entity,"{""displayName"": ""CTNNB1 G34E"", ""reference1"": ""CTNNB1"", ""aa_change"": ""G34E"", ""type"": ""substitution"", ""des_level"": ""individual"", ""source"": [""COSMIC""]}"
e2364,CTNNB1 D32Y,Entity,"{""displayName"": ""CTNNB1 D32Y"", ""reference1"": ""CTNNB1"", ""aa_change"": ""D32Y"", ""type"": ""substitution"", ""des_level"": ""individual"", ""source"": [""COSMIC""]}"
e2365,CTNNB1 D32V,Entity,"{""displayName"": ""CTNNB1 D32V"", ""reference1"": ""CTNNB1"", ""aa_change"": ""D32V"", ""type"": ""substitution"", ""des_level"": ""individual"", ""source"": [""CGI""]}"
e2366,CTNNB1 D32N,Entity,"{""displayName"": ""CTNNB1 D32N"", ""reference1"": ""CTNNB1"", ""aa_change"": ""D32N"", ""type"": ""substitution"", ""des_level"": ""individual"", ""source"": [""COSMIC""]}"
e2367,CTNNB1 D32G,Entity,"{""displayName"": ""CTNNB1 D32G"", ""reference1"": ""CTNNB1"", ""aa_change"": ""D32G"", ""type"": ""substitution"", ""des_level"": ""individual"", ""source"": [""COSMIC""]}"
e2368,CTLA4-CD28 fusion,Entity,"{""displayName"": ""CTLA4-CD28 fusion"", ""reference1"": ""CTLA4"", ""reference2"": ""CD28"", ""type"": ""fusion"", ""des_level"": ""gene"", ""source"": [""CIVIC""]}"
e2369,CTLA4 mutation,Entity,"{""displayName"": ""CTLA4 mutation"", ""reference1"": ""CTLA4"", ""type"": ""mutation"", ""des_level"": ""gene"", ""source"": [""COSMIC""]}"
e2370,CTCF mutation,Entity,"{""displayName"": ""CTCF mutation"", ""reference1"": ""CTCF"", ""type"": ""mutation"", ""des_level"": ""gene"", ""source"": [""VH""]}"
e2371,CTCF K365T,Entity,"{""displayName"": ""CTCF K365T"", ""reference1"": ""CTCF"", ""aa_change"": ""K365T"", ""type"": ""substitution"", ""des_level"": ""individual"", ""source"": [""CIVIC""]}"
e2372,CTAG2 overexpression,Entity,"{""displayName"": ""CTAG2 overexpression"", ""reference1"": ""CTAG2"", ""type"": ""overexpression"", ""des_level"": ""gene"", ""source"": [""CIVIC""]}"
e2373,CTAG2 mutation,Entity,"{""displayName"": ""CTAG2 mutation"", ""reference1"": ""CTAG2"", ""type"": ""mutation"", ""des_level"": ""gene"", ""source"": [""VH""]}"
e2374,CTAG1B overexpression,Entity,"{""displayName"": ""CTAG1B overexpression"", ""reference1"": ""CTAG1B"", ""type"": ""overexpression"", ""des_level"": ""gene"", ""source"": [""CIVIC""]}"
e2375,CTAG1B mutation,Entity,"{""displayName"": ""CTAG1B mutation"", ""reference1"": ""CTAG1B"", ""type"": ""mutation"", ""des_level"": ""gene"", ""source"": [""COSMIC""]}"
e2376,CSF3R oncogenic mutation,Entity,"{""displayName"": ""CSF3R oncogenic mutation"", ""reference1"": ""CSF3R"", ""type"": ""oncogenic mutation"", ""des_level"": ""gene"", ""source"": [""OncoKB""]}"
e2377,CSF3R mutation,Entity,"{""displayName"": ""CSF3R mutation"", ""reference1"": ""CSF3R"", ""type"": ""mutation"", ""des_level"": ""gene"", ""source"": [""CIVIC"", ""COSMIC""]}"
e2378,CSF3R T618I,Entity,"{""displayName"": ""CSF3R T618I"", ""reference1"": ""CSF3R"", ""aa_change"": ""T618I"", ""type"": ""substitution"", ""des_level"": ""individual"", ""source"": [""CIVIC"", ""COSMIC""]}"
e2379,CSF3R S783fs,Entity,"{""displayName"": ""CSF3R S783fs"", ""reference1"": ""CSF3R"", ""aa_change"": ""S783fs"", ""type"": ""frameshift"", ""des_level"": ""individual"", ""source"": [""CGI""]}"
e2380,CSF3R Q749X,Entity,"{""displayName"": ""CSF3R Q749X"", ""reference1"": ""CSF3R"", ""aa_change"": ""Q749X"", ""type"": ""substitution"", ""des_level"": ""individual"", ""source"": [""COSMIC""]}"
e2381,CSF3R D771fs,Entity,"{""displayName"": ""CSF3R D771fs"", ""reference1"": ""CSF3R"", ""aa_change"": ""D771fs"", ""type"": ""frameshift"", ""des_level"": ""individual"", ""source"": [""CGI""]}"
e2382,CSF1R mutation,Entity,"{""displayName"": ""CSF1R mutation"", ""reference1"": ""CSF1R"", ""type"": ""mutation"", ""des_level"": ""gene"", ""source"": [""COSMIC""]}"
e2383,CSF1R fusion,Entity,"{""displayName"": ""CSF1R fusion"", ""reference1"": ""CSF1R"", ""type"": ""fusion"", ""des_level"": ""gene"", ""source"": [""OncoKB""]}"
e2384,CSF1R Y571D,Entity,"{""displayName"": ""CSF1R Y571D"", ""reference1"": ""CSF1R"", ""aa_change"": ""Y571D"", ""type"": ""substitution"", ""des_level"": ""individual"", ""source"": [""CGI""]}"
e2385,CRLF2 mutation,Entity,"{""displayName"": ""CRLF2 mutation"", ""reference1"": ""CRLF2"", ""type"": ""mutation"", ""des_level"": ""gene"", ""source"": [""COSMIC""]}"
e2386,CRLF2 fusion,Entity,"{""displayName"": ""CRLF2 fusion"", ""reference1"": ""CRLF2"", ""type"": ""fusion"", ""des_level"": ""gene"", ""source"": [""OncoKB"", ""CGI""]}"
e2387,CREBBP oncogenic mutation,Entity,"{""displayName"": ""CREBBP oncogenic mutation"", ""reference1"": ""CREBBP"", ""type"": ""oncogenic mutation"", ""des_level"": ""gene"", ""source"": [""OncoKB""]}"
e2388,CREBBP mutation,Entity,"{""displayName"": ""CREBBP mutation"", ""reference1"": ""CREBBP"", ""type"": ""mutation"", ""des_level"": ""gene"", ""source"": [""COSMIC""]}"
e2389,CRBN underexpression,Entity,"{""displayName"": ""CRBN underexpression"", ""reference1"": ""CRBN"", ""type"": ""underexpression"", ""des_level"": ""gene"", ""source"": [""CGI""]}"
e2390,CRBN oncogenic mutation,Entity,"{""displayName"": ""CRBN oncogenic mutation"", ""reference1"": ""CRBN"", ""type"": ""oncogenic mutation"", ""des_level"": ""gene"", ""source"": [""CGI""]}"
e2391,CRBN mutation,Entity,"{""displayName"": ""CRBN mutation"", ""reference1"": ""CRBN"", ""type"": ""mutation"", ""des_level"": ""gene"", ""source"": [""CIVIC""]}"
e2392,CRBN R283K,Entity,"{""displayName"": ""CRBN R283K"", ""reference1"": ""CRBN"", ""aa_change"": ""R283K"", ""type"": ""substitution"", ""des_level"": ""individual"", ""source"": [""CGI""]}"
e2393,CRBN Q100*,Entity,"{""displayName"": ""CRBN Q100*"", ""reference1"": ""CRBN"", ""aa_change"": ""Q100*"", ""type"": ""stop gained"", ""des_level"": ""individual"", ""source"": [""CGI""]}"
e2394,COL1A1-PDGFB fusion,Entity,"{""displayName"": ""COL1A1-PDGFB fusion"", ""reference1"": ""COL1A1"", ""reference2"": ""PDGFB"", ""type"": ""fusion"", ""des_level"": ""gene"", ""source"": [""CIVIC"", ""OncoKB""]}"
e2395,COL1A1 mutation,Entity,"{""displayName"": ""COL1A1 mutation"", ""reference1"": ""COL1A1"", ""type"": ""mutation"", ""des_level"": ""gene"", ""source"": [""VH""]}"
e2396,CLTC-ALK fusion,Entity,"{""displayName"": ""CLTC-ALK fusion"", ""reference1"": ""CLTC"", ""reference2"": ""ALK"", ""type"": ""fusion"", ""des_level"": ""gene"", ""source"": [""CIVIC""]}"
e2397,CLTC mutation,Entity,"{""displayName"": ""CLTC mutation"", ""reference1"": ""CLTC"", ""type"": ""mutation"", ""des_level"": ""gene"", ""source"": [""VH""]}"
e2398,CIP2A underexpression,Entity,"{""displayName"": ""CIP2A underexpression"", ""reference1"": ""CIP2A"", ""type"": ""underexpression"", ""des_level"": ""gene"", ""source"": [""CIVIC""]}"
e2399,CIP2A mutation,Entity,"{""displayName"": ""CIP2A mutation"", ""reference1"": ""CIP2A"", ""type"": ""mutation"", ""des_level"": ""gene"", ""source"": [""VH""]}"
e2400,CIP2A expression,Entity,"{""displayName"": ""CIP2A expression"", ""reference1"": ""CIP2A"", ""type"": ""expression"", ""des_level"": ""gene"", ""source"": [""CIVIC""]}"
e2401,CIITA mutation,Entity,"{""displayName"": ""CIITA mutation"", ""reference1"": ""CIITA"", ""type"": ""mutation"", ""des_level"": ""gene"", ""source"": [""VH""]}"
e2402,CIITA fusion,Entity,"{""displayName"": ""CIITA fusion"", ""reference1"": ""CIITA"", ""type"": ""fusion"", ""des_level"": ""gene"", ""source"": [""OncoKB""]}"
e2403,CIC-DUX4 fusion,Entity,"{""displayName"": ""CIC-DUX4 fusion"", ""reference1"": ""CIC"", ""reference2"": ""DUX4"", ""type"": ""fusion"", ""des_level"": ""gene"", ""source"": [""CIVIC""]}"
e2404,CIC mutation,Entity,"{""displayName"": ""CIC mutation"", ""reference1"": ""CIC"", ""type"": ""mutation"", ""des_level"": ""gene"", ""source"": [""VH""]}"
e2405,CHEK2 oncogenic mutation,Entity,"{""displayName"": ""CHEK2 oncogenic mutation"", ""reference1"": ""CHEK2"", ""type"": ""oncogenic mutation"", ""des_level"": ""gene"", ""source"": [""OncoKB"", ""CGI""]}"
e2406,CHEK2 mutation,Entity,"{""displayName"": ""CHEK2 mutation"", ""reference1"": ""CHEK2"", ""type"": ""mutation"", ""des_level"": ""gene"", ""source"": [""CIVIC"", ""COSMIC""]}"
e2407,CHEK2 loss of function,Entity,"{""displayName"": ""CHEK2 loss of function"", ""reference1"": ""CHEK2"", ""type"": ""loss of function"", ""des_level"": ""gene"", ""source"": [""CIVIC""]}"
e2408,CHEK2 copy loss,Entity,"{""displayName"": ""CHEK2 copy loss"", ""reference1"": ""CHEK2"", ""type"": ""copy loss"", ""des_level"": ""gene"", ""source"": [""CGI""]}"
e2409,CHEK2 I157T,Entity,"{""displayName"": ""CHEK2 I157T"", ""reference1"": ""CHEK2"", ""aa_change"": ""I157T"", ""type"": ""substitution"", ""des_level"": ""individual"", ""source"": [""CIVIC""]}"
e2410,CHEK1 overexpression,Entity,"{""displayName"": ""CHEK1 overexpression"", ""reference1"": ""CHEK1"", ""type"": ""overexpression"", ""des_level"": ""gene"", ""source"": [""CIVIC""]}"
e2411,CHEK1 oncogenic mutation,Entity,"{""displayName"": ""CHEK1 oncogenic mutation"", ""reference1"": ""CHEK1"", ""type"": ""oncogenic mutation"", ""des_level"": ""gene"", ""source"": [""OncoKB"", ""CGI""]}"
e2412,CHEK1 mutation,Entity,"{""displayName"": ""CHEK1 mutation"", ""reference1"": ""CHEK1"", ""type"": ""mutation"", ""des_level"": ""gene"", ""source"": [""CIVIC"", ""COSMIC""]}"
e2413,CHD7-BEND2 fusion,Entity,"{""displayName"": ""CHD7-BEND2 fusion"", ""reference1"": ""CHD7"", ""reference2"": ""BEND2"", ""type"": ""fusion"", ""des_level"": ""gene"", ""source"": [""CIVIC""]}"
e2414,CHD7 mutation,Entity,"{""displayName"": ""CHD7 mutation"", ""reference1"": ""CHD7"", ""type"": ""mutation"", ""des_level"": ""gene"", ""source"": [""VH""]}"
e2415,CFLAR mutation,Entity,"{""displayName"": ""CFLAR mutation"", ""reference1"": ""CFLAR"", ""type"": ""mutation"", ""des_level"": ""gene"", ""source"": [""VH""]}"
e2416,CFLAR expression,Entity,"{""displayName"": ""CFLAR expression"", ""reference1"": ""CFLAR"", ""type"": ""expression"", ""des_level"": ""gene"", ""source"": [""CIVIC""]}"
e2417,CENPC-ABL1 fusion,Entity,"{""displayName"": ""CENPC-ABL1 fusion"", ""reference1"": ""CENPC"", ""reference2"": ""ABL1"", ""type"": ""fusion"", ""des_level"": ""gene"", ""source"": [""CIVIC""]}"
e2418,CENPC mutation,Entity,"{""displayName"": ""CENPC mutation"", ""reference1"": ""CENPC"", ""type"": ""mutation"", ""des_level"": ""gene"", ""source"": [""VH""]}"
e2419,CEBPA oncogenic mutation,Entity,"{""displayName"": ""CEBPA oncogenic mutation"", ""reference1"": ""CEBPA"", ""type"": ""oncogenic mutation"", ""des_level"": ""gene"", ""source"": [""OncoKB""]}"
e2420,CEBPA mutation,Entity,"{""displayName"": ""CEBPA mutation"", ""reference1"": ""CEBPA"", ""type"": ""mutation"", ""des_level"": ""gene"", ""source"": [""CIVIC"", ""COSMIC""]}"
e2421,CDX2 mutation,Entity,"{""displayName"": ""CDX2 mutation"", ""reference1"": ""CDX2"", ""type"": ""mutation"", ""des_level"": ""gene"", ""source"": [""VH""]}"
e2422,CDX2 expression,Entity,"{""displayName"": ""CDX2 expression"", ""reference1"": ""CDX2"", ""type"": ""expression"", ""des_level"": ""gene"", ""source"": [""CIVIC""]}"
e2423,CDKN2C oncogenic mutation,Entity,"{""displayName"": ""CDKN2C oncogenic mutation"", ""reference1"": ""CDKN2C"", ""type"": ""oncogenic mutation"", ""des_level"": ""gene"", ""source"": [""CGI""]}"
e2424,CDKN2C mutation,Entity,"{""displayName"": ""CDKN2C mutation"", ""reference1"": ""CDKN2C"", ""type"": ""mutation"", ""des_level"": ""gene"", ""source"": [""COSMIC""]}"
e2425,CDKN2C copy loss,Entity,"{""displayName"": ""CDKN2C copy loss"", ""reference1"": ""CDKN2C"", ""type"": ""copy loss"", ""des_level"": ""gene"", ""source"": [""CGI""]}"
e2426,CDKN2B oncogenic mutation,Entity,"{""displayName"": ""CDKN2B oncogenic mutation"", ""reference1"": ""CDKN2B"", ""type"": ""oncogenic mutation"", ""des_level"": ""gene"", ""source"": [""CGI""]}"
e2427,CDKN2B mutation,Entity,"{""displayName"": ""CDKN2B mutation"", ""reference1"": ""CDKN2B"", ""type"": ""mutation"", ""des_level"": ""gene"", ""source"": [""COSMIC""]}"
e2428,CDKN2B methylation,Entity,"{""displayName"": ""CDKN2B methylation"", ""reference1"": ""CDKN2B"", ""type"": ""methylation"", ""des_level"": ""gene"", ""source"": [""CIVIC""]}"
e2429,CDKN2B copy loss,Entity,"{""displayName"": ""CDKN2B copy loss"", ""reference1"": ""CDKN2B"", ""type"": ""copy loss"", ""des_level"": ""gene"", ""source"": [""CGI""]}"
e2430,CDKN2B absent,Entity,"{""displayName"": ""CDKN2B absent"", ""reference1"": ""CDKN2B"", ""type"": ""absent"", ""des_level"": ""gene"", ""source"": [""COSMIC""]}"
e2431,CDKN2B N41D,Entity,"{""displayName"": ""CDKN2B N41D"", ""reference1"": ""CDKN2B"", ""aa_change"": ""N41D"", ""type"": ""substitution"", ""des_level"": ""individual"", ""source"": [""COSMIC""]}"
e2432,CDKN2A promoter hypermethylation,Entity,"{""displayName"": ""CDKN2A promoter hypermethylation"", ""reference1"": ""CDKN2A"", ""type"": ""promoter hypermethylation"", ""des_level"": ""gene"", ""source"": [""CIVIC""]}"
e2433,CDKN2A oncogenic mutation,Entity,"{""displayName"": ""CDKN2A oncogenic mutation"", ""reference1"": ""CDKN2A"", ""type"": ""oncogenic mutation"", ""des_level"": ""gene"", ""source"": [""OncoKB"", ""CGI""]}"
e2434,CDKN2A mutation,Entity,"{""displayName"": ""CDKN2A mutation"", ""reference1"": ""CDKN2A"", ""type"": ""mutation"", ""des_level"": ""gene"", ""source"": [""CIVIC"", ""COSMIC""]}"
e2435,CDKN2A deletion,Entity,"{""displayName"": ""CDKN2A deletion"", ""reference1"": ""CDKN2A"", ""type"": ""deletion"", ""des_level"": ""gene"", ""source"": [""OncoKB"", ""COSMIC"", ""CIVIC""]}"
e2436,CDKN2A copy loss,Entity,"{""displayName"": ""CDKN2A copy loss"", ""reference1"": ""CDKN2A"", ""type"": ""copy loss"", ""des_level"": ""gene"", ""source"": [""CGI""]}"
e2437,CDKN2A absent,Entity,"{""displayName"": ""CDKN2A absent"", ""reference1"": ""CDKN2A"", ""type"": ""absent"", ""des_level"": ""gene"", ""source"": [""COSMIC""]}"
e2438,CDKN2A E88*,Entity,"{""displayName"": ""CDKN2A E88*"", ""reference1"": ""CDKN2A"", ""aa_change"": ""E88*"", ""type"": ""stop gained"", ""des_level"": ""individual"", ""source"": [""COSMIC""]}"
e2439,CDKN2A D84F,Entity,"{""displayName"": ""CDKN2A D84F"", ""reference1"": ""CDKN2A"", ""aa_change"": ""D84F"", ""type"": ""substitution"", ""des_level"": ""individual"", ""source"": [""COSMIC""]}"
e2440,CDKN1B oncogenic mutation,Entity,"{""displayName"": ""CDKN1B oncogenic mutation"", ""reference1"": ""CDKN1B"", ""type"": ""oncogenic mutation"", ""des_level"": ""gene"", ""source"": [""CGI""]}"
e2441,CDKN1B mutation,Entity,"{""displayName"": ""CDKN1B mutation"", ""reference1"": ""CDKN1B"", ""type"": ""mutation"", ""des_level"": ""gene"", ""source"": [""COSMIC""]}"
e2442,CDKN1B expression,Entity,"{""displayName"": ""CDKN1B expression"", ""reference1"": ""CDKN1B"", ""type"": ""expression"", ""des_level"": ""gene"", ""source"": [""CIVIC""]}"
e2443,CDKN1B copy loss,Entity,"{""displayName"": ""CDKN1B copy loss"", ""reference1"": ""CDKN1B"", ""type"": ""copy loss"", ""des_level"": ""gene"", ""source"": [""CGI""]}"
e2444,CDKN1A oncogenic mutation,Entity,"{""displayName"": ""CDKN1A oncogenic mutation"", ""reference1"": ""CDKN1A"", ""type"": ""oncogenic mutation"", ""des_level"": ""gene"", ""source"": [""CGI""]}"
e2445,CDKN1A mutation,Entity,"{""displayName"": ""CDKN1A mutation"", ""reference1"": ""CDKN1A"", ""type"": ""mutation"", ""des_level"": ""gene"", ""source"": [""COSMIC""]}"
e2446,CDKN1A expression,Entity,"{""displayName"": ""CDKN1A expression"", ""reference1"": ""CDKN1A"", ""type"": ""expression"", ""des_level"": ""gene"", ""source"": [""CIVIC""]}"
e2447,CDKN1A copy loss,Entity,"{""displayName"": ""CDKN1A copy loss"", ""reference1"": ""CDKN1A"", ""type"": ""copy loss"", ""des_level"": ""gene"", ""source"": [""CGI""]}"
e2448,CDK6 overexpression,Entity,"{""displayName"": ""CDK6 overexpression"", ""reference1"": ""CDK6"", ""type"": ""overexpression"", ""des_level"": ""gene"", ""source"": [""CIVIC""]}"
e2449,CDK6 oncogenic mutation,Entity,"{""displayName"": ""CDK6 oncogenic mutation"", ""reference1"": ""CDK6"", ""type"": ""oncogenic mutation"", ""des_level"": ""gene"", ""source"": [""CGI""]}"
e2450,CDK6 mutation,Entity,"{""displayName"": ""CDK6 mutation"", ""reference1"": ""CDK6"", ""type"": ""mutation"", ""des_level"": ""gene"", ""source"": [""COSMIC""]}"
e2451,CDK6 expression,Entity,"{""displayName"": ""CDK6 expression"", ""reference1"": ""CDK6"", ""type"": ""expression"", ""des_level"": ""gene"", ""source"": [""CIVIC""]}"
e2452,CDK6 amplification,Entity,"{""displayName"": ""CDK6 amplification"", ""reference1"": ""CDK6"", ""type"": ""amplification"", ""des_level"": ""gene"", ""source"": [""CGI""]}"
e2453,CDK4 oncogenic mutation,Entity,"{""displayName"": ""CDK4 oncogenic mutation"", ""reference1"": ""CDK4"", ""type"": ""oncogenic mutation"", ""des_level"": ""gene"", ""source"": [""CGI""]}"
e2454,CDK4 mutation,Entity,"{""displayName"": ""CDK4 mutation"", ""reference1"": ""CDK4"", ""type"": ""mutation"", ""des_level"": ""gene"", ""source"": [""COSMIC""]}"
e2455,CDK4 expression,Entity,"{""displayName"": ""CDK4 expression"", ""reference1"": ""CDK4"", ""type"": ""expression"", ""des_level"": ""gene"", ""source"": [""CIVIC""]}"
e2456,CDK4 amplification,Entity,"{""displayName"": ""CDK4 amplification"", ""reference1"": ""CDK4"", ""type"": ""amplification"", ""des_level"": ""gene"", ""source"": [""CIVIC"", ""OncoKB"", ""CGI""]}"
e2457,CDK4 R24C,Entity,"{""displayName"": ""CDK4 R24C"", ""reference1"": ""CDK4"", ""aa_change"": ""R24C"", ""type"": ""substitution"", ""des_level"": ""individual"", ""source"": [""CIVIC""]}"
e2458,CDK12 truncating mutation,Entity,"{""displayName"": ""CDK12 truncating mutation"", ""reference1"": ""CDK12"", ""type"": ""truncating mutation"", ""des_level"": ""gene"", ""source"": [""OncoKB""]}"
e2459,CDK12 oncogenic mutation,Entity,"{""displayName"": ""CDK12 oncogenic mutation"", ""reference1"": ""CDK12"", ""type"": ""oncogenic mutation"", ""des_level"": ""gene"", ""source"": [""OncoKB"", ""CGI""]}"
e2460,CDK12 mutation,Entity,"{""displayName"": ""CDK12 mutation"", ""reference1"": ""CDK12"", ""type"": ""mutation"", ""des_level"": ""gene"", ""source"": [""CIVIC"", ""COSMIC""]}"
e2461,CDK12 loss of function,Entity,"{""displayName"": ""CDK12 loss of function"", ""reference1"": ""CDK12"", ""type"": ""loss of function"", ""des_level"": ""gene"", ""source"": [""CIVIC""]}"
e2462,CDK12 amplification,Entity,"{""displayName"": ""CDK12 amplification"", ""reference1"": ""CDK12"", ""type"": ""amplification"", ""des_level"": ""gene"", ""source"": [""CGI""]}"
e2463,CDH1 oncogenic mutation,Entity,"{""displayName"": ""CDH1 oncogenic mutation"", ""reference1"": ""CDH1"", ""type"": ""oncogenic mutation"", ""des_level"": ""gene"", ""source"": [""CGI""]}"
e2464,CDH1 mutation,Entity,"{""displayName"": ""CDH1 mutation"", ""reference1"": ""CDH1"", ""type"": ""mutation"", ""des_level"": ""gene"", ""source"": [""CIVIC"", ""COSMIC""]}"
e2465,CD79B oncogenic mutation,Entity,"{""displayName"": ""CD79B oncogenic mutation"", ""reference1"": ""CD79B"", ""type"": ""oncogenic mutation"", ""des_level"": ""gene"", ""source"": [""OncoKB""]}"
e2466,CD79B mutation,Entity,"{""displayName"": ""CD79B mutation"", ""reference1"": ""CD79B"", ""type"": ""mutation"", ""des_level"": ""gene"", ""source"": [""COSMIC""]}"
e2467,CD74-ROS1 fusion,Entity,"{""displayName"": ""CD74-ROS1 fusion"", ""reference1"": ""CD74"", ""reference2"": ""ROS1"", ""type"": ""fusion"", ""des_level"": ""gene"", ""source"": [""CIVIC"", ""COSMIC""]}"
e2468,CD74 mutation,Entity,"{""displayName"": ""CD74 mutation"", ""reference1"": ""CD74"", ""type"": ""mutation"", ""des_level"": ""gene"", ""source"": [""VH""]}"
e2469,CD72-ROS1 fusion,Entity,"{""displayName"": ""CD72-ROS1 fusion"", ""reference1"": ""CD72"", ""reference2"": ""ROS1"", ""type"": ""fusion"", ""des_level"": ""gene"", ""source"": [""CIVIC""]}"
e2470,CD72 mutation,Entity,"{""displayName"": ""CD72 mutation"", ""reference1"": ""CD72"", ""type"": ""mutation"", ""des_level"": ""gene"", ""source"": [""VH""]}"
e2471,CD69 underexpression,Entity,"{""displayName"": ""CD69 underexpression"", ""reference1"": ""CD69"", ""type"": ""underexpression"", ""des_level"": ""gene"", ""source"": [""CGI""]}"
e2472,CD69 mutation,Entity,"{""displayName"": ""CD69 mutation"", ""reference1"": ""CD69"", ""type"": ""mutation"", ""des_level"": ""gene"", ""source"": [""VH""]}"
e2473,CD274 overexpression,Entity,"{""displayName"": ""CD274 overexpression"", ""reference1"": ""CD274"", ""type"": ""overexpression"", ""des_level"": ""gene"", ""source"": [""CGI""]}"
e2474,CD274 mutation,Entity,"{""displayName"": ""CD274 mutation"", ""reference1"": ""CD274"", ""type"": ""mutation"", ""des_level"": ""gene"", ""source"": [""COSMIC""]}"
e2475,CD274 expression,Entity,"{""displayName"": ""CD274 expression"", ""reference1"": ""CD274"", ""type"": ""expression"", ""des_level"": ""gene"", ""source"": [""CIVIC""]}"
e2476,CD274 amplification,Entity,"{""displayName"": ""CD274 amplification"", ""reference1"": ""CD274"", ""type"": ""amplification"", ""des_level"": ""gene"", ""source"": [""OncoKB"", ""CGI""]}"
e2477,CCNE1 overexpression,Entity,"{""displayName"": ""CCNE1 overexpression"", ""reference1"": ""CCNE1"", ""type"": ""overexpression"", ""des_level"": ""gene"", ""source"": [""CIVIC""]}"
e2478,CCNE1 mutation,Entity,"{""displayName"": ""CCNE1 mutation"", ""reference1"": ""CCNE1"", ""type"": ""mutation"", ""des_level"": ""gene"", ""source"": [""COSMIC""]}"
e2479,CCNE1 amplification,Entity,"{""displayName"": ""CCNE1 amplification"", ""reference1"": ""CCNE1"", ""type"": ""amplification"", ""des_level"": ""gene"", ""source"": [""CIVIC"", ""OncoKB"", ""CGI""]}"
e2480,CCND3 mutation,Entity,"{""displayName"": ""CCND3 mutation"", ""reference1"": ""CCND3"", ""type"": ""mutation"", ""des_level"": ""gene"", ""source"": [""COSMIC""]}"
e2481,CCND3 amplification,Entity,"{""displayName"": ""CCND3 amplification"", ""reference1"": ""CCND3"", ""type"": ""amplification"", ""des_level"": ""gene"", ""source"": [""CIVIC"", ""CGI""]}"
e2482,CCND2 promoter demethylation,Entity,"{""displayName"": ""CCND2 promoter demethylation"", ""reference1"": ""CCND2"", ""type"": ""promoter demethylation"", ""des_level"": ""gene"", ""source"": [""CIVIC""]}"
e2483,CCND2 overexpression,Entity,"{""displayName"": ""CCND2 overexpression"", ""reference1"": ""CCND2"", ""type"": ""overexpression"", ""des_level"": ""gene"", ""source"": [""CIVIC""]}"
e2484,CCND2 mutation,Entity,"{""displayName"": ""CCND2 mutation"", ""reference1"": ""CCND2"", ""type"": ""mutation"", ""des_level"": ""gene"", ""source"": [""COSMIC""]}"
e2485,CCND2 amplification,Entity,"{""displayName"": ""CCND2 amplification"", ""reference1"": ""CCND2"", ""type"": ""amplification"", ""des_level"": ""gene"", ""source"": [""CIVIC"", ""CGI""]}"
e2486,CCND1 overexpression,Entity,"{""displayName"": ""CCND1 overexpression"", ""reference1"": ""CCND1"", ""type"": ""overexpression"", ""des_level"": ""gene"", ""source"": [""CIVIC""]}"
e2487,CCND1 mutation,Entity,"{""displayName"": ""CCND1 mutation"", ""reference1"": ""CCND1"", ""type"": ""mutation"", ""des_level"": ""gene"", ""source"": [""COSMIC""]}"
e2488,CCND1 expression,Entity,"{""displayName"": ""CCND1 expression"", ""reference1"": ""CCND1"", ""type"": ""expression"", ""des_level"": ""gene"", ""source"": [""CIVIC""]}"
e2489,CCND1 amplification,Entity,"{""displayName"": ""CCND1 amplification"", ""reference1"": ""CCND1"", ""type"": ""amplification"", ""des_level"": ""gene"", ""source"": [""CIVIC"", ""CGI""]}"
e2490,CCDC6-RET fusion,Entity,"{""displayName"": ""CCDC6-RET fusion"", ""reference1"": ""CCDC6"", ""reference2"": ""RET"", ""type"": ""fusion"", ""des_level"": ""gene"", ""source"": [""CIVIC"", ""COSMIC""]}"
e2491,CCDC6 mutation,Entity,"{""displayName"": ""CCDC6 mutation"", ""reference1"": ""CCDC6"", ""type"": ""mutation"", ""des_level"": ""gene"", ""source"": [""VH""]}"
e2492,CBLC mutation,Entity,"{""displayName"": ""CBLC mutation"", ""reference1"": ""CBLC"", ""type"": ""mutation"", ""des_level"": ""gene"", ""source"": [""VH""]}"
e2493,CBLC expression,Entity,"{""displayName"": ""CBLC expression"", ""reference1"": ""CBLC"", ""type"": ""expression"", ""des_level"": ""gene"", ""source"": [""CIVIC""]}"
e2494,CBL oncogenic mutation,Entity,"{""displayName"": ""CBL oncogenic mutation"", ""reference1"": ""CBL"", ""type"": ""oncogenic mutation"", ""des_level"": ""gene"", ""source"": [""OncoKB""]}"
e2495,CBL mutation,Entity,"{""displayName"": ""CBL mutation"", ""reference1"": ""CBL"", ""type"": ""mutation"", ""des_level"": ""gene"", ""source"": [""COSMIC""]}"
e2496,CBL exon 9 mutation,Entity,"{""displayName"": ""CBL exon 9 mutation"", ""reference1"": ""CBL"", ""exon"": ""9"", ""type"": ""mutation"", ""des_level"": ""exon"", ""source"": [""COSMIC""]}"
e2497,CBL exon 8 mutation,Entity,"{""displayName"": ""CBL exon 8 mutation"", ""reference1"": ""CBL"", ""exon"": ""8"", ""type"": ""mutation"", ""des_level"": ""exon"", ""source"": [""COSMIC""]}"
e2498,CBL Y371H,Entity,"{""displayName"": ""CBL Y371H"", ""reference1"": ""CBL"", ""aa_change"": ""Y371H"", ""type"": ""substitution"", ""des_level"": ""individual"", ""source"": [""CIVIC"", ""CGI""]}"
e2499,CBL C384R,Entity,"{""displayName"": ""CBL C384R"", ""reference1"": ""CBL"", ""aa_change"": ""C384R"", ""type"": ""substitution"", ""des_level"": ""individual"", ""source"": [""CGI""]}"
e2500,CBFB-MYH11 fusion,Entity,"{""displayName"": ""CBFB-MYH11 fusion"", ""reference1"": ""CBFB"", ""reference2"": ""MYH11"", ""type"": ""fusion"", ""des_level"": ""gene"", ""source"": [""OncoKB"", ""COSMIC"", ""CIVIC""]}"
e2501,CBFB mutation,Entity,"{""displayName"": ""CBFB mutation"", ""reference1"": ""CBFB"", ""type"": ""mutation"", ""des_level"": ""gene"", ""source"": [""VH""]}"
e2502,CBFA2T3-GLIS2 fusion,Entity,"{""displayName"": ""CBFA2T3-GLIS2 fusion"", ""reference1"": ""CBFA2T3"", ""reference2"": ""GLIS2"", ""type"": ""fusion"", ""des_level"": ""gene"", ""source"": [""CIVIC""]}"
e2503,CBFA2T3 mutation,Entity,"{""displayName"": ""CBFA2T3 mutation"", ""reference1"": ""CBFA2T3"", ""type"": ""mutation"", ""des_level"": ""gene"", ""source"": [""VH""]}"
e2504,CASP8 overexpression,Entity,"{""displayName"": ""CASP8 overexpression"", ""reference1"": ""CASP8"", ""type"": ""overexpression"", ""des_level"": ""gene"", ""source"": [""CIVIC""]}"
e2505,CASP8 mutation,Entity,"{""displayName"": ""CASP8 mutation"", ""reference1"": ""CASP8"", ""type"": ""mutation"", ""des_level"": ""gene"", ""source"": [""VH""]}"
e2506,CASP8 D302H,Entity,"{""displayName"": ""CASP8 D302H"", ""reference1"": ""CASP8"", ""aa_change"": ""D302H"", ""type"": ""substitution"", ""des_level"": ""individual"", ""source"": [""CIVIC""]}"
e2507,CARD11 oncogenic mutation,Entity,"{""displayName"": ""CARD11 oncogenic mutation"", ""reference1"": ""CARD11"", ""type"": ""oncogenic mutation"", ""des_level"": ""gene"", ""source"": [""OncoKB""]}"
e2508,CARD11 mutation,Entity,"{""displayName"": ""CARD11 mutation"", ""reference1"": ""CARD11"", ""type"": ""mutation"", ""des_level"": ""gene"", ""source"": [""VH""]}"
e2509,CALR oncogenic mutation,Entity,"{""displayName"": ""CALR oncogenic mutation"", ""reference1"": ""CALR"", ""type"": ""oncogenic mutation"", ""des_level"": ""gene"", ""source"": [""OncoKB""]}"
e2510,CALR mutation,Entity,"{""displayName"": ""CALR mutation"", ""reference1"": ""CALR"", ""type"": ""mutation"", ""des_level"": ""gene"", ""source"": [""CIVIC"", ""COSMIC""]}"
e2511,CALR exon 9 mutation,Entity,"{""displayName"": ""CALR exon 9 mutation"", ""reference1"": ""CALR"", ""exon"": ""9"", ""type"": ""mutation"", ""des_level"": ""exon"", ""source"": [""COSMIC""]}"
e2512,CALR exon 9 frameshift,Entity,"{""displayName"": ""CALR exon 9 frameshift"", ""reference1"": ""CALR"", ""exon"": ""9"", ""type"": ""frameshift"", ""des_level"": ""exon"", ""source"": [""CIVIC""]}"
e2513,CAD-ALK fusion,Entity,"{""displayName"": ""CAD-ALK fusion"", ""reference1"": ""CAD"", ""reference2"": ""ALK"", ""type"": ""fusion"", ""des_level"": ""gene"", ""source"": [""CIVIC""]}"
e2514,CAD mutation,Entity,"{""displayName"": ""CAD mutation"", ""reference1"": ""CAD"", ""type"": ""mutation"", ""des_level"": ""gene"", ""source"": [""VH""]}"
e2515,CA9 overexpression,Entity,"{""displayName"": ""CA9 overexpression"", ""reference1"": ""CA9"", ""type"": ""overexpression"", ""des_level"": ""gene"", ""source"": [""CGI""]}"
e2516,CA9 mutation,Entity,"{""displayName"": ""CA9 mutation"", ""reference1"": ""CA9"", ""type"": ""mutation"", ""des_level"": ""gene"", ""source"": [""COSMIC""]}"
e2517,BTK mutation,Entity,"{""displayName"": ""BTK mutation"", ""reference1"": ""BTK"", ""type"": ""mutation"", ""des_level"": ""gene"", ""source"": [""CIVIC"", ""COSMIC""]}"
e2518,BTK T474S,Entity,"{""displayName"": ""BTK T474S"", ""reference1"": ""BTK"", ""aa_change"": ""T474S"", ""type"": ""substitution"", ""des_level"": ""individual"", ""source"": [""OncoKB""]}"
e2519,BTK T474I,Entity,"{""displayName"": ""BTK T474I"", ""reference1"": ""BTK"", ""aa_change"": ""T474I"", ""type"": ""substitution"", ""des_level"": ""individual"", ""source"": [""OncoKB""]}"
e2520,BTK T316A,Entity,"{""displayName"": ""BTK T316A"", ""reference1"": ""BTK"", ""aa_change"": ""T316A"", ""type"": ""substitution"", ""des_level"": ""individual"", ""source"": [""CIVIC"", ""OncoKB""]}"
e2521,BTK C481Y,Entity,"{""displayName"": ""BTK C481Y"", ""reference1"": ""BTK"", ""aa_change"": ""C481Y"", ""type"": ""substitution"", ""des_level"": ""individual"", ""source"": [""OncoKB""]}"
e2522,BTK C481X,Entity,"{""displayName"": ""BTK C481X"", ""reference1"": ""BTK"", ""aa_change"": ""C481X"", ""type"": ""substitution"", ""des_level"": ""amino acid"", ""source"": [""COSMIC"", ""CGI""]}"
e2523,BTK C481S,Entity,"{""displayName"": ""BTK C481S"", ""reference1"": ""BTK"", ""aa_change"": ""C481S"", ""type"": ""substitution"", ""des_level"": ""individual"", ""source"": [""OncoKB"", ""COSMIC"", ""CIVIC"", ""CGI""]}"
e2524,BTK C481R,Entity,"{""displayName"": ""BTK C481R"", ""reference1"": ""BTK"", ""aa_change"": ""C481R"", ""type"": ""substitution"", ""des_level"": ""individual"", ""source"": [""OncoKB""]}"
e2525,BTK C481F,Entity,"{""displayName"": ""BTK C481F"", ""reference1"": ""BTK"", ""aa_change"": ""C481F"", ""type"": ""substitution"", ""des_level"": ""individual"", ""source"": [""OncoKB""]}"
e2526,BRIP1 oncogenic mutation,Entity,"{""displayName"": ""BRIP1 oncogenic mutation"", ""reference1"": ""BRIP1"", ""type"": ""oncogenic mutation"", ""des_level"": ""gene"", ""source"": [""OncoKB"", ""CGI""]}"
e2527,BRIP1 mutation,Entity,"{""displayName"": ""BRIP1 mutation"", ""reference1"": ""BRIP1"", ""type"": ""mutation"", ""des_level"": ""gene"", ""source"": [""CIVIC"", ""COSMIC""]}"
e2528,BRD4-NUTM1 fusion,Entity,"{""displayName"": ""BRD4-NUTM1 fusion"", ""reference1"": ""BRD4"", ""reference2"": ""NUTM1"", ""type"": ""fusion"", ""des_level"": ""gene"", ""source"": [""CIVIC""]}"
e2529,BRD4-C15orf55 fusion,Entity,"{""displayName"": ""BRD4-C15orf55 fusion"", ""reference1"": ""BRD4"", ""reference2"": ""C15orf55"", ""type"": ""fusion"", ""des_level"": ""gene"", ""source"": [""CGI""]}"
e2530,BRD4 mutation,Entity,"{""displayName"": ""BRD4 mutation"", ""reference1"": ""BRD4"", ""type"": ""mutation"", ""des_level"": ""gene"", ""source"": [""COSMIC""]}"
e2531,BRCA2 truncating mutation,Entity,"{""displayName"": ""BRCA2 truncating mutation"", ""reference1"": ""BRCA2"", ""type"": ""truncating mutation"", ""des_level"": ""gene"", ""source"": [""CIVIC""]}"
e2532,BRCA2 oncogenic mutation,Entity,"{""displayName"": ""BRCA2 oncogenic mutation"", ""reference1"": ""BRCA2"", ""type"": ""oncogenic mutation"", ""des_level"": ""gene"", ""source"": [""OncoKB"", ""CGI""]}"
e2533,BRCA2 mutation,Entity,"{""displayName"": ""BRCA2 mutation"", ""reference1"": ""BRCA2"", ""type"": ""mutation"", ""des_level"": ""gene"", ""source"": [""CIVIC"", ""COSMIC""]}"
e2534,BRCA2 loss of function,Entity,"{""displayName"": ""BRCA2 loss of function"", ""reference1"": ""BRCA2"", ""type"": ""loss of function"", ""des_level"": ""gene"", ""source"": [""CIVIC""]}"
e2535,BRCA2 copy loss,Entity,"{""displayName"": ""BRCA2 copy loss"", ""reference1"": ""BRCA2"", ""type"": ""copy loss"", ""des_level"": ""gene"", ""source"": [""CGI""]}"
e2536,BRCA2 V211L,Entity,"{""displayName"": ""BRCA2 V211L"", ""reference1"": ""BRCA2"", ""aa_change"": ""V211L"", ""type"": ""substitution"", ""des_level"": ""individual"", ""source"": [""CIVIC""]}"
e2537,BRCA2 V211I,Entity,"{""displayName"": ""BRCA2 V211I"", ""reference1"": ""BRCA2"", ""aa_change"": ""V211I"", ""type"": ""substitution"", ""des_level"": ""individual"", ""source"": [""CIVIC""]}"
e2538,BRCA2 V159M,Entity,"{""displayName"": ""BRCA2 V159M"", ""reference1"": ""BRCA2"", ""aa_change"": ""V159M"", ""type"": ""substitution"", ""des_level"": ""individual"", ""source"": [""CIVIC""]}"
e2539,BRCA2 R2336P,Entity,"{""displayName"": ""BRCA2 R2336P"", ""reference1"": ""BRCA2"", ""aa_change"": ""R2336P"", ""type"": ""substitution"", ""des_level"": ""individual"", ""source"": [""CIVIC""]}"
e2540,BRCA2 M1R,Entity,"{""displayName"": ""BRCA2 M1R"", ""reference1"": ""BRCA2"", ""aa_change"": ""M1R"", ""type"": ""substitution"", ""des_level"": ""individual"", ""source"": [""CIVIC""]}"
e2541,BRCA2 M1I,Entity,"{""displayName"": ""BRCA2 M1I"", ""reference1"": ""BRCA2"", ""aa_change"": ""M1I"", ""type"": ""substitution"", ""des_level"": ""individual"", ""source"": [""CIVIC""]}"
e2542,BRCA2 K3326*,Entity,"{""displayName"": ""BRCA2 K3326*"", ""reference1"": ""BRCA2"", ""aa_change"": ""K3326*"", ""type"": ""stop gained"", ""des_level"": ""individual"", ""source"": [""CIVIC""]}"
e2543,BRCA2 D3095E,Entity,"{""displayName"": ""BRCA2 D3095E"", ""reference1"": ""BRCA2"", ""aa_change"": ""D3095E"", ""type"": ""substitution"", ""des_level"": ""individual"", ""source"": [""CIVIC""]}"
e2544,BRCA2 A406Lfs*9,Entity,"{""displayName"": ""BRCA2 A406Lfs*9"", ""reference1"": ""BRCA2"", ""aa_change"": ""A406Lfs*9"", ""type"": ""frameshift"", ""des_level"": ""individual"", ""source"": [""COSMIC""]}"
e2545,BRCA1 underexpression,Entity,"{""displayName"": ""BRCA1 underexpression"", ""reference1"": ""BRCA1"", ""type"": ""underexpression"", ""des_level"": ""gene"", ""source"": [""CIVIC""]}"
e2546,BRCA1 oncogenic mutation,Entity,"{""displayName"": ""BRCA1 oncogenic mutation"", ""reference1"": ""BRCA1"", ""type"": ""oncogenic mutation"", ""des_level"": ""gene"", ""source"": [""OncoKB"", ""CGI""]}"
e2547,BRCA1 mutation,Entity,"{""displayName"": ""BRCA1 mutation"", ""reference1"": ""BRCA1"", ""type"": ""mutation"", ""des_level"": ""gene"", ""source"": [""CIVIC"", ""COSMIC""]}"
e2548,BRCA1 loss of function,Entity,"{""displayName"": ""BRCA1 loss of function"", ""reference1"": ""BRCA1"", ""type"": ""loss of function"", ""des_level"": ""gene"", ""source"": [""CIVIC""]}"
e2549,BRCA1 expression,Entity,"{""displayName"": ""BRCA1 expression"", ""reference1"": ""BRCA1"", ""type"": ""expression"", ""des_level"": ""gene"", ""source"": [""CIVIC""]}"
e2550,BRCA1 copy loss,Entity,"{""displayName"": ""BRCA1 copy loss"", ""reference1"": ""BRCA1"", ""type"": ""copy loss"", ""des_level"": ""gene"", ""source"": [""CGI""]}"
e2551,BRCA1 W1815X,Entity,"{""displayName"": ""BRCA1 W1815X"", ""reference1"": ""BRCA1"", ""aa_change"": ""W1815X"", ""type"": ""substitution"", ""des_level"": ""individual"", ""source"": [""CIVIC""]}"
e2552,BRCA1 Q1467*,Entity,"{""displayName"": ""BRCA1 Q1467*"", ""reference1"": ""BRCA1"", ""aa_change"": ""Q1467*"", ""type"": ""stop gained"", ""des_level"": ""individual"", ""source"": [""CIVIC""]}"
e2553,BRCA1 P968fs,Entity,"{""displayName"": ""BRCA1 P968fs"", ""reference1"": ""BRCA1"", ""aa_change"": ""P968fs"", ""type"": ""frameshift"", ""des_level"": ""individual"", ""source"": [""CIVIC""]}"
e2554,BRAF-CUL1 fusion,Entity,"{""displayName"": ""BRAF-CUL1 fusion"", ""reference1"": ""BRAF"", ""reference2"": ""CUL1"", ""type"": ""fusion"", ""des_level"": ""gene"", ""source"": [""CIVIC""]}"
e2555,BRAF oncogenic mutation,Entity,"{""displayName"": ""BRAF oncogenic mutation"", ""reference1"": ""BRAF"", ""type"": ""oncogenic mutation"", ""des_level"": ""gene"", ""source"": [""OncoKB"", ""CGI""]}"
e2556,BRAF mutation,Entity,"{""displayName"": ""BRAF mutation"", ""reference1"": ""BRAF"", ""type"": ""mutation"", ""des_level"": ""gene"", ""source"": [""CIVIC"", ""COSMIC""]}"
e2557,BRAF intron 9 fusion,Entity,"{""displayName"": ""BRAF intron 9 fusion"", ""reference1"": ""BRAF"", ""intron"": ""9"", ""type"": ""fusion"", ""des_level"": ""intron"", ""source"": [""CIVIC""]}"
e2558,BRAF intron 10 fusion,Entity,"{""displayName"": ""BRAF intron 10 fusion"", ""reference1"": ""BRAF"", ""intron"": ""10"", ""type"": ""fusion"", ""des_level"": ""intron"", ""source"": [""CIVIC""]}"
e2559,BRAF fusion,Entity,"{""displayName"": ""BRAF fusion"", ""reference1"": ""BRAF"", ""type"": ""fusion"", ""des_level"": ""gene"", ""source"": [""OncoKB"", ""COSMIC"", ""CIVIC"", ""CGI""]}"
e2560,BRAF exon 15 mutation,Entity,"{""displayName"": ""BRAF exon 15 mutation"", ""reference1"": ""BRAF"", ""exon"": ""15"", ""type"": ""mutation"", ""des_level"": ""exon"", ""source"": [""CIVIC"", ""COSMIC""]}"
e2561,BRAF exon 11 mutation,Entity,"{""displayName"": ""BRAF exon 11 mutation"", ""reference1"": ""BRAF"", ""exon"": ""11"", ""type"": ""mutation"", ""des_level"": ""exon"", ""source"": [""COSMIC""]}"
e2562,BRAF deletion,Entity,"{""displayName"": ""BRAF deletion"", ""reference1"": ""BRAF"", ""type"": ""deletion"", ""des_level"": ""gene"", ""source"": [""CIVIC""]}"
e2563,BRAF amplification,Entity,"{""displayName"": ""BRAF amplification"", ""reference1"": ""BRAF"", ""type"": ""amplification"", ""des_level"": ""gene"", ""source"": [""CIVIC""]}"
e2564,BRAF Y472C,Entity,"{""displayName"": ""BRAF Y472C"", ""reference1"": ""BRAF"", ""aa_change"": ""Y472C"", ""type"": ""substitution"", ""des_level"": ""individual"", ""source"": [""CGI""]}"
e2565,BRAF V600X,Entity,"{""displayName"": ""BRAF V600X"", ""reference1"": ""BRAF"", ""aa_change"": ""V600X"", ""type"": ""substitution"", ""des_level"": ""amino acid"", ""source"": [""OncoKB"", ""COSMIC"", ""CIVIC"", ""CGI""]}"
e2566,BRAF V600R,Entity,"{""displayName"": ""BRAF V600R"", ""reference1"": ""BRAF"", ""aa_change"": ""V600R"", ""type"": ""substitution"", ""des_level"": ""individual"", ""source"": [""COSMIC"", ""CGI""]}"
e2567,BRAF V600M,Entity,"{""displayName"": ""BRAF V600M"", ""reference1"": ""BRAF"", ""aa_change"": ""V600M"", ""type"": ""substitution"", ""des_level"": ""individual"", ""source"": [""CIVIC"", ""COSMIC"", ""CGI""]}"
e2568,BRAF V600K,Entity,"{""displayName"": ""BRAF V600K"", ""reference1"": ""BRAF"", ""aa_change"": ""V600K"", ""type"": ""substitution"", ""des_level"": ""individual"", ""source"": [""OncoKB"", ""COSMIC"", ""CIVIC"", ""CGI""]}"
e2569,BRAF V600G,Entity,"{""displayName"": ""BRAF V600G"", ""reference1"": ""BRAF"", ""aa_change"": ""V600G"", ""type"": ""substitution"", ""des_level"": ""individual"", ""source"": [""COSMIC"", ""CGI""]}"
e2570,BRAF V600E,Entity,"{""displayName"": ""BRAF V600E"", ""reference1"": ""BRAF"", ""aa_change"": ""V600E"", ""type"": ""substitution"", ""des_level"": ""individual"", ""source"": [""OncoKB"", ""COSMIC"", ""CIVIC"", ""CGI""]}"
e2571,BRAF V600D,Entity,"{""displayName"": ""BRAF V600D"", ""reference1"": ""BRAF"", ""aa_change"": ""V600D"", ""type"": ""substitution"", ""des_level"": ""individual"", ""source"": [""CIVIC"", ""COSMIC"", ""CGI""]}"
e2572,BRAF T599dup,Entity,"{""displayName"": ""BRAF T599dup"", ""reference1"": ""BRAF"", ""aa_change"": ""T599dup"", ""type"": ""duplication"", ""des_level"": ""individual"", ""source"": [""COSMIC""]}"
e2573,BRAF P731T,Entity,"{""displayName"": ""BRAF P731T"", ""reference1"": ""BRAF"", ""aa_change"": ""P731T"", ""type"": ""substitution"", ""des_level"": ""individual"", ""source"": [""CIVIC""]}"
e2574,BRAF P490del,Entity,"{""displayName"": ""BRAF P490del"", ""reference1"": ""BRAF"", ""aa_change"": ""P490del"", ""type"": ""deletion"", ""des_level"": ""individual"", ""source"": [""CGI""]}"
e2575,BRAF N581X,Entity,"{""displayName"": ""BRAF N581X"", ""reference1"": ""BRAF"", ""aa_change"": ""N581X"", ""type"": ""substitution"", ""des_level"": ""amino acid"", ""source"": [""COSMIC""]}"
e2576,BRAF N581S,Entity,"{""displayName"": ""BRAF N581S"", ""reference1"": ""BRAF"", ""aa_change"": ""N581S"", ""type"": ""substitution"", ""des_level"": ""individual"", ""source"": [""CIVIC""]}"
e2577,BRAF N486_P490del,Entity,"{""displayName"": ""BRAF N486_P490del"", ""reference1"": ""BRAF"", ""aa_change"": ""N486_P490del"", ""type"": ""deletion"", ""des_level"": ""individual"", ""source"": [""CIVIC""]}"
e2578,BRAF L597X,Entity,"{""displayName"": ""BRAF L597X"", ""reference1"": ""BRAF"", ""aa_change"": ""L597X"", ""type"": ""substitution"", ""des_level"": ""amino acid"", ""source"": [""OncoKB""]}"
e2579,BRAF L597V,Entity,"{""displayName"": ""BRAF L597V"", ""reference1"": ""BRAF"", ""aa_change"": ""L597V"", ""type"": ""substitution"", ""des_level"": ""individual"", ""source"": [""CIVIC""]}"
e2580,BRAF L597S,Entity,"{""displayName"": ""BRAF L597S"", ""reference1"": ""BRAF"", ""aa_change"": ""L597S"", ""type"": ""substitution"", ""des_level"": ""individual"", ""source"": [""CIVIC"", ""COSMIC""]}"
e2581,BRAF L597R,Entity,"{""displayName"": ""BRAF L597R"", ""reference1"": ""BRAF"", ""aa_change"": ""L597R"", ""type"": ""substitution"", ""des_level"": ""individual"", ""source"": [""CIVIC"", ""COSMIC"", ""CGI""]}"
e2582,BRAF L597Q,Entity,"{""displayName"": ""BRAF L597Q"", ""reference1"": ""BRAF"", ""aa_change"": ""L597Q"", ""type"": ""substitution"", ""des_level"": ""individual"", ""source"": [""CIVIC"", ""COSMIC""]}"
e2583,BRAF L505H,Entity,"{""displayName"": ""BRAF L505H"", ""reference1"": ""BRAF"", ""aa_change"": ""L505H"", ""type"": ""substitution"", ""des_level"": ""individual"", ""source"": [""CIVIC""]}"
e2584,BRAF L485del,Entity,"{""displayName"": ""BRAF L485del"", ""reference1"": ""BRAF"", ""aa_change"": ""L485del"", ""type"": ""deletion"", ""des_level"": ""individual"", ""source"": [""CGI""]}"
e2585,BRAF L485W,Entity,"{""displayName"": ""BRAF L485W"", ""reference1"": ""BRAF"", ""aa_change"": ""L485W"", ""type"": ""substitution"", ""des_level"": ""individual"", ""source"": [""COSMIC"", ""CGI""]}"
e2586,BRAF K601X,Entity,"{""displayName"": ""BRAF K601X"", ""reference1"": ""BRAF"", ""aa_change"": ""K601X"", ""type"": ""substitution"", ""des_level"": ""amino acid"", ""source"": [""OncoKB"", ""COSMIC""]}"
e2587,BRAF K601R,Entity,"{""displayName"": ""BRAF K601R"", ""reference1"": ""BRAF"", ""aa_change"": ""K601R"", ""type"": ""substitution"", ""des_level"": ""individual"", ""source"": [""CGI""]}"
e2588,BRAF K601E,Entity,"{""displayName"": ""BRAF K601E"", ""reference1"": ""BRAF"", ""aa_change"": ""K601E"", ""type"": ""substitution"", ""des_level"": ""individual"", ""source"": [""CIVIC"", ""COSMIC""]}"
e2589,BRAF K483M,Entity,"{""displayName"": ""BRAF K483M"", ""reference1"": ""BRAF"", ""aa_change"": ""K483M"", ""type"": ""substitution"", ""des_level"": ""individual"", ""source"": [""CIVIC""]}"
e2590,BRAF G606E,Entity,"{""displayName"": ""BRAF G606E"", ""reference1"": ""BRAF"", ""aa_change"": ""G606E"", ""type"": ""substitution"", ""des_level"": ""individual"", ""source"": [""CIVIC""]}"
e2591,BRAF G596V,Entity,"{""displayName"": ""BRAF G596V"", ""reference1"": ""BRAF"", ""aa_change"": ""G596V"", ""type"": ""substitution"", ""des_level"": ""individual"", ""source"": [""COSMIC""]}"
e2592,BRAF G596R,Entity,"{""displayName"": ""BRAF G596R"", ""reference1"": ""BRAF"", ""aa_change"": ""G596R"", ""type"": ""substitution"", ""des_level"": ""individual"", ""source"": [""CIVIC""]}"
e2593,BRAF G596C,Entity,"{""displayName"": ""BRAF G596C"", ""reference1"": ""BRAF"", ""aa_change"": ""G596C"", ""type"": ""substitution"", ""des_level"": ""individual"", ""source"": [""CIVIC""]}"
e2594,BRAF G496A,Entity,"{""displayName"": ""BRAF G496A"", ""reference1"": ""BRAF"", ""aa_change"": ""G496A"", ""type"": ""substitution"", ""des_level"": ""individual"", ""source"": [""CIVIC""]}"
e2595,BRAF G469X,Entity,"{""displayName"": ""BRAF G469X"", ""reference1"": ""BRAF"", ""aa_change"": ""G469X"", ""type"": ""substitution"", ""des_level"": ""amino acid"", ""source"": [""CIVIC"", ""COSMIC""]}"
e2596,BRAF G469V,Entity,"{""displayName"": ""BRAF G469V"", ""reference1"": ""BRAF"", ""aa_change"": ""G469V"", ""type"": ""substitution"", ""des_level"": ""individual"", ""source"": [""OncoKB""]}"
e2597,BRAF G469R,Entity,"{""displayName"": ""BRAF G469R"", ""reference1"": ""BRAF"", ""aa_change"": ""G469R"", ""type"": ""substitution"", ""des_level"": ""individual"", ""source"": [""OncoKB""]}"
e2598,BRAF G469E,Entity,"{""displayName"": ""BRAF G469E"", ""reference1"": ""BRAF"", ""aa_change"": ""G469E"", ""type"": ""substitution"", ""des_level"": ""individual"", ""source"": [""CIVIC"", ""CGI""]}"
e2599,BRAF G469A,Entity,"{""displayName"": ""BRAF G469A"", ""reference1"": ""BRAF"", ""aa_change"": ""G469A"", ""type"": ""substitution"", ""des_level"": ""individual"", ""source"": [""OncoKB"", ""COSMIC"", ""CIVIC"", ""CGI""]}"
e2600,BRAF G466X,Entity,"{""displayName"": ""BRAF G466X"", ""reference1"": ""BRAF"", ""aa_change"": ""G466X"", ""type"": ""substitution"", ""des_level"": ""amino acid"", ""source"": [""COSMIC""]}"
e2601,BRAF G466V,Entity,"{""displayName"": ""BRAF G466V"", ""reference1"": ""BRAF"", ""aa_change"": ""G466V"", ""type"": ""substitution"", ""des_level"": ""individual"", ""source"": [""CIVIC"", ""COSMIC"", ""CGI""]}"
e2602,BRAF G464X,Entity,"{""displayName"": ""BRAF G464X"", ""reference1"": ""BRAF"", ""aa_change"": ""G464X"", ""type"": ""substitution"", ""des_level"": ""amino acid"", ""source"": [""OncoKB""]}"
e2603,BRAF G464V,Entity,"{""displayName"": ""BRAF G464V"", ""reference1"": ""BRAF"", ""aa_change"": ""G464V"", ""type"": ""substitution"", ""des_level"": ""individual"", ""source"": [""CIVIC""]}"
e2604,BRAF G463E,Entity,"{""displayName"": ""BRAF G463E"", ""reference1"": ""BRAF"", ""aa_change"": ""G463E"", ""type"": ""substitution"", ""des_level"": ""individual"", ""source"": [""CIVIC""]}"
e2605,BRAF D594V,Entity,"{""displayName"": ""BRAF D594V"", ""reference1"": ""BRAF"", ""aa_change"": ""D594V"", ""type"": ""substitution"", ""des_level"": ""individual"", ""source"": [""CIVIC""]}"
e2606,BRAF D594N,Entity,"{""displayName"": ""BRAF D594N"", ""reference1"": ""BRAF"", ""aa_change"": ""D594N"", ""type"": ""substitution"", ""des_level"": ""individual"", ""source"": [""COSMIC""]}"
e2607,BRAF D594K,Entity,"{""displayName"": ""BRAF D594K"", ""reference1"": ""BRAF"", ""aa_change"": ""D594K"", ""type"": ""substitution"", ""des_level"": ""individual"", ""source"": [""CIVIC""]}"
e2608,BRAF D594G,Entity,"{""displayName"": ""BRAF D594G"", ""reference1"": ""BRAF"", ""aa_change"": ""D594G"", ""type"": ""substitution"", ""des_level"": ""individual"", ""source"": [""CIVIC"", ""CGI""]}"
e2609,BRAF D594A,Entity,"{""displayName"": ""BRAF D594A"", ""reference1"": ""BRAF"", ""aa_change"": ""D594A"", ""type"": ""substitution"", ""des_level"": ""individual"", ""source"": [""CIVIC""]}"
e2610,BRAF A728V,Entity,"{""displayName"": ""BRAF A728V"", ""reference1"": ""BRAF"", ""aa_change"": ""A728V"", ""type"": ""substitution"", ""des_level"": ""individual"", ""source"": [""CIVIC""]}"
e2611,BRAF A598V,Entity,"{""displayName"": ""BRAF A598V"", ""reference1"": ""BRAF"", ""aa_change"": ""A598V"", ""type"": ""substitution"", ""des_level"": ""individual"", ""source"": [""CIVIC""]}"
e2612,BIRC7 mutation,Entity,"{""displayName"": ""BIRC7 mutation"", ""reference1"": ""BIRC7"", ""type"": ""mutation"", ""des_level"": ""gene"", ""source"": [""VH""]}"
e2613,BIRC7 amplification,Entity,"{""displayName"": ""BIRC7 amplification"", ""reference1"": ""BIRC7"", ""type"": ""amplification"", ""des_level"": ""gene"", ""source"": [""CIVIC""]}"
e2614,BIRC5 overexpression,Entity,"{""displayName"": ""BIRC5 overexpression"", ""reference1"": ""BIRC5"", ""type"": ""overexpression"", ""des_level"": ""gene"", ""source"": [""CIVIC""]}"
e2615,BIRC5 mutation,Entity,"{""displayName"": ""BIRC5 mutation"", ""reference1"": ""BIRC5"", ""type"": ""mutation"", ""des_level"": ""gene"", ""source"": [""VH""]}"
e2616,BIRC3-MALT1 fusion,Entity,"{""displayName"": ""BIRC3-MALT1 fusion"", ""reference1"": ""BIRC3"", ""reference2"": ""MALT1"", ""type"": ""fusion"", ""des_level"": ""gene"", ""source"": [""OncoKB""]}"
e2617,BIRC3 truncating mutation,Entity,"{""displayName"": ""BIRC3 truncating mutation"", ""reference1"": ""BIRC3"", ""type"": ""truncating mutation"", ""des_level"": ""gene"", ""source"": [""CIVIC""]}"
e2618,BIRC3 oncogenic mutation,Entity,"{""displayName"": ""BIRC3 oncogenic mutation"", ""reference1"": ""BIRC3"", ""type"": ""oncogenic mutation"", ""des_level"": ""gene"", ""source"": [""OncoKB""]}"
e2619,BIRC3 mutation,Entity,"{""displayName"": ""BIRC3 mutation"", ""reference1"": ""BIRC3"", ""type"": ""mutation"", ""des_level"": ""gene"", ""source"": [""COSMIC""]}"
e2620,BCR-PDGFRA fusion,Entity,"{""displayName"": ""BCR-PDGFRA fusion"", ""reference1"": ""BCR"", ""reference2"": ""PDGFRA"", ""type"": ""fusion"", ""des_level"": ""gene"", ""source"": [""CIVIC""]}"
e2621,BCR-NTRK2 fusion,Entity,"{""displayName"": ""BCR-NTRK2 fusion"", ""reference1"": ""BCR"", ""reference2"": ""NTRK2"", ""type"": ""fusion"", ""des_level"": ""gene"", ""source"": [""CIVIC""]}"
e2622,BCR-JAK2 fusion,Entity,"{""displayName"": ""BCR-JAK2 fusion"", ""reference1"": ""BCR"", ""reference2"": ""JAK2"", ""type"": ""fusion"", ""des_level"": ""gene"", ""source"": [""CIVIC""]}"
e2623,BCR-ABL1 fusion,Entity,"{""displayName"": ""BCR-ABL1 fusion"", ""reference1"": ""BCR"", ""reference2"": ""ABL1"", ""type"": ""fusion"", ""des_level"": ""gene"", ""source"": [""CIVIC"", ""OncoKB"", ""CGI""]}"
e2624,BCR-ABL fusion,Entity,"{""displayName"": ""BCR-ABL fusion"", ""reference1"": ""BCR"", ""reference2"": ""ABL"", ""type"": ""fusion"", ""des_level"": ""gene"", ""source"": [""COSMIC""]}"
e2625,BCR mutation,Entity,"{""displayName"": ""BCR mutation"", ""reference1"": ""BCR"", ""type"": ""mutation"", ""des_level"": ""gene"", ""source"": [""VH""]}"
e2626,BCOR-CCNB3 fusion,Entity,"{""displayName"": ""BCOR-CCNB3 fusion"", ""reference1"": ""BCOR"", ""reference2"": ""CCNB3"", ""type"": ""fusion"", ""des_level"": ""gene"", ""source"": [""CIVIC"", ""COSMIC""]}"
e2627,BCOR oncogenic mutation,Entity,"{""displayName"": ""BCOR oncogenic mutation"", ""reference1"": ""BCOR"", ""type"": ""oncogenic mutation"", ""des_level"": ""gene"", ""source"": [""OncoKB"", ""CGI""]}"
e2628,BCOR mutation,Entity,"{""displayName"": ""BCOR mutation"", ""reference1"": ""BCOR"", ""type"": ""mutation"", ""des_level"": ""gene"", ""source"": [""CIVIC"", ""COSMIC""]}"
e2629,BCL6 overexpression,Entity,"{""displayName"": ""BCL6 overexpression"", ""reference1"": ""BCL6"", ""type"": ""overexpression"", ""des_level"": ""gene"", ""source"": [""CGI""]}"
e2630,BCL6 mutation,Entity,"{""displayName"": ""BCL6 mutation"", ""reference1"": ""BCL6"", ""type"": ""mutation"", ""des_level"": ""gene"", ""source"": [""COSMIC""]}"
e2631,BCL6 fusion,Entity,"{""displayName"": ""BCL6 fusion"", ""reference1"": ""BCL6"", ""type"": ""fusion"", ""des_level"": ""gene"", ""source"": [""OncoKB"", ""COSMIC""]}"
e2632,BCL2L11 mutation,Entity,"{""displayName"": ""BCL2L11 mutation"", ""reference1"": ""BCL2L11"", ""type"": ""mutation"", ""des_level"": ""gene"", ""source"": [""COSMIC""]}"
e2633,BCL2L11 deletion,Entity,"{""displayName"": ""BCL2L11 deletion"", ""reference1"": ""BCL2L11"", ""type"": ""deletion"", ""des_level"": ""gene"", ""source"": [""CIVIC""]}"
e2634,BCL2 overexpression,Entity,"{""displayName"": ""BCL2 overexpression"", ""reference1"": ""BCL2"", ""type"": ""overexpression"", ""des_level"": ""gene"", ""source"": [""CIVIC"", ""CGI""]}"
e2635,BCL2 mutation,Entity,"{""displayName"": ""BCL2 mutation"", ""reference1"": ""BCL2"", ""type"": ""mutation"", ""des_level"": ""gene"", ""source"": [""CIVIC"", ""COSMIC""]}"
e2636,BCL2 fusion,Entity,"{""displayName"": ""BCL2 fusion"", ""reference1"": ""BCL2"", ""type"": ""fusion"", ""des_level"": ""gene"", ""source"": [""OncoKB"", ""COSMIC""]}"
e2637,BCL2 amplification,Entity,"{""displayName"": ""BCL2 amplification"", ""reference1"": ""BCL2"", ""type"": ""amplification"", ""des_level"": ""gene"", ""source"": [""CGI""]}"
e2638,BCL2 G101V,Entity,"{""displayName"": ""BCL2 G101V"", ""reference1"": ""BCL2"", ""aa_change"": ""G101V"", ""type"": ""substitution"", ""des_level"": ""individual"", ""source"": [""CIVIC""]}"
e2639,BCL2 F104I,Entity,"{""displayName"": ""BCL2 F104I"", ""reference1"": ""BCL2"", ""aa_change"": ""F104I"", ""type"": ""substitution"", ""des_level"": ""individual"", ""source"": [""CIVIC""]}"
e2640,BARD1 oncogenic mutation,Entity,"{""displayName"": ""BARD1 oncogenic mutation"", ""reference1"": ""BARD1"", ""type"": ""oncogenic mutation"", ""des_level"": ""gene"", ""source"": [""OncoKB"", ""CGI""]}"
e2641,BARD1 mutation,Entity,"{""displayName"": ""BARD1 mutation"", ""reference1"": ""BARD1"", ""type"": ""mutation"", ""des_level"": ""gene"", ""source"": [""CIVIC"", ""COSMIC""]}"
e2642,BARD1 loss of function,Entity,"{""displayName"": ""BARD1 loss of function"", ""reference1"": ""BARD1"", ""type"": ""loss of function"", ""des_level"": ""gene"", ""source"": [""CIVIC""]}"
e2643,BAP1 oncogenic mutation,Entity,"{""displayName"": ""BAP1 oncogenic mutation"", ""reference1"": ""BAP1"", ""type"": ""oncogenic mutation"", ""des_level"": ""gene"", ""source"": [""CGI""]}"
e2644,BAP1 mutation,Entity,"{""displayName"": ""BAP1 mutation"", ""reference1"": ""BAP1"", ""type"": ""mutation"", ""des_level"": ""gene"", ""source"": [""CIVIC"", ""COSMIC""]}"
e2645,BAP1 expression,Entity,"{""displayName"": ""BAP1 expression"", ""reference1"": ""BAP1"", ""type"": ""expression"", ""des_level"": ""gene"", ""source"": [""CIVIC""]}"
e2646,BAP1 exon 3 mutation,Entity,"{""displayName"": ""BAP1 exon 3 mutation"", ""reference1"": ""BAP1"", ""exon"": ""3"", ""type"": ""mutation"", ""des_level"": ""exon"", ""source"": [""VH""]}"
e2647,BAP1 exon 3 frameshift,Entity,"{""displayName"": ""BAP1 exon 3 frameshift"", ""reference1"": ""BAP1"", ""exon"": ""3"", ""type"": ""frameshift"", ""des_level"": ""exon"", ""source"": [""COSMIC""]}"
e2648,BAP1 copy loss,Entity,"{""displayName"": ""BAP1 copy loss"", ""reference1"": ""BAP1"", ""type"": ""copy loss"", ""des_level"": ""gene"", ""source"": [""CGI""]}"
e2649,BAP1 W202L,Entity,"{""displayName"": ""BAP1 W202L"", ""reference1"": ""BAP1"", ""aa_change"": ""W202L"", ""type"": ""substitution"", ""des_level"": ""individual"", ""source"": [""COSMIC""]}"
e2650,BAP1 T254fs,Entity,"{""displayName"": ""BAP1 T254fs"", ""reference1"": ""BAP1"", ""aa_change"": ""T254fs"", ""type"": ""frameshift"", ""des_level"": ""individual"", ""source"": [""COSMIC""]}"
e2651,BAP1 R300Gfs*6,Entity,"{""displayName"": ""BAP1 R300Gfs*6"", ""reference1"": ""BAP1"", ""aa_change"": ""R300Gfs*6"", ""type"": ""frameshift"", ""des_level"": ""individual"", ""source"": [""COSMIC""]}"
e2652,BAP1 Q593*,Entity,"{""displayName"": ""BAP1 Q593*"", ""reference1"": ""BAP1"", ""aa_change"": ""Q593*"", ""type"": ""stop gained"", ""des_level"": ""individual"", ""source"": [""COSMIC""]}"
e2653,BAP1 Q410*,Entity,"{""displayName"": ""BAP1 Q410*"", ""reference1"": ""BAP1"", ""aa_change"": ""Q410*"", ""type"": ""stop gained"", ""des_level"": ""individual"", ""source"": [""COSMIC""]}"
e2654,BAP1 N89Pfs*4,Entity,"{""displayName"": ""BAP1 N89Pfs*4"", ""reference1"": ""BAP1"", ""aa_change"": ""N89Pfs*4"", ""type"": ""frameshift"", ""des_level"": ""individual"", ""source"": [""COSMIC""]}"
e2655,BAP1 M371Cfs*59,Entity,"{""displayName"": ""BAP1 M371Cfs*59"", ""reference1"": ""BAP1"", ""aa_change"": ""M371Cfs*59"", ""type"": ""frameshift"", ""des_level"": ""individual"", ""source"": [""COSMIC""]}"
e2656,BAP1 H669Qfs*41,Entity,"{""displayName"": ""BAP1 H669Qfs*41"", ""reference1"": ""BAP1"", ""aa_change"": ""H669Qfs*41"", ""type"": ""frameshift"", ""des_level"": ""individual"", ""source"": [""COSMIC""]}"
e2657,B4GALT1 overexpression,Entity,"{""displayName"": ""B4GALT1 overexpression"", ""reference1"": ""B4GALT1"", ""type"": ""overexpression"", ""des_level"": ""gene"", ""source"": [""CIVIC""]}"
e2658,B4GALT1 mutation,Entity,"{""displayName"": ""B4GALT1 mutation"", ""reference1"": ""B4GALT1"", ""type"": ""mutation"", ""des_level"": ""gene"", ""source"": [""VH""]}"
e2659,B2M oncogenic mutation,Entity,"{""displayName"": ""B2M oncogenic mutation"", ""reference1"": ""B2M"", ""type"": ""oncogenic mutation"", ""des_level"": ""gene"", ""source"": [""CGI""]}"
e2660,B2M mutation,Entity,"{""displayName"": ""B2M mutation"", ""reference1"": ""B2M"", ""type"": ""mutation"", ""des_level"": ""gene"", ""source"": [""COSMIC""]}"
e2661,B2M S14fs,Entity,"{""displayName"": ""B2M S14fs"", ""reference1"": ""B2M"", ""aa_change"": ""S14fs"", ""type"": ""frameshift"", ""des_level"": ""individual"", ""source"": [""CIVIC""]}"
e2662,AXL mutation,Entity,"{""displayName"": ""AXL mutation"", ""reference1"": ""AXL"", ""type"": ""mutation"", ""des_level"": ""gene"", ""source"": [""COSMIC""]}"
e2663,AXL expression,Entity,"{""displayName"": ""AXL expression"", ""reference1"": ""AXL"", ""type"": ""expression"", ""des_level"": ""gene"", ""source"": [""CIVIC""]}"
e2664,AURKA overexpression,Entity,"{""displayName"": ""AURKA overexpression"", ""reference1"": ""AURKA"", ""type"": ""overexpression"", ""des_level"": ""gene"", ""source"": [""CIVIC""]}"
e2665,AURKA mutation,Entity,"{""displayName"": ""AURKA mutation"", ""reference1"": ""AURKA"", ""type"": ""mutation"", ""des_level"": ""gene"", ""source"": [""COSMIC""]}"
e2666,AURKA expression,Entity,"{""displayName"": ""AURKA expression"", ""reference1"": ""AURKA"", ""type"": ""expression"", ""des_level"": ""gene"", ""source"": [""CIVIC""]}"
e2667,AURKA amplification,Entity,"{""displayName"": ""AURKA amplification"", ""reference1"": ""AURKA"", ""type"": ""amplification"", ""des_level"": ""gene"", ""source"": [""CIVIC"", ""CGI""]}"
e2668,AURKA V57I,Entity,"{""displayName"": ""AURKA V57I"", ""reference1"": ""AURKA"", ""aa_change"": ""V57I"", ""type"": ""substitution"", ""des_level"": ""individual"", ""source"": [""COSMIC""]}"
e2669,AURKA F31I,Entity,"{""displayName"": ""AURKA F31I"", ""reference1"": ""AURKA"", ""aa_change"": ""F31I"", ""type"": ""substitution"", ""des_level"": ""individual"", ""source"": [""COSMIC""]}"
e2670,ATRX underexpression,Entity,"{""displayName"": ""ATRX underexpression"", ""reference1"": ""ATRX"", ""type"": ""underexpression"", ""des_level"": ""gene"", ""source"": [""CIVIC""]}"
e2671,ATRX mutation,Entity,"{""displayName"": ""ATRX mutation"", ""reference1"": ""ATRX"", ""type"": ""mutation"", ""des_level"": ""gene"", ""source"": [""CIVIC"", ""COSMIC""]}"
e2672,ATRX deletion,Entity,"{""displayName"": ""ATRX deletion"", ""reference1"": ""ATRX"", ""type"": ""deletion"", ""des_level"": ""gene"", ""source"": [""CIVIC""]}"
e2673,ATR oncogenic mutation,Entity,"{""displayName"": ""ATR oncogenic mutation"", ""reference1"": ""ATR"", ""type"": ""oncogenic mutation"", ""des_level"": ""gene"", ""source"": [""CGI""]}"
e2674,ATR mutation,Entity,"{""displayName"": ""ATR mutation"", ""reference1"": ""ATR"", ""type"": ""mutation"", ""des_level"": ""gene"", ""source"": [""COSMIC""]}"
e2675,ATR copy loss,Entity,"{""displayName"": ""ATR copy loss"", ""reference1"": ""ATR"", ""type"": ""copy loss"", ""des_level"": ""gene"", ""source"": [""CGI""]}"
e2676,ATR I774fs,Entity,"{""displayName"": ""ATR I774fs"", ""reference1"": ""ATR"", ""aa_change"": ""I774fs"", ""type"": ""frameshift"", ""des_level"": ""individual"", ""source"": [""CIVIC""]}"
e2677,ATP1B1-NRG1 fusion,Entity,"{""displayName"": ""ATP1B1-NRG1 fusion"", ""reference1"": ""ATP1B1"", ""reference2"": ""NRG1"", ""type"": ""fusion"", ""des_level"": ""gene"", ""source"": [""CIVIC""]}"
e2678,ATP1B1 mutation,Entity,"{""displayName"": ""ATP1B1 mutation"", ""reference1"": ""ATP1B1"", ""type"": ""mutation"", ""des_level"": ""gene"", ""source"": [""VH""]}"
e2679,ATM underexpression,Entity,"{""displayName"": ""ATM underexpression"", ""reference1"": ""ATM"", ""type"": ""underexpression"", ""des_level"": ""gene"", ""source"": [""CIVIC""]}"
e2680,ATM oncogenic mutation,Entity,"{""displayName"": ""ATM oncogenic mutation"", ""reference1"": ""ATM"", ""type"": ""oncogenic mutation"", ""des_level"": ""gene"", ""source"": [""OncoKB"", ""CGI""]}"
e2681,ATM mutation,Entity,"{""displayName"": ""ATM mutation"", ""reference1"": ""ATM"", ""type"": ""mutation"", ""des_level"": ""gene"", ""source"": [""CIVIC"", ""COSMIC""]}"
e2682,ATM deletion,Entity,"{""displayName"": ""ATM deletion"", ""reference1"": ""ATM"", ""type"": ""deletion"", ""des_level"": ""gene"", ""source"": [""CGI""]}"
e2683,ATM copy loss,Entity,"{""displayName"": ""ATM copy loss"", ""reference1"": ""ATM"", ""type"": ""copy loss"", ""des_level"": ""gene"", ""source"": [""CGI""]}"
e2684,ATM T2666A,Entity,"{""displayName"": ""ATM T2666A"", ""reference1"": ""ATM"", ""aa_change"": ""T2666A"", ""type"": ""substitution"", ""des_level"": ""individual"", ""source"": [""CIVIC""]}"
e2685,ATM S2289*,Entity,"{""displayName"": ""ATM S2289*"", ""reference1"": ""ATM"", ""aa_change"": ""S2289*"", ""type"": ""stop gained"", ""des_level"": ""individual"", ""source"": [""CIVIC""]}"
e2686,ATM R3008C,Entity,"{""displayName"": ""ATM R3008C"", ""reference1"": ""ATM"", ""aa_change"": ""R3008C"", ""type"": ""substitution"", ""des_level"": ""individual"", ""source"": [""CIVIC""]}"
e2687,ATM N2875H,Entity,"{""displayName"": ""ATM N2875H"", ""reference1"": ""ATM"", ""aa_change"": ""N2875H"", ""type"": ""substitution"", ""des_level"": ""individual"", ""source"": [""CIVIC""]}"
e2688,ATM L2427P,Entity,"{""displayName"": ""ATM L2427P"", ""reference1"": ""ATM"", ""aa_change"": ""L2427P"", ""type"": ""substitution"", ""des_level"": ""individual"", ""source"": [""CIVIC""]}"
e2689,ATM K468fs,Entity,"{""displayName"": ""ATM K468fs"", ""reference1"": ""ATM"", ""aa_change"": ""K468fs"", ""type"": ""frameshift"", ""des_level"": ""individual"", ""source"": [""CIVIC""]}"
e2690,ATM K293*,Entity,"{""displayName"": ""ATM K293*"", ""reference1"": ""ATM"", ""aa_change"": ""K293*"", ""type"": ""stop gained"", ""des_level"": ""individual"", ""source"": [""CIVIC""]}"
e2691,ATM F2732V,Entity,"{""displayName"": ""ATM F2732V"", ""reference1"": ""ATM"", ""aa_change"": ""F2732V"", ""type"": ""substitution"", ""des_level"": ""individual"", ""source"": [""CIVIC""]}"
e2692,ATM F1025L,Entity,"{""displayName"": ""ATM F1025L"", ""reference1"": ""ATM"", ""aa_change"": ""F1025L"", ""type"": ""substitution"", ""des_level"": ""individual"", ""source"": [""CIVIC""]}"
e2693,ATM E2187*,Entity,"{""displayName"": ""ATM E2187*"", ""reference1"": ""ATM"", ""aa_change"": ""E2187*"", ""type"": ""stop gained"", ""des_level"": ""individual"", ""source"": [""CIVIC""]}"
e2694,ATM D1930V,Entity,"{""displayName"": ""ATM D1930V"", ""reference1"": ""ATM"", ""aa_change"": ""D1930V"", ""type"": ""substitution"", ""des_level"": ""individual"", ""source"": [""CIVIC""]}"
e2695,ATM D1682H,Entity,"{""displayName"": ""ATM D1682H"", ""reference1"": ""ATM"", ""aa_change"": ""D1682H"", ""type"": ""substitution"", ""des_level"": ""individual"", ""source"": [""CIVIC""]}"
e2696,ATM C2488Y,Entity,"{""displayName"": ""ATM C2488Y"", ""reference1"": ""ATM"", ""aa_change"": ""C2488Y"", ""type"": ""substitution"", ""des_level"": ""individual"", ""source"": [""CIVIC""]}"
e2697,ATM A2062V,Entity,"{""displayName"": ""ATM A2062V"", ""reference1"": ""ATM"", ""aa_change"": ""A2062V"", ""type"": ""substitution"", ""des_level"": ""individual"", ""source"": [""CIVIC""]}"
e2698,ATF7IP-JAK2 fusion,Entity,"{""displayName"": ""ATF7IP-JAK2 fusion"", ""reference1"": ""ATF7IP"", ""reference2"": ""JAK2"", ""type"": ""fusion"", ""des_level"": ""gene"", ""source"": [""CIVIC""]}"
e2699,ATF7IP mutation,Entity,"{""displayName"": ""ATF7IP mutation"", ""reference1"": ""ATF7IP"", ""type"": ""mutation"", ""des_level"": ""gene"", ""source"": [""VH""]}"
e2700,ASXL1 oncogenic mutation,Entity,"{""displayName"": ""ASXL1 oncogenic mutation"", ""reference1"": ""ASXL1"", ""type"": ""oncogenic mutation"", ""des_level"": ""gene"", ""source"": [""OncoKB""]}"
e2701,ASXL1 mutation,Entity,"{""displayName"": ""ASXL1 mutation"", ""reference1"": ""ASXL1"", ""type"": ""mutation"", ""des_level"": ""gene"", ""source"": [""CIVIC"", ""COSMIC""]}"
e2702,ASXL1 exon 12 mutation,Entity,"{""displayName"": ""ASXL1 exon 12 mutation"", ""reference1"": ""ASXL1"", ""exon"": ""12"", ""type"": ""mutation"", ""des_level"": ""exon"", ""source"": [""CIVIC""]}"
e2703,ASPSCR1-TFE3 fusion,Entity,"{""displayName"": ""ASPSCR1-TFE3 fusion"", ""reference1"": ""ASPSCR1"", ""reference2"": ""TFE3"", ""type"": ""fusion"", ""des_level"": ""gene"", ""source"": [""CIVIC""]}"
e2704,ASPSCR1 mutation,Entity,"{""displayName"": ""ASPSCR1 mutation"", ""reference1"": ""ASPSCR1"", ""type"": ""mutation"", ""des_level"": ""gene"", ""source"": [""VH""]}"
e2705,ASNS mutation,Entity,"{""displayName"": ""ASNS mutation"", ""reference1"": ""ASNS"", ""type"": ""mutation"", ""des_level"": ""gene"", ""source"": [""VH""]}"
e2706,ASNS amplification,Entity,"{""displayName"": ""ASNS amplification"", ""reference1"": ""ASNS"", ""type"": ""amplification"", ""des_level"": ""gene"", ""source"": [""CIVIC""]}"
e2707,ARID1A underexpression,Entity,"{""displayName"": ""ARID1A underexpression"", ""reference1"": ""ARID1A"", ""type"": ""underexpression"", ""des_level"": ""gene"", ""source"": [""CIVIC""]}"
e2708,ARID1A truncating mutation,Entity,"{""displayName"": ""ARID1A truncating mutation"", ""reference1"": ""ARID1A"", ""type"": ""truncating mutation"", ""des_level"": ""gene"", ""source"": [""OncoKB""]}"
e2709,ARID1A oncogenic mutation,Entity,"{""displayName"": ""ARID1A oncogenic mutation"", ""reference1"": ""ARID1A"", ""type"": ""oncogenic mutation"", ""des_level"": ""gene"", ""source"": [""CGI""]}"
e2710,ARID1A mutation,Entity,"{""displayName"": ""ARID1A mutation"", ""reference1"": ""ARID1A"", ""type"": ""mutation"", ""des_level"": ""gene"", ""source"": [""COSMIC""]}"
e2711,ARID1A amplification,Entity,"{""displayName"": ""ARID1A amplification"", ""reference1"": ""ARID1A"", ""type"": ""amplification"", ""des_level"": ""gene"", ""source"": [""CGI""]}"
e2712,ARID1A absent,Entity,"{""displayName"": ""ARID1A absent"", ""reference1"": ""ARID1A"", ""type"": ""absent"", ""des_level"": ""gene"", ""source"": [""COSMIC""]}"
e2713,ARID1A Q456*,Entity,"{""displayName"": ""ARID1A Q456*"", ""reference1"": ""ARID1A"", ""aa_change"": ""Q456*"", ""type"": ""stop gained"", ""des_level"": ""individual"", ""source"": [""CIVIC""]}"
e2714,ARID1A P1175fs*5,Entity,"{""displayName"": ""ARID1A P1175fs*5"", ""reference1"": ""ARID1A"", ""aa_change"": ""P1175fs*5"", ""type"": ""frameshift"", ""des_level"": ""individual"", ""source"": [""CIVIC""]}"
e2715,AREG mutation,Entity,"{""displayName"": ""AREG mutation"", ""reference1"": ""AREG"", ""type"": ""mutation"", ""des_level"": ""gene"", ""source"": [""VH""]}"
e2716,AREG expression,Entity,"{""displayName"": ""AREG expression"", ""reference1"": ""AREG"", ""type"": ""expression"", ""des_level"": ""gene"", ""source"": [""CIVIC""]}"
e2717,AREG amplification,Entity,"{""displayName"": ""AREG amplification"", ""reference1"": ""AREG"", ""type"": ""amplification"", ""des_level"": ""gene"", ""source"": [""CGI""]}"
e2718,ARAF oncogenic mutation,Entity,"{""displayName"": ""ARAF oncogenic mutation"", ""reference1"": ""ARAF"", ""type"": ""oncogenic mutation"", ""des_level"": ""gene"", ""source"": [""OncoKB"", ""CGI""]}"
e2719,ARAF mutation,Entity,"{""displayName"": ""ARAF mutation"", ""reference1"": ""ARAF"", ""type"": ""mutation"", ""des_level"": ""gene"", ""source"": [""COSMIC""]}"
e2720,ARAF V145L,Entity,"{""displayName"": ""ARAF V145L"", ""reference1"": ""ARAF"", ""aa_change"": ""V145L"", ""type"": ""substitution"", ""des_level"": ""individual"", ""source"": [""CIVIC""]}"
e2721,ARAF S490T,Entity,"{""displayName"": ""ARAF S490T"", ""reference1"": ""ARAF"", ""aa_change"": ""S490T"", ""type"": ""substitution"", ""des_level"": ""individual"", ""source"": [""CIVIC""]}"
e2722,ARAF S214F,Entity,"{""displayName"": ""ARAF S214F"", ""reference1"": ""ARAF"", ""aa_change"": ""S214F"", ""type"": ""substitution"", ""des_level"": ""individual"", ""source"": [""CIVIC""]}"
e2723,ARAF S214C,Entity,"{""displayName"": ""ARAF S214C"", ""reference1"": ""ARAF"", ""aa_change"": ""S214C"", ""type"": ""substitution"", ""des_level"": ""individual"", ""source"": [""CIVIC"", ""CGI""]}"
e2724,AR overexpression,Entity,"{""displayName"": ""AR overexpression"", ""reference1"": ""AR"", ""type"": ""overexpression"", ""des_level"": ""gene"", ""source"": [""CIVIC"", ""CGI""]}"
e2725,AR mutation,Entity,"{""displayName"": ""AR mutation"", ""reference1"": ""AR"", ""type"": ""mutation"", ""des_level"": ""gene"", ""source"": [""CIVIC"", ""COSMIC""]}"
e2726,AR amplification,Entity,"{""displayName"": ""AR amplification"", ""reference1"": ""AR"", ""type"": ""amplification"", ""des_level"": ""gene"", ""source"": [""CGI""]}"
e2727,AR W742X,Entity,"{""displayName"": ""AR W742X"", ""reference1"": ""AR"", ""aa_change"": ""W742X"", ""type"": ""substitution"", ""des_level"": ""amino acid"", ""source"": [""CIVIC""]}"
e2728,AR T878S,Entity,"{""displayName"": ""AR T878S"", ""reference1"": ""AR"", ""aa_change"": ""T878S"", ""type"": ""substitution"", ""des_level"": ""individual"", ""source"": [""COSMIC""]}"
e2729,AR T878A,Entity,"{""displayName"": ""AR T878A"", ""reference1"": ""AR"", ""aa_change"": ""T878A"", ""type"": ""substitution"", ""des_level"": ""individual"", ""source"": [""COSMIC"", ""CGI""]}"
e2730,AR L702H,Entity,"{""displayName"": ""AR L702H"", ""reference1"": ""AR"", ""aa_change"": ""L702H"", ""type"": ""substitution"", ""des_level"": ""individual"", ""source"": [""CGI""]}"
e2731,AR H875Y,Entity,"{""displayName"": ""AR H875Y"", ""reference1"": ""AR"", ""aa_change"": ""H875Y"", ""type"": ""substitution"", ""des_level"": ""individual"", ""source"": [""COSMIC""]}"
e2732,AR F877L,Entity,"{""displayName"": ""AR F877L"", ""reference1"": ""AR"", ""aa_change"": ""F877L"", ""type"": ""substitution"", ""des_level"": ""individual"", ""source"": [""CIVIC"", ""COSMIC"", ""CGI""]}"
e2733,APP-NRG1 fusion,Entity,"{""displayName"": ""APP-NRG1 fusion"", ""reference1"": ""APP"", ""reference2"": ""NRG1"", ""type"": ""fusion"", ""des_level"": ""gene"", ""source"": [""CIVIC""]}"
e2734,APP mutation,Entity,"{""displayName"": ""APP mutation"", ""reference1"": ""APP"", ""type"": ""mutation"", ""des_level"": ""gene"", ""source"": [""VH""]}"
e2735,APC oncogenic mutation,Entity,"{""displayName"": ""APC oncogenic mutation"", ""reference1"": ""APC"", ""type"": ""oncogenic mutation"", ""des_level"": ""gene"", ""source"": [""CGI""]}"
e2736,APC mutation,Entity,"{""displayName"": ""APC mutation"", ""reference1"": ""APC"", ""type"": ""mutation"", ""des_level"": ""gene"", ""source"": [""CIVIC"", ""COSMIC""]}"
e2737,ANXA1 overexpression,Entity,"{""displayName"": ""ANXA1 overexpression"", ""reference1"": ""ANXA1"", ""type"": ""overexpression"", ""des_level"": ""gene"", ""source"": [""CGI""]}"
e2738,ANXA1 mutation,Entity,"{""displayName"": ""ANXA1 mutation"", ""reference1"": ""ANXA1"", ""type"": ""mutation"", ""des_level"": ""gene"", ""source"": [""VH""]}"
e2739,ANO10-RAF1 fusion,Entity,"{""displayName"": ""ANO10-RAF1 fusion"", ""reference1"": ""ANO10"", ""reference2"": ""RAF1"", ""type"": ""fusion"", ""des_level"": ""gene"", ""source"": [""CIVIC""]}"
e2740,ANO10 mutation,Entity,"{""displayName"": ""ANO10 mutation"", ""reference1"": ""ANO10"", ""type"": ""mutation"", ""des_level"": ""gene"", ""source"": [""VH""]}"
e2741,ALK oncogenic mutation,Entity,"{""displayName"": ""ALK oncogenic mutation"", ""reference1"": ""ALK"", ""type"": ""oncogenic mutation"", ""des_level"": ""gene"", ""source"": [""OncoKB"", ""CGI""]}"
e2742,ALK mutation,Entity,"{""displayName"": ""ALK mutation"", ""reference1"": ""ALK"", ""type"": ""mutation"", ""des_level"": ""gene"", ""source"": [""CIVIC"", ""COSMIC""]}"
e2743,ALK fusion,Entity,"{""displayName"": ""ALK fusion"", ""reference1"": ""ALK"", ""type"": ""fusion"", ""des_level"": ""gene"", ""source"": [""OncoKB"", ""COSMIC"", ""CIVIC"", ""CGI""]}"
e2744,ALK exon 9 mutation,Entity,"{""displayName"": ""ALK exon 9 mutation"", ""reference1"": ""ALK"", ""exon"": ""9"", ""type"": ""mutation"", ""des_level"": ""exon"", ""source"": [""VH""]}"
e2745,ALK exon 9 in-frame deletion,Entity,"{""displayName"": ""ALK exon 9 in-frame deletion"", ""reference1"": ""ALK"", ""exon"": ""9"", ""type"": ""in-frame deletion"", ""des_level"": ""exon"", ""source"": [""CIVIC""]}"
e2746,ALK exon 8 mutation,Entity,"{""displayName"": ""ALK exon 8 mutation"", ""reference1"": ""ALK"", ""exon"": ""8"", ""type"": ""mutation"", ""des_level"": ""exon"", ""source"": [""VH""]}"
e2747,ALK exon 8 in-frame deletion,Entity,"{""displayName"": ""ALK exon 8 in-frame deletion"", ""reference1"": ""ALK"", ""exon"": ""8"", ""type"": ""in-frame deletion"", ""des_level"": ""exon"", ""source"": [""CIVIC""]}"
e2748,ALK exon 7 mutation,Entity,"{""displayName"": ""ALK exon 7 mutation"", ""reference1"": ""ALK"", ""exon"": ""7"", ""type"": ""mutation"", ""des_level"": ""exon"", ""source"": [""VH""]}"
e2749,ALK exon 7 in-frame deletion,Entity,"{""displayName"": ""ALK exon 7 in-frame deletion"", ""reference1"": ""ALK"", ""exon"": ""7"", ""type"": ""in-frame deletion"", ""des_level"": ""exon"", ""source"": [""CIVIC""]}"
e2750,ALK exon 6 mutation,Entity,"{""displayName"": ""ALK exon 6 mutation"", ""reference1"": ""ALK"", ""exon"": ""6"", ""type"": ""mutation"", ""des_level"": ""exon"", ""source"": [""VH""]}"
e2751,ALK exon 6 in-frame deletion,Entity,"{""displayName"": ""ALK exon 6 in-frame deletion"", ""reference1"": ""ALK"", ""exon"": ""6"", ""type"": ""in-frame deletion"", ""des_level"": ""exon"", ""source"": [""CIVIC""]}"
e2752,ALK exon 5 mutation,Entity,"{""displayName"": ""ALK exon 5 mutation"", ""reference1"": ""ALK"", ""exon"": ""5"", ""type"": ""mutation"", ""des_level"": ""exon"", ""source"": [""VH""]}"
e2753,ALK exon 5 in-frame deletion,Entity,"{""displayName"": ""ALK exon 5 in-frame deletion"", ""reference1"": ""ALK"", ""exon"": ""5"", ""type"": ""in-frame deletion"", ""des_level"": ""exon"", ""source"": [""CIVIC""]}"
e2754,ALK exon 4 mutation,Entity,"{""displayName"": ""ALK exon 4 mutation"", ""reference1"": ""ALK"", ""exon"": ""4"", ""type"": ""mutation"", ""des_level"": ""exon"", ""source"": [""VH""]}"
e2755,ALK exon 4 in-frame deletion,Entity,"{""displayName"": ""ALK exon 4 in-frame deletion"", ""reference1"": ""ALK"", ""exon"": ""4"", ""type"": ""in-frame deletion"", ""des_level"": ""exon"", ""source"": [""CIVIC""]}"
e2756,ALK exon 11 mutation,Entity,"{""displayName"": ""ALK exon 11 mutation"", ""reference1"": ""ALK"", ""exon"": ""11"", ""type"": ""mutation"", ""des_level"": ""exon"", ""source"": [""VH""]}"
e2757,ALK exon 11 in-frame deletion,Entity,"{""displayName"": ""ALK exon 11 in-frame deletion"", ""reference1"": ""ALK"", ""exon"": ""11"", ""type"": ""in-frame deletion"", ""des_level"": ""exon"", ""source"": [""CIVIC""]}"
e2758,ALK exon 10 mutation,Entity,"{""displayName"": ""ALK exon 10 mutation"", ""reference1"": ""ALK"", ""exon"": ""10"", ""type"": ""mutation"", ""des_level"": ""exon"", ""source"": [""VH""]}"
e2759,ALK exon 10 in-frame deletion,Entity,"{""displayName"": ""ALK exon 10 in-frame deletion"", ""reference1"": ""ALK"", ""exon"": ""10"", ""type"": ""in-frame deletion"", ""des_level"": ""exon"", ""source"": [""CIVIC""]}"
e2760,ALK amplification,Entity,"{""displayName"": ""ALK amplification"", ""reference1"": ""ALK"", ""type"": ""amplification"", ""des_level"": ""gene"", ""source"": [""CIVIC"", ""CGI""]}"
e2761,ALK V1180X,Entity,"{""displayName"": ""ALK V1180X"", ""reference1"": ""ALK"", ""aa_change"": ""V1180X"", ""type"": ""substitution"", ""des_level"": ""amino acid"", ""source"": [""COSMIC""]}"
e2762,ALK V1180L,Entity,"{""displayName"": ""ALK V1180L"", ""reference1"": ""ALK"", ""aa_change"": ""V1180L"", ""type"": ""substitution"", ""des_level"": ""individual"", ""source"": [""CIVIC""]}"
e2763,ALK T1151dup,Entity,"{""displayName"": ""ALK T1151dup"", ""reference1"": ""ALK"", ""aa_change"": ""T1151dup"", ""type"": ""duplication"", ""des_level"": ""individual"", ""source"": [""CIVIC""]}"
e2764,ALK S1206Y,Entity,"{""displayName"": ""ALK S1206Y"", ""reference1"": ""ALK"", ""aa_change"": ""S1206Y"", ""type"": ""substitution"", ""des_level"": ""individual"", ""source"": [""CIVIC"", ""CGI""]}"
e2765,ALK R1275Q,Entity,"{""displayName"": ""ALK R1275Q"", ""reference1"": ""ALK"", ""aa_change"": ""R1275Q"", ""type"": ""substitution"", ""des_level"": ""individual"", ""source"": [""CIVIC"", ""CGI""]}"
e2766,ALK R1192P,Entity,"{""displayName"": ""ALK R1192P"", ""reference1"": ""ALK"", ""aa_change"": ""R1192P"", ""type"": ""substitution"", ""des_level"": ""individual"", ""source"": [""CGI""]}"
e2767,ALK L1198F,Entity,"{""displayName"": ""ALK L1198F"", ""reference1"": ""ALK"", ""aa_change"": ""L1198F"", ""type"": ""substitution"", ""des_level"": ""individual"", ""source"": [""CIVIC"", ""COSMIC"", ""CGI""]}"
e2768,ALK L1196X,Entity,"{""displayName"": ""ALK L1196X"", ""reference1"": ""ALK"", ""aa_change"": ""L1196X"", ""type"": ""substitution"", ""des_level"": ""amino acid"", ""source"": [""COSMIC""]}"
e2769,ALK L1196M,Entity,"{""displayName"": ""ALK L1196M"", ""reference1"": ""ALK"", ""aa_change"": ""L1196M"", ""type"": ""substitution"", ""des_level"": ""individual"", ""source"": [""CIVIC"", ""OncoKB"", ""CGI""]}"
e2770,ALK L1152R,Entity,"{""displayName"": ""ALK L1152R"", ""reference1"": ""ALK"", ""aa_change"": ""L1152R"", ""type"": ""substitution"", ""des_level"": ""individual"", ""source"": [""CIVIC"", ""CGI""]}"
e2771,ALK I1171X,Entity,"{""displayName"": ""ALK I1171X"", ""reference1"": ""ALK"", ""aa_change"": ""I1171X"", ""type"": ""substitution"", ""des_level"": ""amino acid"", ""source"": [""CIVIC"", ""COSMIC""]}"
e2772,ALK I1171T,Entity,"{""displayName"": ""ALK I1171T"", ""reference1"": ""ALK"", ""aa_change"": ""I1171T"", ""type"": ""substitution"", ""des_level"": ""individual"", ""source"": [""CIVIC"", ""CGI""]}"
e2773,ALK I1171S,Entity,"{""displayName"": ""ALK I1171S"", ""reference1"": ""ALK"", ""aa_change"": ""I1171S"", ""type"": ""substitution"", ""des_level"": ""individual"", ""source"": [""CIVIC""]}"
e2774,ALK I1171N,Entity,"{""displayName"": ""ALK I1171N"", ""reference1"": ""ALK"", ""aa_change"": ""I1171N"", ""type"": ""substitution"", ""des_level"": ""individual"", ""source"": [""CIVIC"", ""OncoKB"", ""CGI""]}"
e2775,ALK G1269A,Entity,"{""displayName"": ""ALK G1269A"", ""reference1"": ""ALK"", ""aa_change"": ""G1269A"", ""type"": ""substitution"", ""des_level"": ""individual"", ""source"": [""CIVIC"", ""OncoKB"", ""CGI""]}"
e2776,ALK G1202X,Entity,"{""displayName"": ""ALK G1202X"", ""reference1"": ""ALK"", ""aa_change"": ""G1202X"", ""type"": ""substitution"", ""des_level"": ""amino acid"", ""source"": [""COSMIC""]}"
e2777,ALK G1202R,Entity,"{""displayName"": ""ALK G1202R"", ""reference1"": ""ALK"", ""aa_change"": ""G1202R"", ""type"": ""substitution"", ""des_level"": ""individual"", ""source"": [""CIVIC"", ""OncoKB"", ""CGI""]}"
e2778,ALK G1128A,Entity,"{""displayName"": ""ALK G1128A"", ""reference1"": ""ALK"", ""aa_change"": ""G1128A"", ""type"": ""substitution"", ""des_level"": ""individual"", ""source"": [""CGI""]}"
e2779,ALK G1123S,Entity,"{""displayName"": ""ALK G1123S"", ""reference1"": ""ALK"", ""aa_change"": ""G1123S"", ""type"": ""substitution"", ""des_level"": ""individual"", ""source"": [""CGI""]}"
e2780,ALK F856S,Entity,"{""displayName"": ""ALK F856S"", ""reference1"": ""ALK"", ""aa_change"": ""F856S"", ""type"": ""substitution"", ""des_level"": ""individual"", ""source"": [""CGI""]}"
e2781,ALK F1245V,Entity,"{""displayName"": ""ALK F1245V"", ""reference1"": ""ALK"", ""aa_change"": ""F1245V"", ""type"": ""substitution"", ""des_level"": ""individual"", ""source"": [""CIVIC""]}"
e2782,ALK F1245C,Entity,"{""displayName"": ""ALK F1245C"", ""reference1"": ""ALK"", ""aa_change"": ""F1245C"", ""type"": ""substitution"", ""des_level"": ""individual"", ""source"": [""CIVIC"", ""CGI""]}"
e2783,ALK F1174X,Entity,"{""displayName"": ""ALK F1174X"", ""reference1"": ""ALK"", ""aa_change"": ""F1174X"", ""type"": ""substitution"", ""des_level"": ""amino acid"", ""source"": [""COSMIC""]}"
e2784,ALK F1174L,Entity,"{""displayName"": ""ALK F1174L"", ""reference1"": ""ALK"", ""aa_change"": ""F1174L"", ""type"": ""substitution"", ""des_level"": ""individual"", ""source"": [""CIVIC"", ""CGI""]}"
e2785,ALK E1408V,Entity,"{""displayName"": ""ALK E1408V"", ""reference1"": ""ALK"", ""aa_change"": ""E1408V"", ""type"": ""substitution"", ""des_level"": ""individual"", ""source"": [""CGI""]}"
e2786,ALK C1156Y,Entity,"{""displayName"": ""ALK C1156Y"", ""reference1"": ""ALK"", ""aa_change"": ""C1156Y"", ""type"": ""substitution"", ""des_level"": ""individual"", ""source"": [""OncoKB"", ""COSMIC"", ""CIVIC"", ""CGI""]}"
e2787,ALK A348D,Entity,"{""displayName"": ""ALK A348D"", ""reference1"": ""ALK"", ""aa_change"": ""A348D"", ""type"": ""substitution"", ""des_level"": ""individual"", ""source"": [""CGI""]}"
e2788,ALDH1A2 underexpression,Entity,"{""displayName"": ""ALDH1A2 underexpression"", ""reference1"": ""ALDH1A2"", ""type"": ""underexpression"", ""des_level"": ""gene"", ""source"": [""CIVIC""]}"
e2789,ALDH1A2 overexpression,Entity,"{""displayName"": ""ALDH1A2 overexpression"", ""reference1"": ""ALDH1A2"", ""type"": ""overexpression"", ""des_level"": ""gene"", ""source"": [""CIVIC""]}"
e2790,ALDH1A2 mutation,Entity,"{""displayName"": ""ALDH1A2 mutation"", ""reference1"": ""ALDH1A2"", ""type"": ""mutation"", ""des_level"": ""gene"", ""source"": [""VH""]}"
e2791,ALCAM mutation,Entity,"{""displayName"": ""ALCAM mutation"", ""reference1"": ""ALCAM"", ""type"": ""mutation"", ""des_level"": ""gene"", ""source"": [""VH""]}"
e2792,ALCAM expression,Entity,"{""displayName"": ""ALCAM expression"", ""reference1"": ""ALCAM"", ""type"": ""expression"", ""des_level"": ""gene"", ""source"": [""CIVIC""]}"
e2793,AKT3 overexpression,Entity,"{""displayName"": ""AKT3 overexpression"", ""reference1"": ""AKT3"", ""type"": ""overexpression"", ""des_level"": ""gene"", ""source"": [""CIVIC""]}"
e2794,AKT3 mutation,Entity,"{""displayName"": ""AKT3 mutation"", ""reference1"": ""AKT3"", ""type"": ""mutation"", ""des_level"": ""gene"", ""source"": [""COSMIC""]}"
e2795,AKT3 fusion,Entity,"{""displayName"": ""AKT3 fusion"", ""reference1"": ""AKT3"", ""type"": ""fusion"", ""des_level"": ""gene"", ""source"": [""CGI""]}"
e2796,AKT3 E17K,Entity,"{""displayName"": ""AKT3 E17K"", ""reference1"": ""AKT3"", ""aa_change"": ""E17K"", ""type"": ""substitution"", ""des_level"": ""individual"", ""source"": [""CIVIC"", ""COSMIC""]}"
e2797,AKT2 mutation,Entity,"{""displayName"": ""AKT2 mutation"", ""reference1"": ""AKT2"", ""type"": ""mutation"", ""des_level"": ""gene"", ""source"": [""CIVIC"", ""COSMIC""]}"
e2798,AKT2 expression,Entity,"{""displayName"": ""AKT2 expression"", ""reference1"": ""AKT2"", ""type"": ""expression"", ""des_level"": ""gene"", ""source"": [""CIVIC""]}"
e2799,AKT2 amplification,Entity,"{""displayName"": ""AKT2 amplification"", ""reference1"": ""AKT2"", ""type"": ""amplification"", ""des_level"": ""gene"", ""source"": [""CIVIC"", ""CGI""]}"
e2800,AKT2 L78_Q79insHANTFVIRCL,Entity,"{""displayName"": ""AKT2 L78_Q79insHANTFVIRCL"", ""reference1"": ""AKT2"", ""aa_change"": ""L78_Q79insHANTFVIRCL"", ""type"": ""insertion"", ""des_level"": ""individual"", ""source"": [""COSMIC""]}"
e2801,AKT2 E17K,Entity,"{""displayName"": ""AKT2 E17K"", ""reference1"": ""AKT2"", ""aa_change"": ""E17K"", ""type"": ""substitution"", ""des_level"": ""individual"", ""source"": [""COSMIC""]}"
e2802,AKT1 overexpression,Entity,"{""displayName"": ""AKT1 overexpression"", ""reference1"": ""AKT1"", ""type"": ""overexpression"", ""des_level"": ""gene"", ""source"": [""CIVIC""]}"
e2803,AKT1 mutation,Entity,"{""displayName"": ""AKT1 mutation"", ""reference1"": ""AKT1"", ""type"": ""mutation"", ""des_level"": ""gene"", ""source"": [""CIVIC"", ""COSMIC""]}"
e2804,AKT1 Q79K,Entity,"{""displayName"": ""AKT1 Q79K"", ""reference1"": ""AKT1"", ""aa_change"": ""Q79K"", ""type"": ""substitution"", ""des_level"": ""individual"", ""source"": [""CIVIC"", ""CGI""]}"
e2805,AKT1 L52R,Entity,"{""displayName"": ""AKT1 L52R"", ""reference1"": ""AKT1"", ""aa_change"": ""L52R"", ""type"": ""substitution"", ""des_level"": ""individual"", ""source"": [""COSMIC""]}"
e2806,AKT1 H238Y,Entity,"{""displayName"": ""AKT1 H238Y"", ""reference1"": ""AKT1"", ""aa_change"": ""H238Y"", ""type"": ""substitution"", ""des_level"": ""individual"", ""source"": [""CGI""]}"
e2807,AKT1 E40K,Entity,"{""displayName"": ""AKT1 E40K"", ""reference1"": ""AKT1"", ""aa_change"": ""E40K"", ""type"": ""substitution"", ""des_level"": ""individual"", ""source"": [""COSMIC""]}"
e2808,AKT1 E17K,Entity,"{""displayName"": ""AKT1 E17K"", ""reference1"": ""AKT1"", ""aa_change"": ""E17K"", ""type"": ""substitution"", ""des_level"": ""individual"", ""source"": [""OncoKB"", ""COSMIC"", ""CIVIC"", ""CGI""]}"
e2809,AKT1 D323G,Entity,"{""displayName"": ""AKT1 D323G"", ""reference1"": ""AKT1"", ""aa_change"": ""D323G"", ""type"": ""substitution"", ""des_level"": ""individual"", ""source"": [""COSMIC""]}"
e2810,AKAP9-BRAF fusion,Entity,"{""displayName"": ""AKAP9-BRAF fusion"", ""reference1"": ""AKAP9"", ""reference2"": ""BRAF"", ""type"": ""fusion"", ""des_level"": ""gene"", ""source"": [""CIVIC""]}"
e2811,AKAP9 mutation,Entity,"{""displayName"": ""AKAP9 mutation"", ""reference1"": ""AKAP9"", ""type"": ""mutation"", ""des_level"": ""gene"", ""source"": [""VH""]}"
e2812,AGR2 mutation,Entity,"{""displayName"": ""AGR2 mutation"", ""reference1"": ""AGR2"", ""type"": ""mutation"", ""des_level"": ""gene"", ""source"": [""VH""]}"
e2813,AGR2 expression,Entity,"{""displayName"": ""AGR2 expression"", ""reference1"": ""AGR2"", ""type"": ""expression"", ""des_level"": ""gene"", ""source"": [""CIVIC""]}"
e2814,AGK-BRAF fusion,Entity,"{""displayName"": ""AGK-BRAF fusion"", ""reference1"": ""AGK"", ""reference2"": ""BRAF"", ""type"": ""fusion"", ""des_level"": ""gene"", ""source"": [""CIVIC""]}"
e2815,AGK mutation,Entity,"{""displayName"": ""AGK mutation"", ""reference1"": ""AGK"", ""type"": ""mutation"", ""des_level"": ""gene"", ""source"": [""VH""]}"
e2816,AGGF1-PDGFRB fusion,Entity,"{""displayName"": ""AGGF1-PDGFRB fusion"", ""reference1"": ""AGGF1"", ""reference2"": ""PDGFRB"", ""type"": ""fusion"", ""des_level"": ""gene"", ""source"": [""CIVIC""]}"
e2817,AGGF1 mutation,Entity,"{""displayName"": ""AGGF1 mutation"", ""reference1"": ""AGGF1"", ""type"": ""mutation"", ""des_level"": ""gene"", ""source"": [""VH""]}"
e2818,AFDN-KMT2A fusion,Entity,"{""displayName"": ""AFDN-KMT2A fusion"", ""reference1"": ""AFDN"", ""reference2"": ""KMT2A"", ""type"": ""fusion"", ""des_level"": ""gene"", ""source"": [""COSMIC""]}"
e2819,AFDN mutation,Entity,"{""displayName"": ""AFDN mutation"", ""reference1"": ""AFDN"", ""type"": ""mutation"", ""des_level"": ""gene"", ""source"": [""VH""]}"
e2820,AFAP1-NTRK2 fusion,Entity,"{""displayName"": ""AFAP1-NTRK2 fusion"", ""reference1"": ""AFAP1"", ""reference2"": ""NTRK2"", ""type"": ""fusion"", ""des_level"": ""gene"", ""source"": [""CIVIC""]}"
e2821,AFAP1 mutation,Entity,"{""displayName"": ""AFAP1 mutation"", ""reference1"": ""AFAP1"", ""type"": ""mutation"", ""des_level"": ""gene"", ""source"": [""VH""]}"
e2822,ACVR1 mutation,Entity,"{""displayName"": ""ACVR1 mutation"", ""reference1"": ""ACVR1"", ""type"": ""mutation"", ""des_level"": ""gene"", ""source"": [""CIVIC""]}"
e2823,ACVR1 gain of function,Entity,"{""displayName"": ""ACVR1 gain of function"", ""reference1"": ""ACVR1"", ""type"": ""gain of function"", ""des_level"": ""gene"", ""source"": [""CIVIC""]}"
e2824,ACVR1 R206H,Entity,"{""displayName"": ""ACVR1 R206H"", ""reference1"": ""ACVR1"", ""aa_change"": ""R206H"", ""type"": ""substitution"", ""des_level"": ""individual"", ""source"": [""CIVIC""]}"
e2825,ACVR1 G356D,Entity,"{""displayName"": ""ACVR1 G356D"", ""reference1"": ""ACVR1"", ""aa_change"": ""G356D"", ""type"": ""substitution"", ""des_level"": ""individual"", ""source"": [""CIVIC""]}"
e2826,ACVR1 G328W,Entity,"{""displayName"": ""ACVR1 G328W"", ""reference1"": ""ACVR1"", ""aa_change"": ""G328W"", ""type"": ""substitution"", ""des_level"": ""individual"", ""source"": [""CIVIC""]}"
e2827,ACVR1 G328V,Entity,"{""displayName"": ""ACVR1 G328V"", ""reference1"": ""ACVR1"", ""aa_change"": ""G328V"", ""type"": ""substitution"", ""des_level"": ""individual"", ""source"": [""CIVIC""]}"
e2828,ACVR1 G328E,Entity,"{""displayName"": ""ACVR1 G328E"", ""reference1"": ""ACVR1"", ""aa_change"": ""G328E"", ""type"": ""substitution"", ""des_level"": ""individual"", ""source"": [""CIVIC""]}"
e2829,ACTB-GLI1 fusion,Entity,"{""displayName"": ""ACTB-GLI1 fusion"", ""reference1"": ""ACTB"", ""reference2"": ""GLI1"", ""type"": ""fusion"", ""des_level"": ""gene"", ""source"": [""CIVIC""]}"
e2830,ACTB mutation,Entity,"{""displayName"": ""ACTB mutation"", ""reference1"": ""ACTB"", ""type"": ""mutation"", ""des_level"": ""gene"", ""source"": [""VH""]}"
e2831,ACTA1 mutation,Entity,"{""displayName"": ""ACTA1 mutation"", ""reference1"": ""ACTA1"", ""type"": ""mutation"", ""des_level"": ""gene"", ""source"": [""VH""]}"
e2832,ACTA1 expression,Entity,"{""displayName"": ""ACTA1 expression"", ""reference1"": ""ACTA1"", ""type"": ""expression"", ""des_level"": ""gene"", ""source"": [""CIVIC""]}"
e2833,ABL2 mutation,Entity,"{""displayName"": ""ABL2 mutation"", ""reference1"": ""ABL2"", ""type"": ""mutation"", ""des_level"": ""gene"", ""source"": [""COSMIC""]}"
e2834,ABL2 fusion,Entity,"{""displayName"": ""ABL2 fusion"", ""reference1"": ""ABL2"", ""type"": ""fusion"", ""des_level"": ""gene"", ""source"": [""OncoKB""]}"
e2835,ABL2 W469C,Entity,"{""displayName"": ""ABL2 W469C"", ""reference1"": ""ABL2"", ""aa_change"": ""W469C"", ""type"": ""substitution"", ""des_level"": ""individual"", ""source"": [""CIVIC""]}"
e2836,ABL1-BCR fusion,Entity,"{""displayName"": ""ABL1-BCR fusion"", ""reference1"": ""ABL1"", ""reference2"": ""BCR"", ""type"": ""fusion"", ""des_level"": ""gene"", ""source"": [""CGI""]}"
e2837,ABL1 mutation,Entity,"{""displayName"": ""ABL1 mutation"", ""reference1"": ""ABL1"", ""type"": ""mutation"", ""des_level"": ""gene"", ""source"": [""COSMIC""]}"
e2838,ABL1 fusion,Entity,"{""displayName"": ""ABL1 fusion"", ""reference1"": ""ABL1"", ""type"": ""fusion"", ""des_level"": ""gene"", ""source"": [""OncoKB""]}"
e2839,ABL1 Y393C,Entity,"{""displayName"": ""ABL1 Y393C"", ""reference1"": ""ABL1"", ""aa_change"": ""Y393C"", ""type"": ""substitution"", ""des_level"": ""individual"", ""source"": [""CGI""]}"
e2840,ABL1 Y342H,Entity,"{""displayName"": ""ABL1 Y342H"", ""reference1"": ""ABL1"", ""aa_change"": ""Y342H"", ""type"": ""substitution"", ""des_level"": ""individual"", ""source"": [""CGI""]}"
e2841,ABL1 Y320C,Entity,"{""displayName"": ""ABL1 Y320C"", ""reference1"": ""ABL1"", ""aa_change"": ""Y320C"", ""type"": ""substitution"", ""des_level"": ""individual"", ""source"": [""CGI""]}"
e2842,ABL1 Y253H,Entity,"{""displayName"": ""ABL1 Y253H"", ""reference1"": ""ABL1"", ""aa_change"": ""Y253H"", ""type"": ""substitution"", ""des_level"": ""individual"", ""source"": [""OncoKB"", ""COSMIC"", ""CIVIC"", ""CGI""]}"
e2843,ABL1 Y253F,Entity,"{""displayName"": ""ABL1 Y253F"", ""reference1"": ""ABL1"", ""aa_change"": ""Y253F"", ""type"": ""substitution"", ""des_level"": ""individual"", ""source"": [""CIVIC"", ""CGI""]}"
e2844,ABL1 W261L,Entity,"{""displayName"": ""ABL1 W261L"", ""reference1"": ""ABL1"", ""aa_change"": ""W261L"", ""type"": ""substitution"", ""des_level"": ""individual"", ""source"": [""CGI""]}"
e2845,ABL1 V379I,Entity,"{""displayName"": ""ABL1 V379I"", ""reference1"": ""ABL1"", ""aa_change"": ""V379I"", ""type"": ""substitution"", ""des_level"": ""individual"", ""source"": [""CIVIC"", ""CGI""]}"
e2846,ABL1 V371A,Entity,"{""displayName"": ""ABL1 V371A"", ""reference1"": ""ABL1"", ""aa_change"": ""V371A"", ""type"": ""substitution"", ""des_level"": ""individual"", ""source"": [""CGI""]}"
e2847,ABL1 V299L,Entity,"{""displayName"": ""ABL1 V299L"", ""reference1"": ""ABL1"", ""aa_change"": ""V299L"", ""type"": ""substitution"", ""des_level"": ""individual"", ""source"": [""CIVIC"", ""OncoKB"", ""CGI""]}"
e2848,ABL1 V289I,Entity,"{""displayName"": ""ABL1 V289I"", ""reference1"": ""ABL1"", ""aa_change"": ""V289I"", ""type"": ""substitution"", ""des_level"": ""individual"", ""source"": [""CIVIC"", ""CGI""]}"
e2849,ABL1 V289A,Entity,"{""displayName"": ""ABL1 V289A"", ""reference1"": ""ABL1"", ""aa_change"": ""V289A"", ""type"": ""substitution"", ""des_level"": ""individual"", ""source"": [""CGI""]}"
e2850,ABL1 V280A,Entity,"{""displayName"": ""ABL1 V280A"", ""reference1"": ""ABL1"", ""aa_change"": ""V280A"", ""type"": ""substitution"", ""des_level"": ""individual"", ""source"": [""CGI""]}"
e2851,ABL1 T315V,Entity,"{""displayName"": ""ABL1 T315V"", ""reference1"": ""ABL1"", ""aa_change"": ""T315V"", ""type"": ""substitution"", ""des_level"": ""individual"", ""source"": [""CIVIC""]}"
e2852,ABL1 T315I,Entity,"{""displayName"": ""ABL1 T315I"", ""reference1"": ""ABL1"", ""aa_change"": ""T315I"", ""type"": ""substitution"", ""des_level"": ""individual"", ""source"": [""OncoKB"", ""COSMIC"", ""CIVIC"", ""CGI""]}"
e2853,ABL1 T315A,Entity,"{""displayName"": ""ABL1 T315A"", ""reference1"": ""ABL1"", ""aa_change"": ""T315A"", ""type"": ""substitution"", ""des_level"": ""individual"", ""source"": [""CIVIC"", ""OncoKB"", ""CGI""]}"
e2854,ABL1 T277A,Entity,"{""displayName"": ""ABL1 T277A"", ""reference1"": ""ABL1"", ""aa_change"": ""T277A"", ""type"": ""substitution"", ""des_level"": ""individual"", ""source"": [""CGI""]}"
e2855,ABL1 S438C,Entity,"{""displayName"": ""ABL1 S438C"", ""reference1"": ""ABL1"", ""aa_change"": ""S438C"", ""type"": ""substitution"", ""des_level"": ""individual"", ""source"": [""CIVIC"", ""CGI""]}"
e2856,ABL1 S417Y,Entity,"{""displayName"": ""ABL1 S417Y"", ""reference1"": ""ABL1"", ""aa_change"": ""S417Y"", ""type"": ""substitution"", ""des_level"": ""individual"", ""source"": [""CIVIC"", ""CGI""]}"
e2857,ABL1 S417F,Entity,"{""displayName"": ""ABL1 S417F"", ""reference1"": ""ABL1"", ""aa_change"": ""S417F"", ""type"": ""substitution"", ""des_level"": ""individual"", ""source"": [""CGI""]}"
e2858,ABL1 R351W,Entity,"{""displayName"": ""ABL1 R351W"", ""reference1"": ""ABL1"", ""aa_change"": ""R351W"", ""type"": ""substitution"", ""des_level"": ""individual"", ""source"": [""CIVIC""]}"
e2859,ABL1 Q300R,Entity,"{""displayName"": ""ABL1 Q300R"", ""reference1"": ""ABL1"", ""aa_change"": ""Q300R"", ""type"": ""substitution"", ""des_level"": ""individual"", ""source"": [""CIVIC""]}"
e2860,ABL1 Q252R,Entity,"{""displayName"": ""ABL1 Q252R"", ""reference1"": ""ABL1"", ""aa_change"": ""Q252R"", ""type"": ""substitution"", ""des_level"": ""individual"", ""source"": [""CGI""]}"
e2861,ABL1 Q252H,Entity,"{""displayName"": ""ABL1 Q252H"", ""reference1"": ""ABL1"", ""aa_change"": ""Q252H"", ""type"": ""substitution"", ""des_level"": ""individual"", ""source"": [""CIVIC"", ""CGI""]}"
e2862,ABL1 P480L,Entity,"{""displayName"": ""ABL1 P480L"", ""reference1"": ""ABL1"", ""aa_change"": ""P480L"", ""type"": ""substitution"", ""des_level"": ""individual"", ""source"": [""CGI""]}"
e2863,ABL1 P480A,Entity,"{""displayName"": ""ABL1 P480A"", ""reference1"": ""ABL1"", ""aa_change"": ""P480A"", ""type"": ""substitution"", ""des_level"": ""individual"", ""source"": [""CIVIC""]}"
e2864,ABL1 N336S,Entity,"{""displayName"": ""ABL1 N336S"", ""reference1"": ""ABL1"", ""aa_change"": ""N336S"", ""type"": ""substitution"", ""des_level"": ""individual"", ""source"": [""CIVIC""]}"
e2865,ABL1 N331S,Entity,"{""displayName"": ""ABL1 N331S"", ""reference1"": ""ABL1"", ""aa_change"": ""N331S"", ""type"": ""substitution"", ""des_level"": ""individual"", ""source"": [""CIVIC""]}"
e2866,ABL1 N146S,Entity,"{""displayName"": ""ABL1 N146S"", ""reference1"": ""ABL1"", ""aa_change"": ""N146S"", ""type"": ""substitution"", ""des_level"": ""individual"", ""source"": [""CIVIC""]}"
e2867,ABL1 M472I,Entity,"{""displayName"": ""ABL1 M472I"", ""reference1"": ""ABL1"", ""aa_change"": ""M472I"", ""type"": ""substitution"", ""des_level"": ""individual"", ""source"": [""CGI""]}"
e2868,ABL1 M388L,Entity,"{""displayName"": ""ABL1 M388L"", ""reference1"": ""ABL1"", ""aa_change"": ""M388L"", ""type"": ""substitution"", ""des_level"": ""individual"", ""source"": [""CIVIC"", ""CGI""]}"
e2869,ABL1 M351T,Entity,"{""displayName"": ""ABL1 M351T"", ""reference1"": ""ABL1"", ""aa_change"": ""M351T"", ""type"": ""substitution"", ""des_level"": ""individual"", ""source"": [""CIVIC"", ""COSMIC"", ""CGI""]}"
e2870,ABL1 M343T,Entity,"{""displayName"": ""ABL1 M343T"", ""reference1"": ""ABL1"", ""aa_change"": ""M343T"", ""type"": ""substitution"", ""des_level"": ""individual"", ""source"": [""CIVIC"", ""CGI""]}"
e2871,ABL1 M244V,Entity,"{""displayName"": ""ABL1 M244V"", ""reference1"": ""ABL1"", ""aa_change"": ""M244V"", ""type"": ""substitution"", ""des_level"": ""individual"", ""source"": [""CIVIC"", ""COSMIC"", ""CGI""]}"
e2872,ABL1 M237V,Entity,"{""displayName"": ""ABL1 M237V"", ""reference1"": ""ABL1"", ""aa_change"": ""M237V"", ""type"": ""substitution"", ""des_level"": ""individual"", ""source"": [""CGI""]}"
e2873,ABL1 L387V,Entity,"{""displayName"": ""ABL1 L387V"", ""reference1"": ""ABL1"", ""aa_change"": ""L387V"", ""type"": ""substitution"", ""des_level"": ""individual"", ""source"": [""CGI""]}"
e2874,ABL1 L387M,Entity,"{""displayName"": ""ABL1 L387M"", ""reference1"": ""ABL1"", ""aa_change"": ""L387M"", ""type"": ""substitution"", ""des_level"": ""individual"", ""source"": [""CIVIC"", ""CGI""]}"
e2875,ABL1 L387F,Entity,"{""displayName"": ""ABL1 L387F"", ""reference1"": ""ABL1"", ""aa_change"": ""L387F"", ""type"": ""substitution"", ""des_level"": ""individual"", ""source"": [""CIVIC"", ""CGI""]}"
e2876,ABL1 L384M,Entity,"{""displayName"": ""ABL1 L384M"", ""reference1"": ""ABL1"", ""aa_change"": ""L384M"", ""type"": ""substitution"", ""des_level"": ""individual"", ""source"": [""CIVIC"", ""CGI""]}"
e2877,ABL1 L370P,Entity,"{""displayName"": ""ABL1 L370P"", ""reference1"": ""ABL1"", ""aa_change"": ""L370P"", ""type"": ""substitution"", ""des_level"": ""individual"", ""source"": [""CGI""]}"
e2878,ABL1 L364P,Entity,"{""displayName"": ""ABL1 L364P"", ""reference1"": ""ABL1"", ""aa_change"": ""L364P"", ""type"": ""substitution"", ""des_level"": ""individual"", ""source"": [""CIVIC""]}"
e2879,ABL1 L364I,Entity,"{""displayName"": ""ABL1 L364I"", ""reference1"": ""ABL1"", ""aa_change"": ""L364I"", ""type"": ""substitution"", ""des_level"": ""individual"", ""source"": [""CIVIC"", ""CGI""]}"
e2880,ABL1 L324Q,Entity,"{""displayName"": ""ABL1 L324Q"", ""reference1"": ""ABL1"", ""aa_change"": ""L324Q"", ""type"": ""substitution"", ""des_level"": ""individual"", ""source"": [""CGI""]}"
e2881,ABL1 L298V,Entity,"{""displayName"": ""ABL1 L298V"", ""reference1"": ""ABL1"", ""aa_change"": ""L298V"", ""type"": ""substitution"", ""des_level"": ""individual"", ""source"": [""CIVIC"", ""CGI""]}"
e2882,ABL1 L273M,Entity,"{""displayName"": ""ABL1 L273M"", ""reference1"": ""ABL1"", ""aa_change"": ""L273M"", ""type"": ""substitution"", ""des_level"": ""individual"", ""source"": [""CGI""]}"
e2883,ABL1 L248V,Entity,"{""displayName"": ""ABL1 L248V"", ""reference1"": ""ABL1"", ""aa_change"": ""L248V"", ""type"": ""substitution"", ""des_level"": ""individual"", ""source"": [""CIVIC"", ""CGI""]}"
e2884,ABL1 L248R,Entity,"{""displayName"": ""ABL1 L248R"", ""reference1"": ""ABL1"", ""aa_change"": ""L248R"", ""type"": ""substitution"", ""des_level"": ""individual"", ""source"": [""CIVIC""]}"
e2885,ABL1 K247R,Entity,"{""displayName"": ""ABL1 K247R"", ""reference1"": ""ABL1"", ""aa_change"": ""K247R"", ""type"": ""substitution"", ""des_level"": ""individual"", ""source"": [""CGI""]}"
e2886,ABL1 I418V,Entity,"{""displayName"": ""ABL1 I418V"", ""reference1"": ""ABL1"", ""aa_change"": ""I418V"", ""type"": ""substitution"", ""des_level"": ""individual"", ""source"": [""CGI""]}"
e2887,ABL1 I418S,Entity,"{""displayName"": ""ABL1 I418S"", ""reference1"": ""ABL1"", ""aa_change"": ""I418S"", ""type"": ""substitution"", ""des_level"": ""individual"", ""source"": [""CGI""]}"
e2888,ABL1 I293V,Entity,"{""displayName"": ""ABL1 I293V"", ""reference1"": ""ABL1"", ""aa_change"": ""I293V"", ""type"": ""substitution"", ""des_level"": ""individual"", ""source"": [""CGI""]}"
e2889,ABL1 I242T,Entity,"{""displayName"": ""ABL1 I242T"", ""reference1"": ""ABL1"", ""aa_change"": ""I242T"", ""type"": ""substitution"", ""des_level"": ""individual"", ""source"": [""CGI""]}"
e2890,ABL1 H396R,Entity,"{""displayName"": ""ABL1 H396R"", ""reference1"": ""ABL1"", ""aa_change"": ""H396R"", ""type"": ""substitution"", ""des_level"": ""individual"", ""source"": [""CIVIC"", ""CGI""]}"
e2891,ABL1 H396P,Entity,"{""displayName"": ""ABL1 H396P"", ""reference1"": ""ABL1"", ""aa_change"": ""H396P"", ""type"": ""substitution"", ""des_level"": ""individual"", ""source"": [""CIVIC"", ""CGI""]}"
e2892,ABL1 H396A,Entity,"{""displayName"": ""ABL1 H396A"", ""reference1"": ""ABL1"", ""aa_change"": ""H396A"", ""type"": ""substitution"", ""des_level"": ""individual"", ""source"": [""CGI""]}"
e2893,ABL1 G398R,Entity,"{""displayName"": ""ABL1 G398R"", ""reference1"": ""ABL1"", ""aa_change"": ""G398R"", ""type"": ""substitution"", ""des_level"": ""individual"", ""source"": [""CIVIC""]}"
e2894,ABL1 G340L,Entity,"{""displayName"": ""ABL1 G340L"", ""reference1"": ""ABL1"", ""aa_change"": ""G340L"", ""type"": ""substitution"", ""des_level"": ""individual"", ""source"": [""CIVIC""]}"
e2895,ABL1 G250R,Entity,"{""displayName"": ""ABL1 G250R"", ""reference1"": ""ABL1"", ""aa_change"": ""G250R"", ""type"": ""substitution"", ""des_level"": ""individual"", ""source"": [""CGI""]}"
e2896,ABL1 G250E,Entity,"{""displayName"": ""ABL1 G250E"", ""reference1"": ""ABL1"", ""aa_change"": ""G250E"", ""type"": ""substitution"", ""des_level"": ""individual"", ""source"": [""OncoKB"", ""COSMIC"", ""CIVIC"", ""CGI""]}"
e2897,ABL1 F486S,Entity,"{""displayName"": ""ABL1 F486S"", ""reference1"": ""ABL1"", ""aa_change"": ""F486S"", ""type"": ""substitution"", ""des_level"": ""individual"", ""source"": [""CIVIC"", ""CGI""]}"
e2898,ABL1 F382L,Entity,"{""displayName"": ""ABL1 F382L"", ""reference1"": ""ABL1"", ""aa_change"": ""F382L"", ""type"": ""substitution"", ""des_level"": ""individual"", ""source"": [""CGI""]}"
e2899,ABL1 F359V,Entity,"{""displayName"": ""ABL1 F359V"", ""reference1"": ""ABL1"", ""aa_change"": ""F359V"", ""type"": ""substitution"", ""des_level"": ""individual"", ""source"": [""CIVIC"", ""OncoKB"", ""CGI""]}"
e2900,ABL1 F359L,Entity,"{""displayName"": ""ABL1 F359L"", ""reference1"": ""ABL1"", ""aa_change"": ""F359L"", ""type"": ""substitution"", ""des_level"": ""individual"", ""source"": [""CGI""]}"
e2901,ABL1 F359I,Entity,"{""displayName"": ""ABL1 F359I"", ""reference1"": ""ABL1"", ""aa_change"": ""F359I"", ""type"": ""substitution"", ""des_level"": ""individual"", ""source"": [""CIVIC"", ""OncoKB"", ""CGI""]}"
e2902,ABL1 F359C,Entity,"{""displayName"": ""ABL1 F359C"", ""reference1"": ""ABL1"", ""aa_change"": ""F359C"", ""type"": ""substitution"", ""des_level"": ""individual"", ""source"": [""CIVIC"", ""OncoKB"", ""CGI""]}"
e2903,ABL1 F317V,Entity,"{""displayName"": ""ABL1 F317V"", ""reference1"": ""ABL1"", ""aa_change"": ""F317V"", ""type"": ""substitution"", ""des_level"": ""individual"", ""source"": [""CIVIC"", ""OncoKB"", ""CGI""]}"
e2904,ABL1 F317S,Entity,"{""displayName"": ""ABL1 F317S"", ""reference1"": ""ABL1"", ""aa_change"": ""F317S"", ""type"": ""substitution"", ""des_level"": ""individual"", ""source"": [""CIVIC""]}"
e2905,ABL1 F317R,Entity,"{""displayName"": ""ABL1 F317R"", ""reference1"": ""ABL1"", ""aa_change"": ""F317R"", ""type"": ""substitution"", ""des_level"": ""individual"", ""source"": [""CIVIC""]}"
e2906,ABL1 F317L,Entity,"{""displayName"": ""ABL1 F317L"", ""reference1"": ""ABL1"", ""aa_change"": ""F317L"", ""type"": ""substitution"", ""des_level"": ""individual"", ""source"": [""OncoKB"", ""COSMIC"", ""CIVIC"", ""CGI""]}"
e2907,ABL1 F317I,Entity,"{""displayName"": ""ABL1 F317I"", ""reference1"": ""ABL1"", ""aa_change"": ""F317I"", ""type"": ""substitution"", ""des_level"": ""individual"", ""source"": [""CIVIC"", ""OncoKB"", ""CGI""]}"
e2908,ABL1 F317C,Entity,"{""displayName"": ""ABL1 F317C"", ""reference1"": ""ABL1"", ""aa_change"": ""F317C"", ""type"": ""substitution"", ""des_level"": ""individual"", ""source"": [""CIVIC"", ""OncoKB"", ""CGI""]}"
e2909,ABL1 F311L,Entity,"{""displayName"": ""ABL1 F311L"", ""reference1"": ""ABL1"", ""aa_change"": ""F311L"", ""type"": ""substitution"", ""des_level"": ""individual"", ""source"": [""CIVIC"", ""CGI""]}"
e2910,ABL1 F311I,Entity,"{""displayName"": ""ABL1 F311I"", ""reference1"": ""ABL1"", ""aa_change"": ""F311I"", ""type"": ""substitution"", ""des_level"": ""individual"", ""source"": [""CIVIC"", ""CGI""]}"
e2911,ABL1 E98G,Entity,"{""displayName"": ""ABL1 E98G"", ""reference1"": ""ABL1"", ""aa_change"": ""E98G"", ""type"": ""substitution"", ""des_level"": ""individual"", ""source"": [""CIVIC""]}"
e2912,ABL1 E507G,Entity,"{""displayName"": ""ABL1 E507G"", ""reference1"": ""ABL1"", ""aa_change"": ""E507G"", ""type"": ""substitution"", ""des_level"": ""individual"", ""source"": [""CGI""]}"
e2913,ABL1 E459V,Entity,"{""displayName"": ""ABL1 E459V"", ""reference1"": ""ABL1"", ""aa_change"": ""E459V"", ""type"": ""substitution"", ""des_level"": ""individual"", ""source"": [""CGI""]}"
e2914,ABL1 E459K,Entity,"{""displayName"": ""ABL1 E459K"", ""reference1"": ""ABL1"", ""aa_change"": ""E459K"", ""type"": ""substitution"", ""des_level"": ""individual"", ""source"": [""CIVIC"", ""COSMIC"", ""CGI""]}"
e2915,ABL1 E459G,Entity,"{""displayName"": ""ABL1 E459G"", ""reference1"": ""ABL1"", ""aa_change"": ""E459G"", ""type"": ""substitution"", ""des_level"": ""individual"", ""source"": [""CGI""]}"
e2916,ABL1 E459A,Entity,"{""displayName"": ""ABL1 E459A"", ""reference1"": ""ABL1"", ""aa_change"": ""E459A"", ""type"": ""substitution"", ""des_level"": ""individual"", ""source"": [""CGI""]}"
e2917,ABL1 E453V,Entity,"{""displayName"": ""ABL1 E453V"", ""reference1"": ""ABL1"", ""aa_change"": ""E453V"", ""type"": ""substitution"", ""des_level"": ""individual"", ""source"": [""CGI""]}"
e2918,ABL1 E453Q,Entity,"{""displayName"": ""ABL1 E453Q"", ""reference1"": ""ABL1"", ""aa_change"": ""E453Q"", ""type"": ""substitution"", ""des_level"": ""individual"", ""source"": [""CIVIC""]}"
e2919,ABL1 E453K,Entity,"{""displayName"": ""ABL1 E453K"", ""reference1"": ""ABL1"", ""aa_change"": ""E453K"", ""type"": ""substitution"", ""des_level"": ""individual"", ""source"": [""CIVIC"", ""CGI""]}"
e2920,ABL1 E453G,Entity,"{""displayName"": ""ABL1 E453G"", ""reference1"": ""ABL1"", ""aa_change"": ""E453G"", ""type"": ""substitution"", ""des_level"": ""individual"", ""source"": [""CGI""]}"
e2921,ABL1 E453A,Entity,"{""displayName"": ""ABL1 E453A"", ""reference1"": ""ABL1"", ""aa_change"": ""E453A"", ""type"": ""substitution"", ""des_level"": ""individual"", ""source"": [""CIVIC"", ""CGI""]}"
e2922,ABL1 E450V,Entity,"{""displayName"": ""ABL1 E450V"", ""reference1"": ""ABL1"", ""aa_change"": ""E450V"", ""type"": ""substitution"", ""des_level"": ""individual"", ""source"": [""CIVIC"", ""CGI""]}"
e2923,ABL1 E450Q,Entity,"{""displayName"": ""ABL1 E450Q"", ""reference1"": ""ABL1"", ""aa_change"": ""E450Q"", ""type"": ""substitution"", ""des_level"": ""individual"", ""source"": [""CIVIC""]}"
e2924,ABL1 E450K,Entity,"{""displayName"": ""ABL1 E450K"", ""reference1"": ""ABL1"", ""aa_change"": ""E450K"", ""type"": ""substitution"", ""des_level"": ""individual"", ""source"": [""CGI""]}"
e2925,ABL1 E450G,Entity,"{""displayName"": ""ABL1 E450G"", ""reference1"": ""ABL1"", ""aa_change"": ""E450G"", ""type"": ""substitution"", ""des_level"": ""individual"", ""source"": [""CGI""]}"
e2926,ABL1 E450A,Entity,"{""displayName"": ""ABL1 E450A"", ""reference1"": ""ABL1"", ""aa_change"": ""E450A"", ""type"": ""substitution"", ""des_level"": ""individual"", ""source"": [""CGI""]}"
e2927,ABL1 E373K,Entity,"{""displayName"": ""ABL1 E373K"", ""reference1"": ""ABL1"", ""aa_change"": ""E373K"", ""type"": ""substitution"", ""des_level"": ""individual"", ""source"": [""CGI""]}"
e2928,ABL1 E355G,Entity,"{""displayName"": ""ABL1 E355G"", ""reference1"": ""ABL1"", ""aa_change"": ""E355G"", ""type"": ""substitution"", ""des_level"": ""individual"", ""source"": [""CIVIC"", ""CGI""]}"
e2929,ABL1 E355D,Entity,"{""displayName"": ""ABL1 E355D"", ""reference1"": ""ABL1"", ""aa_change"": ""E355D"", ""type"": ""substitution"", ""des_level"": ""individual"", ""source"": [""CGI""]}"
e2930,ABL1 E355A,Entity,"{""displayName"": ""ABL1 E355A"", ""reference1"": ""ABL1"", ""aa_change"": ""E355A"", ""type"": ""substitution"", ""des_level"": ""individual"", ""source"": [""CGI""]}"
e2931,ABL1 E292V,Entity,"{""displayName"": ""ABL1 E292V"", ""reference1"": ""ABL1"", ""aa_change"": ""E292V"", ""type"": ""substitution"", ""des_level"": ""individual"", ""source"": [""CIVIC"", ""CGI""]}"
e2932,ABL1 E292Q,Entity,"{""displayName"": ""ABL1 E292Q"", ""reference1"": ""ABL1"", ""aa_change"": ""E292Q"", ""type"": ""substitution"", ""des_level"": ""individual"", ""source"": [""CGI""]}"
e2933,ABL1 E292L,Entity,"{""displayName"": ""ABL1 E292L"", ""reference1"": ""ABL1"", ""aa_change"": ""E292L"", ""type"": ""substitution"", ""des_level"": ""individual"", ""source"": [""CIVIC""]}"
e2934,ABL1 E279K,Entity,"{""displayName"": ""ABL1 E279K"", ""reference1"": ""ABL1"", ""aa_change"": ""E279K"", ""type"": ""substitution"", ""des_level"": ""individual"", ""source"": [""CIVIC"", ""CGI""]}"
e2935,ABL1 E275Q,Entity,"{""displayName"": ""ABL1 E275Q"", ""reference1"": ""ABL1"", ""aa_change"": ""E275Q"", ""type"": ""substitution"", ""des_level"": ""individual"", ""source"": [""CGI""]}"
e2936,ABL1 E275K,Entity,"{""displayName"": ""ABL1 E275K"", ""reference1"": ""ABL1"", ""aa_change"": ""E275K"", ""type"": ""substitution"", ""des_level"": ""individual"", ""source"": [""CGI""]}"
e2937,ABL1 E258D,Entity,"{""displayName"": ""ABL1 E258D"", ""reference1"": ""ABL1"", ""aa_change"": ""E258D"", ""type"": ""substitution"", ""des_level"": ""individual"", ""source"": [""CGI""]}"
e2938,ABL1 E255V,Entity,"{""displayName"": ""ABL1 E255V"", ""reference1"": ""ABL1"", ""aa_change"": ""E255V"", ""type"": ""substitution"", ""des_level"": ""individual"", ""source"": [""CIVIC"", ""OncoKB"", ""CGI""]}"
e2939,ABL1 E255K,Entity,"{""displayName"": ""ABL1 E255K"", ""reference1"": ""ABL1"", ""aa_change"": ""E255K"", ""type"": ""substitution"", ""des_level"": ""individual"", ""source"": [""CIVIC"", ""OncoKB"", ""CGI""]}"
e2940,ABL1 D421G,Entity,"{""displayName"": ""ABL1 D421G"", ""reference1"": ""ABL1"", ""aa_change"": ""D421G"", ""type"": ""substitution"", ""des_level"": ""individual"", ""source"": [""CIVIC""]}"
e2941,ABL1 D363Y,Entity,"{""displayName"": ""ABL1 D363Y"", ""reference1"": ""ABL1"", ""aa_change"": ""D363Y"", ""type"": ""substitution"", ""des_level"": ""individual"", ""source"": [""CGI""]}"
e2942,ABL1 D363G,Entity,"{""displayName"": ""ABL1 D363G"", ""reference1"": ""ABL1"", ""aa_change"": ""D363G"", ""type"": ""substitution"", ""des_level"": ""individual"", ""source"": [""CIVIC""]}"
e2943,ABL1 D276G,Entity,"{""displayName"": ""ABL1 D276G"", ""reference1"": ""ABL1"", ""aa_change"": ""D276G"", ""type"": ""substitution"", ""des_level"": ""individual"", ""source"": [""CIVIC"", ""CGI""]}"
e2944,ABL1 C475V,Entity,"{""displayName"": ""ABL1 C475V"", ""reference1"": ""ABL1"", ""aa_change"": ""C475V"", ""type"": ""substitution"", ""des_level"": ""individual"", ""source"": [""CIVIC""]}"
e2945,ABL1 A433T,Entity,"{""displayName"": ""ABL1 A433T"", ""reference1"": ""ABL1"", ""aa_change"": ""A433T"", ""type"": ""substitution"", ""des_level"": ""individual"", ""source"": [""CGI""]}"
e2946,ABL1 A397P,Entity,"{""displayName"": ""ABL1 A397P"", ""reference1"": ""ABL1"", ""aa_change"": ""A397P"", ""type"": ""substitution"", ""des_level"": ""individual"", ""source"": [""CIVIC"", ""CGI""]}"
e2947,ABL1 A380T,Entity,"{""displayName"": ""ABL1 A380T"", ""reference1"": ""ABL1"", ""aa_change"": ""A380T"", ""type"": ""substitution"", ""des_level"": ""individual"", ""source"": [""CGI""]}"
e2948,ABL1 A366G,Entity,"{""displayName"": ""ABL1 A366G"", ""reference1"": ""ABL1"", ""aa_change"": ""A366G"", ""type"": ""substitution"", ""des_level"": ""individual"", ""source"": [""CGI""]}"
e2949,ABL1 A365V,Entity,"{""displayName"": ""ABL1 A365V"", ""reference1"": ""ABL1"", ""aa_change"": ""A365V"", ""type"": ""substitution"", ""des_level"": ""individual"", ""source"": [""CGI""]}"
e2950,ABL1 A350V,Entity,"{""displayName"": ""ABL1 A350V"", ""reference1"": ""ABL1"", ""aa_change"": ""A350V"", ""type"": ""substitution"", ""des_level"": ""individual"", ""source"": [""CGI""]}"
e2951,ABL1 A344V,Entity,"{""displayName"": ""ABL1 A344V"", ""reference1"": ""ABL1"", ""aa_change"": ""A344V"", ""type"": ""substitution"", ""des_level"": ""individual"", ""source"": [""CGI""]}"
e2952,ABCG2 mutation,Entity,"{""displayName"": ""ABCG2 mutation"", ""reference1"": ""ABCG2"", ""type"": ""mutation"", ""des_level"": ""gene"", ""source"": [""VH""]}"
e2953,ABCG2 Q141K,Entity,"{""displayName"": ""ABCG2 Q141K"", ""reference1"": ""ABCG2"", ""aa_change"": ""Q141K"", ""type"": ""substitution"", ""des_level"": ""individual"", ""source"": [""CIVIC""]}"
e2954,ABCC3 mutation,Entity,"{""displayName"": ""ABCC3 mutation"", ""reference1"": ""ABCC3"", ""type"": ""mutation"", ""des_level"": ""gene"", ""source"": [""VH""]}"
e2955,ABCC3 amplification,Entity,"{""displayName"": ""ABCC3 amplification"", ""reference1"": ""ABCC3"", ""type"": ""amplification"", ""des_level"": ""gene"", ""source"": [""CIVIC""]}"
e2956,ABCC10 overexpression,Entity,"{""displayName"": ""ABCC10 overexpression"", ""reference1"": ""ABCC10"", ""type"": ""overexpression"", ""des_level"": ""gene"", ""source"": [""CIVIC""]}"
e2957,ABCC10 mutation,Entity,"{""displayName"": ""ABCC10 mutation"", ""reference1"": ""ABCC10"", ""type"": ""mutation"", ""des_level"": ""gene"", ""source"": [""VH""]}"
e2958,ABCB1 overexpression,Entity,"{""displayName"": ""ABCB1 overexpression"", ""reference1"": ""ABCB1"", ""type"": ""overexpression"", ""des_level"": ""gene"", ""source"": [""CIVIC""]}"
e2959,ABCB1 mutation,Entity,"{""displayName"": ""ABCB1 mutation"", ""reference1"": ""ABCB1"", ""type"": ""mutation"", ""des_level"": ""gene"", ""source"": [""VH""]}"
e2960,ABCB1 S893T,Entity,"{""displayName"": ""ABCB1 S893T"", ""reference1"": ""ABCB1"", ""aa_change"": ""S893T"", ""type"": ""substitution"", ""des_level"": ""individual"", ""source"": [""CIVIC""]}"
e2961,ABCB1 S893A,Entity,"{""displayName"": ""ABCB1 S893A"", ""reference1"": ""ABCB1"", ""aa_change"": ""S893A"", ""type"": ""substitution"", ""des_level"": ""individual"", ""source"": [""CIVIC""]}"
e2962,ABCB1 I1145I,Entity,"{""displayName"": ""ABCB1 I1145I"", ""reference1"": ""ABCB1"", ""aa_change"": ""I1145I"", ""type"": ""substitution"", ""des_level"": ""individual"", ""source"": [""CIVIC""]}"
e2963,5q31 mutation,Entity,"{""displayName"": ""5q31 mutation"", ""reference1"": ""5q31"", ""type"": ""mutation"", ""des_level"": ""gene"", ""source"": [""VH""]}"
e2964,5q31 deletion,Entity,"{""displayName"": ""5q31 deletion"", ""reference1"": ""5q31"", ""type"": ""deletion"", ""des_level"": ""gene"", ""source"": [""COSMIC""]}"
e2965,4q12 mutation,Entity,"{""displayName"": ""4q12 mutation"", ""reference1"": ""4q12"", ""type"": ""mutation"", ""des_level"": ""gene"", ""source"": [""VH""]}"
e2966,4q12 amplification,Entity,"{""displayName"": ""4q12 amplification"", ""reference1"": ""4q12"", ""type"": ""amplification"", ""des_level"": ""gene"", ""source"": [""COSMIC""]}"
e2967,1q21 mutation,Entity,"{""displayName"": ""1q21 mutation"", ""reference1"": ""1q21"", ""type"": ""mutation"", ""des_level"": ""gene"", ""source"": [""VH""]}"
e2968,1q21 amplification,Entity,"{""displayName"": ""1q21 amplification"", ""reference1"": ""1q21"", ""type"": ""amplification"", ""des_level"": ""gene"", ""source"": [""COSMIC""]}"
e2969,1p/19q mutation,Entity,"{""displayName"": ""1p/19q mutation"", ""reference1"": ""1p/19q"", ""type"": ""mutation"", ""des_level"": ""gene"", ""source"": [""VH""]}"
e2970,1p/19q deletion,Entity,"{""displayName"": ""1p/19q deletion"", ""reference1"": ""1p/19q"", ""type"": ""deletion"", ""des_level"": ""gene"", ""source"": [""COSMIC""]}"
e2971,17p mutation,Entity,"{""displayName"": ""17p mutation"", ""reference1"": ""17p"", ""type"": ""mutation"", ""des_level"": ""gene"", ""source"": [""VH""]}"
e2972,17p deletion,Entity,"{""displayName"": ""17p deletion"", ""reference1"": ""17p"", ""type"": ""deletion"", ""des_level"": ""gene"", ""source"": [""COSMIC""]}"
e2973,12p13.2 mutation,Entity,"{""displayName"": ""12p13.2 mutation"", ""reference1"": ""12p13.2"", ""type"": ""mutation"", ""des_level"": ""gene"", ""source"": [""VH""]}"
e2974,12p13.2 fusion,Entity,"{""displayName"": ""12p13.2 fusion"", ""reference1"": ""12p13.2"", ""type"": ""fusion"", ""des_level"": ""gene"", ""source"": [""COSMIC""]}"
e2975,12p13.2 deletion,Entity,"{""displayName"": ""12p13.2 deletion"", ""reference1"": ""12p13.2"", ""type"": ""deletion"", ""des_level"": ""gene"", ""source"": [""COSMIC""]}"
e2976,11q mutation,Entity,"{""displayName"": ""11q mutation"", ""reference1"": ""11q"", ""type"": ""mutation"", ""des_level"": ""gene"", ""source"": [""VH""]}"
e2977,11q deletion,Entity,"{""displayName"": ""11q deletion"", ""reference1"": ""11q"", ""type"": ""deletion"", ""des_level"": ""gene"", ""source"": [""COSMIC""]}"
e2978,11p15 mutation,Entity,"{""displayName"": ""11p15 mutation"", ""reference1"": ""11p15"", ""type"": ""mutation"", ""des_level"": ""gene"", ""source"": [""VH""]}"
e2979,11p15 fusion,Entity,"{""displayName"": ""11p15 fusion"", ""reference1"": ""11p15"", ""type"": ""fusion"", ""des_level"": ""gene"", ""source"": [""COSMIC""]}"
e2980,10p12.3 mutation,Entity,"{""displayName"": ""10p12.3 mutation"", ""reference1"": ""10p12.3"", ""type"": ""mutation"", ""des_level"": ""gene"", ""source"": [""VH""]}"
e2981,10p12.3 fusion,Entity,"{""displayName"": ""10p12.3 fusion"", ""reference1"": ""10p12.3"", ""type"": ""fusion"", ""des_level"": ""gene"", ""source"": [""COSMIC""]}"
