symbol	aliases
A1CF	A1CF|ACF|ACF64|ACF65|apo-B RNA editing protein|apobec-1 complementation factor (ACF) (ASP)|APOBEC-1 stimulating protein|APOBEC1 complementation factor|APOBEC1 complementation factorAPOBEC1 complementation factor|APOBEC1CF|ASP
A2BP1	A2BP1
AATF	AATF
ABCA12	ABCA12
ABCA8	ABCA8
ABCB1	ABCB1
ABCC10	ABCC10
ABCC3	ABCC3
ABCC9	ABCC9
ABCD2	ABCD2
ABCF3	ABCF3
ABCG1	ABCG1
ABCG2	ABCG2
ABI1	ABI1|Abelson interactor 1|ABI-1|abl interactor 1|abl interactor 1abl interactor 1|abl-binding protein 4|Abl-interactor protein 1 long|ABLBP4|E3B1|eps8 SH3 domain-binding protein|interactor protein AblBP4|nap1 binding protein|NAP1BP|spectrin SH3 domain-binding protein 1|SSH3BP|SSH3BP1
ABL1	ABL1|Abelson tyrosine-protein kinase 1|ABL|ABL proto-oncogene 1, non-receptor tyrosine kinaseABL proto-oncogene 1, non-receptor tyrosine kinase|ABL protooncogene 1 nonreceptor tyrosine kinase|BCR-ABL|bcr/abl|bcr/c-abl oncogene protein|c-ABL|c-abl oncogene 1, receptor tyrosine kinase|c-ABL1|CHDSKM|JTK7|p150|proto-oncogene c-Abl|proto-oncogene tyrosine-protein kinase ABL1|truncated ABL protooncogene 1 nonreceptor tyrosine kinase|tyrosine-protein kinase ABL1|v-abl|v-abl Abelson murine leukemia viral oncogene homolog 1
ABL2	ABL2|Abelson tyrosine-protein kinase 2|abelson-related gene protein|ABL proto-oncogene 2, non-receptor tyrosine kinaseABL proto-oncogene 2, non-receptor tyrosine kinase|ABLL|ARG|c-abl oncogene 2, non-receptor tyrosine kinase|tyrosine-protein kinase ABL2|tyrosine-protein kinase ARG|v-abl Abelson murine leukemia viral oncogene homolog 2
ABRAXAS1	ABRAXAS1
ACAA1	ACAA1
ACAP1	ACAP1
ACBD6	ACBD6
ACCN1	ACCN1
ACER1	ACER1
ACKR3	ACKR3|atypical chemokine receptor 3|atypical chemokine receptor 3atypical chemokine receptor 3|C-X-C chemokine receptor type 7|chemokine (C-X-C motif) receptor 7|chemokine orphan receptor 1|CMKOR1|CXC-R7|CXCR-7|CXCR7|G protein-coupled receptor|G-protein coupled receptor 159|G-protein coupled receptor RDC1 homolog|GPR159|RDC-1|RDC1
ACPP	ACPP
ACSL3	ACSL3|ACS3|acyl-CoA synthetase long chain family member 3acyl-CoA synthetase long chain family member 3|arachidonate--CoA ligase|FACL3|fatty-acid-Coenzyme A ligase, long-chain 3|LACS 3|LACS3|lignoceroyl-CoA synthase|long-chain acyl-CoA synthetase 3|long-chain-fatty-acid--CoA ligase 3|PRO2194
ACSL6	ACSL6|ACS2|acyl-CoA synthetase long chain family member 6acyl-CoA synthetase long chain family member 6|arachidonate--CoA ligase|FACL6|fatty-acid-Coenzyme A ligase, long-chain 6|LACS 6|LACS2|LACS5|long fatty acyl-CoA synthetase 2|long-chain-fatty-acid--CoA ligase 6
ACTA1	ACTA1
ACTB	ACTB
ACTN4	ACTN4
ACVR1	ACVR1|activin A receptor type 1activin A receptor type 1|activin A receptor, type I|activin A receptor, type II-like kinase 2|activin receptor type I|activin receptor type-1|activin receptor-like kinase 2|ACTRI|ACVR1A|ACVRLK2|ALK2|FOP|hydroxyalkyl-protein kinase|serine/threonine-protein kinase receptor R1|SKR1|TGF-B superfamily receptor type I|TSRI
ACVR2A	ACVR2A|activin A receptor type 2Aactivin A receptor type 2A|activin A receptor, type IIA|activin receptor type-2A|ACTRII|ACVR2
ADCY8	ADCY8
ADCY9	ADCY9
ADH5	ADH5
AFAP1	AFAP1
AFDN	AFDN|AF6|afadin|afadin, adherens junction formation factorafadin, adherens junction formation factor|ALL1-fused gene from chromosome 6 protein|l-afadin|MLL-AF6|MLLT4|myeloid/lymphoid or mixed-lineage leukemia (trithorax homolog, Drosophila); translocated to, 4|myeloid/lymphoid or mixed-lineage leukemia; translocated to, 4|protein AF-6
AFF1	AFF1|AF4|AF4/FMR2 family member 1|AF4/FMR2 family member 1AF4/FMR2 family member 1|ALL1-fused gene from chromosome 4 protein|MLLT2|myeloid/lymphoid or mixed-lineage leukemia (trithorax homolog, Drosophila); translocated to, 2|PBM1|pre-B-cell monocytic leukemia partner 1|proto-oncogene AF4
AFF3	AFF3|AF4/FMR2 family member 3|AF4/FMR2 family member 3AF4/FMR2 family member 3|LAF4|lymphoid nuclear protein 4|lymphoid nuclear protein related to AF4|MLLT2-like|MLLT2-related protein|protein LAF-4
AFF4	AFF4|AF4/FMR2 family member 4|AF4/FMR2 family member 4AF4/FMR2 family member 4|AF5Q31|ALL1-fused gene from chromosome 5q31 protein|CHOPS|major CDK9 elongation factor-associated protein|MCEF
AFP	AFP
AGAP3	AGAP3
AGBL1	AGBL1
AGGF1	AGGF1
AGK	AGK
AGO2	AGO2
AGR2	AGR2
AHCYL1	AHCYL1
AHCYL2	AHCYL2
AKAP11	AKAP11
AKAP4	AKAP4
AKAP8	AKAP8
AKAP9	AKAP9|A kinase (PRKA) anchor protein (yotiao) 9|A kinase (PRKA) anchor protein 9|A-kinase anchor protein 350 kDa|A-kinase anchor protein 450 kDa|A-kinase anchor protein 9|A-kinase anchoring protein 9A-kinase anchoring protein 9|AKAP 120-like protein|AKAP-9|AKAP350|AKAP450|AKAP9-BRAF fusion protein|centrosome- and Golgi-localized PKN-associated protein|centrosome- and golgi-localized protein kinase N-associated protein|CG-NAP|HYPERION|kinase N-associated protein|LQT11|MU-RMS-40.16A|PPP1R45|PRKA9|protein hyperion|protein kinase A anchoring protein 9|protein phosphatase 1, regulatory subunit 45|protein yotiao|YOTIAO
AKT1	AKT1|AKT|AKT serine/threonine kinase 1AKT serine/threonine kinase 1|AKT1m|PKB|PKB alpha|PKB-ALPHA|PRKBA|protein kinase B alpha|proto-oncogene c-Akt|RAC|rac protein kinase alpha|RAC-ALPHA|RAC-alpha serine/threonine-protein kinase|RAC-PK-alpha|serine-threonine protein kinase|v-akt murine thymoma viral oncogene homolog 1|v-akt murine thymoma viral oncogene-like protein 1
AKT2	AKT2|AKT serine/threonine kinase 2AKT serine/threonine kinase 2|HIHGHH|murine thymoma viral (v-akt) homolog-2|PKB beta|PKBB|PKBBETA|PRKBB|protein kinase Akt-2|protein kinase B beta|putative v-akt murine thymoma viral oncoprotein 2|rac protein kinase beta|RAC-BETA|RAC-beta serine/threonine-protein kinase|RAC-PK-beta|v-akt murine thymoma viral oncogene homolog 2
AKT3	AKT3|AKT serine/threonine kinase 3AKT serine/threonine kinase 3|MPPH|MPPH2|PKB gamma|PKB-GAMMA|PKBG|PRKBG|RAC-gamma|RAC-gamma serine/threonine protein kinase|RAC-gamma serine/threonine-protein kinase|RAC-PK-gamma|STK-2|v-akt murine thymoma viral oncogene homolog 3 (protein kinase B, gamma)
ALCAM	ALCAM
ALDH1A2	ALDH1A2
ALDH2	ALDH2|acetaldehyde dehydrogenase 2|aldehyde dehydrogenase 2 family (mitochondrial)|aldehyde dehydrogenase 2 family memberaldehyde dehydrogenase 2 family member|aldehyde dehydrogenase, mitochondrial|ALDH class 2|ALDH-E2|ALDHI|ALDM|epididymis secretory sperm binding protein|liver mitochondrial ALDH|nucleus-encoded mitochondrial aldehyde dehydrogenase 2
ALDH4A1	ALDH4A1
ALK	ALK|ALK receptor tyrosine kinaseALK receptor tyrosine kinase|ALK tyrosine kinase receptor|anaplastic lymphoma receptor tyrosine kinase|CD246|CD246 antigen|mutant anaplastic lymphoma kinase|NBLST3
ALOX12B	ALOX12B
ALOX5AP	ALOX5AP
AMER1	AMER1|adenomatous polyposis coli membrane recruitment 1|APC membrane recruitment protein 1|APC membrane recruitment protein 1APC membrane recruitment protein 1|FAM123B|family with sequence similarity 123B|OSCS|protein FAM123B|RP11-403E24.2|Wilms tumor gene on the X chromosome protein|Wilms tumor on the X|WTX
ANGPT1	ANGPT1
ANGPT2	ANGPT2
ANK1	ANK1|ANK|ANK-1|ankyrin 1, erythrocytic|ankyrin 1ankyrin 1|ankyrin-1|ankyrin-R|erythrocyte ankyrin|SPH1|SPH2
ANKRD11	ANKRD11
ANO10	ANO10
ANO5	ANO5
ANPEP	ANPEP
ANTXR2	ANTXR2
ANXA1	ANXA1
ANXA6	ANXA6
AP1B1	AP1B1
AP1M2	AP1M2
APC	APC|adenomatosis polyposis coli tumor suppressor|adenomatous polyposis coli (APC)|adenomatous polyposis coli protein|APC regulator of WNT signaling pathwayAPC regulator of WNT signaling pathway|APC, WNT signaling pathway regulator|BTPS2|deleted in polyposis 2.5|DESMD|DP2|DP2.5|DP3|epididymis secretory sperm binding protein|GS|PPP1R46|protein phosphatase 1, regulatory subunit 46|truncated adenomatosis polyposis coli|WNT signaling pathway regulator
APLNR	APLNR
APOBEC3B	APOBEC3B|A3B|APOBEC1L|apolipoprotein B mRNA editing enzyme catalytic subunit 3Bapolipoprotein B mRNA editing enzyme catalytic subunit 3B|apolipoprotein B mRNA editing enzyme, catalytic polypeptide-like 3B|ARCD3|ARP4|bK150C2.2|cytidine deaminase|DJ742C19.2|DNA dC->dU-editing enzyme APOBEC-3B|phorbolin 2|phorbolin 3|phorbolin-1-related protein|phorbolin-2/3|PHRBNL|probable DNA dC->dU-editing enzyme APOBEC-3B
APP	APP
APPBP2	APPBP2
AR	AR|AIS|androgen receptor|androgen receptorandrogen receptor|AR8|DHTR|dihydrotestosterone receptor|HUMARA|HYSP1|KD|NR3C4|nuclear receptor subfamily 3 group C member 4|SBMA|SMAX1|TFM
ARAF	ARAF|A-RAF|A-Raf proto-oncogene serine/threonine-protein kinase|A-Raf proto-oncogene, serine/threonine kinaseA-Raf proto-oncogene, serine/threonine kinase|ARAF1|Oncogene ARAF1|PKS2|proto-oncogene A-Raf-1|proto-oncogene Pks|RAFA1|Ras-binding protein DA-Raf|serine/threonine-protein kinase A-Raf|v-raf murine sarcoma 3611 viral oncogene homolog 1|v-raf murine sarcoma 3611 viral oncogene-like protein
AREG	AREG
ARF3	ARF3
ARF4	ARF4
ARHGAP26	ARHGAP26|GRAF|GRAF1|GTPase regulator associated with focal adhesion kinase pp125(FAK)|oligophrenin-1-like protein|OPHN1L|OPHN1L1|Rho GTPase activating protein 26Rho GTPase activating protein 26|rho GTPase-activating protein 26
ARHGAP39	ARHGAP39
ARHGAP5	ARHGAP5|GFI2|growth factor independent 2|p100 RasGAP-associated p105 protein|p105 RhoGAP|p190-B|p190BRhoGAP|Rho GTPase activating protein 5Rho GTPase activating protein 5|rho GTPase-activating protein 5|rho-type GTPase-activating protein 5|RhoGAP5
ARHGAP9	ARHGAP9
ARHGEF10	ARHGEF10|GEF10|Rho guanine nucleotide exchange factor (GEF) 10|rho guanine nucleotide exchange factor 10|Rho guanine nucleotide exchange factor 10Rho guanine nucleotide exchange factor 10|SNCV
ARHGEF10L	ARHGEF10L|GrinchGEF|Rho guanine nucleotide exchange factor (GEF) 10-like|Rho guanine nucleotide exchange factor 10 likeRho guanine nucleotide exchange factor 10 like|rho guanine nucleotide exchange factor 10-like protein
ARHGEF12	ARHGEF12|LARG|leukemia-associated rho guanine nucleotide exchange factor|leukemia-associated RhoGEF|PRO2792|Rho guanine nucleotide exchange factor (GEF) 12|rho guanine nucleotide exchange factor 12|Rho guanine nucleotide exchange factor 12Rho guanine nucleotide exchange factor 12
ARHGEF18	ARHGEF18
ARID1A	ARID1A|ARID domain-containing protein 1A|AT rich interactive domain 1A (SWI-like)|AT-rich interaction domain 1AAT-rich interaction domain 1A|AT-rich interactive domain-containing protein 1A|B120|BAF250|BAF250a|BM029|brain protein 120|BRG1-associated factor 250a|C1orf4|chromatin remodeling factor p250|CSS2|ELD|hELD|hOSA1|MRD14|osa homolog 1|OSA1|OSA1 nuclear protein|P270|SMARCF1|SWI-like protein|SWI/SNF complex protein p270|SWI/SNF-related, matrix-associated, actin-dependent regulator of chromatin subfamily F member 1
ARID1B	ARID1B|6A3-5|ARID domain-containing protein 1B|AT rich interactive domain 1B (SWI1-like)|AT-rich interaction domain 1BAT-rich interaction domain 1B|AT-rich interactive domain-containing protein 1B|BAF250B|BRG1-associated factor 250b|BRG1-binding protein ELD/OSA1|BRIGHT|CSS1|DAN15|ELD (eyelid)/OSA protein|ELD/OSA1|MRD12|OSA2|P250R
ARID2	ARID2|ARID domain-containing protein 2|AT rich interactive domain 2 (ARID, RFX-like)|AT-rich interaction domain 2AT-rich interaction domain 2|AT-rich interactive domain-containing protein 2|BAF200|BRG1-associated factor 200|CSS6|p200|zinc finger protein with activation potential|zipzap/p200
ARID5B	ARID5B
ARNT	ARNT|aryl hydrocarbon receptor nuclear translocator|aryl hydrocarbon receptor nuclear translocatoraryl hydrocarbon receptor nuclear translocator|bHLHe2|class E basic helix-loop-helix protein 2|dioxin receptor, nuclear translocator|HIF-1-beta|HIF-1beta|HIF1-beta|HIF1B|HIF1BETA|hypoxia-inducible factor 1, beta subunit|TANGO
ARRDC5	ARRDC5
ASAP2	ASAP2
ASB12	ASB12
ASB17	ASB17
ASCC3	ASCC3
ASNS	ASNS
ASPSCR1	ASPSCR1|alveolar soft part sarcoma chromosomal region candidate gene 1 protein|alveolar soft part sarcoma chromosome region, candidate 1|alveolar soft part sarcoma locus|ASPCR1|ASPL|ASPS|ASPSCR1 tether for SLC2A4, UBX domain containingASPSCR1 tether for SLC2A4, UBX domain containing|ASPSCR1, UBX domain containing tether for SLC2A4|RCC17|renal cell carcinoma gene on chromosome 17|renal cell carcinoma, papillary, 17|renal papillary cell carcinoma protein 17|tether containing UBX domain for GLUT4|TUG|UBX domain protein 9|UBX domain-containing protein 9|UBXD9|UBXN9
ASXL1	ASXL1|additional sex combs like 1, transcriptional regulator|additional sex combs like transcriptional regulator 1|ASXL transcriptional regulator 1ASXL transcriptional regulator 1|BOPS|MDS|polycomb group protein ASXL1|putative Polycomb group protein ASXL1
ASXL2	ASXL2|additional sex combs like 2, transcriptional regulator|additional sex combs-like protein 2|ASXH2|ASXL transcriptional regulator 2ASXL transcriptional regulator 2|polycomb group protein ASXH2|putative Polycomb group protein ASXL2|SHAPNS
ATAD1	ATAD1
ATF1	ATF1|activating transcription factor 1activating transcription factor 1|cAMP-dependent transcription factor ATF-1|cyclic AMP-dependent transcription factor ATF-1|EWS-ATF1|FUS/ATF-1|TREB36
ATF3	ATF3
ATF7IP	ATF7IP
ATIC	ATIC|5-aminoimidazole-4-carboxamide ribonucleotide formyltransferase/IMP cyclohydrolase5-aminoimidazole-4-carboxamide ribonucleotide formyltransferase/IMP cyclohydrolase|5-aminoimidazole-4-carboxamide-1-beta-D-ribonucleotide transformylase/inosinicase|AICAR|AICAR formyltransferase/IMP cyclohydrolase bifunctional enzyme|AICAR transformylase/inosine monophosphate cyclohydrolase|AICARFT|AICARFT/IMPCHASE|bifunctional purine biosynthesis protein ATIC|bifunctional purine biosynthesis protein PURH|epididymis secretory sperm binding protein Li 70p|HEL-S-70p|IMPCHASE|phosphoribosylaminoimidazolecarboxamide formyltransferase/IMP cyclohydrolase|PURH
ATM	ATM|A-T mutated|AT mutated|AT1|ATA|ataxia telangiectasia mutated|ATC|ATD|ATDC|ATE|ATM serine/threonine kinaseATM serine/threonine kinase|serine-protein kinase ATM|TEL1|TEL1, telomere maintenance 1, homolog|TELO1
ATP1A1	ATP1A1|ATPase Na+/K+ transporting subunit alpha 1ATPase Na+/K+ transporting subunit alpha 1|ATPase, Na+/K+ transporting, alpha 1 polypeptide|CMT2DD|HOMGSMR2|Na(+)/K(+) ATPase alpha-1 subunit|Na+/K+ ATPase 1|Na, K-ATPase, alpha-A catalytic polypeptide|Na,K-ATPase alpha-1 subunit|Na,K-ATPase catalytic subunit alpha-A protein|sodium pump subunit alpha-1|sodium-potassium ATPase catalytic subunit alpha-1|sodium-potassium-ATPase, alpha 1 polypeptide|sodium/potassium-transporting ATPase subunit alpha-1
ATP1B1	ATP1B1
ATP1B2	ATP1B2
ATP2B3	ATP2B3|ATPase plasma membrane Ca2+ transporting 3ATPase plasma membrane Ca2+ transporting 3|ATPase, Ca++ transporting, plasma membrane 3|CFAP39|cilia and flagella associated protein 39|CLA2|OPCA|plasma membrane calcium ATPase|plasma membrane calcium pump|plasma membrane calcium-transporting ATPase 3|PMCA3|PMCA3a|SCAX1
ATP6V1B2	ATP6V1B2
ATP8A2	ATP8A2
ATR	ATR|ataxia telangiectasia and Rad3-related protein|ATR serine/threonine kinaseATR serine/threonine kinase|FCTCS|FRAP-related protein-1|FRP1|MEC1|MEC1, mitosis entry checkpoint 1, homolog|SCKL|SCKL1|serine/threonine-protein kinase ATR
ATRX	ATRX|alpha thalassemia/mental retardation syndrome X-linked (RAD54 homolog, S. cerevisiae)|ATP-dependent helicase ATRX|ATRX chromatin remodelerATRX chromatin remodeler|JMS|MRX52|RAD54|RAD54L|transcriptional regulator ATRX|X-linked helicase II|X-linked nuclear protein|XH2|XNP|ZNF-HX
ATXN7L3B	ATXN7L3B
AURKA	AURKA
AURKB	AURKB
AXIN1	AXIN1|AXIN|axin 1axin 1|axin-1|axis inhibition protein 1|axis inhibitor 1|fused, mouse, homolog of|PPP1R49|protein phosphatase 1, regulatory subunit 49
AXIN2	AXIN2|AXIL|axin 2axin 2|axin-2|axin-like protein|axis inhibition protein 2|conductin|ODCRCS
AXL	AXL|ARK|AXL oncogene|AXL receptor tyrosine kinaseAXL receptor tyrosine kinase|AXL transforming sequence/gene|JTK11|Tyro7|tyrosine-protein kinase receptor UFO|UFO
B2M	B2M|beta chain of MHC class I molecules|beta-2-microglobin|beta-2-microglobulin|beta-2-microglobulinbeta-2-microglobulin|IMD43
B4GALT1	B4GALT1
BACH2	BACH2
BAD	BAD
BAGE2	BAGE2
BAP1	BAP1|BRCA1 associated protein 1BRCA1 associated protein 1|BRCA1 associated protein-1 (ubiquitin carboxy-terminal hydrolase)|cerebral protein 6|cerebral protein-13|HUCEP-13|hucep-6|ubiquitin carboxyl-terminal hydrolase BAP1|UCHL2
BARD1	BARD1|BRCA1 associated RING domain 1BRCA1 associated RING domain 1|BRCA1-associated RING domain gene 1|BRCA1-associated RING domain protein 1|RING-type E3 ubiquitin transferase BARD1
BATF	BATF
BAX	BAX|apoptosis regulator BAX|Baxdelta2G9|Baxdelta2G9omega|Baxdelta2omega|bcl-2-like protein 4|BCL2 associated X protein|BCL2 associated X, apoptosis regulatorBCL2 associated X, apoptosis regulator|BCL2-associated X protein omega|bcl2-L-4|BCL2L4
BAZ1A	BAZ1A|ACF1|ATP-dependent chromatin remodeling protein|ATP-utilizing chromatin assembly and remodeling factor 1|bromodomain adjacent to zinc finger domain 1Abromodomain adjacent to zinc finger domain 1A|bromodomain adjacent to zinc finger domain protein 1A|CHRAC subunit ACF1|hACF1|hWALp1|WALp1|WCRF180|williams syndrome transcription factor-related chromatin-remodeling factor 180
BBC3	BBC3
BBS9	BBS9
BCAM	BCAM
BCAS1	BCAS1
BCAS3	BCAS3
BCL10	BCL10|B cell CLL/lymphoma 10|B-cell lymphoma/leukemia 10|BCL10 immune signaling adaptorBCL10 immune signaling adaptor|c-E10|CARD containing molecule enhancing NF-kB|CARD-containing apoptotic signaling protein|CARD-containing molecule enhancing NF-kappa-B|CARD-containing proapoptotic protein|CARMEN|caspase-recruiting domain-containing protein|cCARMEN|CED-3/ICH-1 prodomain homologous E10-like regulator|cellular homolog of vCARMEN|cellular-E10|CIPER|CLAP|hCLAP|IMD37|mammalian CARD-containing adapter molecule E10|mE10
BCL11A	BCL11A|B cell CLL/lymphoma 11A|B-cell CLL/lymphoma 11A (zinc finger protein)|B-cell lymphoma/leukemia 11A|BAF chromatin remodeling complex subunit BCL11ABAF chromatin remodeling complex subunit BCL11A|BCL11A B-cell CLL/lymphoma 11A (zinc finger protein)|BCL11A, BAF complex component|BCL11A-L|BCL11a-M|BCL11A-S|BCL11A-XL|C2H2-type zinc finger protein|COUP-TF-interacting protein 1|CTIP1|DILOS|ecotropic viral integration site 9 homolog|ecotropic viral integration site 9 protein homolog|EVI9|HBFQTL5|zinc finger protein 856|ZNF856
BCL11B	BCL11B|ATL1|ATL1-alpha|ATL1-beta|ATL1-delta|ATL1-gamma|B cell CLL/lymphoma 11B|B-cell CLL/lymphoma 11B (zinc finger protein)|B-cell CLL/lymphoma 11B/T-cell receptor delta constant region fusion protein|B-cell lymphoma/leukaemia 11B|B-cell lymphoma/leukemia 11B|BAF chromatin remodeling complex subunit BCL11BBAF chromatin remodeling complex subunit BCL11B|BCL-11B|BCL11B, BAF complex component|BCL11B/TRDC fusion|COUP-TF-interacting protein 2|CTIP-2|CTIP2|hRit1|hRIT1-alpha|IDDFSTA|IMD49|radiation-induced tumor suppressor gene 1 protein|RIT1|zinc finger protein hRit1 alpha|ZNF856B
BCL2	BCL2|apoptosis regulator Bcl-2|B-cell CLL/lymphoma 2|Bcl-2|BCL2 apoptosis regulatorBCL2 apoptosis regulator|PPP1R50|protein phosphatase 1, regulatory subunit 50
BCL2L1	BCL2L1
BCL2L11	BCL2L11
BCL2L12	BCL2L12|Bcl-2 related proline-rich protein|bcl-2-like protein 12|BCL2 like 12BCL2 like 12|BCL2-like 12 (proline rich)
BCL2L14	BCL2L14
BCL3	BCL3|B cell CLL/lymphoma 3|B-cell leukemia/lymphoma 3|B-cell lymphoma 3 protein|B-cell lymphoma 3-encoded protein|BCL-3|BCL3 transcription coactivatorBCL3 transcription coactivator|BCL4|chronic lymphatic leukemia protein|D19S37|proto-oncogene BCL3
BCL6	BCL6|B cell CLL/lymphoma 6|B-cell lymphoma 5 protein|B-cell lymphoma 6 protein|B-cell lymphoma 6 protein transcript|BCL-5|BCL-6|BCL5|BCL6 transcription repressorBCL6 transcription repressor|BCL6A|cys-his2 zinc finger transcription factor|LAZ3|lymphoma-associated zinc finger gene on chromosome 3|protein LAZ-3|ZBTB27|zinc finger and BTB domain-containing protein 27|zinc finger protein 51|zinc finger transcription factor BCL6S|ZNF51
BCL7A	BCL7A|B-cell CLL/lymphoma 7 protein family member A|B-cell CLL/lymphoma 7A|B-cell CLL/lymphoma-7|BAF chromatin remodeling complex subunit BCL7ABAF chromatin remodeling complex subunit BCL7A|BCL tumor suppressor 7A|BCL7|BCL7A, BAF complex component
BCL9	BCL9|B cell CLL/lymphoma 9|B-cell CLL/lymphoma 9 protein|B-cell lymphoma 9 protein|bcl-9|BCL9 transcription coactivatorBCL9 transcription coactivator|LGS|protein legless homolog
BCL9L	BCL9L|B cell CLL/lymphoma 9 like|B-cell CLL/lymphoma 9-like protein|B-cell lymphoma 9-like protein|B9L|BCL9 likeBCL9 like|BCL9-2|BCL9-like protein|DLNB11|nuclear co-factor of beta-catenin signalling|protein BCL9-2
BCLAF1	BCLAF1|bcl-2-associated transcription factor 1|BCL2 associated transcription factor 1BCL2 associated transcription factor 1|BCLAF1 and THRAP3 family member 1|bK211L9.1|BTF
BCOR	BCOR|ANOP2|BCL-6 coreceptor|BCL-6 corepressor|BCL-6 interacting corepressor|BCL6 corepressorBCL6 corepressor|BCL6 interacting corepressor|MAA2|MCOPS2
BCORL1	BCORL1|BCL-6 corepressor-like protein 1|BCL6 corepressor like 1BCL6 corepressor like 1|BCoR-L1|BCoR-like protein 1|CXorf10|SHUVER
BCR	BCR|ALL|BCR activator of RhoGEF and GTPaseBCR activator of RhoGEF and GTPase|BCR, RhoGEF and GTPase activating protein|BCR/FGFR1 chimera protein|BCR1|breakpoint cluster region|breakpoint cluster region protein|CML|D22S11|D22S662|FGFR1/BCR chimera protein|PHL|renal carcinoma antigen NY-REN-26
BET1	BET1
BICC1	BICC1
BIRC2	BIRC2
BIRC3	BIRC3|AIP1|API2|apoptosis inhibitor 2|baculoviral IAP repeat containing 3baculoviral IAP repeat containing 3|baculoviral IAP repeat-containing protein 3|c-IAP2|cellular inhibitor of apoptosis 2|CIAP2|HAIP1|HIAP1|IAP homolog C|IAP-1|inhibitor of apoptosis protein 1|MALT2|mammalian IAP homolog C|MIHC|RING finger protein 49|RING-type E3 ubiquitin transferase BIRC3|RNF49|TNFR2-TRAF signaling complex protein|TNFR2-TRAF-signaling complex protein 1
BIRC5	BIRC5
BIRC6	BIRC6|APOLLON|baculoviral IAP repeat containing 6baculoviral IAP repeat containing 6|baculoviral IAP repeat-containing protein 6|BIR repeat-containing ubiquitin-conjugating enzyme|BRUCE|RING-type E3 ubiquitin transferase BIRC6|ubiquitin-conjugating BIR-domain enzyme apollon
BIRC7	BIRC7
BLM	BLM|BLM RecQ like helicaseBLM RecQ like helicase|Bloom syndrome protein|Bloom syndrome RecQ like helicase|Bloom syndrome, RecQ helicase-like|BS|DNA helicase, RecQ-like type 2|MGRISCE1|recQ protein-like 3|RECQ2|RECQL2|RECQL3
BMP5	BMP5|bone morphogenetic protein 5|bone morphogenetic protein 5bone morphogenetic protein 5
BMPR1A	BMPR1A|10q23del|activin A receptor, type II-like kinase 3|activin receptor-like kinase 3|ACVRLK3|ALK-3|ALK3|BMP type-1A receptor|BMPR-1A|bone morphogenetic protein receptor type 1Abone morphogenetic protein receptor type 1A|bone morphogenetic protein receptor type-1A|bone morphogenetic protein receptor, type IA|CD292|serine/threonine-protein kinase receptor R5|SKR5
BMPR1B	BMPR1B
BRAF	BRAF|94 kDa B-raf protein|B-raf|B-Raf proto-oncogene serine/threonine-protein kinase (p94)|B-Raf proto-oncogene, serine/threonine kinaseB-Raf proto-oncogene, serine/threonine kinase|B-Raf serine/threonine-protein|B-RAF1|BRAF1|murine sarcoma viral (v-raf) oncogene homolog B1|NS7|proto-oncogene B-Raf|RAFB1|serine/threonine-protein kinase B-raf|v-raf murine sarcoma viral oncogene homolog B|v-raf murine sarcoma viral oncogene homolog B1
BRCA1	BRCA1|BRCA1 DNA repair associatedBRCA1 DNA repair associated|BRCA1/BRCA2-containing complex, subunit 1|BRCAI|BRCC1|breast and ovarian cancer susceptibility protein 1|breast cancer 1, early onset|breast cancer type 1 susceptibility protein|BROVCA1|early onset breast cancer 1|Fanconi anemia, complementation group S|FANCS|IRIS|PNCA4|PPP1R53|protein phosphatase 1, regulatory subunit 53|PSCP|RING finger protein 53|RNF53
BRCA2	BRCA2|BRCA1/BRCA2-containing complex, subunit 2|BRCA2 DNA repair associatedBRCA2 DNA repair associated|BRCC2|breast and ovarian cancer susceptibility gene, early onset|breast and ovarian cancer susceptibility protein 2|breast cancer 2 tumor suppressor|breast cancer 2, early onset|breast cancer type 2 susceptibility protein|BROVCA2|FACD|FAD|FAD1|FANCD|FANCD1|Fanconi anemia group D1 protein|GLM3|mutant BRCA2|PNCA2|truncated BRCA2 DNA repair-associated protein|truncated breast cancer 2|truncated DNA repair-associated BRCA2|XRCC11
BRD3	BRD3|bromodomain containing 3bromodomain containing 3|bromodomain-containing protein 3|ORFX|RING3-like protein|RING3L
BRD4	BRD4|bromodomain containing 4bromodomain containing 4|bromodomain-containing protein 4|CAP|chromosome-associated protein|HUNK1|HUNKI|MCAP|mitotic chromosome-associated protein
BRIP1	BRIP1|ATP-dependent RNA helicase BRIP1|BACH1|BRCA1 interacting protein C-terminal helicase 1BRCA1 interacting protein C-terminal helicase 1|BRCA1-associated C-terminal helicase 1|BRCA1-binding helicase-like protein BACH1|BRCA1/BRCA2-associated helicase 1|FANCJ|Fanconi anemia group J protein|OF
BRMS1L	BRMS1L
BSN	BSN
BTBD1	BTBD1
BTC	BTC
BTG1	BTG1|APRO2|B-cell translocation gene 1 protein|B-cell translocation gene 1, anti-proliferative|BTG anti-proliferation factor 1BTG anti-proliferation factor 1|protein BTG1
BTK	BTK|agammaglobulinaemia tyrosine kinase|AGMX1|AT|ATK|B-cell progenitor kinase|BPK|Bruton agammaglobulinemia tyrosine kinase|Bruton tyrosine kinaseBruton tyrosine kinase|Bruton's tyrosine kinase|dominant-negative kinase-deficient Brutons tyrosine kinase|IGHD3|IMD1|PSCTK1|truncated Bruton agammaglobulinemia tyrosine kinase|tyrosine-protein kinase BTK|XLA
BUB1B	BUB1B|BUB1 mitotic checkpoint serine/threonine kinase BBUB1 mitotic checkpoint serine/threonine kinase B|Bub1A|BUB1B, mitotic checkpoint serine/threonine kinase|BUB1beta|BUBR1|budding uninhibited by benzimidazoles 1 homolog beta|hBUBR1|MAD3/BUB1-related protein kinase|MAD3L|mitotic checkpoint kinase MAD3L|mitotic checkpoint serine/threonine-protein kinase BUB1 beta|MVA1|SSK1
C10ORF76	C10ORF76
C11ORF65	C11ORF65
C14ORF176	C14ORF176
C15ORF57	C15ORF57
C15ORF65	C15orf65|C15ORF65|chromosome 15 open reading frame 65chromosome 15 open reading frame 65|uncharacterized protein C15orf65
C17ORF37	C17ORF37
C19ORF12	C19ORF12
C19ORF26	C19ORF26
C19ORF38	C19ORF38
C19ORF47	C19ORF47
C19ORF53	C19ORF53
C1ORF83	C1ORF83
C1ORF87	C1ORF87
C22ORF43	C22ORF43
C2ORF39	C2ORF39
C2ORF63	C2ORF63
C2ORF67	C2ORF67
C4ORF48	C4ORF48
C6ORF10	C6ORF10
C6ORF106	C6ORF106
C6ORF204	C6ORF204
C6ORF97	C6ORF97
C7ORF60	C7ORF60
C8ORF38	C8ORF38
C9ORF130	C9ORF130
CA10	CA10
CA9	CA9
CACNA1A	CACNA1A
CACNA1D	CACNA1D|CACH3|CACN4|CACNL1A2|calcium channel, L type, alpha-1 polypeptide|calcium channel, neuroendocrine/brain-type, alpha 1 subunit|calcium channel, voltage-dependent, L type, alpha 1D subunit|calcium voltage-gated channel subunit alpha1 Dcalcium voltage-gated channel subunit alpha1 D|Cav1.3|CCHL1A2|PASNA|SANDD|voltage-dependent L-type calcium channel subunit alpha-1D|voltage-gated calcium channel alpha 1 subunit|voltage-gated calcium channel alpha subunit Cav1.3
CAD	CAD
CALB1	CALB1
CALR	CALR|calregulin|calreticulin|calreticulincalreticulin|cC1qR|CRP55|CRT|endoplasmic reticulum resident protein 60|epididymis secretory sperm binding protein Li 99n|ERp60|grp60|HACBP|HEL-S-99n|RO|Sicca syndrome antigen A (autoantigen Ro; calreticulin)|SSA
CAMK2D	CAMK2D
CAMTA1	CAMTA1|calmodulin binding transcription activator 1calmodulin binding transcription activator 1|calmodulin-binding transcription activator 1|CANPMR
CANT1	CANT1|apyrase homolog|Ca2+-dependent endoplasmic reticulum nucleoside diphosphatase|calcium activated nucleotidase 1calcium activated nucleotidase 1|DBQD|DBQD1|EDM7|micromelic dwarfism with vertebral and metaphyseal abnormalities and advanced carpotarsal ossification|putative MAPK-activating protein PM09|putative NF-kappa-B-activating protein 107|SCAN-1|SCAN1|SHAPY|soluble Ca-activated nucleotidase, isozyme 1|soluble calcium-activated nucleotidase 1|soluble calcium-activated nucleotidase SCAN-1
CAPZA3	CAPZA3
CARD11	CARD11|bcl10-interacting maguk protein 3|BENTA|BIMP3|CARD-containing MAGUK protein 1|carma 1|CARMA1|caspase recruitment domain family member 11caspase recruitment domain family member 11|caspase recruitment domain-containing protein 11|IMD11|IMD11A|PPBL
CARM1	CARM1
CARS1	CARS1|CARS|CYSRS|cysteine translase|cysteine tRNA ligase 1, cytoplasmic|cysteine--tRNA ligase, cytoplasmic|cysteinyl-tRNA synthetase 1cysteinyl-tRNA synthetase 1|MCDDBH|MDBH|MGC:11246
CASC3	CASC3
CASP10	CASP10
CASP3	CASP3|apopain|CASP-3|caspase 3, apoptosis-related cysteine peptidase|caspase 3, apoptosis-related cysteine protease|caspase 3caspase 3|caspase-3|CPP-32|CPP32|CPP32B|cysteine protease CPP32|PARP cleavage protease|procaspase3|protein Yama|SCA-1|SREBP cleavage activity 1
CASP8	CASP8|ALPS2B|apoptotic cysteine protease|apoptotic protease Mch-5|CAP4|Casp-8|caspase 8, apoptosis-related cysteine peptidase|caspase 8, apoptosis-related cysteine protease|caspase 8caspase 8|caspase-8|FADD-homologous ICE/CED-3-like protease|FADD-like ICE|FLICE|ICE-like apoptotic protease 5|MACH|MACH-alpha-1/2/3 protein|MACH-beta-1/2/3/4 protein|MCH5|MORT1-associated ced-3 homolog
CASP9	CASP9|APAF-3|APAF3|apoptotic protease activating factor 3|apoptotic protease MCH-6|caspase 9, apoptosis-related cysteine peptidase|caspase 9caspase 9|caspase-9|ICE-LAP6|ICE-like apoptotic protease 6|MCH6|PPP1R56|protein phosphatase 1, regulatory subunit 56
CASZ1	CASZ1
CBFA2T3	CBFA2T3|CBFA2/RUNX1 partner transcriptional co-repressor 3CBFA2/RUNX1 partner transcriptional co-repressor 3|CBFA2/RUNX1 translocation partner 3|core-binding factor, runt domain, alpha subunit 2; translocated to, 3|ETO2|MTG16|MTG8-related gene 2|MTG8-related protein 2|MTGR2|myeloid translocation gene 8 and 16b|myeloid translocation gene on chromosome 16 protein|protein CBFA2T3|RUNX1T3|zinc finger MYND domain-containing protein 4|ZMYND4
CBFB	CBFB|CBF-beta|core-binding factor beta subunit|core-binding factor subunit beta|core-binding factor subunit betacore-binding factor subunit beta|PEA2-beta|PEBP2-beta|PEBP2B|polyomavirus enhancer binding protein 2, beta subunit|SL3-3 enhancer factor 1 beta subunit|SL3-3 enhancer factor 1 subunit beta|SL3/AKV core-binding factor beta subunit
CBL	CBL|C-CBL|Cas-Br-M (murine) ecotropic retroviral transforming sequence|casitas B-lineage lymphoma proto-oncogene|Cbl proto-oncogene, E3 ubiquitin protein ligase|Cbl proto-oncogeneCbl proto-oncogene|CBL2|E3 ubiquitin-protein ligase CBL|FRA11B|fragile site, folic acid type, rare, fra(11)(q23.3)|NSLL|oncogene CBL2|proto-oncogene c-Cbl|RING finger protein 55|RING-type E3 ubiquitin transferase CBL|RNF55|signal transduction protein CBL
CBLB	CBLB|Cas-Br-M (murine) ecotropic retroviral transforming sequence b|casitas B-lineage lymphoma proto-oncogene b|Cbl proto-oncogene B, E3 ubiquitin protein ligase|Cbl proto-oncogene BCbl proto-oncogene B|Cbl proto-oncogene, E3 ubiquitin protein ligase B|Cbl-b|E3 ubiquitin-protein ligase CBL-B|Nbla00127|RING finger protein 56|RING-type E3 ubiquitin transferase CBL-B|RNF56|SH3-binding protein CBL-B|signal transduction protein CBL-B
CBLC	CBLC|Cas-Br-M (murine) ecotropic retroviral transforming sequence c|Cas-Br-M (murine) ectropic retroviral transforming sequence c|Cbl proto-oncogene C, E3 ubiquitin protein ligase|Cbl proto-oncogene CCbl proto-oncogene C|Cbl proto-oncogene, E3 ubiquitin protein ligase C|CBL-3|CBL-SL|E3 ubiquitin-protein ligase CBL-C|RING finger protein 57|RING-type E3 ubiquitin transferase CBL-C|RNF57|SH3-binding protein CBL-3|SH3-binding protein CBL-C|signal transduction protein CBL-C
CCDC46	CCDC46
CCDC53	CCDC53
CCDC6	CCDC6|coiled-coil domain containing 6coiled-coil domain containing 6|coiled-coil domain-containing protein 6|D10S170|H4|papillary thyroid carcinoma-encoded protein|PTC|TPC|TST1
CCL2	CCL2
CCNB1IP1	CCNB1IP1|C14orf18|cyclin B1 interacting protein 1, E3 ubiquitin protein ligase|cyclin B1 interacting protein 1cyclin B1 interacting protein 1|E3 ubiquitin-protein ligase CCNB1IP1|epididymis secretory sperm binding protein|HEI10|human enhancer of invasion 10|RING-type E3 ubiquitin transferase CCNB1IP1
CCNC	CCNC|CycC|cyclin Ccyclin C|cyclin-C|hSRB11|SRB11|SRB11 homolog
CCND1	CCND1|B-cell CLL/lymphoma 1|B-cell lymphoma 1 protein|BCL-1 oncogene|BCL1|cyclin D1cyclin D1|D11S287E|G1/S-specific cyclin-D1|PRAD1|PRAD1 oncogene|U21B31
CCND2	CCND2|cyclin D2cyclin D2|G1/S-specific cyclin-D2|KIAK0002|MPPH3
CCND3	CCND3|cyclin D3cyclin D3|D3-type cyclin|G1/S-specific cyclin-D3
CCNE1	CCNE1|CCNE|cyclin E1cyclin E1|G1/S-specific cyclin-E1|pCCNE1
CCNE2	CCNE2
CCNQ	CCNQ
CCR4	CCR4|C-C chemokine receptor type 4|C-C CKR-4|C-C motif chemokine receptor 4C-C motif chemokine receptor 4|CC-CKR-4|CCR-4|CD194|chemokine (C-C motif) receptor 4|chemokine (C-C) receptor 4|ChemR13|CKR4|CMKBR4|HGCN:14099|K5-5
CCR5	CCR5
CCR7	CCR7|BLR2|Bukitt's lymphoma receptor 2|C-C chemokine receptor type 7|C-C motif chemokine receptor 7C-C motif chemokine receptor 7|CC chemokine receptor 7|CC-CKR-7|CCR-7|CD197|CDw197|chemokine (C-C motif) receptor 7|CMKBR7|EBI1|EBV-induced G protein-coupled receptor 1|Epstein-Barr virus induced gene 1|Epstein-Barr virus-induced G-protein coupled receptor 1|lymphocyte-specific G protein-coupled peptide receptor|MIP-3 beta receptor
CCRN4L	CCRN4L
CD180	CD180
CD19	CD19
CD200	CD200
CD209	CD209|C-type lectin domain family 4 member L|CD209 antigen|CD209 moleculeCD209 molecule|CDSIGN|CLEC4L|DC-SIGN|DC-SIGN1|dendritic cell-specific ICAM-3-grabbing non-integrin 1|dendritic cell-specific intercellular adhesion molecule-3-grabbing non-integrin|dendritic cell-specific intracellular adhesion molecules (ICAM)-3 grabbing non-integrin|HIV gpl20-binding protein
CD22	CD22
CD274	CD274|B7 homolog 1|B7-H|B7H1|CD274 antigen|CD274 moleculeCD274 molecule|hPD-L1|PD-L1|PDCD1 ligand 1|PDCD1L1|PDCD1LG1|PDL1|programmed cell death 1 ligand 1
CD276	CD276
CD28	CD28|CD28 moleculeCD28 molecule|T-cell-specific surface glycoprotein CD28|Tp44
CD33	CD33
CD34	CD34
CD38	CD38
CD4	CD4
CD5	CD5
CD52	CD52
CD58	CD58
CD68	CD68
CD69	CD69
CD70	CD70
CD72	CD72
CD74	CD74|CD74 antigen (invariant polypeptide of major histocompatibility complex, class II antigen-associated)|CD74 molecule, major histocompatibility complex, class II invariant chain|CD74 moleculeCD74 molecule|DHLAG|gamma chain of class II antigens|HLA class II histocompatibility antigen gamma chain|HLA-DR antigens-associated invariant chain|HLA-DR-gamma|HLADG|Ia-associated invariant chain|Ia-GAMMA|II|MHC HLA-DR gamma chain|p33
CD79A	CD79A|B-cell antigen receptor complex-associated protein alpha chain|CD79a antigen (immunoglobulin-associated alpha)|CD79a molecule, immunoglobulin-associated alpha|CD79a moleculeCD79a molecule|ig-alpha|IGA|MB-1|MB-1 membrane glycoprotein|membrane-bound immunoglobulin-associated protein|surface IgM-associated protein
CD79B	CD79B|AGM6|B-cell antigen receptor complex-associated protein beta chain|B-cell-specific glycoprotein B29|B29|CD79b antigen (immunoglobulin-associated beta)|CD79b molecule, immunoglobulin-associated beta|CD79b moleculeCD79b molecule|Ig-beta|IGB|immunoglobulin-associated B29 protein
CD82	CD82
CDC73	CDC73|C1orf28|cell division cycle 73 Paf1/RNA polymerase II complex component-like protein|cell division cycle 73, Paf1/RNA polymerase II complex component, homolog|cell division cycle 73cell division cycle 73|cell division cycle protein 73 homolog|Familial isolated hyperparathyroidism|FIHP|HPTJT|HRPT1|HRPT2|hyperparathyroidism 2 protein|HYX|Paf1/RNA polymerase II complex component|parafibromin
CDCA8	CDCA8
CDH1	CDH1|Arc-1|BCDS1|cadherin 1, E-cadherin (epithelial)|cadherin 1, type 1, E-cadherin (epithelial)|cadherin 1cadherin 1|cadherin-1|calcium-dependent adhesion protein, epithelial|CAM 120/80|CD324|CDHE|cell-CAM 120/80|E-cadherin 1|ECAD|epididymis secretory sperm binding protein|epithelial cadherin|LCAM|UVO|uvomorulin
CDH10	CDH10|cadherin 10 type 2|cadherin 10cadherin 10|cadherin-10|T2-cadherin
CDH11	CDH11|CAD11|cadherin 11, type 2, OB-cadherin (osteoblast)|cadherin 11cadherin 11|cadherin-11|CDHOB|ESWS|OB|OSF-4
CDH12	CDH12
CDH15	CDH15
CDH17	CDH17|cadherin 17, LI cadherin (liver-intestine)|cadherin 17cadherin 17|cadherin-16|cadherin-17|CDH16|HPT-1|HPT-1 cadherin|HPT1|human intestinal peptide-associated transporter HPT-1|human peptide transporter 1|intestinal peptide-associated transporter HPT-1|LI cadherin|liver-intestine cadherin
CDH18	CDH18
CDH26	CDH26
CDH3	CDH3
CDH6	CDH6
CDK12	CDK12|Cdc2-related kinase, arginine/serine-rich|CDC2-related protein kinase 7|cell division cycle 2-related protein kinase 7|cell division protein kinase 12|CRK7|CRKR|CRKRS|cyclin dependent kinase 12cyclin dependent kinase 12|cyclin-dependent kinase 12
CDK2	CDK2|cdc2-related protein kinase|CDKN2|cell division protein kinase 2|cyclin dependent kinase 2cyclin dependent kinase 2|cyclin-dependent kinase 2|p33 protein kinase|p33(CDK2)
CDK4	CDK4|cell division protein kinase 4|CMM3|cyclin dependent kinase 4cyclin dependent kinase 4|cyclin-dependent kinase 4|PSK-J3
CDK5	CDK5
CDK5RAP2	CDK5RAP2
CDK6	CDK6|cell division protein kinase 6|cyclin dependent kinase 6cyclin dependent kinase 6|cyclin-dependent kinase 6|MCPH12|PLSTIRE|serine/threonine-protein kinase PLSTIRE
CDK8	CDK8
CDK9	CDK9
CDKL5	CDKL5
CDKN1A	CDKN1A|CAP20|CDK-interacting protein 1|CDK-interaction protein 1|CDKN1|CIP1|cyclin dependent kinase inhibitor 1Acyclin dependent kinase inhibitor 1A|cyclin-dependent kinase inhibitor 1|cyclin-dependent kinase inhibitor 1A (p21, Cip1)|DNA synthesis inhibitor|MDA-6|melanoma differentiation associated protein 6|P21|p21CIP1|SDI1|WAF1|wild-type p53-activated fragment 1
CDKN1B	CDKN1B|CDKN4|cyclin dependent kinase inhibitor 1Bcyclin dependent kinase inhibitor 1B|cyclin-dependent kinase inhibitor 1B|cyclin-dependent kinase inhibitor 1B (p27, Kip1)|KIP1|MEN1B|MEN4|P27KIP1
CDKN2A	CDKN2A|alternative reading frame|ARF|CDK4 inhibitor p16-INK4|CDK4I|CDKN2|cell cycle negative regulator beta|CMM2|cyclin dependent kinase inhibitor 2Acyclin dependent kinase inhibitor 2A|cyclin-dependent kinase 4 inhibitor A|cyclin-dependent kinase inhibitor 2A|cyclin-dependent kinase inhibitor 2A (melanoma, p16, inhibits CDK4)|INK4|INK4A|MLM|MTS-1|MTS1|multiple tumor suppressor 1|P14|P14ARF|P16|P16-INK4A|P16INK4|P16INK4A|P19|P19ARF|TP16
CDKN2B	CDKN2B|CDK inhibitory protein|CDK4B inhibitor|CDK4I|cyclin dependent kinase inhibitor 2Bcyclin dependent kinase inhibitor 2B|cyclin-dependent kinase 4 inhibitor B|cyclin-dependent kinase inhibitor 2B (p15, inhibits CDK4)|cyclin-dependent kinases 4 and 6 binding protein|INK4B|MTS-2|MTS2|multiple tumor suppressor 2|p14-INK4b|p14_CDK inhibitor|p14_INK4B|P15|p15 CDK inhibitor|p15-INK4b|p15_INK4B|p15INK4b|TP15
CDKN2BAS	CDKN2BAS
CDKN2C	CDKN2C|CDK6 inhibitor p18|cyclin dependent kinase inhibitor 2Ccyclin dependent kinase inhibitor 2C|cyclin-dependent inhibitor|cyclin-dependent kinase 4 inhibitor C|cyclin-dependent kinase 6 inhibitor p18|cyclin-dependent kinase inhibitor 2C (p18, inhibits CDK4)|INK4C|p18|p18-INK4C|p18-INK6
CDON	CDON
CDT1	CDT1
CDX2	CDX2|caudal type homeobox 2caudal type homeobox 2|caudal type homeobox transcription factor 2|caudal-type homeobox protein 2|CDX-3|CDX2/AS|CDX3|homeobox protein CDX-2|homeobox protein miniCDX2
CEACAM6	CEACAM6
CEBPA	CEBPA|C/EBP-alpha|CCAAT enhancer binding protein alphaCCAAT enhancer binding protein alpha|CCAAT/enhancer binding protein (C/EBP), alpha|CCAAT/enhancer-binding protein alpha|CEBP
CEBPB	CEBPB
CELF2	CELF2
CENPA	CENPA
CENPC	CENPC
CEP110	CEP110
CEP43	CEP43|centrosomal protein 43|centrosomal protein 43centrosomal protein 43|FGFR1 oncogene partner|FGFR1OP|fibroblast growth factor receptor 1 oncogene partner|FOP
CEP89	CEP89|CCDC123|centrosomal protein 123|centrosomal protein 89centrosomal protein 89|centrosomal protein 89kDa|centrosomal protein of 89 kDa|CEP123|coiled-coil domain containing 123|coiled-coil domain-containing protein 123, mitochondrial
CFLAR	CFLAR
CHCHD7	CHCHD7|coiled-coil-helix-coiled-coil-helix domain containing 7coiled-coil-helix-coiled-coil-helix domain containing 7|coiled-coil-helix-coiled-coil-helix domain-containing protein 7|COX23|COX23 cytochrome c oxidase assembly homolog
CHD2	CHD2|ATP-dependent helicase CHD2|CHD-2|chromodomain helicase DNA binding protein 2chromodomain helicase DNA binding protein 2|chromodomain-helicase-DNA-binding protein 2|EEOC
CHD3	CHD3
CHD4	CHD4|ATP-dependent helicase CHD4|CHD-4|chromodomain helicase DNA binding protein 4chromodomain helicase DNA binding protein 4|chromodomain-helicase-DNA-binding protein 4|Mi-2 autoantigen 218 kDa protein|Mi-2b|Mi2-BETA|SIHIWES
CHD7	CHD7
CHEK1	CHEK1|cell cycle checkpoint kinase|checkpoint kinase 1checkpoint kinase 1|Checkpoint, S. pombe, homolog of, 1|CHK1|CHK1 checkpoint homolog|Chk1-S|serine/threonine-protein kinase Chk1
CHEK2	CHEK2|CDS1|cds1 homolog|checkpoint kinase 2checkpoint kinase 2|checkpoint-like protein CHK2|CHK2|CHK2 checkpoint homolog|hCds1|HuCds1|LFS2|PP1425|RAD53|serine/threonine-protein kinase Chk2
CHIC2	CHIC2|BRX-like translocated in leukemia|BTL|cystein-rich hydrophobic domain 2|cysteine rich hydrophobic domain 2cysteine rich hydrophobic domain 2|cysteine-rich hydrophobic domain 2 protein|cysteine-rich hydrophobic domain-containing protein 2
CHN1	CHN1
CHST11	CHST11|C4S-1|C4ST|C4ST-1|C4ST1|carbohydrate (chondroitin 4) sulfotransferase 11|carbohydrate sulfotransferase 11|carbohydrate sulfotransferase 11carbohydrate sulfotransferase 11|chondroitin 4-O-sulfotransferase 1|HSA269537|IgH/CHST11 fusion|OCBMD
CIC	CIC|capicua transcriptional repressorcapicua transcriptional repressor|MRD45|protein capicua homolog
CIITA	CIITA|C2TA|CIITAIV|class II major histocompatibility complex transactivatorclass II major histocompatibility complex transactivator|MHC class II transactivator|MHC class II transactivator type I|MHC class II transactivator type III|MHC2TA|NLR family, acid domain containing|NLRA|nucleotide-binding oligomerization domain, leucine rich repeat and acid domain containing
CIP2A	CIP2A
CLCN5	CLCN5
CLDN18	CLDN18
CLEC12A	CLEC12A
CLIP1	CLIP1|CAP-Gly domain containing linker protein 1CAP-Gly domain containing linker protein 1|CAP-Gly domain-containing linker protein 1|CLIP|CLIP-170|CLIP170|CYLN1|cytoplasmic linker protein 1|cytoplasmic linker protein 170 alpha-2|cytoplasmic linker protein CLIP-170|restin (Reed-Steinberg cell-expressed intermediate filament-associated protein)|RSN
CLIP4	CLIP4
CLMN	CLMN
CLP1	CLP1|ATP/GTP-binding protein|cleavage and polyadenylation factor I subunit 1|cleavage factor polyribonucleotide kinase subunit 1cleavage factor polyribonucleotide kinase subunit 1|hClp1|HEAB|homolog of yeast CFIA subunit Clp1p|polyadenylation factor Clp1|polynucleotide kinase Clp1|polyribonucleotide 5'-hydroxyl-kinase Clp1|pre-mRNA cleavage complex II protein Clp1
CLTC	CLTC|CHC|CHC17|clathrin heavy chain 1|clathrin heavy chain on chromosome 17|clathrin heavy chainclathrin heavy chain|clathrin, heavy polypeptide (Hc)|clathrin, heavy polypeptide-like 2|CLH-17|CLTCL2|Hc|MRD56
CLTCL1	CLTCL1|CHC22|clathrin heavy chain 2|clathrin heavy chain like 1clathrin heavy chain like 1|clathrin heavy chain on chromosome 22|Clathrin, heavy polypeptide D|clathrin, heavy polypeptide-like 1|CLH-22|CLH22|CLTCL|CLTD
CLVS1	CLVS1
CLYBL	CLYBL
CMIP	CMIP
CNBD1	CNBD1|cyclic nucleotide binding domain containing 1cyclic nucleotide binding domain containing 1|cyclic nucleotide-binding domain-containing protein 1
CNBP	CNBP|CCHC-type zinc finger nucleic acid binding proteinCCHC-type zinc finger nucleic acid binding protein|cellular nucleic acid-binding protein|CNBP1|DM2|erythroid differentiation-related|PROMM|RNF163|sterol regulatory element-binding protein|ZCCHC22|zinc finger protein 273|zinc finger protein 9 (a cellular retroviral nucleic acid binding protein)|ZNF9
CNIH2	CNIH2
CNOT3	CNOT3|CCR4-associated factor 3|CCR4-NOT transcription complex subunit 3|CCR4-NOT transcription complex subunit 3CCR4-NOT transcription complex subunit 3|IDDSADF|LENG2|leukocyte receptor cluster member 2|NOT3|NOT3 (negative regulator of transcription 3, yeast) homolog|NOT3H
CNTN1	CNTN1
CNTN5	CNTN5
CNTNAP2	CNTNAP2|AUTS15|CASPR2|CDFE|cell recognition molecule Caspr2|contactin associated protein 2contactin associated protein 2|contactin associated protein like 2|contactin-associated protein-like 2|homolog of Drosophila neurexin IV|NRXN4|PTHSL1
CNTNAP4	CNTNAP4
CNTRL	CNTRL|110 kDa centrosomal protein|bA165P4.1|bA165P4.1 (ortholog of mouse Ma2a8)|bA165P4.2 (centrosomal protein 1)|centriole associated protein|centriolin|centriolincentriolin|centrosomal protein 110kDa|centrosomal protein of 110 kDa|CEP1|CEP110|FAN
CNTROB	CNTROB
COL14A1	COL14A1
COL1A1	COL1A1|alpha-1 type I collagen|alpha1(I) procollagen|CAFYD|collagen alpha 1 chain type I|collagen alpha-1(I) chain|collagen alpha-1(I) chain preproprotein|collagen of skin, tendon and bone, alpha-1 chain|collagen type I alpha 1 chaincollagen type I alpha 1 chain|collagen, type I, alpha 1|EDSARTH1|EDSC|OI1|OI2|OI3|OI4|pro-alpha-1 collagen type 1|type I proalpha 1|type I procollagen alpha 1 chain
COL1A2	COL1A2
COL2A1	COL2A1|alpha-1 type II collagen|ANFH|AOM|arthroophthalmopathy, progressive (Stickler syndrome)|cartilage collagen|chondrocalcin|COL11A3|collagen alpha-1(II) chain|collagen II, alpha-1 polypeptide|collagen type II alpha 1 chaincollagen type II alpha 1 chain|collagen, type II, alpha 1|SEDC|STL1
COL3A1	COL3A1|alpha-1 type III collagen|alpha1 (III) collagen|collagen alpha-1(III) chain|collagen type III alpha 1 chaincollagen type III alpha 1 chain|collagen, fetal|collagen, type III, alpha 1|EDS4A|EDSVASC|Ehlers-Danlos syndrome type IV, autosomal dominant|PMGEDSV
COL4A3BP	COL4A3BP
COP1	COP1
COPZ2	COPZ2
COX19	COX19
COX6C	COX6C|cytochrome c oxidase polypeptide VIc|cytochrome c oxidase subunit 6C|cytochrome c oxidase subunit 6Ccytochrome c oxidase subunit 6C|cytochrome c oxidase subunit VIc preprotein|epididymis secretory sperm binding protein
COX7C	COX7C
CPEB3	CPEB3|CPE-binding protein 3|CPE-BP3|cytoplasmic polyadenylation element binding protein 3cytoplasmic polyadenylation element binding protein 3|cytoplasmic polyadenylation element-binding protein 3|hCPEB-3
CPM	CPM
CPSF6	CPSF6
CRBN	CRBN
CREB1	CREB1|active transcription factor CREB|cAMP responsive element binding protein 1cAMP responsive element binding protein 1|cAMP-response element-binding protein-1|CREB|CREB-1|cyclic adenosine 3',5'-monophosphate response element binding protein|cyclic adenosine 3',5'-monophosphate response element-binding protein CREB|cyclic AMP-responsive element-binding protein 1|transactivator protein
CREB3L1	CREB3L1|BBF-2 homolog|cAMP responsive element binding protein 3 like 1cAMP responsive element binding protein 3 like 1|cAMP-responsive element-binding protein 3-like protein 1|cyclic AMP-responsive element-binding protein 3-like protein 1|OASIS|OI16|old astrocyte specifically-induced substance
CREB3L2	CREB3L2|B-ZIB transcription factor|basic transcription factor 2|BBF2 human homolog on chromosome 7|BBF2H7|cAMP responsive element binding protein 3 like 2cAMP responsive element binding protein 3 like 2|cAMP-responsive element-binding protein 3-like protein 2|cyclic AMP-responsive element-binding protein 3-like protein 2|FUS/BBF2H7 protein|TCAG_1951439
CREB5	CREB5
CREBBP	CREBBP|CBP|CREB binding proteinCREB binding protein|CREB-binding protein|histone lysine acetyltransferase CREBBP|KAT3A|MKHK1|protein-lysine acetyltransferase CREBBP|RSTS|RSTS1
CREG1	CREG1
CRIM1	CRIM1
CRKL	CRKL
CRLF2	CRLF2|CRL2|CRLF2Y|cytokine receptor CRL2 precusor|cytokine receptor like factor 2cytokine receptor like factor 2|cytokine receptor-like factor 2|IL-XR|thymic stromal lymphopoietin protein receptor|thymic stromal-derived lymphopoietin receptor|TSLP receptor|TSLPR
CRLF3	CRLF3
CRNKL1	CRNKL1|CLF|Clf1|CRN|Crn, crooked neck-like 1|crooked neck homolog|crooked neck pre-mRNA splicing factor 1crooked neck pre-mRNA splicing factor 1|crooked neck pre-mRNA splicing factor-like 1|crooked neck-like 1|crooked neck-like protein 1|HCRN|MSTP021|SYF3|SYF3 pre-mRNA-splicing factor
CRTC1	CRTC1|CREB regulated transcription coactivator 1CREB regulated transcription coactivator 1|CREB-regulated transcription coactivator 1|Mam-2|MAML2|Mastermind-like protein 2|MECT1|mucoepidermoid carcinoma translocated protein 1|TORC-1|TORC1|transducer of regulated cAMP response element-binding protein (CREB) 1|WAMTP1
CRTC3	CRTC3|CREB regulated transcription coactivator 3CREB regulated transcription coactivator 3|CREB-regulated transcription coactivator 3|TORC-3|TORC3|transducer of regulated cAMP response element-binding protein (CREB) 3|transducer of regulated CREB protein 3
CRYL1	CRYL1
CSDE1	CSDE1
CSF1	CSF1
CSF1R	CSF1R|BANDDOS|C-FMS|CD115|CD115 antigen|colony stimulating factor 1 receptorcolony stimulating factor 1 receptor|CSF-1 receptor|CSF-1R|CSFR|FIM2|FMS|FMS proto-oncogene|HDLS|M-CSF-R|macrophage colony stimulating factor I receptor|macrophage colony-stimulating factor 1 receptor|McDonough feline sarcoma viral (v-fms) oncogene homolog|proto-oncogene c-Fms
CSF3R	CSF3R|CD114|CD114 antigen|colony stimulating factor 3 receptor (granulocyte)|colony stimulating factor 3 receptorcolony stimulating factor 3 receptor|G-CSF receptor|G-CSF-R|GCSFR|granulocyte colony-stimulating factor receptor|SCN7
CSMD1	CSMD1
CSMD3	CSMD3|CUB and sushi domain-containing protein 3|CUB and Sushi multiple domains 3CUB and Sushi multiple domains 3|CUB and sushi multiple domains protein 3
CST7	CST7
CSTPP1	CSTPP1
CTAG1B	CTAG1B
CTAG2	CTAG2
CTCF	CTCF|11 zinc finger transcriptional repressor|11-zinc finger protein|CCCTC-binding factor (zinc finger protein)|CCCTC-binding factorCCCTC-binding factor|CFAP108|CTCFL paralog|FAP108|MRD21|transcriptional repressor CTCF
CTDSPL	CTDSPL
CTLA4	CTLA4
CTNNA1	CTNNA1
CTNNA2	CTNNA2|alpha-catenin-related protein|alpha-N-catenin|cadherin-associated protein, related|cancer/testis antigen 114|CAP-R|CAPR|catenin (cadherin-associated protein), alpha 2|catenin alpha 2catenin alpha 2|catenin alpha-2|CDCBM9|CT114|CTNR
CTNNA3	CTNNA3
CTNNB1	CTNNB1|armadillo|catenin (cadherin-associated protein), beta 1, 88kDa|catenin beta 1catenin beta 1|catenin beta-1|CTNNB|EVR7|MRD19|NEDSDV
CTNND1	CTNND1|BCDS2|cadherin-associated Src substrate|CAS|catenin (cadherin-associated protein), delta 1|catenin delta 1catenin delta 1|catenin delta-1|CTNND|p120|p120 catenin|p120(CAS)|p120(CTN)|P120CAS|P120CTN
CTNND2	CTNND2|catenin (cadherin-associated protein), delta 2 (neural plakophilin-related arm-repeat protein)|catenin delta 2catenin delta 2|catenin delta-2|GT24|neurojungin|NPRAP|T-cell delta-catenin
CTR9	CTR9
CUBN	CUBN
CUL1	CUL1
CUL3	CUL3|CUL-3|cullin 3cullin 3|cullin-3|PHA2E
CUL5	CUL5
CUX1	CUX1|CASP|CCAAT displacement protein|CDP|CDP/Cut|CDP/Cux p200|CDP1|Clox|COY1|cut homolog|cut like homeobox 1cut like homeobox 1|CUTL1|CUX|Cux/CDP|CUX1 gene Alternatively Spliced Product|GDDI|golgi integral membrane protein 6|GOLIM6|Homeobox protein cut-like 1|homeobox protein cux-1|mutant CUX1|Nbla10317|p100|p110|p200|p75|protein CASP|putative protein product of Nbla10317
CUX2	CUX2
CWF19L2	CWF19L2
CWH43	CWH43
CXCL13	CXCL13
CXCR4	CXCR4|C-X-C chemokine receptor type 4|C-X-C motif chemokine receptor 4C-X-C motif chemokine receptor 4|CD184|CD184 antigen|chemokine (C-X-C motif) receptor 4|D2S201E|FB22|fusin|HM89|HSY3RR|LAP-3|LAP3|LCR1|LESTR|leukocyte-derived seven transmembrane domain receptor|lipopolysaccharide-associated protein 3|LPS-associated protein 3|neuropeptide Y receptor Y3|neuropeptide Y3 receptor|NPY3R|NPYR|NPYRL|NPYY3R|SDF-1 receptor|seven transmembrane helix receptor|seven-transmembrane-segment receptor, spleen|stromal cell-derived factor 1 receptor|WHIM|WHIMS
CXORF26	CXORF26
CYLD	CYLD|BRSS|CDMT|CYLD lysine 63 deubiquitinaseCYLD lysine 63 deubiquitinase|CYLD1|CYLDI|cylindromatosis (turban tumor syndrome)|deubiquitinating enzyme CYLD|EAC|FTDALS8|MFT|MFT1|probable ubiquitin carboxyl-terminal hydrolase CYLD|SBS|TEM|ubiquitin carboxyl-terminal hydrolase CYLD|ubiquitin specific peptidase like 2|ubiquitin thioesterase CYLD|ubiquitin thiolesterase CYLD|ubiquitin-specific-processing protease CYLD|USPL2
CYP17A1	CYP17A1
CYP2C8	CYP2C8|CPC8|CYP2C8DM|CYPIIC8|cytochrome P450 2C8|cytochrome P450 family 2 subfamily C member 8cytochrome P450 family 2 subfamily C member 8|cytochrome P450 form 1|cytochrome P450 IIC2|cytochrome P450 MP-12|cytochrome P450 MP-20|cytochrome P450, family 2, subfamily C, polypeptide 8|cytochrome P450, subfamily IIC (mephenytoin 4-hydroxylase), polypeptide 8|flavoprotein-linked monooxygenase|microsomal monooxygenase|MP-12/MP-20|P450 form 1|s-mephenytoin 4-hydroxylase|xenobiotic monooxygenase
CYP2D6	CYP2D6
CYP4Z1	CYP4Z1
CYSLTR2	CYSLTR2|CYSLT2|CYSLT2R|cysteinyl leukotriene CysLT2 receptor|cysteinyl leukotriene receptor 2|cysteinyl leukotriene receptor 2cysteinyl leukotriene receptor 2|G-protein coupled receptor GPCR21|G-protein coupled receptor HG57|GPCR21|HG57|hGPCR21|HPN321|KPG_011|PSEC0146
DACH1	DACH1
DAOA	DAOA
DAXX	DAXX|BING2|CENP-C binding protein|DAP6|death domain associated proteindeath domain associated protein|death domain-associated protein 6|death-associated protein 6|EAP1|ETS1-associated protein 1|fas death domain-associated protein|Fas-binding protein|SMIM40
DAZAP2	DAZAP2
DCAF12L2	DCAF12L2|DDB1 and CUL4 associated factor 12 like 2DDB1 and CUL4 associated factor 12 like 2|DDB1- and CUL4-associated factor 12-like protein 2|WD repeat-containing protein 40C|WDR40C
DCC	DCC|colorectal cancer suppressor|CRC18|CRCR1|DCC netrin 1 receptorDCC netrin 1 receptor|deleted in colorectal carcinoma|HGPPS2|IGDCC1|immunoglobulin superfamily DCC subclass member 1|MRMV1|netrin receptor DCC|NTN1R1|putative colorectal tumor suppressor|tumor suppressor protein DCC
DCTN1	DCTN1|150 kDa dynein-associated polypeptide|DAP-150|DP-150|dynactin 1 (p150, glued homolog, Drosophila)|dynactin subunit 1|dynactin subunit 1dynactin subunit 1|P135
DCTN5	DCTN5
DCUN1D1	DCUN1D1
DDB2	DDB2|damage specific DNA binding protein 2damage specific DNA binding protein 2|damage-specific DNA binding protein 2, 48kDa|DDB p48 subunit|DDBB|DNA damage-binding protein 2|UV-damaged DNA-binding protein 2|UV-DDB 2|UV-DDB2|xeroderma pigmentosum group E protein|XPE
DDIT3	DDIT3|AltDDIT3|alternative DDIT3 protein|C/EBP zeta|c/EBP-homologous protein 10|C/EBPzeta|CCAAT/enhancer-binding protein homologous protein|CEBPZ|CHOP|CHOP-10|CHOP10|DNA damage inducible transcript 3DNA damage inducible transcript 3|DNA damage-inducible transcript 3 protein|GADD153|growth arrest and DNA damage-inducible protein GADD153
DDR1	DDR1
DDR2	DDR2|CD167 antigen-like family member B|cell migration-inducing protein 20|discoidin domain receptor 2|discoidin domain receptor family, member 2|discoidin domain receptor tyrosine kinase 2discoidin domain receptor tyrosine kinase 2|discoidin domain-containing receptor 2|discoidin domain-containing receptor tyrosine kinase 2|hydroxyaryl-protein kinase|MIG20a|migration-inducing gene 16 protein|neurotrophic tyrosine kinase receptor related 3|NTRKR3|receptor protein-tyrosine kinase TKT|TKT|TYRO10|tyrosine-protein kinase TYRO10|WRCN
DDX10	DDX10|Dbp4|DDX10-NUP98 fusion protein type 2|DEAD (Asp-Glu-Ala-Asp) box polypeptide 10|DEAD box protein 10|DEAD-box helicase 10DEAD-box helicase 10|DEAD/H (Asp-Glu-Ala-Asp/His) box polypeptide 10 (RNA helicase)|HRH-J8|probable ATP-dependent RNA helicase DDX10
DDX11L2	DDX11L2
DDX3X	DDX3X|ATP-dependent RNA helicase DDX3X|CAP-Rf|DBX|DDX14|DDX3|DEAD (Asp-Glu-Ala-Asp) box helicase 3, X-linked|DEAD (Asp-Glu-Ala-Asp) box polypeptide 3, X-linked|DEAD box protein 3, X-chromosomal|DEAD-box helicase 3 X-linkedDEAD-box helicase 3 X-linked|DEAD/H (Asp-Glu-Ala-Asp/His) box polypeptide 3|DEAD/H box-3|helicase-like protein 2|HLP2|MRX102|MRXSSB
DDX4	DDX4
DDX41	DDX41
DDX43	DDX43
DDX5	DDX5|ATP-dependent RNA helicase DDX5|DEAD (Asp-Glu-Ala-Asp) box helicase 5|DEAD (Asp-Glu-Ala-Asp) box polypeptide 5|DEAD box protein 5|DEAD box-5|DEAD-box helicase 5DEAD-box helicase 5|DEAD/H (Asp-Glu-Ala-Asp/His) box polypeptide 5 (RNA helicase, 68kD)|G17P1|HLR1|HUMP68|p68|probable ATP-dependent RNA helicase DDX5|RNA helicase p68
DDX6	DDX6|ATP-dependent RNA helicase p54|DEAD (Asp-Glu-Ala-Asp) box helicase 6|DEAD (Asp-Glu-Ala-Asp) box polypeptide 6|DEAD box protein 6|DEAD box-6|DEAD-box helicase 6DEAD-box helicase 6|DEAD/H (Asp-Glu-Ala-Asp/His) box polypeptide 6 (RNA helicase, 54kD)|HLR2|IDDILF|oncogene RCK|P54|probable ATP-dependent RNA helicase DDX6|RCK|Rck/p54
DEFA1	DEFA1
DEK	DEK|D6S231E|DEK oncogene (DNA binding)|DEK proto-oncogeneDEK proto-oncogene|protein DEK
DEPDC6	DEPDC6
DGCR8	DGCR8|C22orf12|DGCR8 microprocessor complex subunitDGCR8 microprocessor complex subunit|DGCRK6|DiGeorge syndrome critical region 8|DiGeorge syndrome critical region gene 8|Gy1|microprocessor complex subunit DGCR8|pasha
DGKG	DGKG
DHH	DHH
DHRSX	DHRSX
DHX16	DHX16
DHX35	DHX35
DHX40	DHX40
DICER1	DICER1|DCR1|Dicer|dicer 1, double-stranded RNA-specific endoribonuclease|dicer 1, ribonuclease IIIdicer 1, ribonuclease III|dicer 1, ribonuclease type III|Dicer1, Dcr-1 homolog|Dicer1e|endoribonuclease Dicer|GLOW|helicase MOI|helicase with RNAse motif|HERNA|K12H4.8-LIKE|MNG1|RMSE2
DIP2B	DIP2B
DIRAS3	DIRAS3
DIS3	DIS3
DKK1	DKK1
DLAT	DLAT
DLC1	DLC1
DLEU7	DLEU7
DLG4	DLG4
DNAH1	DNAH1
DNAH2	DNAH2
DNAJB1	DNAJB1|DnaJ (Hsp40) homolog, subfamily B, member 1|DnaJ heat shock protein family (Hsp40) member B1DnaJ heat shock protein family (Hsp40) member B1|dnaJ homolog subfamily B member 1|dnaJ protein homolog 1|Hdj1|heat shock 40 kDa protein 1|Hsp40|HSPF1|human DnaJ protein 1|radial spoke 16 homolog B|RSPH16B|Sis1
DNAJC11	DNAJC11
DNASE1	DNASE1
DNM2	DNM2|CMT2M|CMTDI1|CMTDIB|DI-CMTB|DYN2|dynamin 2dynamin 2|dynamin II|dynamin-2|DYNII|LCCS5
DNMT1	DNMT1
DNMT3A	DNMT3A|DNA (cytosine-5)-methyltransferase 3A|DNA (cytosine-5-)-methyltransferase 3 alpha|DNA cytosine methyltransferase 3A2|DNA methyltransferase 3 alphaDNA methyltransferase 3 alpha|DNA MTase HsaIIIA|DNMT3A2|HESJAS|M.HsaIIIA|TBRS
DNMT3B	DNMT3B
DNTT	DNTT
DOCK7	DOCK7
DOT1L	DOT1L|DOT1|DOT1 like histone H3K79 methyltransferase|DOT1 like histone lysine methyltransferaseDOT1 like histone lysine methyltransferase|DOT1-like histone methyltransferase|DOT1-like protein|DOT1-like, histone H3 methyltransferase|H3-K79-HMTase|histone H3-K79 methyltransferase|histone methyltransferase DOT1L|histone-lysine N-methyltransferase, H3 lysine-79 specific|KMT4|lysine N-methyltransferase 4
DPP6	DPP6
DPP9	DPP9
DPYD	DPYD
DROSHA	DROSHA|drosha ribonuclease IIIdrosha ribonuclease III|drosha, double-stranded RNA-specific endoribonuclease|ETOHI2|HSA242976|nuclear RNase III Drosha|p241|putative protein p241 which interacts with transcription factor Sp1|putative ribonuclease III|RANSE3L|ribonuclease 3|ribonuclease type III, nuclear|RN3|RNase III|RNASE3L|RNASEN
DSCAM	DSCAM
DTWD2	DTWD2
DTX1	DTX1
DUSP22	DUSP22
DUSP4	DUSP4
DUSP6	DUSP6
DUX4	DUX4
DUX4L1	DUX4L1|double homeobox 4 like 1 (pseudogene)double homeobox 4 like 1 (pseudogene)|double homeobox protein 10|double homeobox protein 4/10|DUX10|DUX4
DVL2	DVL2
DYRK1A	DYRK1A
DYSF	DYSF
E2F3	E2F3
E4F1	E4F1
EBF1	EBF1|COE1|Collier, Olf and EBF transcription factor 1|early B cell factor 1|EBF|EBF transcription factor 1EBF transcription factor 1|O/E-1|OLF1|olfactory neuronal transcription factor 1|transcription factor COE1
ECSCR	ECSCR
ECT2L	ECT2L|ARHGEF32|C6orf91|dJ509I19.2|dJ509I19.3|dJ509I19.5|ECT2-like|epithelial cell transforming 2 likeepithelial cell transforming 2 like|epithelial cell-transforming sequence 2 oncogene-like|F-box protein 49|FBXO49|LFDH|lung specific F-box and DH domain containing protein|putative guanine nucleotide exchange factor LFDH
EEA1	EEA1
EED	EED|COGIS|embryonic ectoderm development protein|embryonic ectoderm developmentembryonic ectoderm development|HEED|polycomb protein EED|WAIT1|WD protein associating with integrin cytoplasmic tails 1
EGF	EGF
EGFL7	EGFL7
EGFR	EGFR|avian erythroblastic leukemia viral (v-erb-b) oncogene homolog|cell growth inhibiting protein 40|cell proliferation-inducing protein 61|EGF receptor|EGRF|epidermal growth factor receptor|epidermal growth factor receptor tyrosine kinase domain|epidermal growth factor receptorepidermal growth factor receptor|erb-b2 receptor tyrosine kinase 1|ERBB|ERBB1|HER1|mENA|NISBD2|PIG61|proto-oncogene c-ErbB-1|receptor tyrosine-protein kinase erbB-1
EIF1AX	EIF1AX|eIF-1A|eIF-4C|EIF1A|EIF1AP1|EIF4C|eukaryotic translation initiation factor 1A X-linkedeukaryotic translation initiation factor 1A X-linked|eukaryotic translation initiation factor 1A, X chromosome|eukaryotic translation initiation factor 1A, X-chromosomal|eukaryotic translation initiation factor 4C|Putative eukaryotic translation initiation factor 1A
EIF3E	EIF3E|eIF-3 p48|eIF3-p46|EIF3-P48|EIF3S6|eukaryotic translation initiation factor 3 subunit 6|eukaryotic translation initiation factor 3 subunit E|eukaryotic translation initiation factor 3 subunit Eeukaryotic translation initiation factor 3 subunit E|eukaryotic translation initiation factor 3, subunit 6 (48kD)|eukaryotic translation initiation factor 3, subunit 6 48kDa|INT6|mammary tumor-associated protein INT6|murine mammary tumor integration site 6 (oncogene homolog)|viral integration site protein INT-6 homolog
EIF3G	EIF3G
EIF3H	EIF3H
EIF4A2	EIF4A2|ATP-dependent RNA helicase eIF4A-2|BM-010|DDX2B|eIF-4A-II|EIF4A|eIF4A-II|EIF4F|eukaryotic initiation factor 4A-II|eukaryotic translation initiation factor 4A2eukaryotic translation initiation factor 4A2
EIF4E	EIF4E
EIF4EBP1	EIF4EBP1
EIF5	EIF5
ELAC2	ELAC2
ELF3	ELF3|E74 like ETS transcription factor 3E74 like ETS transcription factor 3|E74-like factor 3 (ets domain transcription factor)|E74-like factor 3 (ets domain transcription factor, epithelial-specific )|E74-like factor 3 (ETS domain transcription factor, serine box, epithelial-specific)|epithelial-restricted with serine box|epithelium-restricted Ets protein ESX|epithelium-specific Ets transcription factor 1|EPR-1|ERT|ESE-1|ESX|ets domain transcription factor, serine box (epithelial-specific)|ETS-related transcription factor Elf-3
ELF4	ELF4|E74 like ETS transcription factor 4E74 like ETS transcription factor 4|E74-like factor 4 (ets domain transcription factor)|ELFR|ETS-related transcription factor Elf-4|MEF|myeloid Elf-1-like factor
ELK4	ELK4|ELK4, ETS transcription factor|ELK4, ETS-domain protein (SRF accessory protein 1)|ETS domain-containing protein Elk-4|ETS transcription factor ELK4ETS transcription factor ELK4|SAP-1|SAP1|serum response factor accessory protein 1
ELL	ELL|C19orf17|eleven-nineteen lysine-rich leukemia protein|ELL gene (11-19 lysine-rich leukemia gene)|ELL/KMT2A fusion protein|ELL1|elongation factor for RNA polymerase IIelongation factor for RNA polymerase II|elongation factor RNA polymerase II|KMT2A/ELL fusion protein|MEN|PPP1R68|protein phosphatase 1, regulatory subunit 68|RNA polymerase II elongation factor ELL
ELN	ELN|ADCL1|elastin|elastinelastin|SVAS|tropoelastin|WBS|WS
ELOC	ELOC
ELOVL4	ELOVL4
ELP4	ELP4
ELTD1	ELTD1
EMID1	EMID1
EML4	EML4|C2orf2|echinoderm microtubule associated protein like 4|echinoderm microtubule-associated protein-like 4|ELP120|EMAP like 4EMAP like 4|EMAP-4|EMAPL4|restrictedly overexpressed proliferation-associated protein|ropp 120|ROPP120
EMSY	EMSY|BRCA2-interacting transcriptional repressor EMSY|C11orf30|EMSY transcriptional repressor, BRCA2 interactingEMSY transcriptional repressor, BRCA2 interacting|EMSY, BRCA2 interacting transcriptional repressor|GL002|protein EMSY
ENSA	ENSA
EP300	EP300|E1A binding protein p300E1A binding protein p300|E1A-associated protein p300|E1A-binding protein, 300kD|histone acetyltransferase p300|histone butyryltransferase p300|histone crotonyltransferase p300|KAT3B|MKHK2|p300|p300 HAT|protein 2-hydroxyisobutyryltransferase p300|protein propionyltransferase p300|RSTS2
EP400	EP400
EPAS1	EPAS1|basic-helix-loop-helix-PAS protein MOP2|bHLHe73|class E basic helix-loop-helix protein 73|ECYT4|endothelial PAS domain protein 1endothelial PAS domain protein 1|endothelial PAS domain-containing protein 1|EPAS-1|HIF-1-alpha-like factor|HIF-1alpha-like factor|HIF-2-alpha|HIF2-alpha|HIF2A|HLF|hypoxia-inducible factor 2 alpha|member of PAS protein 2|MOP2|PAS domain-containing protein 2|PASD2
EPB41	EPB41
EPCAM	EPCAM
EPHA2	EPHA2
EPHA3	EPHA3|EK4|EPH receptor A3EPH receptor A3|EPH-like kinase 4|eph-like tyrosine kinase 1|ephrin type-A receptor 3|ETK|ETK1|HEK|HEK4|human embryo kinase 1|testicular tissue protein Li 64|TYRO4|TYRO4 protein tyrosine kinase|tyrosine-protein kinase receptor ETK1
EPHA4	EPHA4
EPHA5	EPHA5
EPHA6	EPHA6
EPHA7	EPHA7|EHK-3|EHK3|EK11|EPH homology kinase 3|Eph homology kinase-3|EPH receptor A7EPH receptor A7|EPH-like kinase 11|ephrin type-A receptor 7|HEK11|receptor protein-tyrosine kinase HEK11|tyrosine-protein kinase receptor EHK-3
EPHB1	EPHB1
EPHB2	EPHB2
EPHB4	EPHB4
EPHX3	EPHX3
EPOR	EPOR
EPS15	EPS15|AF-1P|AF1P|ALL1 fused gene from chromosome 1|epidermal growth factor receptor pathway substrate 15epidermal growth factor receptor pathway substrate 15|epidermal growth factor receptor substrate 15|MLLT5|protein AF-1p
EPS8	EPS8
ERBB2	ERBB2|c-erb B2/neu protein|CD340|erb-b2 receptor tyrosine kinase 2erb-b2 receptor tyrosine kinase 2|HER-2|HER-2/neu|HER2|herstatin|human epidermal growth factor receptor 2|metastatic lymph node gene 19 protein|MLN 19|NEU|neuro/glioblastoma derived oncogene homolog|neuroblastoma/glioblastoma derived oncogene homolog|NGL|proto-oncogene c-ErbB-2|proto-oncogene Neu|receptor tyrosine-protein kinase erbB-2|TKR1|tyrosine kinase-type cell surface receptor HER2|v-erb-b2 avian erythroblastic leukemia viral oncogene homolog 2|v-erb-b2 avian erythroblastic leukemia viral oncoprotein 2|v-erb-b2 erythroblastic leukemia viral oncogene homolog 2, neuro/glioblastoma derived oncogene homolog
ERBB3	ERBB3|c-erbB-3|c-erbB3|erb-b2 receptor tyrosine kinase 3erb-b2 receptor tyrosine kinase 3|ErbB-3|erbB3-S|FERLK|HER3|human epidermal growth factor receptor 3|LCCS2|MDA-BF-1|p180-ErbB3|p45-sErbB3|p85-sErbB3|proto-oncogene-like protein c-ErbB-3|receptor tyrosine-protein kinase erbB-3|tyrosine kinase-type cell surface receptor HER3|v-erb-b2 avian erythroblastic leukemia viral oncogene homolog 3
ERBB4	ERBB4|ALS19|avian erythroblastic leukemia viral (v-erb-b2) oncogene homolog 4|erb-b2 receptor tyrosine kinase 4erb-b2 receptor tyrosine kinase 4|HER4|human epidermal growth factor receptor 4|p180erbB4|proto-oncogene-like protein c-ErbB-4|receptor tyrosine-protein kinase erbB-4|tyrosine kinase-type cell surface receptor HER4|v-erb-a erythroblastic leukemia viral oncogene homolog 4|v-erb-b2 avian erythroblastic leukemia viral oncogene homolog 4
ERC1	ERC1|Cast2|ELKS|ELKS/Rab6-interacting/CAST family member 1|ELKS/RAB6-interacting/CAST family member 1ELKS/RAB6-interacting/CAST family member 1|ERC-1|RAB6 interacting protein 2|RAB6IP2
ERCC1	ERCC1
ERCC2	ERCC2|basic transcription factor 2 80 kDa subunit|BTF2 p80|COFS2|CXPD|DNA excision repair protein ERCC-2|DNA repair protein complementing XP-D cells|EM9|ERCC excision repair 2, TFIIH core complex helicase subunitERCC excision repair 2, TFIIH core complex helicase subunit|excision repair cross-complementation group 2|excision repair cross-complementing rodent repair deficiency, complementation group 2|general transcription and DNA repair factor IIH helicase subunit XPD|TFIIH|TFIIH 80 kDa subunit|TFIIH basal transcription factor complex 80 kDa subunit|TFIIH basal transcription factor complex helicase subunit|TFIIH basal transcription factor complex helicase XPB subunit|TFIIH basal transcription factor complex helicase XPD subunit|TFIIH p80|TFIIH subunit XPD|TTD|TTD1|xeroderma pigmentosum complementary group D|xeroderma pigmentosum group D-complementing protein|XPD
ERCC3	ERCC3|basic transcription factor 2 89 kDa subunit|BTF2|BTF2 p89|DNA excision repair protein ERCC-3|DNA repair helicase|DNA repair protein complementing XP-B cells|ERCC excision repair 3, TFIIH core complex helicase subunitERCC excision repair 3, TFIIH core complex helicase subunit|excision repair cross-complementation group 3|excision repair cross-complementing rodent repair deficiency, complementation group 3|general transcription and DNA repair factor IIH helicase subunit XPB|GTF2H|RAD25|TFIIH|TFIIH 89 kDa subunit|TFIIH basal transcription factor complex 89 kDa subunit|TFIIH basal transcription factor complex helicase XPB subunit|TFIIH p89|TFIIH subunit XPB|TTD2|xeroderma pigmentosum group B-complementing protein|xeroderma pigmentosum, complementation group B|XPB
ERCC4	ERCC4|DNA excision repair protein ERCC-4|DNA repair endonuclease XPF|DNA repair protein complementing XP-F cells|ERCC excision repair 4, endonuclease catalytic subunitERCC excision repair 4, endonuclease catalytic subunit|ERCC11|excision repair cross-complementation group 4|excision repair cross-complementing rodent repair deficiency, complementation group 4|excision-repair, complementing defective, in Chinese hamster|FANCQ|RAD1|xeroderma pigmentosum group F-complementing protein|xeroderma pigmentosum, complementation group F|XFEPS|XPF
ERCC5	ERCC5|COFS3|DNA excision repair protein ERCC-5|DNA repair protein complementing XP-G cells|ERCC excision repair 5, endonucleaseERCC excision repair 5, endonuclease|ERCC5-201|ERCM2|excision repair cross-complementation group 5|excision repair cross-complementing rodent repair deficiency, complementation group 5|UVDR|xeroderma pigmentosum, complementation group G|XPG|XPG-complementing protein|XPGC
ERCC6	ERCC6
EREG	EREG
ERF	ERF
ERG	ERG|ERG, ETS transcription factor|erg-3|erythroblast transformation-specific transcription factor ERG variant 10|ETS transcription factor ERGETS transcription factor ERG|ets-related|FUS/ERG fusion protein|p55|TMPRSS2/ERG fusion|transcriptional regulator ERG|transcriptional regulator ERG (transforming protein ERG)|v-ets avian erythroblastosis virus E26 oncogene homolog|v-ets avian erythroblastosis virus E26 oncogene related|v-ets erythroblastosis virus E26 oncogene homolog|v-ets erythroblastosis virus E26 oncogene like
ERLIN2	ERLIN2
ERMP1	ERMP1
ERRFI1	ERRFI1
ESR1	ESR1|E2 receptor alpha|ER|ER-alpha|Era|ESR|ESRA|estradiol receptor|estrogen nuclear receptor alpha|estrogen receptor|estrogen receptor 1estrogen receptor 1|estrogen receptor alpha E1-E2-1-2|estrogen receptor alpha E1-N2-E2-1-2|ESTRR|NR3A1|nuclear receptor subfamily 3 group A member 1|oestrogen receptor alpha
ESR2	ESR2
ESRP1	ESRP1
ESYT1	ESYT1
ETNK1	ETNK1|EKI|EKI 1|EKI1|ethanolamine kinase 1|ethanolamine kinase 1ethanolamine kinase 1|Nbla10396|putative protein product of Nbla10396
ETV1	ETV1|ER81|ETS translocation variant 1|ETS variant 1|ets variant gene 1|ETS variant transcription factor 1ETS variant transcription factor 1|ets-related protein 81
ETV4	ETV4|adenovirus E1A enhancer-binding protein|E1A-F|E1AF|ETS translocation variant 4|ETS variant 4|ets variant gene 4 (E1A enhancer-binding protein, E1AF)|ETS variant transcription factor 4ETS variant transcription factor 4|EWS protein/E1A enhancer binding protein chimera|PEA3|PEAS3|polyomavirus enhancer activator 3 homolog
ETV5	ETV5|ERM|ETS translocation variant 5|ETS variant 5|ETS variant transcription factor 5ETS variant transcription factor 5|ets-related molecule|ets-related protein ERM
ETV6	ETV6|ETS translocation variant 6|ETS variant 6|ets variant gene 6 (TEL oncogene)|ETS variant transcription factor 6ETS variant transcription factor 6|ETS-related protein Tel1|TEL|TEL/ABL|TEL1 oncogene|THC5|transcription factor ETV6
EWSR1	EWSR1|bK984G1.4|Ewing sarcoma breakpoint region 1|Ewings sarcoma EWS-Fli1 (type 1) oncogene|EWS|EWS RNA binding protein 1EWS RNA binding protein 1|EWS RNA-binding protein variant 6|EWS-FLI1|RNA-binding protein EWS
EXO1	EXO1
EXOC1	EXOC1
EXT1	EXT1|exostoses (multiple) 1|exostosin glycosyltransferase 1exostosin glycosyltransferase 1|exostosin-1|EXT|Glucuronosyl-N-acetylglucosaminyl-proteoglycan 4-alpha-N- acetylglucosaminyltransferase|glucuronosyl-N-acetylglucosaminyl-proteoglycan/N-acetylglucosaminyl-proteoglycan 4-alpha-N-acetylglucosaminyltransferase|Langer-Giedion syndrome chromosome region|LGCR|LGS|multiple exostoses protein 1|N-acetylglucosaminyl-proteoglycan 4-beta-glucuronosyltransferase|putative tumor suppressor protein EXT1|TRPS2|TTV
EXT2	EXT2|exostosin glycosyltransferase 2exostosin glycosyltransferase 2|exostosin-2|glucuronosyl-N-acetylglucosaminyl-proteoglycan/N-acetylglucosaminyl-proteoglycan 4-alpha-N-acetylglucosaminyltransferase|multiple exostoses protein 2|multiple exostosis 2|N-acetylglucosaminyl-proteoglycan 4-beta-glucuronosyltransferase|putative tumor suppressor protein EXT2|SOTV|SSMS
EXTL3	EXTL3
EYA2	EYA2
EYS	EYS
EZH1	EZH1
EZH2	EZH2|enhancer of zeste 2 polycomb repressive complex 2 subunitenhancer of zeste 2 polycomb repressive complex 2 subunit|enhancer of zeste homolog 2|ENX-1|ENX1|EZH2b|histone-lysine N-methyltransferase EZH2|KMT6|KMT6A|lysine N-methyltransferase 6|WVS|WVS2
EZR	EZR|CVIL|CVL|cytovillin 2|epididymis secretory protein Li 105|ezrin|ezrinezrin|HEL-S-105|p81|VIL2|villin 2 (ezrin)
FAF1	FAF1
FAM108A1	FAM108A1
FAM131B	FAM131B|family with sequence similarity 131 member Bfamily with sequence similarity 131 member B|protein FAM131B
FAM135B	FAM135B|C8ORFK32|family with sequence similarity 135 member Bfamily with sequence similarity 135 member B|protein FAM135B
FAM13C	FAM13C
FAM175A	FAM175A
FAM188B	FAM188B
FAM19A2	FAM19A2
FAM20A	FAM20A
FAM46C	FAM46C
FAM47C	FAM47C|family with sequence similarity 47 member Cfamily with sequence similarity 47 member C|putative protein FAM47C
FAM5C	FAM5C
FAM65B	FAM65B
FAM86DP	FAM86DP
FANCA	FANCA|FA|FA complementation group AFA complementation group A|FA-H|FA1|FAA|FACA|FAH|FANCH|Fanconi anemia complementation group A|Fanconi anemia group A protein|Fanconi anemia, complementation group H|Fanconi anemia, type 1
FANCB	FANCB
FANCC	FANCC|FA complementation group CFA complementation group C|FA3|FAC|FACC|Fanconi anemia complementation group C|Fanconi anemia group C protein
FANCD2	FANCD2|FA complementation group D2FA complementation group D2|FA-D2|FA4|FACD|FAD|FAD2|FANCD|Fanconi anemia complementation group D2|Fanconi anemia group D2 protein
FANCE	FANCE|FA complementation group EFA complementation group E|FACE|FAE|Fanconi anemia complementation group E|Fanconi anemia group E protein
FANCF	FANCF|FA complementation group FFA complementation group F|FAF|Fanconi anemia complementation group F|Fanconi anemia group F protein
FANCG	FANCG|DNA repair protein XRCC9|FA complementation group GFA complementation group G|FAG|Fanconi anemia complementation group G|Fanconi anemia group G protein|truncated Fanconi anemia group G protein|X-ray repair complementing defective repair in Chinese hamster cells 9|X-ray repair, complementing defective, in Chinese hamster, 9|XRCC9
FANCI	FANCI
FANCL	FANCL|E3 ubiquitin-protein ligase FANCL|FA complementation group LFA complementation group L|FAAP43|Fanconi anemia complementation group L|fanconi anemia group L protein|fanconi anemia-associated polypeptide of 43 kDa|PHD finger protein 9|PHF9|POG|RING-type E3 ubiquitin transferase FANCL
FANCM	FANCM|ATP-dependent RNA helicase FANCM|FA complementation group MFA complementation group M|FAAP250|Fanconi anemia complementation group M|Fanconi anemia group M protein|fanconi anemia-associated polypeptide of 250 kDa|KIAA1596|POF15|protein Hef ortholog|SPGF28
FAR2	FAR2
FAS	FAS|ALPS1A|APO-1|APO-1 cell surface antigen|apoptosis antigen 1|apoptosis signaling receptor FAS|apoptosis-mediating surface antigen FAS|APT1|CD95|CD95 antigen|Fas (TNF receptor superfamily, member 6)|Fas AMA|Fas cell surface death receptorFas cell surface death receptor|FAS1|FASLG receptor|FASTM|mutant tumor necrosis receptor superfamily member 6|TNF receptor superfamily member 6|TNFRSF6|tumor necrosis factor receptor superfamily member 6|tumor necrosis factor receptor superfamily, member 6
FAT1	FAT1|cadherin family member 7|cadherin ME5|cadherin-related family member 8|cadherin-related tumor suppressor homolog|CDHF7|CDHR8|FAT|FAT atypical cadherin 1FAT atypical cadherin 1|FAT tumor suppressor 1|hFat1|ME5|protein fat homolog|protocadherin Fat 1
FAT3	FAT3|cadherin family member 15|cadherin-related family member 10|CDHF15|CDHR10|FAT atypical cadherin 3FAT atypical cadherin 3|FAT tumor suppressor homolog 3|hFat3|protocadherin Fat 3
FAT4	FAT4|cadherin family member 14|cadherin-related family member 11|CDHF14|CDHR11|FAT atypical cadherin 4FAT atypical cadherin 4|FAT tumor suppressor homolog 4|FAT-J|fat-like cadherin protein FAT-J|FATJ|HKLLS2|NBLA00548|protocadherin Fat 4|putative protein product of Nbla00548|VMLDS2
FBLN2	FBLN2|FIBL-2|fibulin 2fibulin 2|fibulin-2
FBXO11	FBXO11|F-box only protein 11|F-box protein 11F-box protein 11|FBX11|IDDFBA|PRMT9|protein arginine N-methyltransferase 9|ubiquitin protein ligase E3 component n-recognin 6|UBR6|UG063H01|VIT1|vitiligo-associated protein 1|vitiligo-associated protein VIT-1
FBXW2	FBXW2
FBXW7	FBXW7|AGO|archipelago|CDC4|F-box and WD repeat domain containing 7, E3 ubiquitin protein ligase|F-box and WD repeat domain containing 7F-box and WD repeat domain containing 7|F-box and WD-40 domain protein 7 (archipelago homolog, Drosophila)|F-box protein FBW7|F-box protein FBX30|F-box protein SEL-10|F-box/WD repeat-containing protein 7|FBW6|FBW7|FBX30|FBXO30|FBXW6|hAgo|hCdc4|homolog of C elegans sel-10|SEL-10|SEL10
FCER1G	FCER1G
FCER2	FCER2
FCGR2A	FCGR2A
FCGR2B	FCGR2B|CD32|CD32B|CDw32|Fc fragment of IgG receptor IIbFc fragment of IgG receptor IIb|Fc fragment of IgG, low affinity II, receptor for (CD32)|Fc fragment of IgG, low affinity IIb, receptor (CD32)|Fc fragment of IgG, low affinity IIb, receptor for (CD32)|Fc gamma receptor IIb|Fc gamma RIIb|fc-gamma RII-b|Fc-gamma RII-c|fc-gamma-RIIb|Fc-gamma-RIIc|FCG2|FCGR2|FCGR2C|fcRII-b|FcRII-c|IGFR2|igG Fc receptor II-b|IgG Fc receptor II-c|low affinity immunoglobulin gamma Fc region receptor II-b|Low affinity immunoglobulin gamma Fc region receptor II-c
FCGR3A	FCGR3A
FCRL4	FCRL4|CD307d|fc receptor homolog 4|Fc receptor like 4Fc receptor like 4|Fc receptor-like protein 4|fcR-like protein 4|FCRH4|hIFGP2|IFGP family protein 2|IGFP2|immune receptor translocation-associated protein 1|immunoglobulin superfamily Fc receptor, gp42|immunoglobulin superfamily receptor translocation associated 1|IRTA1
FEN1	FEN1|DNase IV|FEN-1|flap endonuclease 1|flap structure-specific endonuclease 1flap structure-specific endonuclease 1|maturation factor-1|MF1|RAD2
FES	FES|feline sarcoma (Snyder-Theilen) viral (v-fes)/Fujinami avian sarcoma (PRCII) viral (v-fps) oncogene homolog|feline sarcoma oncogene|feline sarcoma/Fujinami avian sarcoma oncogene homolog|FES proto-oncogene, tyrosine kinaseFES proto-oncogene, tyrosine kinase|FPS|Oncogene FES, feline sarcoma virus|p93c-fes|proto-oncogene c-Fes|proto-oncogene c-Fps|proto-oncogene tyrosine-protein kinase Fes/Fps|tyrosine-protein kinase Fes/Fps
FEV	FEV|FEV (ETS oncogene family)|FEV transcription factor, ETS family memberFEV transcription factor, ETS family member|FEV, ETS transcription factor|fifth Ewing variant protein|HSRNAFEV|PC12 ETS domain-containing transcription factor 1|PET-1|protein FEV
FEZ1	FEZ1
FGF1	FGF1
FGF10	FGF10
FGF12	FGF12
FGF13	FGF13
FGF17	FGF17
FGF18	FGF18
FGF19	FGF19
FGF2	FGF2
FGF20	FGF20
FGF21	FGF21
FGF22	FGF22
FGF23	FGF23
FGF3	FGF3
FGF4	FGF4
FGF5	FGF5
FGF6	FGF6
FGF8	FGF8
FGFR1	FGFR1|basic fibroblast growth factor receptor 1|bFGF-R-1|BFGFR|CD331|CEK|ECCL|FGFBR|FGFR-1|FGFR1/PLAG1 fusion|fibroblast growth factor receptor 1|fibroblast growth factor receptor 1fibroblast growth factor receptor 1|FLG|FLT-2|FLT2|FMS-like tyrosine kinase 2|fms-related tyrosine kinase 2|HBGFR|heparin-binding growth factor receptor|HH2|HRTFDS|hydroxyaryl-protein kinase|KAL2|N-SAM|OGD|proto-oncogene c-Fgr
FGFR1OP2	FGFR1OP2
FGFR2	FGFR2|bacteria-expressed kinase|BBDS|BEK|BEK fibroblast growth factor receptor|BFR-1|CD332|CEK3|CFD1|ECT1|fibroblast growth factor receptor 2|fibroblast growth factor receptor 2fibroblast growth factor receptor 2|JWS|K-SAM|keratinocyte growth factor receptor|KGFR|protein tyrosine kinase, receptor like 14|TK14|TK25
FGFR3	FGFR3|ACH|CD333|CEK2|FGFR-3|fibroblast growth factor receptor 3|fibroblast growth factor receptor 3 variant 4|fibroblast growth factor receptor 3-S|fibroblast growth factor receptor 3fibroblast growth factor receptor 3|HSFGFR3EX|hydroxyaryl-protein kinase|JTK4|tyrosine kinase JTK4
FGFR4	FGFR4|CD334|fibroblast growth factor receptor 4|fibroblast growth factor receptor 4fibroblast growth factor receptor 4|hydroxyaryl-protein kinase|JTK2|protein-tyrosine kinase|TKF|tyrosine kinase related to fibroblast growth factor receptor|tyrosylprotein kinase
FH	FH|epididymis secretory sperm binding protein|FMRD|fumarase|fumarate hydratase, mitochondrial|fumarate hydratasefumarate hydratase|HLRCC|HsFH|LRCC|MCL|MCUL1
FHIT	FHIT|AP3A hydrolase|AP3Aase|bis(5'-adenosyl)-triphosphatase|diadenosine 5',5'''-P1,P3-triphosphate hydrolase|dinucleosidetriphosphatase|FRA3B|fragile histidine triad diadenosine triphosphatasefragile histidine triad diadenosine triphosphatase
FIP1L1	FIP1L1|factor interacting with PAP|factor interacting with PAPOLA and CPSF1factor interacting with PAPOLA and CPSF1|FIP1|FIP1 like 1|FIP1-like 1 protein|FIP1L1 cleavage and polyadenylation specific factor subunit|hFip1|pre-mRNA 3'-end-processing factor FIP1|rearranged in hypereosinophilia|Rhe
FKBP9	FKBP9|63 kDa FK506-binding protein|63 kDa FKBP|FK506 binding protein 9, 63 kDa|FK506-binding protein 9|FKBP prolyl isomerase 9FKBP prolyl isomerase 9|FKBP-63|FKBP-9|FKBP60|FKBP63|peptidyl-prolyl cis-trans isomerase FKBP9|PPIase|PPIase FKBP9|rotamase
FLCN	FLCN|BHD|BHD skin lesion fibrofolliculoma protein|birt-Hogg-Dube syndrome protein|DENND8B|FLCL|folliculin|folliculinfolliculin
FLG2	FLG2
FLI1	FLI1|BDPLT21|Ewing sarcoma breakpoint region 2|EWSR2|Fli-1 proto-oncogene, ETS transcription factorFli-1 proto-oncogene, ETS transcription factor|Friend leukemia integration 1 transcription factor|Friend leukemia virus integration 1|SIC-1|transcription factor ERGB
FLJ33360	FLJ33360
FLJ37543	FLJ37543
FLNA	FLNA|ABP-280|ABPX|actin binding protein 280|alpha-filamin|CSBS|CVD1|endothelial actin-binding protein|epididymis secretory sperm binding protein|FGS2|filamin A, alpha|filamin Afilamin A|filamin-1|filamin-A|FLN|FLN-A|FLN1|FMD|MNS|NHBP|non-muscle filamin|OPD|OPD1|OPD2|XLVD|XMVD
FLRT2	FLRT2
FLT1	FLT1|FLT|FLT-1|fms related receptor tyrosine kinase 1fms related receptor tyrosine kinase 1|fms related tyrosine kinase 1|fms-like tyrosine kinase 1|fms-related tyrosine kinase 1 (vascular endothelial growth factor/vascular permeability factor receptor)|tyrosine-protein kinase FRT|tyrosine-protein kinase receptor FLT|vascular endothelial growth factor receptor 1|vascular permeability factor receptor|VEGFR-1|VEGFR1
FLT3	FLT3|CD135|CD135 antigen|fetal liver kinase 2|FL cytokine receptor|FLK-2|FLK2|fms related receptor tyrosine kinase 3fms related receptor tyrosine kinase 3|fms related tyrosine kinase 3|fms-like tyrosine kinase 3|growth factor receptor tyrosine kinase type III|receptor-type tyrosine-protein kinase FLT3|stem cell tyrosine kinase 1|STK1
FLT4	FLT4|CHTD7|Feline McDonough Sarcoma (FMS)-like tyrosine kinase 4|FLT-4|FLT41|fms related receptor tyrosine kinase 4fms related receptor tyrosine kinase 4|fms related tyrosine kinase 4|fms-like tyrosine kinase 4|LMPH1A|LMPHM1|PCL|primary congenital lymphedema|tyrosine-protein kinase receptor FLT4|vascular endothelial growth factor receptor 3|VEGF receptor-3|VEGFR-3|VEGFR3
FNBP1	FNBP1|FBP17|formin binding protein 1formin binding protein 1|formin-binding protein 1|formin-binding protein 17
FOLH1	FOLH1
FOLR1	FOLR1
FOS	FOS
FOXA1	FOXA1|forkhead box A1forkhead box A1|forkhead box protein A1|hepatocyte nuclear factor 3-alpha|HNF-3-alpha|HNF-3A|HNF3A|TCF-3A|TCF3A|transcription factor 3A
FOXL2	FOXL2|BPES|BPES1|forkhead box L2forkhead box L2|forkhead box protein L2|forkhead transcription factor FOXL2|PFRK|PINTO|POF3
FOXO1	FOXO1|FKH1|FKHR|forkhead box O1forkhead box O1|forkhead box protein O1|forkhead box protein O1A|forkhead, Drosophila, homolog of, in rhabdomyosarcoma|FOXO1A
FOXO3	FOXO3|AF6q21|FKHRL1|FKHRL1P2|forkhead box O3A|forkhead box O3forkhead box O3|forkhead box protein O3|forkhead homolog (rhabdomyosarcoma) like 1|forkhead in rhabdomyosarcoma-like 1|forkhead, Drosophila, homolog of, in rhabdomyosarcoma-like 1|FOXO2|FOXO3A
FOXO4	FOXO4|AFX|AFX1|fork head domain transcription factor AFX1|forkhead box O4forkhead box O4|forkhead box protein O4|MLLT7|myeloid/lymphoid or mixed-lineage leukemia (trithorax homolog, Drosophila); translocated to, 7
FOXP1	FOXP1|12CC4|fork head-related protein like B|forkhead box P1forkhead box P1|forkhead box protein P1|glutamine-rich factor 1|hFKH1B|HSPC215|mac-1-regulated forkhead|MFH|QRF1
FOXP3	FOXP3
FOXR1	FOXR1|DLNB13|forkhead box protein N5|forkhead box protein R1|forkhead box R1 variant 1|forkhead box R1 variant 2|forkhead box R1forkhead box R1|FOXN5
FOXR2	FOXR2
FRS2	FRS2
FSCB	FSCB
FSTL1	FSTL1
FSTL3	FSTL3|FLRG|follistatin like 3follistatin like 3|follistatin-like 3 (secreted glycoprotein)|follistatin-like protein 3|follistatin-related gene protein|follistatin-related protein 3|FSRP
FUBP1	FUBP1|DNA helicase V|epididymis secretory sperm binding protein|far upstream element (FUSE) binding protein 1|far upstream element binding protein 1far upstream element binding protein 1|far upstream element-binding protein 1|FBP|FUBP|FUSE binding protein 1|hDH V
FUS	FUS|75 kDa DNA-pairing protein|ALS6|ETM4|FUS RNA binding proteinFUS RNA binding protein|fus-like protein|FUS1|fused in sarcoma|fusion gene in myxoid liposarcoma|heterogeneous nuclear ribonucleoprotein P2|HNRNPP2|oncogene FUS|oncogene TLS|POMP75|RNA-binding protein FUS|TLS|translocated in liposarcoma protein
FYN	FYN
FZD10	FZD10
G6PD	G6PD
GADL1	GADL1
GALK2	GALK2
GALNT11	GALNT11
GALNT12	GALNT12
GALNTL6	GALNTL6
GAS2L1	GAS2L1
GAS6	GAS6
GAS7	GAS7|growth arrest specific 7growth arrest specific 7|growth arrest-specific protein 7
GATA1	GATA1|ERYF1|erythroid transcription factor|erythroid transcription factor 1|GATA binding protein 1GATA binding protein 1|GATA-1|GATA-binding factor 1|GF-1|GF1|globin transcription factor 1|NF-E1|NF-E1 DNA-binding protein|NFE1|nuclear factor, erythroid 1|transcription factor GATA1|XLANP|XLTDA|XLTT
GATA2	GATA2|DCML|endothelial transcription factor GATA-2|GATA binding protein 2GATA binding protein 2|IMD21|MONOMAC|NFE1B
GATA3	GATA3|GATA binding protein 3GATA binding protein 3|GATA-binding factor 3|HDR|HDRS|trans-acting T-cell-specific transcription factor GATA-3
GCC2	GCC2
GCLM	GCLM
GDPD4	GDPD4
GEN1	GEN1
GFRA1	GFRA1
GGNBP2	GGNBP2
GGPS1	GGPS1
GIPC2	GIPC2
GJB2	GJB2
GLI1	GLI1|GLI|GLI family zinc finger 1GLI family zinc finger 1|GLI-Kruppel family member GLI1|glioma-associated oncogene 1|glioma-associated oncogene homolog 1 (zinc finger protein)|oncogene GLI|PAPA8|PPD1|zinc finger protein GLI1
GLI2	GLI2
GLIS3	GLIS3
GLRA1	GLRA1
GLRA2	GLRA2
GLYATL1	GLYATL1
GMPS	GMPS|GATD7|glutamine amidotransferase|GMP synthase|GMP synthase [glutamine-hydrolyzing]|GMP synthetase|guanine monophosphate synthaseguanine monophosphate synthase|guanine monophosphate synthetase|guanosine 5'-monophosphate synthase|MLL/GMPS fusion protein|testicular tissue protein Li 82
GNA11	GNA11|FBH|FBH2|FHH2|g alpha-11|G protein subunit alpha 11G protein subunit alpha 11|GNA-11|guanine nucleotide binding protein (G protein), alpha 11 (Gq class)|guanine nucleotide-binding protein G(y) subunit alpha|guanine nucleotide-binding protein subunit alpha-11|HHC2|HYPOC2
GNA13	GNA13
GNAI2	GNAI2
GNAQ	GNAQ|CMC1|epididymis secretory sperm binding protein|G protein subunit alpha qG protein subunit alpha q|G-ALPHA-q|GAQ|guanine nucleotide binding protein (G protein), q polypeptide|guanine nucleotide-binding protein alpha-q|guanine nucleotide-binding protein G(q) subunit alpha|SWS
GNAS	GNAS|adenylate cyclase-stimulating G alpha protein|AHO|alternative gene product encoded by XL-exon|C20orf45|extra large alphas protein|G protein subunit alpha S|GNAS complex locusGNAS complex locus|GNAS1|GPSA|GSA|GSP|guanine nucleotide binding protein (G protein), alpha stimulating activity polypeptide 1|guanine nucleotide regulatory protein|NESP|PITA3|POH|protein ALEX|protein GNAS|protein SCG6 (secretogranin VI)|SCG6|secretogranin VI|SgVI
GNB1	GNB1
GOLGA4	GOLGA4
GOLGA5	GOLGA5|cell proliferation-inducing gene 31 protein|golgi autoantigen, golgin subfamily a, 5|golgi integral membrane protein 5|golgin A5golgin A5|golgin subfamily A member 5|golgin-84|GOLIM5|RET-fused gene 5 protein|ret-II|RFG5
GOLGB1	GOLGB1
GON4L	GON4L
GOPC	GOPC|CAL|CFTR-associated ligand|dJ94G16.2|dJ94G16.2 PIST|FIG|fused in glioblastoma|golgi associated PDZ and coiled-coil motif containinggolgi associated PDZ and coiled-coil motif containing|golgi-associated PDZ and coiled-coil motif containing protein|Golgi-associated PDZ and coiled-coil motif-containing protein|GOPC1|PDZ protein interacting specifically with TC10|PDZ/coiled-coil domain binding partner for the rho-family GTPase TC10|PIST
GOSR1	GOSR1
GPA33	GPA33
GPAT3	GPAT3
GPATCH8	GPATCH8
GPC3	GPC3|DGSX|glypican 3glypican 3|glypican proteoglycan 3|glypican-3|GTR2-2|heparan sulphate proteoglycan|intestinal protein OCI-5|MXR7|OCI-5|SDYS|secreted glypican-3|SGB|SGBS|SGBS1
GPC5	GPC5|bA93M14.1|glypican 5glypican 5|glypican proteoglycan 5|glypican-5
GPHN	GPHN|GEPH|gephyrin|gephyringephyrin|GPH|GPHRYN|HKPX1|MOCODC
GPS2	GPS2
GRB7	GRB7
GREM1	GREM1
GRIN2A	GRIN2A|EPND|FESD|GluN2A|glutamate ionotropic receptor NMDA type subunit 2Aglutamate ionotropic receptor NMDA type subunit 2A|glutamate receptor ionotropic, NMDA 2A|glutamate receptor, ionotropic, N-methyl D-aspartate 2A|LKS|N-methyl D-aspartate receptor subtype 2A|N-methyl-D-aspartate receptor channel, subunit epsilon-1|N-methyl-D-aspartate receptor subunit 2A|NMDAR2A|NR2A
GRIP1	GRIP1
GRK5	GRK5
GRM3	GRM3|GLUR3|glutamate metabotropic receptor 3glutamate metabotropic receptor 3|glutamate receptor, metabotropic 3|GPRC1C|metabotropic glutamate receptor 3|mGlu3|MGLUR3
GRM4	GRM4
GRPR	GRPR
GSK3B	GSK3B
GSR	GSR
GSTP1	GSTP1
GULP1	GULP1
H2AX	H2AX
H2BC4	H2BC4
H2BC5	H2BC5
H3-3A	H3-3A|H3 histone family member 3A|H3 histone, family 3A|H3-3B|H3.3 histone AH3.3 histone A|H3.3A|H3F3|H3F3A|histone H3.3
H3-3B	H3-3B|H3 histone family member 3B|H3 histone, family 3B (H3.3B)|H3-3A|H3.3 histone BH3.3 histone B|H3.3B|H3F3B|histone H3.3
H3C1	H3C1
H3C10	H3C10
H3C11	H3C11
H3C12	H3C12
H3C13	H3C13
H3C14	H3C14
H3C2	H3C2|H3 clustered histone 2H3 clustered histone 2|H3 histone family, member L|H3/l|H3C1|H3C10|H3C11|H3C12|H3C3|H3C4|H3C6|H3C7|H3C8|H3FL|HIST1H3B|histone 1, H3b|histone cluster 1 H3 family member b|histone cluster 1, H3b|histone H3.1|histone H3/l
H3C3	H3C3
H3C4	H3C4
H3C6	H3C6
H3C7	H3C7
H3C8	H3C8
H3F3A	H3F3A
H3F3B	H3F3B
H3F3C	H3F3C
H4C2	H4C2
H4C8	H4C8
H4C9	H4C9|H4 clustered histone 9H4 clustered histone 9|H4 histone family, member M|H4-16|H4/m|H4C1|H4C11|H4C12|H4C13|H4C14|H4C15|H4C2|H4C3|H4C4|H4C5|H4C6|H4C8|H4FM|H4M|HIST1H4I|histone 1, H4i|Histone 4 family, member M|histone cluster 1 H4 family member i|histone cluster 1, H4i|histone family member|histone H4
HACL2	HACL2
HADHB	HADHB
HAVCR2	HAVCR2
HCK	HCK
HCN1	HCN1
HDAC2	HDAC2
HDAC5	HDAC5
HDAC7	HDAC7
HEATR2	HEATR2
HELZ	HELZ
HERC2	HERC2
HERPUD1	HERPUD1|HERP|homocysteine inducible ER protein with ubiquitin like domain 1homocysteine inducible ER protein with ubiquitin like domain 1|homocysteine-inducible endoplasmic reticulum stress-inducible ubiquitin-like domain member 1 protein|homocysteine-inducible, endoplasmic reticulum stress-inducible, ubiquitin-like domain member 1|homocysteine-responsive endoplasmic reticulum-resident ubiquitin-like domain member 1 protein|methyl methanesulfonate (MMF)-inducible fragment protein 1|Mif1|MMS-inducible|SUP
HEY1	HEY1|basic helix-loop-helix protein OAF1|BHLHb31|cardiovascular helix-loop-helix factor 2|CHF2|class B basic helix-loop-helix protein 31|hairy and enhancer of split-related protein 1|hairy-related transcription factor 1|hairy/enhancer-of-split related with YRPW motif 1|hairy/enhancer-of-split related with YRPW motif protein 1|HERP2|hes related family bHLH transcription factor with YRPW motif 1hes related family bHLH transcription factor with YRPW motif 1|HES-related repressor protein 1|HES-related repressor protein 2|HESR1|hHRT1|HRT-1|NERP2|OAF1
HGF	HGF
HHIP	HHIP
HHLA2	HHLA2
HIF1A	HIF1A|ARNT interacting protein|basic-helix-loop-helix-PAS protein MOP1|bHLHe78|class E basic helix-loop-helix protein 78|HIF-1-alpha|HIF-1A|HIF-1alpha|HIF1|HIF1-ALPHA|hypoxia inducible factor 1 alpha subunit|hypoxia inducible factor 1 subunit alphahypoxia inducible factor 1 subunit alpha|hypoxia inducible factor 1, alpha subunit (basic helix-loop-helix transcription factor)|hypoxia-inducible factor 1-alpha|hypoxia-inducible factor1alpha|member of PAS protein 1|member of PAS superfamily 1|MOP1|PAS domain-containing protein 8|PASD8
HIP1	HIP1|HIP-I|huntingtin interacting protein 1huntingtin interacting protein 1|huntingtin-interacting protein 1|huntingtin-interacting protein I|ILWEQ|SHON|SHONbeta|SHONgamma
HIST1H1C	HIST1H1C
HIST1H2BD	HIST1H2BD
HIST1H3A	HIST1H3A
HIST1H3B	HIST1H3B
HIST1H3C	HIST1H3C
HIST1H3D	HIST1H3D
HIST1H3E	HIST1H3E
HIST1H3F	HIST1H3F
HIST1H3G	HIST1H3G
HIST1H3H	HIST1H3H
HIST1H3I	HIST1H3I
HIST1H3J	HIST1H3J
HIST2H3C	HIST2H3C
HIST2H3D	HIST2H3D
HIST3H3	HIST3H3
HLA-A	HLA-A|HLA class I histocompatibility antigen, A alpha chain|HLA class I histocompatibility antigen, A-1 alpha chain|HLAA|leukocyte antigen class I-A|major histocompatibility complex, class I, Amajor histocompatibility complex, class I, A|MHC class I antigen HLA-A heavy chain
HLF	HLF|hepatic leukemia factor|HLF transcription factor, PAR bZIP family memberHLF transcription factor, PAR bZIP family member|HLF, PAR bZIP transcription factor|PAR bZIP transcription factor
HMGA1	HMGA1|high mobility group AT-hook 1high mobility group AT-hook 1|high mobility group protein A1|high mobility group protein HMG-I/HMG-Y|high mobility group protein R|HMG-R|HMGA1A|HMGIY|nonhistone chromosomal high-mobility group protein HMG-I/HMG-Y
HMGA2	HMGA2|BABL|high mobility group AT-hook 2high mobility group AT-hook 2|high mobility group protein HMGI-C|HMGA2/KRT121P fusion|HMGI-C|HMGIC|LIPO|SRS5|STQTL9
HMGN2P46	HMGN2P46|C15orf21|D-PCa-2|Dresden prostate cancer 2|Dresden prostate carcinoma 2|high mobility group nucleosomal binding domain 2 pseudogene 46high mobility group nucleosomal binding domain 2 pseudogene 46
HMHA1	HMHA1
HMOX1	HMOX1
HNF1A	HNF1A|albumin proximal factor|hepatic nuclear factor 1|hepatocyte nuclear factor 1-alpha|HNF-1-alpha|HNF-1A|HNF1|HNF1 homeobox AHNF1 homeobox A|HNF4A|IDDM20|interferon production regulator factor|LFB1|liver-specific transcription factor LF-B1|MODY3|TCF-1|TCF1|transcription factor 1, hepatic|truncated hepatocyte nuclear factor 1 alpha
HNRNPA2B1	HNRNPA2B1|epididymis secretory sperm binding protein|heterogeneous nuclear ribonucleoprotein A2/B1heterogeneous nuclear ribonucleoprotein A2/B1|heterogeneous nuclear ribonucleoproteins A2/B1|hnRNP A2 / hnRNP B1|HNRNPA2|HNRNPA2B1/MYC fusion|HNRNPB1|HNRPA2|HNRPA2B1|HNRPB1|IBMPFD2|nuclear ribonucleoprotein particle A2 protein|RNPA2|SNRPB1
HNRNPUL1	HNRNPUL1
HOOK3	HOOK3|h-hook3|hHK3|HK3|hook homolog 3|hook microtubule tethering protein 3hook microtubule tethering protein 3|protein Hook homolog 3
HORMAD2	HORMAD2
HOXA11	HOXA11|homeo box 1I|homeobox A11homeobox A11|homeobox protein Hox-1I|homeobox protein Hox-A11|homeobox protein HOXA11|HOX1|HOX1I|RUSAT1
HOXA13	HOXA13|homeo box 1J|homeo box A13|homeobox A13homeobox A13|homeobox protein Hox-1J|homeobox protein Hox-A13|homeobox protein HOXA13|HOX1|HOX1J|transcription factor HOXA13
HOXA9	HOXA9|ABD-B|homeobox A9homeobox A9|homeobox protein Hox-1G|homeobox protein Hox-A9|homeodomain protein HOXA9|HOX1|HOX1.7|HOX1G
HOXB13	HOXB13
HOXC11	HOXC11|homeo box C11|homeobox C11homeobox C11|homeobox protein Hox-3H|homeobox protein Hox-C11|HOX3H
HOXC13	HOXC13|ECTD9|homeo box 3G|homeobox C13homeobox C13|homeobox protein Hox-3G|homeobox protein Hox-C13|HOX3|HOX3G|NUP98/HOXC13
HOXD11	HOXD11|homeo box 4F|homeo box D11|homeobox D11homeobox D11|homeobox protein Hox-4F|homeobox protein Hox-D11|Hox-4.6, mouse, homolog of|HOX4|HOX4F
HOXD13	HOXD13|BDE|BDSD|homeo box 4I|homeo box D13|homeobox D13homeobox D13|homeobox protein Hox-4I|homeobox protein Hox-D13|HOX4I|SPD|SPD1|synpolydactyly
HRAS	HRAS|C-BAS/HAS|C-H-RAS|C-HA-RAS1|c-has/bas p21 protein|CTLO|GTP- and GDP-binding peptide B|GTPase HRas|H-RASIDX|Ha-Ras1 proto-oncoprotein|HAMSV|Harvey rat sarcoma viral oncogene homolog|Harvey rat sarcoma viral oncoprotein|HRas proto-oncogene, GTPaseHRas proto-oncogene, GTPase|HRAS1|p19 H-RasIDX protein|p21ras|Ras family small GTP binding protein H-Ras|RASH1|transformation gene: oncogene HAMSV|transforming protein p21|v-Ha-ras Harvey rat sarcoma viral oncogene homolog
HS3ST5	HS3ST5
HSD17B2	HSD17B2
HSD3B1	HSD3B1
HSP90AA1	HSP90AA1|EL52|epididymis luminal secretory protein 52|epididymis secretory sperm binding protein Li 65p|heat shock 86 kDa|heat shock 90kD protein 1, alpha|heat shock 90kD protein 1, alpha-like 4|heat shock 90kD protein, alpha-like 4|heat shock 90kDa protein 1, alpha|heat shock protein 90 alpha family class A member 1heat shock protein 90 alpha family class A member 1|heat shock protein 90kDa alpha (cytosolic), class A member 1|heat shock protein 90kDa alpha family class A member 1|heat shock protein HSP 90-alpha|HEL-S-65p|HSP 86|Hsp103|HSP86|Hsp89|HSP89A|Hsp90|HSP90A|HSP90N|HSPC1|HSPCA|HSPCAL1|HSPCAL4|HSPN|LAP-2|LAP2|lipopolysaccharide-associated protein 2|LPS-associated protein 2|renal carcinoma antigen NY-REN-38
HSP90AB1	HSP90AB1|D6S182|heat shock 84 kDa|heat shock 90kD protein 1, beta|heat shock protein 90 alpha family class B member 1heat shock protein 90 alpha family class B member 1|heat shock protein 90 kDa|heat shock protein 90kDa alpha (cytosolic), class B member 1|heat shock protein 90kDa alpha family class B member 1|heat shock protein HSP 90-beta|HSP84|HSP90-beta|HSP90B|HSPC2|HSPCB
HSPA5	HSPA5
HSPB1	HSPB1
HTA	HTA
HTR1E	HTR1E
HUWE1	HUWE1
ICAM1	ICAM1
ICAM2	ICAM2
ICAM3	ICAM3
ICOSLG	ICOSLG
ID3	ID3|bHLHb25|class B basic helix-loop-helix protein 25|DNA-binding protein inhibitor ID-3|HEIR-1|helix-loop-helix protein HEIR-1|ID-like protein inhibitor HLH 1R21|inhibitor of differentiation 3|inhibitor of DNA binding 3, dominant negative helix-loop-helix protein|inhibitor of DNA binding 3, HLH proteininhibitor of DNA binding 3, HLH protein
IDH1	IDH1|epididymis luminal protein 216|epididymis secretory protein Li 26|epididymis secretory sperm binding protein|HEL-216|HEL-S-26|IDCD|IDH|IDP|IDPC|isocitrate dehydrogenase (NADP(+)) 1, cytosolic|isocitrate dehydrogenase (NADP(+)) 1isocitrate dehydrogenase (NADP(+)) 1|isocitrate dehydrogenase 1 (NADP+), soluble|isocitrate dehydrogenase [NADP] cytoplasmic|NADP(+)-specific ICDH|NADP-dependent isocitrate dehydrogenase, cytosolic|NADP-dependent isocitrate dehydrogenase, peroxisomal|oxalosuccinate decarboxylase|PICD
IDH2	IDH2|D2HGA2|ICD-M|IDH|IDHM|IDP|IDPM|isocitrate dehydrogenase (NADP(+)) 2, mitochondrial|isocitrate dehydrogenase (NADP(+)) 2isocitrate dehydrogenase (NADP(+)) 2|isocitrate dehydrogenase 2 (NADP+), mitochondrial|isocitrate dehydrogenase [NADP], mitochondrial|mNADP-IDH|NADP(+)-specific ICDH|oxalosuccinate decarboxylase
IFNGR1	IFNGR1
IGF1	IGF1
IGF1R	IGF1R
IGF2	IGF2
IGF2BP2	IGF2BP2|IGF-II mRNA-binding protein 2|IGF2 mRNA-binding protein 2|IMP-2|IMP2|insulin like growth factor 2 mRNA binding protein 2insulin like growth factor 2 mRNA binding protein 2|insulin-like growth factor 2 mRNA-binding protein 2|VICKZ family member 2|VICKZ2
IGF2R	IGF2R
IGFBP3	IGFBP3
IGH	IGH|D (diversity) region of heavy chains|IGD1|IGH.1@|IGH@|IGHD@|IGHDY1|IGHJ|IGHJ@|IGHV|IGHV@|immunglobulin heavy chain variable region|immunoglobulin heavy diversity cluster|immunoglobulin heavy diversity group|immunoglobulin heavy diversity locus|immunoglobulin heavy joining cluster|immunoglobulin heavy joining group|immunoglobulin heavy locusimmunoglobulin heavy locus|immunoglobulin heavy polypeptide, joining region|immunoglobulin heavy variable cluster|immunoglobulin heavy variable group|J (joining) region of heavy chains
IGK	IGK|IGK@|immunoglobulin kappa locusimmunoglobulin kappa locus
IGL	IGL|ig lambda-6 chain C region|IGL@|IGLC6|immunoglobulin lambda gene cluster|immunoglobulin lambda locusimmunoglobulin lambda locus
IGSF8	IGSF8
IHH	IHH
IKBKB	IKBKB|I-kappa-B kinase 2|I-kappa-B-kinase beta|IKK-beta|IKK2|IKKB|IMD15|IMD15A|IMD15B|inhibitor of kappa light polypeptide gene enhancer in B-cells, kinase beta|inhibitor of nuclear factor kappa B kinase subunit betainhibitor of nuclear factor kappa B kinase subunit beta|inhibitor of nuclear factor kappa-B kinase subunit beta|NFKBIKB|nuclear factor NF-kappa-B inhibitor kinase beta|serine/threonine protein kinase IKBKB
IKBKE	IKBKE|I-kappa-B kinase epsilon|IKK-E|IKK-epsilon|IKK-i|IKK-related kinase epsilon|IKKE|IKKI|inducible I kappa-B kinase|inducible IkappaB kinase|inhibitor of kappa light polypeptide gene enhancer in B-cells, kinase epsilon|inhibitor of nuclear factor kappa B kinase subunit epsiloninhibitor of nuclear factor kappa B kinase subunit epsilon|inhibitor of nuclear factor kappa-B kinase subunit epsilon
IKZF1	IKZF1|CLL-associated antigen KW-6|CVID13|DNA-binding protein Ikaros|Hs.54452|IK1|IKAROS|IKAROS family zinc finger 1IKAROS family zinc finger 1|ikaros family zinc finger protein 1|LyF-1|LYF1|lymphoid transcription factor LyF-1|PPP1R92|PRO0758|protein phosphatase 1, regulatory subunit 92|zinc finger protein, subfamily 1A, 1 (Ikaros)|ZNFN1A1
IKZF3	IKZF3
IL10	IL10
IL13RA2	IL13RA2
IL1RL1	IL1RL1
IL2	IL2|aldesleukin|IL-2|interleukin 2interleukin 2|interleukin-2|involved in regulation of T-cell clonal expansion|lymphokine|T cell growth factor|TCGF
IL21R	IL21R|CD360|IL-21 receptor|IMD56|interleukin 21 receptorinterleukin 21 receptor|interleukin-21 receptor|NILR|novel interleukin receptor
IL3	IL3
IL3RA	IL3RA
IL6	IL6
IL6ST	IL6ST|CD130|CD130 antigen|CDW130|GP130|gp130 of the rheumatoid arthritis antigenic peptide-bearing soluble form|gp130, oncostatin M receptor|HIES4|IL-6 receptor subunit beta|IL-6R subunit beta|IL-6RB|interleukin 6 signal transducerinterleukin 6 signal transducer|interleukin receptor beta chain|interleukin-6 receptor subunit beta|membrane glycoprotein 130|membrane glycoprotein gp130|oncostatin-M receptor subunit alpha|sGP130
IL7R	IL7R|CD127|CD127 antigen|CDW127|IL-7 receptor subunit alpha|IL-7R subunit alpha|IL-7R-alpha|IL7RA|ILRA|interleukin 7 receptor alpha chain|interleukin 7 receptorinterleukin 7 receptor|interleukin-7 receptor subunit alpha
INCENP	INCENP
ING1	ING1
INHA	INHA
INHBA	INHBA
INPP4A	INPP4A
INPP4B	INPP4B
INPPL1	INPPL1
INSC	INSC
INSR	INSR
INSRR	INSRR
INTS2	INTS2
IP6K1	IP6K1
IQCF5	IQCF5
IQCH	IQCH
IRAK1	IRAK1
IRF1	IRF1
IRF2BP2	IRF2BP2
IRF4	IRF4|interferon regulatory factor 4|interferon regulatory factor 4interferon regulatory factor 4|LSIRF|lymphocyte-specific interferon regulatory factor|multiple myeloma oncogene 1|MUM1|NF-EM5|SHEP8
IRF8	IRF8
IRS1	IRS1
IRS2	IRS2
IRS4	IRS4|160 kDa phosphotyrosine protein|CHNG9|insulin receptor substrate 4|insulin receptor substrate 4insulin receptor substrate 4|IRS-4|phosphoprotein of 160 kDa|pp160|PY160
ISX	ISX|intestine specific homeoboxintestine specific homeobox|intestine-specific homeobox|pancreas-intestine homeodomain transcription factor|Pix-1|RAX-like homeobox|RAXLX
ITGAV	ITGAV|antigen identified by monoclonal antibody L230|CD51|integrin alpha-V|integrin alphaVbeta3|integrin subunit alpha Vintegrin subunit alpha V|integrin, alpha V (vitronectin receptor, alpha polypeptide, antigen CD51)|MSK8|vitronectin receptor subunit alpha|VNRA|VTNR
ITGAX	ITGAX
ITK	ITK|EMT|homolog of mouse T-cell itk/tsk|IL-2-inducible T-cell kinase|IL2 inducible T cell kinaseIL2 inducible T cell kinase|interleukin-2-inducible T-cell kinase|kinase EMT|LPFS1|LYK|PSCTK2|T-cell-specific kinase|tyrosine-protein kinase ITK/TSK|tyrosine-protein kinase LYK
ITPR2	ITPR2
JAGN1	JAGN1
JAK1	JAK1|AIIDE|JAK1A|JAK1B|Janus kinase 1Janus kinase 1|JTK3|tyrosine-protein kinase JAK1
JAK2	JAK2|JAK-2|Janus kinase 2 (a protein tyrosine kinase)|Janus kinase 2Janus kinase 2|JTK10|tyrosine-protein kinase JAK2
JAK3	JAK3|JAK-3|JAK3_HUMAN|JAKL|Janus kinase 3 (a protein tyrosine kinase, leukocyte)|Janus kinase 3Janus kinase 3|L-JAK|leukocyte Janus kinase|LJAK|tyrosine-protein kinase JAK3
JAKMIP1	JAKMIP1
JAZF1	JAZF1|JAZF zinc finger 1JAZF zinc finger 1|juxtaposed with another zinc finger gene 1|juxtaposed with another zinc finger protein 1|TAK1-interacting protein 27|TIP27|zinc finger protein 802|ZNF802
JHDM1D	JHDM1D
JUN	JUN|activator protein 1|AP-1|AP1|c-Jun|cJUN|enhancer-binding protein AP1|Jun activation domain binding protein|jun oncogene|Jun proto-oncogene, AP-1 transcription factor subunitJun proto-oncogene, AP-1 transcription factor subunit|p39|proto-oncogene c-Jun|proto-oncogene cJun|transcription factor AP-1|v-jun avian sarcoma virus 17 oncogene homolog|v-jun sarcoma virus 17 oncogene homolog
KANK1	KANK1
KANK4	KANK4
KAT6A	KAT6A|ARTHS|histone acetyltransferase KAT6A|histone acetyltransferase MYST3|K(lysine) acetyltransferase 6A|lysine acetyltransferase 6Alysine acetyltransferase 6A|monocytic leukemia zinc finger protein|MOZ|MOZ, YBF2/SAS3, SAS2 and TIP60 protein 3|MRD32|MYST histone acetyltransferase (monocytic leukemia) 3|MYST-3|MYST3|runt-related transcription factor binding protein 2|RUNXBP2|ZC2HC6A|zinc finger protein 220|ZNF220
KAT6B	KAT6B|GTPTS|histone acetyltransferase KAT6B|histone acetyltransferase MORF|histone acetyltransferase MOZ2|histone acetyltransferase MYST4|K(lysine) acetyltransferase 6B|lysine acetyltransferase 6Blysine acetyltransferase 6B|monocytic leukemia zinc finger protein-related factor|MORF|MOZ, YBF2/SAS3, SAS2 and TIP60 protein 4|MOZ-related factor|MOZ2|MYST histone acetyltransferase (monocytic leukemia) 4|MYST-4|MYST4|qkf|querkopf|ZC2HC6B
KAT7	KAT7|HBO1|HBOA|histone acetyltransferase binding to ORC1|histone acetyltransferase KAT7|histone acetyltransferase MYST2|K(lysine) acetyltransferase 7|lysine acetyltransferase 7lysine acetyltransferase 7|MOZ, YBF2/SAS3, SAS2 and TIP60 protein 2|MYST histone acetyltransferase 2|MYST2|ZC2HC7
KBTBD4	KBTBD4
KCNC2	KCNC2
KCNH1	KCNH1
KCNH7	KCNH7
KCNJ15	KCNJ15
KCNJ3	KCNJ3
KCNJ5	KCNJ5|cardiac ATP-sensitive potassium channel|CIR|G protein-activated inward rectifier potassium channel 4|GIRK4|heart KATP channel|inward rectifier K+ channel KIR3.4|IRK-4|KATP1|KIR3.4|LQT13|potassium channel, inwardly rectifying subfamily J, member 5|potassium inwardly rectifying channel subfamily J member 5potassium inwardly rectifying channel subfamily J member 5|potassium voltage-gated channel subfamily J member 5
KCNMB4	KCNMB4
KDM4C	KDM4C
KDM5A	KDM5A|[histone H3]-trimethyl-L-lysine(4) demethylase 5A|histone demethylase JARID1A|Jumonji, AT rich interactive domain 1A (RBP2-like)|jumonji/ARID domain-containing protein 1A|lysine (K)-specific demethylase 5A|lysine demethylase 5Alysine demethylase 5A|lysine-specific demethylase 5A|RBBP-2|RBBP2|RBP2|retinoblastoma binding protein 2
KDM5C	KDM5C|[histone H3]-trimethyl-L-lysine(4) demethylase 5C|DXS1272E|histone demethylase JARID1C|JARID1C|JmjC domain-containing protein SMCX|Jumonji, AT rich interactive domain 1C (RBP2-like)|Jumonji/ARID domain-containing protein 1C|lysine (K)-specific demethylase 5C|lysine demethylase 5Clysine demethylase 5C|lysine-specific demethylase 5C|MRX13|MRXJ|MRXSCJ|MRXSJ|SMCX|Smcx homolog, X chromosome|Smcy homolog, X-linked|XE169
KDM5D	KDM5D
KDM6A	KDM6A|[histone H3]-trimethyl-L-lysine(27) demethylase 6A|bA386N14.2|bA386N14.2 (ubiquitously transcribed X chromosome tetratricopeptide repeat protein (UTX))|histone demethylase UTX|KABUK2|lysine (K)-specific demethylase 6A|lysine demethylase 6Alysine demethylase 6A|lysine-specific demethylase 6A|ubiquitously transcribed tetratricopeptide repeat protein X-linked|ubiquitously-transcribed TPR gene on the X chromosome|UTX
KDR	KDR|CD309|fetal liver kinase-1|FLK1|kinase insert domain receptor (a type III receptor tyrosine kinase)|kinase insert domain receptorkinase insert domain receptor|protein-tyrosine kinase receptor Flk-1|soluble VEGFR2|tyrosine kinase growth factor receptor|vascular endothelial growth factor receptor 2|VEGFR|VEGFR2
KDSR	KDSR|3-dehydrosphinganine reductase|3-ketodihydrosphingosine reductase|3-ketodihydrosphingosine reductase3-ketodihydrosphingosine reductase|DHSR|EKVP4|follicular lymphoma variant translocation 1|follicular variant translocation protein 1|FVT-1|FVT1|KDS reductase|SDR35C1|short chain dehydrogenase/reductase family 35C member 1
KEAP1	KEAP1|cytosolic inhibitor of Nrf2|INrf2|KEAP1 delta C|kelch like ECH associated protein 1kelch like ECH associated protein 1|kelch-like ECH-associated protein 1|kelch-like family member 19|kelch-like protein 19|KLHL19
KIAA0087	KIAA0087
KIAA0947	KIAA0947
KIAA1024	KIAA1024
KIAA1217	KIAA1217
KIAA1267	KIAA1267
KIAA1549	KIAA1549|KIAA1549KIAA1549|RP86|UPF0606 protein KIAA1549
KIAA1984	KIAA1984
KIF14	KIF14
KIF1B	KIF1B
KIF23	KIF23
KIF5B	KIF5B|conventional kinesin heavy chain|epididymis secretory protein Li 61|HEL-S-61|kinesin 1 (110-120kD)|kinesin family member 5Bkinesin family member 5B|kinesin heavy chain|kinesin-1 heavy chain|KINH|KNS|KNS1|ubiquitous kinesin heavy chain|UKHC
KIFC1	KIFC1
KIT	KIT|C-Kit|c-Kit protooncogene|CD117|KIT proto-oncogene, receptor tyrosine kinaseKIT proto-oncogene, receptor tyrosine kinase|mast/stem cell growth factor receptor Kit|MASTC|p145 c-kit|PBT|piebald trait protein|proto-oncogene c-Kit|proto-oncogene tyrosine-protein kinase Kit|SCFR|soluble KIT variant 1|tyrosine-protein kinase Kit|v-kit Hardy-Zuckerman 4 feline sarcoma viral oncogene homolog|v-kit Hardy-Zuckerman 4 feline sarcoma viral oncogene-like protein
KLB	KLB
KLF2	KLF2
KLF4	KLF4|endothelial Kruppel-like zinc finger protein|epithelial zinc finger protein EZF|EZF|GKLF|gut Kruppel-like factor|gut-enriched krueppel-like factor|Krueppel-like factor 4|Kruppel like factor 4Kruppel like factor 4|Kruppel-like factor 4 (gut)
KLF5	KLF5
KLF6	KLF6|B-cell-derived protein 1|BCD1|CBA1|COPEB|core promoter element binding protein|CPBP|GBF|GC-rich binding factor|GC-rich sites-binding factor GBF|Krueppel-like factor 6|Kruppel like factor 6Kruppel like factor 6|Kruppel-like zinc finger protein Zf9|PAC1|proto-oncogene BCD1|protooncogene B-cell derived 1|ST12|suppression of tumorigenicity 12 (prostate)|suppressor of tumorigenicity 12 protein|transcription factor Zf9|ZF9
KLHL13	KLHL13
KLK2	KLK2|glandular kallikrein 2|glandular kallikrein-1|hGK-1|hK2|kallikrein 2, prostatic|kallikrein related peptidase 2kallikrein related peptidase 2|kallikrein-2|KLK2A2|tissue kallikrein-2
KLRAQ1	KLRAQ1
KMT2A	KMT2A|ALL-1|CXXC-type zinc finger protein 7|CXXC7|histone-lysine N-methyltransferase 2A|HRX|HTRX1|lysine (K)-specific methyltransferase 2A|lysine methyltransferase 2Alysine methyltransferase 2A|lysine N-methyltransferase 2A|mixed lineage leukemia 1|MLL|MLL1|MLL1A|myeloid/lymphoid or mixed-lineage leukemia (trithorax homolog, Drosophila)|trithorax-like protein|TRX1|WDSTS|zinc finger protein HRX
KMT2B	KMT2B
KMT2C	KMT2C|ALR-like protein|HALR|histone-lysine N-methyltransferase 2C|histone-lysine N-methyltransferase MLL3|histone-lysine N-methyltransferase, H3 lysine-4 specific|homologous to ALR protein|KLEFS2|lysine (K)-specific methyltransferase 2C|lysine methyltransferase 2Clysine methyltransferase 2C|MLL3|myeloid/lymphoid or mixed-lineage leukemia protein 3
KMT2D	KMT2D|AAD10|ALL1-related protein|ALR|CAGL114|histone-lysine N-methyltransferase 2D|histone-lysine N-methyltransferase MLL2|KABUK1|Kabuki make-up syndrome|Kabuki mental retardation syndrome|KMS|lysine (K)-specific methyltransferase 2D|lysine methyltransferase 2Dlysine methyltransferase 2D|lysine N-methyltransferase 2D|MLL2|MLL4|myeloid/lymphoid or mixed-lineage leukemia 2|TNRC21|trinucleotide repeat containing 21|truncated lysine methyltransferase 2D
KNL1	KNL1|AF15Q14|ALL1-fused gene from chromosome 15q14 protein|blinkin, bub-linking kinetochore protein|cancer susceptibility candidate 5|cancer susceptibility candidate gene 5 protein|cancer/testis antigen 29|CASC5|CT29|D40|hKNL-1|hSpc105|kinetochore null 1 homolog|kinetochore scaffold 1|kinetochore scaffold 1kinetochore scaffold 1|kinetochore-null protein 1|MCPH4|microcephaly, primary autosomal recessive 4|PPP1R55|protein phosphatase 1, regulatory subunit 55|Spc7
KNSTRN	KNSTRN|C15orf23|HSD11|kinastrin|kinetochore localized astrin (SPAG5) binding proteinkinetochore localized astrin (SPAG5) binding protein|kinetochore-localized astrin-binding protein|putative TRAF4-associated factor 1|SKAP|small kinetochore associated protein|small kinetochore-associated protein|small kinetochore-associated protein, kinetochore-localized astrin-binding protein, TRAF4 associated factor 1|TRAF4 associated factor 1|TRAF4AF1
KPNA1	KPNA1
KRAS	KRAS|'C-K-RAS|C-K-RAS|c-Ki-ras|c-Ki-ras2|c-Kirsten-ras protein|cellular c-Ki-ras2 proto-oncogene|cellular transforming proto-oncogene|CFC2|GTPase KRas|K-Ras|K-Ras 2|K-ras p21 protein|K-RAS2A|K-RAS2B|K-RAS4A|K-RAS4B|KI-RAS|Kirsten rat sarcoma viral oncogene homolog|Kirsten rat sarcoma viral proto-oncogene|KRAS proto-oncogene, GTPaseKRAS proto-oncogene, GTPase|KRAS1|KRAS2|NS|NS3|OES|oncogene KRAS2|PR310 c-K-ras oncogene|RALD|RASK2|transforming protein p21|v-Ki-ras2 Kirsten rat sarcoma 2 viral oncogene homolog
KREMEN1	KREMEN1
KRT14	KRT14
KRT18	KRT18
KRT5	KRT5
KRT72	KRT72
KTN1	KTN1|CG-1 antigen|CG1|kinectin|kinectin 1kinectin 1|kinesin receptor|KNT|MU-RMS-40.19
LAG3	LAG3
LAMC1	LAMC1
LARP4B	LARP4B|KIAA0217|La ribonucleoprotein 4BLa ribonucleoprotein 4B|La ribonucleoprotein domain family member 4B|La ribonucleoprotein domain family, member 5|la-related protein 4B|la-related protein 5|LARP5
LASP1	LASP1|Lasp-1|LIM and SH3 domain protein 1|LIM and SH3 protein 1LIM and SH3 protein 1|metastatic lymph node gene 50 protein|MLN50
LATS1	LATS1|h-warts|large tumor suppressor homolog 1|large tumor suppressor kinase 1large tumor suppressor kinase 1|LATS (large tumor suppressor, Drosophila) homolog 1|LATS, large tumor suppressor, homolog 1|serine/threonine-protein kinase LATS1|WARTS|WARTS protein kinase|wts
LATS2	LATS2|kinase phosphorylated during mitosis protein|KPM|large tumor suppressor homolog 2|large tumor suppressor kinase 2large tumor suppressor kinase 2|LATS (large tumor suppressor, Drosophila) homolog 2|LATS, large tumor suppressor, homolog 2|serine/threonine kinase KPM|serine/threonine-protein kinase kpm|serine/threonine-protein kinase LATS2|warts-like kinase
LBP	LBP
LCK	LCK|IMD22|LCK proto-oncogene, Src family tyrosine kinaseLCK proto-oncogene, Src family tyrosine kinase|leukocyte C-terminal Src kinase|LSK|lymphocyte cell-specific protein-tyrosine kinase|p56(LSTRA) protein-tyrosine kinase|p56lck|pp58lck|proto-oncogene tyrosine-protein kinase LCK|t cell-specific protein-tyrosine kinase|T-lymphocyte specific protein tyrosine kinase p56lck|tyrosine-protein kinase Lck|YT16
LCP1	LCP1|bA139H14.1 (lymphocyte cytosolic protein 1 (L-plastin))|CP64|epididymis secretory protein Li 37|HEL-S-37|L-PLASTIN|L-plastin (Lymphocyte cytosolic protein 1) (LCP-1) (LC64P)|LC64P|LCP-1|LPL|lymphocyte cytosolic protein 1lymphocyte cytosolic protein 1|Lymphocyte cytosolic protein-1 (plasmin)|plastin-2|PLS2
LDLR	LDLR
LEF1	LEF1|LEF-1|lymphoid enhancer binding factor 1lymphoid enhancer binding factor 1|lymphoid enhancer-binding factor 1|T cell-specific transcription factor 1-alpha|TCF1-alpha|TCF10|TCF1ALPHA|TCF7L3
LEMD3	LEMD3
LEPR	LEPR
LEPREL1	LEPREL1
LEPROTL1	LEPROTL1|endospanin-2|HSPC112|leptin receptor overlapping transcript like 1leptin receptor overlapping transcript like 1|leptin receptor overlapping transcript-like 1|my047|Vps55
LEUTX	LEUTX
LGR5	LGR5
LGSN	LGSN
LHFPL6	LHFPL6|LHFP|LHFPL tetraspan subfamily member 6 protein|LHFPL tetraspan subfamily member 6LHFPL tetraspan subfamily member 6|lipoma HMGIC fusion partner
LIFR	LIFR|CD118|CD118 antigen|leukemia inhibitory factor receptor|leukemia inhibitory factor receptor alpha|LIF receptor alpha|LIF receptor subunit alphaLIF receptor subunit alpha|LIF-R|SJS2|STWS|SWS
LIG3	LIG3
LIG4	LIG4
LILRB1	LILRB1
LIMD1	LIMD1
LINC02915	LINC02915
LMNA	LMNA|70 kDa lamin|CDCD1|CDDC|CMD1A|CMT2B1|EMD2|epididymis secretory sperm binding protein|FPL|FPLD|FPLD2|HGPS|IDC|lamin|lamin A/C-like 1|lamin A/Clamin A/C|LDP1|LFP|LGMD1B|LMN1|LMNC|LMNL1|MADA|mandibuloacral dysplasia type A|prelamin-A/C|PRO1|renal carcinoma antigen NY-REN-32
LMO1	LMO1|cysteine-rich protein TTG-1|LIM domain only 1 (rhombotin 1)|LIM domain only 1LIM domain only 1|LIM domain only protein 1|LMO-1|RBTN1|RHOM1|rhombotin-1|T-cell translocation gene 1|T-cell translocation protein 1|TTG1
LMO2	LMO2|cysteine-rich protein TTG-2|LIM domain only 2LIM domain only 2|LIM domain only protein 2|LMO-2|RBTN2|RBTNL1|RHOM2|rhombotin-2|rhombotin-like 1|T-cell translocation gene 2|T-cell translocation protein 2|TTG2
LMO3	LMO3
LOC100101266	LOC100101266
LOC100128811	LOC100128811
LOC100134259	LOC100134259
LOC100169752	LOC100169752
LOC100272217	LOC100272217
LOC1720	LOC1720
LOC284100	LOC284100
LOC284661	LOC284661
LOC285954	LOC285954
LOC442459	LOC442459
LOC647309	LOC647309
LOC729234	LOC729234
LOH12CR1	LOH12CR1
LPAR2	LPAR2
LPIN1	LPIN1
LPP	LPP|LIM domain containing preferred translocation partner in lipomaLIM domain containing preferred translocation partner in lipoma|LIM protein|lipoma preferred partner|lipoma-preferred partner
LRCH1	LRCH1
LRIG3	LRIG3|leucine rich repeats and immunoglobulin like domains 3leucine rich repeats and immunoglobulin like domains 3|leucine-rich repeats and immunoglobulin-like domains protein 3|LIG-3|LIG3
LRP1	LRP1
LRP1B	LRP1B|LDL receptor related protein 1BLDL receptor related protein 1B|low density lipoprotein receptor related protein-deleted in tumor|low density lipoprotein receptor-related protein 1B|low density lipoprotein-related protein 1B (deleted in tumors)|low-density lipoprotein receptor-related protein 1B|LRP-1B|LRP-deleted in tumors|LRP-DIT|LRPDIT
LRP6	LRP6
LRP8	LRP8
LRPPRC	LRPPRC
LRRC20	LRRC20
LRRC24	LRRC24
LRRC27	LRRC27
LRRC4C	LRRC4C
LRRN2	LRRN2
LSM14A	LSM14A|alphaSNBP|C19orf13|FAM61A|family with sequence similarity 61, member A|hRAP55|hRAP55A|LSM14 homolog A|LSM14A mRNA processing body assembly factorLSM14A mRNA processing body assembly factor|LSM14A, SCD6 homolog A|protein LSM14 homolog A|protein SCD6 homolog|putative alpha-synuclein-binding protein|RAP55|RAP55A|RNA-associated protein 55|RNA-associated protein 55A
LSM7	LSM7
LUC7L2	LUC7L2
LYG2	LYG2
LYL1	LYL1|bHLHa18|class A basic helix-loop-helix protein 18|LYL1 basic helix-loop-helix family memberLYL1 basic helix-loop-helix family member|lymphoblastic leukemia associated hematopoiesis regulator 1|lymphoblastic leukemia derived sequence 1|protein lyl-1
LYN	LYN
LZTR1	LZTR1|BTBD29|epididymis secretory sperm binding protein|leucine zipper like transcription regulator 1leucine zipper like transcription regulator 1|leucine-zipper-like transcriptional regulator 1|LZTR-1|NS10|NS2|SWNTS2
LZTS1	LZTS1
MACC1	MACC1|7A5|MACC1, MET transcriptional regulator|MET transcriptional regulator MACC1MET transcriptional regulator MACC1|metastasis associated in colon cancer 1|metastasis-associated in colon cancer protein 1|putative binding protein 7a5|SH3 domain-containing protein 7a5|SH3BP4L
MACF1	MACF1
MACROD2	MACROD2
MAD1L1	MAD1L1
MAF	MAF|Avian musculoaponeurotic fibrosarcoma (MAF) protooncogene|AYGRP|c-MAF|c-maf proto-oncogene|CCA4|CTRCT21|MAF bZIP transcription factorMAF bZIP transcription factor|proto-oncogene c-Maf|T lymphocyte c-maf long form|transcription factor Maf|v-maf avian musculoaponeurotic fibrosarcoma oncogene homolog
MAFB	MAFB|DURS3|Kreisler maf-related leucine zipper homolog|KRML|MAF bZIP transcription factor BMAF bZIP transcription factor B|MAFB/Kreisler basic region/leucine zipper transcription factor|MCTO|transcription factor MafB|v-maf avian musculoaponeurotic fibrosarcoma oncogene homolog B
MAFG	MAFG
MAGEH1	MAGEH1
MALAT1	MALAT1|HCN|hepcarcin|LINC00047|long intergenic non-protein coding RNA 47|metastasis associated lung adenocarcinoma transcript 1 (non-protein coding)|metastasis associated lung adenocarcinoma transcript 1metastasis associated lung adenocarcinoma transcript 1|NCRNA00047|NEAT2|nuclear enriched abundant transcript 2|nuclear paraspeckle assembly transcript 2 (non-protein coding)|PRO2853
MALT1	MALT1|caspase-like protein|IMD12|MALT1 paracaspaseMALT1 paracaspase|MALT1 protease|MLT|MLT1|mucosa associated lymphoid tissue lymphoma translocation gene 1|mucosa-associated lymphoid tissue lymphoma translocation protein 1|paracaspase-1|PCASP1
MAML2	MAML2|mam-2|MAM-3|MAM2|MAM3|mastermind like transcriptional coactivator 2mastermind like transcriptional coactivator 2|mastermind-like 2|mastermind-like protein 2|MLL-MAML2
MANBAL	MANBAL
MAP1LC3A	MAP1LC3A
MAP2K1	MAP2K1|CFC3|dual specificity mitogen-activated protein kinase kinase 1|ERK activator kinase 1|MAPK/ERK kinase 1|MAPKK 1|MAPKK1|MEK 1|MEK1|MEL|mitogen-activated protein kinase kinase 1mitogen-activated protein kinase kinase 1|MKK1|PRKMK1|protein kinase, mitogen-activated, kinase 1 (MAP kinase kinase 1)
MAP2K2	MAP2K2|CFC4|dual specificity mitogen-activated protein kinase kinase 2|ERK activator kinase 2|MAP kinase kinase 2|MAPK/ERK kinase 2|MAPKK2|MEK2|mitogen-activated protein kinase kinase 2, p45|mitogen-activated protein kinase kinase 2mitogen-activated protein kinase kinase 2|MKK2|PRKMK2
MAP2K4	MAP2K4|c-Jun N-terminal kinase kinase 1|dual specificity mitogen-activated protein kinase kinase 4|JNK-activated kinase 1|JNK-activating kinase 1|JNKK|JNKK1|MAP kinase kinase 4|MAPK/ERK kinase 4|MAPKK 4|MAPKK4|MEK 4|MEK4|mitogen-activated protein kinase kinase 4mitogen-activated protein kinase kinase 4|MKK4|PRKMK4|SAPK/ERK kinase 1|SAPKK-1|SAPKK1|SEK1|SERK1|SKK1|stress-activated protein kinase kinase 1
MAP2K7	MAP2K7
MAP3K1	MAP3K1|MAP/ERK kinase kinase 1|MAPK/ERK kinase kinase 1|MAPKKK1|MEK kinase 1|MEKK|MEKK 1|MEKK1|mitogen-activated protein kinase kinase kinase 1|mitogen-activated protein kinase kinase kinase 1, E3 ubiquitin protein ligase|mitogen-activated protein kinase kinase kinase 1mitogen-activated protein kinase kinase kinase 1|SRXY6
MAP3K13	MAP3K13|leucine zipper-bearing kinase|LZK|MEKK13|mitogen-activated protein kinase kinase kinase 13|mitogen-activated protein kinase kinase kinase 13mitogen-activated protein kinase kinase kinase 13|mixed lineage kinase|MLK
MAP3K14	MAP3K14
MAP4	MAP4
MAPK1	MAPK1|ERK|ERK-2|ERK2|ERT1|extracellular signal-regulated kinase 2|MAP kinase 1|MAP kinase 2|MAPK 2|MAPK2|mitogen-activated protein kinase 1|mitogen-activated protein kinase 1mitogen-activated protein kinase 1|mitogen-activated protein kinase 2|NS13|p38|p40|p41|p41mapk|p42-MAPK|P42MAPK|PRKM1|PRKM2|protein tyrosine kinase ERK2
MAPK3	MAPK3
MAPK4	MAPK4
MAPKAPK2	MAPKAPK2
MAPKBP1	MAPKBP1
MARVELD3	MARVELD3
MAST3	MAST3
MAX	MAX|bHLHd4|class D basic helix-loop-helix protein 4|MYC associated factor XMYC associated factor X|protein max
MB21D2	MB21D2|C3orf59|Mab-21 domain containing 2Mab-21 domain containing 2|mab-21 domain-containing protein 2|protein MB21D2
MBD3	MBD3
MCC	MCC
MCF2L2	MCF2L2
MCL1	MCL1
MCPH1	MCPH1
MDC1	MDC1
MDM2	MDM2|ACTFS|double minute 2, human homolog of; p53-binding protein|E3 ubiquitin-protein ligase Mdm2|hdm2|HDMX|LSKB|MDM2 oncogene, E3 ubiquitin protein ligase|MDM2 proto-oncogene, E3 ubiquitin protein ligase|MDM2 proto-oncogeneMDM2 proto-oncogene|Mdm2, p53 E3 ubiquitin protein ligase homolog|Mdm2, transformed 3T3 cell double minute 2, p53 binding protein|oncoprotein Mdm2
MDM4	MDM4|BMFS6|double minute 4, human homolog of; p53-binding protein|HDMX|mdm2-like p53-binding protein|Mdm4 p53 binding protein homolog|MDM4 protein variant G|MDM4 protein variant Y|MDM4 regulator of p53MDM4 regulator of p53|MDM4, p53 regulator|MDM4-related protein 1|MDMX|MRP1|protein Mdm4|protein Mdmx
MDS2	MDS2|myelodysplastic syndrome 2 translocation associatedmyelodysplastic syndrome 2 translocation associated|myelodysplastic syndrome 2 translocation-associated protein
MECOM	MECOM|AML1-EVI-1|AML1-EVI-1 fusion protein|ecotropic virus integration site 1 protein homolog|EVI1|histone-lysine N-methyltransferase MECOM|KMT8E|MDS1|MDS1 and EVI1 complex locus protein EVI1|MDS1 and EVI1 complex locus protein MDS1|MDS1 and EVI1 complex locusMDS1 and EVI1 complex locus|MDS1-EVI1|myelodysplasia syndrome-associated protein 1|oncogene EVI1|PR domain 3|PRDM3|RUSAT2|zinc finger protein Evi1
MED12	MED12|activator-recruited cofactor 240 kDa component|ARC240|CAG repeat protein 45|CAGH45|FGS1|HOPA|human opposite paired|Kohtalo homolog|Kto|MED12S|mediator complex subunit 12mediator complex subunit 12|mediator of RNA polymerase II transcription subunit 12|mediator of RNA polymerase II transcription, subunit 12 homolog|OHDOX|OKS|OPA-containing protein|OPA1|putative mediator subunit 12|thyroid hormone receptor-associated protein complex 230 kDa component|thyroid hormone receptor-associated protein, 230 kDa subunit|TNRC11|TRAP230|trinucleotide repeat containing 11 (THR-associated protein, 230 kDa subunit)|trinucleotide repeat-containing gene 11 protein
MED23	MED23
MEF2B	MEF2B
MEF2D	MEF2D
MEI1	MEI1
MEN1	MEN1|MEAI|menin|menin 1menin 1|SCG2
MERTK	MERTK
MESP2	MESP2
MET	MET|AUTS9|c-Met|DFNB97|hepatocyte growth factor receptor|HGF receptor|HGF/SF receptor|HGFR|MET proto-oncogene, receptor tyrosine kinaseMET proto-oncogene, receptor tyrosine kinase|proto-oncogene c-Met|RCCP2|scatter factor receptor|SF receptor|tyrosine-protein kinase Met
METTL2B	METTL2B
MGA	MGA
MGAT4C	MGAT4C
MGMT	MGMT|6-O-methylguanine-DNA methyltransferase|methylated-DNA--protein-cysteine methyltransferase|methylguanine-DNA methyltransferase|O-6-methylguanine-DNA methyltransferaseO-6-methylguanine-DNA methyltransferase|O-6-methylguanine-DNA-alkyltransferase|O6-methylguanine-DNA methyltransferase
MIAT	MIAT
MIDN	MIDN
MIPOL1	MIPOL1
MIR1281	MIR1281
MIR143	MIR143
MIR1976	MIR1976
MIR31	MIR31
MIR3667HG	MIR3667HG
MIR548H2	MIR548H2
MIR548H3	MIR548H3
MIR873	MIR873
MIRLET7A1	MIRLET7A1
MITF	MITF|bHLHe32|class E basic helix-loop-helix protein 32|CMM8|COMMAD|melanocyte inducing transcription factormelanocyte inducing transcription factor|melanogenesis associated transcription factor|MI|microphtalmia-associated transcription factor|microphthalmia-associated transcription factor|WS2|WS2A
MKI67	MKI67
MKRN1	MKRN1
MLF1	MLF1|myelodysplasia-myeloid leukemia factor 1|myeloid leukemia factor 1|myeloid leukemia factor 1myeloid leukemia factor 1|testis tissue sperm-binding protein Li 49e
MLH1	MLH1|COCA2|DNA mismatch repair protein Mlh1|FCC2|hMLH1|HNPCC|HNPCC2|MMRCS1|mutL homolog 1, colon cancer, nonpolyposis type 2|mutL homolog 1mutL homolog 1
MLH3	MLH3
MLL	MLL
MLL2	MLL2
MLL3	MLL3
MLLT1	MLLT1|CTC-503J8.6|ENL|ENL/MLL fusion|LTG19|MLL/ENL fusion protein|MLLT1 super elongation complex subunitMLLT1 super elongation complex subunit|MLLT1/MLL fusion|myeloid/lymphoid or mixed-lineage leukemia (trithorax homolog); translocated to, 1|myeloid/lymphoid or mixed-lineage leukemia (trithorax homolog, Drosophila); translocated to, 1|myeloid/lymphoid or mixed-lineage leukemia; translocated to, 1|protein ENL|YEATS domain-containing protein 1|YEATS1
MLLT10	MLLT10|AF10|ALL1-fused gene from chromosome 10 protein|MLLT10 histone lysine methyltransferase DOT1L cofactorMLLT10 histone lysine methyltransferase DOT1L cofactor|myeloid/lymphoid or mixed-lineage leukemia (trithorax homolog, Drosophila); translocated to, 10|myeloid/lymphoid or mixed-lineage leukemia; translocated to, 10|protein AF-10|type I AF10 protein|type III AF10 protein|type IV AF10 protein
MLLT11	MLLT11|AF1Q|ALL1 fused gene from chromosome 1q|MLLT11 transcription factor 7 cofactorMLLT11 transcription factor 7 cofactor|myeloid/lymphoid or mixed-lineage leukemia (trithorax homolog, Drosophila); translocated to, 11|myeloid/lymphoid or mixed-lineage leukemia; translocated to, 11|protein AF1q
MLLT3	MLLT3|AF9|ALL1-fused gene from chromosome 9 protein|KMT2A/MLLT3 fusion protein|MLLT3 super elongation complex subunitMLLT3 super elongation complex subunit|myeloid/lymphoid or mixed-lineage leukemia (trithorax homolog); translocated to, 3|myeloid/lymphoid or mixed-lineage leukemia (trithorax homolog, Drosophila); translocated to, 3|myeloid/lymphoid or mixed-lineage leukemia translocated to chromosome 3 protein|myeloid/lymphoid or mixed-lineage leukemia; translocated to 3|protein AF-9|YEATS domain-containing protein 3|YEATS3
MLLT4	MLLT4
MLLT6	MLLT6|AF17|ALL1-fused gene from chromosome 17 protein|MLLT6, PHD finger containingMLLT6, PHD finger containing|MLLT6, PHD finger domain containing|myeloid/lymphoid or mixed-lineage leukemia (trithorax homolog); translocated to, 6|myeloid/lymphoid or mixed-lineage leukemia (trithorax homolog, Drosophila); translocated to, 6|Myeloid/lymphoid or mixed-lineage leukemia, translocated to, 6|myeloid/lymphoid or mixed-lineage leukemia; translocated to, 6|protein AF-17|trithorax homolog
MLST8	MLST8
MME	MME
MMP16	MMP16
MN1	MN1|CEBALID|dJ353E16.2|meningioma (disrupted in balanced translocation) 1|meningioma (translocation balanced)|meningioma chromosome region 1|MGCR|MGCR1|MGCR1-PEN|MN1 proto-oncogene, transcriptional regulatorMN1 proto-oncogene, transcriptional regulator|probable tumor suppressor protein MN1|transcriptional activator MN1
MNX1	MNX1|HB9|HLXB9|homeobox HB9|homeobox protein HB9|HOXHB9|motor neuron and pancreas homeobox 1motor neuron and pancreas homeobox 1|motor neuron and pancreas homeobox protein 1|SCRA1
MON2	MON2
MOS	MOS
MPL	MPL|C-MPL|CD110|MPL proto-oncogene, thrombopoietin receptorMPL proto-oncogene, thrombopoietin receptor|MPLV|myeloproliferative leukemia protein|myeloproliferative leukemia virus oncogene|proto-oncogene c-Mpl|THCYT2|THPOR|thrombopoietin receptor|TPO-R|TPOR
MPRIP	MPRIP
MRE11	MRE11|AT-like disease|ATLD|DNA recombination and repair protein|double-strand break repair protein MRE11|double-strand break repair protein MRE11A|endo/exonuclease Mre11|HNGS1|meiotic recombination 11 homolog 1|meiotic recombination 11 homolog A|MRE11 double strand break repair nuclease A|MRE11 homolog 1|MRE11 homolog A, double strand break repair nuclease|MRE11 homolog, double strand break repair nuclease A|MRE11 homolog, double strand break repair nucleaseMRE11 homolog, double strand break repair nuclease|MRE11 meiotic recombination 11 homolog A|MRE11 meiotic recombination 11-like protein A|MRE11A|MRE11B
MRE11A	MRE11A
MRPS15	MRPS15
MRPS30	MRPS30
MRPS33	MRPS33
MRTFA	MRTFA|basic, SAP and coiled-coil domain|BSAC|MAL|megakaryoblastic leukemia (translocation) 1|megakaryoblastic leukemia 1 protein|megakaryocytic acute leukemia protein|MKL|MKL/myocardin-like protein 1|MKL1|MRTF-A|myocardin related transcription factor Amyocardin related transcription factor A|myocardin-related transcription factor A
MS4A1	MS4A1
MSH2	MSH2|COCA1|DNA mismatch repair protein Msh2|DNA mismatch repair protein Msh2 transcript|FCC1|hMSH2|HNPCC|HNPCC1|LCFS2|MMRCS2|mutS homolog 2, colon cancer, nonpolyposis type 1|mutS homolog 2mutS homolog 2
MSH3	MSH3
MSH6	MSH6|DNA mismatch repair protein Msh6|G/T mismatch-binding protein|GTBP|GTMBP|HNPCC5|HSAP|MMRCS3|mutS homolog 6mutS homolog 6|mutS protein homolog 6|mutS-alpha 160 kDa subunit|p160|sperm-associated protein
MSI2	MSI2|MSI2H|musashi homolog 2|musashi RNA binding protein 2musashi RNA binding protein 2|musashi-2|RNA-binding protein Musashi homolog 2
MSL3	MSL3
MSN	MSN|epididymis luminal protein 70|HEL70|IMD50|membrane-organizing extension spike protein|moesin|moesinmoesin
MSR1	MSR1
MST1	MST1
MST1R	MST1R
MTAP	MTAP
MTCP1	MTCP1|mature T cell proliferation 1mature T cell proliferation 1|mature T-cell proliferation-1 type B1|MTCP-1 type B1|P13MTCP1|p8MTCP1|protein p13 MTCP-1|TCL1 family AKT coactivator C|TCL1C
MTHFR	MTHFR
MTMR3	MTMR3
MTMR4	MTMR4
MTOR	MTOR|FK506 binding protein 12-rapamycin associated protein 2|FK506-binding protein 12-rapamycin complex-associated protein 1|FKBP-rapamycin associated protein|FKBP12-rapamycin complex-associated protein 1|FRAP|FRAP1|FRAP2|mammalian target of rapamycin|mechanistic target of rapamycin (serine/threonine kinase)|mechanistic target of rapamycin kinasemechanistic target of rapamycin kinase|RAFT1|rapamycin and FKBP12 target 1|rapamycin associated protein FRAP2|rapamycin target protein 1|RAPT1|serine/threonine-protein kinase mTOR|SKS
MUC1	MUC1|ADMCKD|ADMCKD1|breast carcinoma-associated antigen DF3|CA 15-3|cancer antigen 15-3|carcinoma-associated mucin|CD227|EMA|episialin|H23 antigen|H23AG|KL-6|krebs von den Lungen-6|MAM6|MCD|MCKD|MCKD1|MUC-1|MUC-1/SEC|MUC-1/X|MUC1/ZD|mucin 1, cell surface associatedmucin 1, cell surface associated|mucin 1, transmembrane|mucin-1|peanut-reactive urinary mucin|PEM|PEMT|polymorphic epithelial mucin|PUM|tumor associated epithelial mucin|tumor-associated epithelial membrane antigen
MUC16	MUC16|CA125|CA125 ovarian cancer antigen|cancer antigen 125|mucin 16, cell surface associatedmucin 16, cell surface associated|mucin-16|ovarian cancer-related tumor marker CA125|ovarian carcinoma antigen CA125
MUC4	MUC4|ascites sialoglycoprotein|ASGP|HSA276359|MUC-4|mucin 4, cell surface associatedmucin 4, cell surface associated|mucin 4, tracheobronchial|mucin-4|pancreatic adenocarcinoma mucin|testis mucin|tracheobronchial mucin
MUTYH	MUTYH|A/G-specific adenine DNA glycosylase|adenine DNA glycosylase|mutY DNA glycosylasemutY DNA glycosylase|mutY homolog|mutY-like protein|MYH
MX1	MX1
MYB	MYB|c-myb|c-myb_CDS|Cmyb|efg|MYB proto-oncogene, transcription factorMYB proto-oncogene, transcription factor|oncogene AMV|proto-oncogene c-Myb|transcriptional activator Myb|v-myb avian myeloblastosis viral oncogene homolog
MYBL1	MYBL1
MYC	MYC|avian myelocytomatosis viral oncogene homolog|bHLHe39|c-Myc|class E basic helix-loop-helix protein 39|MRTL|myc proto-oncogene protein|MYC proto-oncogene, bHLH transcription factorMYC proto-oncogene, bHLH transcription factor|myc-related translation/localization regulatory factor|MYCC|proto-oncogene c-Myc|transcription factor p64|v-myc avian myelocytomatosis viral oncogene homolog|v-myc myelocytomatosis viral oncogene homolog
MYCL	MYCL|bHLHe38|class E basic helix-loop-helix protein 38|L-Myc|l-myc-1 proto-oncogene|LMYC|myc-related gene from lung cancer|MYCL proto-oncogene, bHLH transcription factorMYCL proto-oncogene, bHLH transcription factor|MYCL1|protein L-Myc|protein L-Myc-1|v-myc avian myelocytomatosis viral oncogene lung carcinoma derived homolog|v-myc myelocytomatosis viral oncogene homolog 1, lung carcinoma derived
MYCL1	MYCL1
MYCN	MYCN|bHLHe37|class E basic helix-loop-helix protein 37|MODED|MYCN proto-oncogene, bHLH transcription factorMYCN proto-oncogene, bHLH transcription factor|N-myc|N-myc proto-oncogene protein|neuroblastoma MYC oncogene|neuroblastoma-derived v-myc avian myelocytomatosis viral related oncogene|NMYC|ODED|oncogene NMYC|v-myc avian myelocytomatosis viral oncogene neuroblastoma derived homolog
MYD88	MYD88|IMD68|mutant myeloid differentiation primary response 88|MYD88 innate immune signal transduction adaptorMYD88 innate immune signal transduction adaptor|MYD88D|myeloid differentiation primary response 88|myeloid differentiation primary response gene (88)|myeloid differentiation primary response protein MyD88
MYEOV	MYEOV
MYH11	MYH11|AAT4|epididymis secretory sperm binding protein|FAA4|myosin heavy chain 11myosin heavy chain 11|myosin, heavy chain 11, smooth muscle|myosin, heavy polypeptide 11, smooth muscle|myosin-11|SMHC|SMMHC
MYH14	MYH14
MYH9	MYH9|BDPLT6|cellular myosin heavy chain, type A|DFNA17|EPSTS|FTNS|MATINS|MHA|myosin heavy chain 9myosin heavy chain 9|myosin, heavy chain 9, non-muscle|myosin-9|NMHC-II-A|NMMHC-IIA|NMMHCA|non-muscle myosin heavy chain 9|non-muscle myosin heavy chain A|non-muscle myosin heavy chain IIa|non-muscle myosin heavy polypeptide 9|nonmuscle myosin heavy chain II-A
MYL5	MYL5
MYO16	MYO16
MYO18A	MYO18A
MYO5A	MYO5A|dilute myosin heavy chain, non-muscle|GS1|MYH12|MYO5|myosin V|myosin VA (heavy chain 12, myoxin)|myosin VAmyosin VA|myosin, heavy polypeptide kinase|myosin-12|myosin-Va|myoxin|MYR12|unconventional myosin-Va
MYOD1	MYOD1|bHLHc1|class C basic helix-loop-helix protein 1|myf-3|MYF3|myoblast determination protein 1|MYOD|MYODRIF|myogenic differentiation 1myogenic differentiation 1|myogenic factor 3|PUM
MYOF	MYOF
MYT1	MYT1
N4BP1	N4BP1
N4BP2	N4BP2|B3BP|BCL-3-binding protein|NEDD4 binding protein 2NEDD4 binding protein 2|NEDD4-binding protein 2
NAALADL2	NAALADL2
NAB2	NAB2|EGR1 binding protein 2|MADER|melanoma-associated delayed early response protein|NGFI-A binding protein 2NGFI-A binding protein 2|NGFI-A-binding protein 2
NACA	NACA|alpha-NAC, muscle-specific form|HSD48|NAC-alpha|NACA1|nascent polypeptide associated complex subunit alphanascent polypeptide associated complex subunit alpha|nascent polypeptide-associated complex subunit alpha|nascent-polypeptide-associated complex alpha polypeptide|skNAC
NALF1	NALF1
NAP1L2	NAP1L2
NBEA	NBEA|BCL8B|lysosomal-trafficking regulator 2|LYST2|neurobeachin|neurobeachinneurobeachin
NBN	NBN|AT-V1|AT-V2|ATV|cell cycle regulatory protein p95|NBS|NBS1|nibrin|nibrinnibrin|Nijmegen breakage syndrome 1 (nibrin)|P95|p95 protein of the MRE11/RAD50 complex
NBPF4	NBPF4
NCKIPSD	NCKIPSD|54 kDa VacA-interacting protein|54 kDa vimentin-interacting protein|90 kDa SH3 protein interacting with Nck|AF3P21|dia interacting protein|dia-interacting protein 1|diaphanous protein interacting protein|DIP|DIP1|NCK interacting protein with SH3 domainNCK interacting protein with SH3 domain|NCK-interacting protein with SH3 domain|ORF1|SH3 adapter protein SPIN90|SH3 protein interacting with Nck, 90 kDa|SPIN90|VIP54|WASLBP|WASP-interacting SH3-domain protein|WISH|wiskott-Aldrich syndrome protein-interacting protein
NCOA1	NCOA1|bHLHe42|bHLHe74|class E basic helix-loop-helix protein 74|F-SRC-1|Hin-2 protein|KAT13A|nuclear receptor coactivator 1|nuclear receptor coactivator 1nuclear receptor coactivator 1|renal carcinoma antigen NY-REN-52|RIP160|SRC1|steroid receptor coactivator-1
NCOA2	NCOA2|bHLHe75|class E basic helix-loop-helix protein 75|glucocorticoid receptor-interacting protein-1|GRIP1|KAT13C|NCoA-2|nuclear receptor coactivator 2|nuclear receptor coactivator 2nuclear receptor coactivator 2|p160 steroid receptor coactivator 2|SRC2|TIF2|transcriptional intermediary factor 2
NCOA3	NCOA3
NCOA4	NCOA4|70 kDa androgen receptor coactivator|70 kDa AR-activator|androgen receptor-associated protein of 70 kDa|ARA70|ELE1|NCoA-4|nuclear receptor coactivator 4|nuclear receptor coactivator 4nuclear receptor coactivator 4|PTC3|ret fused|RET-activating gene ELE1|RFG
NCOR1	NCOR1|hN-CoR|N-CoR|N-CoR1|nuclear receptor corepressor 1|nuclear receptor corepressor 1nuclear receptor corepressor 1|PPP1R109|protein phosphatase 1, regulatory subunit 109|thyroid hormone- and retinoic acid receptor-associated corepressor 1|TRAC1
NCOR2	NCOR2|CTG repeat protein 26|CTG26|N-CoR2|nuclear receptor corepressor 2|nuclear receptor corepressor 2nuclear receptor corepressor 2|silencing mediator for retinoid and thyroid hormone receptors|SMAP270|SMRT|SMRTE|SMRTE-tau|T3 receptor-associating factor|thyroid-, retinoic-acid-receptor-associated corepressor|TNRC14|TRAC|TRAC-1|TRAC1
NCRNA00114	NCRNA00114
NCRNA00202	NCRNA00202
NCRNA00244	NCRNA00244
NDFIP2	NDFIP2
NDRG1	NDRG1|CAP43|CMT4D|differentiation-related gene 1 protein|DRG-1|DRG1|GC4|HMSNL|N-myc downstream regulated 1N-myc downstream regulated 1|N-myc downstream-regulated gene 1 protein|NDR1|nickel-specific induction protein Cap43|NMSL|protein NDRG1|protein regulated by oxygen-1|PROXY1|reducing agents and tunicamycin-responsive protein|RIT42|RTP|TARG1|TDD5
NECTIN4	NECTIN4
NEDD9	NEDD9
NEGR1	NEGR1
NELL1	NELL1
NETO1	NETO1
NEURL4	NEURL4
NEUROD4	NEUROD4
NF1	NF1|neurofibromatosis 1|neurofibromatosis-related protein NF-1|neurofibromin|neurofibromin 1neurofibromin 1|NFNS|truncated neurofibromin 1|VRNF|WSS
NF2	NF2|ACN|BANF|bilateral acoustic neurofibromatosis|merlin|merlin-1|moesin-ezrin-radixin like|moesin-ezrin-radixin-like protein|moesin-ezrin-radizin-like protein|neurofibromin 2 (bilateral acoustic neuroma)|neurofibromin 2neurofibromin 2|SCH|schwannomerlin|schwannomin
NFASC	NFASC
NFATC2	NFATC2|NF-ATc2|NFAT pre-existing subunit|NFAT transcription complex, preexisting component|NFAT1|NFATP|nuclear factor of activated T cells 2nuclear factor of activated T cells 2|nuclear factor of activated T-cells, cytoplasmic 2|nuclear factor of activated T-cells, cytoplasmic, calcineurin-dependent 2|nuclear factor of activated T-cells, preexisting component|preexisting nuclear factor of activated T-cells 2|T cell transcription factor NFAT1
NFE2	NFE2
NFE2L2	NFE2L2|HEBP1|IMDDHH|Nrf-2|NRF2|nuclear factor erythroid 2-related factor 2|nuclear factor erythroid-derived 2-like 2|nuclear factor, erythroid 2 like 2nuclear factor, erythroid 2 like 2
NFIB	NFIB|CCAAT-box-binding transcription factor|CTF|HMGIC/NFIB|MACID|NF-I/B|NF1-B|NFI-B|NFI-RED|NFIB2|NFIB3|nuclear factor 1 B-type|nuclear factor 1/B|nuclear factor I Bnuclear factor I B|TGGCA-binding protein
NFKB2	NFKB2|CVID10|DNA-binding factor KBF2|H2TF1|lymphocyte translocation chromosome 10 protein|LYT-10|LYT10|NF-kB2|NFKB, p52/p100 subunit|nuclear factor kappa B subunit 2nuclear factor kappa B subunit 2|nuclear factor Kappa-B, subunit 2|nuclear factor NF-kappa-B p100 subunit|nuclear factor NF-kappa-B p52 subunit|nuclear factor of Kappa light chain gene enhancer in B cells 2|nuclear factor of kappa light polypeptide gene enhancer in B-cells 2 (p49/p100)|oncogene Lyt-10|p100|p49/p100|p52|transcription factor NFKB2
NFKBIA	NFKBIA
NFKBIE	NFKBIE|I-kappa-B-epsilon|ikappaBepsilon|ikB-E|ikB-epsilon|IKBE|NF-kappa-B inhibitor epsilon|NF-kappa-BIE|NFKB inhibitor epsilonNFKB inhibitor epsilon|nuclear factor of kappa light polypeptide gene enhancer in B-cells inhibitor, epsilon
NIN	NIN|glycogen synthase kinase 3 beta-interacting protein|hNinein|ninein|ninein (GSK3B interacting protein)|ninein centrosomal protein|nineinninein|SCKL7
NKX2-1	NKX2-1|BCH|BHC|homeobox protein NK-2 homolog A|homeobox protein Nkx-2.1|NK-2|NK-2 homolog A|NK2 homeobox 1NK2 homeobox 1|NKX2.1|NKX2A|NMTC1|T/EBP|TEBP|thyroid nuclear factor 1|thyroid transcription factor 1|thyroid-specific enhancer-binding protein|TITF1|TTF-1|TTF1
NLGN1	NLGN1
NOL4	NOL4
NONO	NONO|54 kDa nuclear RNA- and DNA-binding protein|55 kDa nuclear protein|DNA-binding p52/p100 complex, 52 kDa subunit|MRXS34|NMT55|non-POU domain containing octamer bindingnon-POU domain containing octamer binding|non-POU domain-containing octamer (ATGCAAAT) binding protein|non-POU domain-containing octamer-binding protein|NRB54|P54|p54(nrb)|P54NRB|PPP1R114|protein phosphatase 1, regulatory subunit 114
NOTCH1	NOTCH1|AOS5|AOVD1|hN1|neurogenic locus notch homolog protein 1|notch 1|Notch homolog 1, translocation-associated|notch receptor 1notch receptor 1|TAN1|translocation-associated notch protein TAN-1
NOTCH2	NOTCH2|AGS2|HJCYS|hN2|neurogenic locus notch homolog protein 2|notch 2|Notch homolog 2|notch receptor 2notch receptor 2
NOTCH3	NOTCH3
NOTCH4	NOTCH4
NOVA1	NOVA1
NPAT	NPAT
NPM1	NPM1|B23|NPM|nucleolar protein NO38|nucleophosmin|nucleophosmin (nucleolar phosphoprotein B23, numatrin)|nucleophosmin 1nucleophosmin 1|nucleophosmin/nucleoplasmin family, member 1|testicular tissue protein Li 128
NPTX1	NPTX1
NQO1	NQO1
NR3C2	NR3C2
NR4A3	NR4A3|CHN|chondrosarcoma, extraskeletal myxoid, fused to EWS|CSMF|MINOR|mitogen-induced nuclear orphan receptor|neuron-derived orphan receptor 1|NOR1|nuclear hormone receptor NOR-1|nuclear receptor subfamily 4 group A member 3|nuclear receptor subfamily 4 group A member 3nuclear receptor subfamily 4 group A member 3|translocated in extraskeletal chondrosarcoma
NRAP	NRAP
NRAS	NRAS|ALPS4|CMNS|GTPase NRas|N-ras|N-ras protein part 4|NCMS|neuroblastoma RAS viral (v-ras) oncogene homolog|neuroblastoma RAS viral oncogene homolog|NRAS proto-oncogene, GTPaseNRAS proto-oncogene, GTPase|NRAS1|NS6|transforming protein N-Ras|v-ras neuroblastoma RAS viral oncogene homolog
NRBF2	NRBF2
NRF1	NRF1
NRG1	NRG1|acetylcholine receptor-inducing activity|ARIA|GGF|GGF2|glial growth factor 2|heregulin, alpha (45kD, ERBB2 p185-activator)|HGL|HRG|HRG1|HRGA|MST131|MSTP131|NDF|neu differentiation factor|neuregulin 1neuregulin 1|NRG1-IT2|pro-neuregulin-1, membrane-bound isoform|pro-NRG1|sensory and motor neuron derived factor|SMDF
NRXN1	NRXN1
NSD1	NSD1|androgen receptor coactivator 267 kDa protein|androgen receptor-associated coregulator 267|androgen receptor-associated protein of 267 kDa|ARA267|H3-K36-HMTase|H4-K20-HMTase|histone-lysine N-methyltransferase, H3 lysine-36 and H4 lysine-20 specific|histone-lysine N-methyltransferase, H3 lysine-36 specific|KMT3B|lysine N-methyltransferase 3B|NR-binding SET domain-containing protein|nuclear receptor binding SET domain protein 1nuclear receptor binding SET domain protein 1|nuclear receptor SET domain-containing protein 1|nuclear receptor-binding SET domain-containing protein 1|SOTOS|SOTOS1|STO|truncated nuclear receptor binding SET domain protein 1
NSD2	NSD2|histone-lysine N-methyltransferase NSD2|IL5 promoter REII region-binding protein|KMT3F|KMT3G|MMSET|multiple myeloma SET domain containing protein type III|nuclear receptor binding SET domain protein 2nuclear receptor binding SET domain protein 2|nuclear SET domain-containing protein 2|probable histone-lysine N-methyltransferase NSD2|REIIBP|trithorax/ash1-related protein 5|TRX5|WHS|WHSC1|Wolf-Hirschhorn syndrome candidate 1
NSD3	NSD3|histone-lysine N-methyltransferase NSD3|KMT3F|KMT3G|nuclear receptor binding SET domain protein 3nuclear receptor binding SET domain protein 3|nuclear SET domain-containing protein 3|pp14328|protein whistle|WHISTLE|WHSC1L1|Wolf-Hirschhorn syndrome candidate 1-like 1
NT5C2	NT5C2|5'-nucleotidase (purine), cytosolic type B|5'-nucleotidase, cytosolic II5'-nucleotidase, cytosolic II|cN-II|cytosolic purine 5'-nucleotidase|epididymis secretory sperm binding protein|GMP|IMP-specific 5'-NT|NT5B|PNT5|spastic paraplegia 45 (autosomal recessive)|SPG45|SPG65
NT5DC1	NT5DC1
NT5E	NT5E
NTHL1	NTHL1|bifunctional DNA N-glycoslyase/DNA-(apurinic or apyrimidinic site) lyase|bifunctional DNA N-glycosylase/DNA-(apurinic or apyrimidinic site) lyase|DNA glycoslyase/AP lyase|DNA glycosylase/AP lyase|endonuclease III-like protein 1|FAP3|hNTH1|nth endonuclease III-like 1|nth like DNA glycosylase 1nth like DNA glycosylase 1|NTH1|OCTS3
NTRK1	NTRK1|gp140trk|high affinity nerve growth factor receptor|MTC|neurotrophic receptor tyrosine kinase 1neurotrophic receptor tyrosine kinase 1|neurotrophic tyrosine kinase, receptor, type 1|Oncogene TRK|p140-TrkA|TRK|Trk-A|TRK1|TRK1-transforming tyrosine kinase protein|TRKA|tropomyosin-related kinase A|tyrosine kinase receptor A
NTRK2	NTRK2|BDNF-tropomyosine receptor kinase B|BDNF/NT-3 growth factors receptor|DEE58|EIEE58|GP145-TrkB|neurotrophic receptor tyrosine kinase 2neurotrophic receptor tyrosine kinase 2|neurotrophic tyrosine kinase receptor type 2|OBHD|trk-B|TRKB|tropomyosin-related kinase B|tyrosine kinase receptor B
NTRK3	NTRK3|ETS related protein-neurotrophic receptor tyrosine kinase fusion protein|ETV6-NTRK3 fusion|gp145(trkC)|GP145-TrkC|neurotrophic receptor tyrosine kinase 3neurotrophic receptor tyrosine kinase 3|neurotrophic tyrosine kinase, receptor, type 3|NT-3 growth factor receptor|TRKC|tyrosine kinase receptor C
NUB1	NUB1
NUBP1	NUBP1
NUDT12	NUDT12
NUMA1	NUMA1|centrophilin stabilizes mitotic spindle in mitotic cells|NMP-22|nuclear matrix protein-22|nuclear mitotic apparatus protein 1|nuclear mitotic apparatus protein 1nuclear mitotic apparatus protein 1|NUMA|SP-H antigen|structural nuclear protein
NUP107	NUP107
NUP153	NUP153
NUP214	NUP214|CAIN|CAN|CAN protein, putative oncogene|IIAE9|nuclear pore complex protein Nup214|nucleoporin 214kDa|nucleoporin 214nucleoporin 214
NUP93	NUP93
NUP98	NUP98|ADIR2|GLFG-repeat containing nucleoporin|nuclear pore complex protein Nup98|nuclear pore complex protein Nup98-Nup96|nucleoporin 96|nucleoporin 98 and 96 precursornucleoporin 98 and 96 precursor|nucleoporin 98kD|nucleoporin 98kDa|NUP196|NUP96|Nup98-96|Nup98-Nup96|NUP98/PHF23 fusion 2 protein
NUTM1	NUTM1|C15orf55|FAM22H|nuclear protein in testis|NUT|NUT family member 1|NUT midline carcinoma family member 1NUT midline carcinoma family member 1
NUTM2B	NUTM2B|bA119F19.1|FAM22B|family with sequence similarity 22, member B|NUT family member 2B|NUT family member 2BNUT family member 2B|protein FAM22B
NUTM2D	NUTM2D|FAM22D|family with sequence similarity 22, member D|NUT family member 2A pseudogene|NUT family member 2D|NUT family member 2DNUT family member 2D|protein FAM22D
OBSL1	OBSL1
ODZ4	ODZ4
OFD1	OFD1
OGG1	OGG1
OLIG2	OLIG2|basic domain, helix-loop-helix protein, class B, 1|BHLHB1|bHLHe19|class B basic helix-loop-helix protein 1|class E basic helix-loop-helix protein 19|human protein kinase C-binding protein RACK17|OLIGO2|oligodendrocyte lineage transcription factor 2|oligodendrocyte transcription factor 2|oligodendrocyte transcription factor 2oligodendrocyte transcription factor 2|oligodendrocyte-specific bHLH transcription factor 2|PRKCBP2|protein kinase C-binding protein 2|RACK17
OLIG3	OLIG3
OMD	OMD|keratan sulfate proteoglycan osteomodulin|KSPG osteomodulin|OSAD|osteoadherin proteoglycan|osteomodulin|osteomodulinosteomodulin|SLRR2C
ONECUT1	ONECUT1
OPCML	OPCML
OPHN1	OPHN1
OR13H1	OR13H1
OR3A2	OR3A2
OSBPL9	OSBPL9
OSMR	OSMR
OXSR1	OXSR1
P2RY8	P2RY8|G-protein coupled purinergic receptor P2Y8|P2Y purinoceptor 8|P2Y receptor family member 8P2Y receptor family member 8|P2Y8|purinergic receptor P2Y, G-protein coupled, 8|purinergic receptor P2Y8
PABPC1	PABPC1|PAB1|PABP|PABP1|PABPC2|PABPL1|poly(A) binding protein cytoplasmic 1poly(A) binding protein cytoplasmic 1|poly(A) binding protein, cytoplasmic 2|polyadenylate-binding protein 1
PAFAH1B2	PAFAH1B2|epididymis secretory protein Li 303|epididymis secretory sperm binding protein|HEL-S-303|intracellular platelet-activating factor acetylhydrolase alpha 2 subunit|PAF acetylhydrolase 30 kDa subunit|PAF-AH 30 kDa subunit|PAF-AH subunit beta|PAF-AH1b alpha 2 subunit|PAFAH subunit beta|platelet activating factor acetylhydrolase 1b catalytic subunit 2platelet activating factor acetylhydrolase 1b catalytic subunit 2|platelet-activating factor acetylhydrolase 1b, catalytic subunit 2 (30kDa)|platelet-activating factor acetylhydrolase IB subunit alpha2|platelet-activating factor acetylhydrolase IB subunit beta
PAFAH1B3	PAFAH1B3
PAK1	PAK1
PAK5	PAK5
PAK7	PAK7
PALB2	PALB2|FANCN|mutant partner and localizer of BRCA2|partner and localizer of BRCA2|partner and localizer of BRCA2partner and localizer of BRCA2|PNCA3|truncated partner and localizer of BRCA2
PALLD	PALLD
PAPSS1	PAPSS1
PARD3B	PARD3B
PARK2	PARK2
PARP1	PARP1
PARP12	PARP12
PARVA	PARVA
PATZ1	PATZ1|BTB-POZ domain zinc finger transcription factor|dJ400N23|MAZ-related factor|MAZR|PATZ|POZ-, AT hook-, and zinc finger-containing protein 1|POZ-AT hook-zinc finger protein|POZ/BTB and AT hook containing zinc finger 1POZ/BTB and AT hook containing zinc finger 1|protein kinase A RI subunit alpha-associated protein|RIAZ|ZBTB19|zinc finger and BTB domain-containing protein 19|zinc finger protein 278|zinc finger sarcoma gene protein|ZNF278|ZSG
PAX3	PAX3|CDHS|HUP2|paired box 3paired box 3|paired box homeotic gene 3|paired box protein Pax-3|paired domain gene 3|paired domain gene HuP2|transcriptional factor PAX3|WS1|WS3
PAX5	PAX5|ALL3|B-cell lineage specific activator|BSAP|paired box 5paired box 5|paired box homeotic gene 5|paired box protein Pax-5|paired domain gene 5|transcription factor PAX 5
PAX7	PAX7|HUP1|MYOSCO|paired box 7paired box 7|paired box homeotic gene 7|paired box protein Pax-7|paired domain gene 7|PAX7 transcriptional factor|PAX7B|RMS2
PAX8	PAX8|paired box 8paired box 8|paired box protein Pax-8|paired domain gene 8
PAXIP1	PAXIP1
PBK	PBK
PBRM1	PBRM1|BAF180|BRG1-associated factor 180|PB1|polybromo 1polybromo 1|polybromo-1D|protein polybromo-1
PBX1	PBX1|CAKUHED|homeobox protein PBX1|homeobox protein PRL|PBX homeobox 1PBX homeobox 1|pre-B-cell leukemia homeobox 1|pre-B-cell leukemia transcription factor 1
PCBP1	PCBP1|alpha-CP1|epididymis secretory protein Li 85|HEL-S-85|heterogeneous nuclear ribonucleoprotein E1|heterogenous nuclear ribonucleoprotein E1|heterogenous nuclear ribonucleoprotein X|hnRNP-E1|hnRNP-X|HNRPE1|HNRPX|nucleic acid-binding protein SUB2.3|poly(rC) binding protein 1poly(rC) binding protein 1|poly(rC)-binding protein 1
PCBP3	PCBP3
PCDH10	PCDH10
PCM1	PCM1|hPCM-1|PCM-1|pericentriolar material 1 protein|pericentriolar material 1, PCM1|pericentriolar material 1pericentriolar material 1|PTC4|RET/PCM-1
PCMT1	PCMT1
PCNA	PCNA
PDCD1	PDCD1
PDCD10	PDCD10
PDCD1LG2	PDCD1LG2|B7 dendritic cell molecule|B7-DC|B7DC|bA574F11.2|Btdc|butyrophilin B7-DC|CD273|PD-1-ligand 2|PD-L2|PDCD1 ligand 2|PDCD1L2|PDL2|programmed cell death 1 ligand 2|programmed cell death 1 ligand 2programmed cell death 1 ligand 2|programmed death ligand 2
PDCD4	PDCD4
PDE1A	PDE1A
PDE1C	PDE1C
PDE3A	PDE3A
PDE4A	PDE4A
PDE4D	PDE4D
PDE4DIP	PDE4DIP|cardiomyopathy-associated protein 2|CMYA2|MMGL|myomegalin|myomegalin/phosphodiesterase 4D interacting protein variant 8|phosphodiesterase 4D interacting proteinphosphodiesterase 4D interacting protein
PDGFA	PDGFA
PDGFB	PDGFB|becaplermin|c-sis|epididymis secretory sperm binding protein|IBGC5|PDGF subunit B|PDGF, B chain|PDGF-2|PDGF2|platelet derived growth factor subunit Bplatelet derived growth factor subunit B|platelet-derived growth factor 2|platelet-derived growth factor B chain|platelet-derived growth factor beta polypeptide (simian sarcoma viral (v-sis) oncogene homolog)|platelet-derived growth factor subunit B|platelet-derived growth factor, beta polypeptide (oncogene SIS)|proto-oncogene c-Sis|SIS|SSV
PDGFRA	PDGFRA|alpha-type platelet-derived growth factor receptor|CD140 antigen-like family member A|CD140A|CD140a antigen|PDGF-R-alpha|PDGFR-2|PDGFR2|platelet derived growth factor receptor alphaplatelet derived growth factor receptor alpha|platelet-derived growth factor receptor 2|platelet-derived growth factor receptor alpha|platelet-derived growth factor receptor, alpha polypeptide
PDGFRB	PDGFRB|Activated tyrosine kinase PDGFRB|beta-type platelet-derived growth factor receptor|CD140 antigen-like family member B|CD140B|IBGC4|IMF1|JTK12|KOGS|NDEL1-PDGFRB|PDGF-R-beta|PDGFR|PDGFR-1|PDGFR-beta|PDGFR1|PENTT|platelet derived growth factor receptor betaplatelet derived growth factor receptor beta|platelet-derived growth factor receptor 1|platelet-derived growth factor receptor beta|platelet-derived growth factor receptor, beta polypeptide
PDGFRL	PDGFRL
PDPK1	PDPK1
PDS5B	PDS5B
PDZD2	PDZD2
PDZRN4	PDZRN4
PECAM1	PECAM1
PER1	PER1|circadian clock protein PERIOD 1|circadian pacemaker protein RIGUI|hPER|hPER1|PER|period circadian clock 1|period circadian protein homolog 1|period circadian regulator 1period circadian regulator 1|period homolog 1|Period, drosophila, homolog of|RIGUI
PERP	PERP
PGF	PGF
PGR	PGR
PHC1	PHC1
PHF6	PHF6|BFLS|BORJ|CENP-31|centromere protein 31|PHD finger protein 6|PHD finger protein 6PHD finger protein 6|PHD-like zinc finger protein|truncated PHF6
PHF7	PHF7
PHIP	PHIP
PHLDB1	PHLDB1
PHOX2B	PHOX2B|CCHS|NBLST2|NBPhox|neuroblastoma paired-type homeobox protein|neuroblastoma Phox|paired like homeobox 2Bpaired like homeobox 2B|paired like homeobox2B|paired mesoderm homeobox 2b|paired mesoderm homeobox protein 2B|PHOX2B homeodomain protein|PMX2B
PHTF2	PHTF2
PIBF1	PIBF1
PICALM	PICALM|CALM|clathrin assembly lymphoid myeloid leukemia protein|CLTH|LAP|phosphatidylinositol binding clathrin assembly proteinphosphatidylinositol binding clathrin assembly protein|phosphatidylinositol-binding clathrin assembly protein
PIGF	PIGF
PIGL	PIGL
PIGN	PIGN
PIK3AP1	PIK3AP1
PIK3C2B	PIK3C2B
PIK3C2G	PIK3C2G
PIK3C3	PIK3C3
PIK3CA	PIK3CA|CLAPO|CLOVE|CWS5|MCAP|MCM|MCMTC|p110-alpha|phosphatidylinositol 3-kinase, catalytic, 110-KD, alpha|phosphatidylinositol 3-kinase, catalytic, alpha polypeptide|phosphatidylinositol 4,5-bisphosphate 3-kinase catalytic subunit alpha isoform|phosphatidylinositol-4,5-bisphosphate 3-kinase 110 kDa catalytic subunit alpha|phosphatidylinositol-4,5-bisphosphate 3-kinase catalytic subunit alphaphosphatidylinositol-4,5-bisphosphate 3-kinase catalytic subunit alpha|phosphoinositide-3-kinase, catalytic, alpha polypeptide|PI3-kinase p110 subunit alpha|PI3K|PI3K-alpha|ptdIns-3-kinase subunit p110-alpha|serine/threonine protein kinase PIK3CA
PIK3CB	PIK3CB|P110BETA|phosphatidylinositol 4,5-bisphosphate 3-kinase 110 kDa catalytic subunit beta|phosphatidylinositol 4,5-bisphosphate 3-kinase catalytic subunit beta isoform|phosphatidylinositol-4,5-bisphosphate 3-kinase catalytic subunit betaphosphatidylinositol-4,5-bisphosphate 3-kinase catalytic subunit beta|phosphoinositide-3-kinase, catalytic, beta polypeptide|PI3-kinase p110 subunit beta|PI3-kinase subunit beta|PI3K|PI3K-beta|PI3KBETA|PIK3C1|PtdIns-3-kinase p110|ptdIns-3-kinase subunit beta|ptdIns-3-kinase subunit p110-beta
PIK3CD	PIK3CD
PIK3CG	PIK3CG
PIK3R1	PIK3R1|AGM7|GRB1|IMD36|p85|p85-ALPHA|phosphatidylinositol 3-kinase 85 kDa regulatory subunit alpha|phosphatidylinositol 3-kinase regulatory subunit alpha|phosphatidylinositol 3-kinase, regulatory subunit, polypeptide 1 (p85 alpha)|phosphatidylinositol 3-kinase-associated p-85 alpha|phosphoinositide-3-kinase regulatory subunit 1phosphoinositide-3-kinase regulatory subunit 1|phosphoinositide-3-kinase regulatory subunit alpha|phosphoinositide-3-kinase, regulatory subunit 1 (alpha)|PI3-kinase subunit p85-alpha|PI3K regulatory subunit alpha|ptdIns-3-kinase regulatory subunit alpha
PIK3R2	PIK3R2
PIK3R3	PIK3R3
PIK3R5	PIK3R5
PIM1	PIM1|Oncogene PIM1|PIM|pim-1 oncogene (proviral integration site 1)|Pim-1 proto-oncogene, serine/threonine kinasePim-1 proto-oncogene, serine/threonine kinase|proto-oncogene serine/threonine-protein kinase pim-1|serine/threonine-protein kinase pim-1
PIP5K1A	PIP5K1A
PITPNC1	PITPNC1
PITX1	PITX1
PJA2	PJA2
PKD1	PKD1
PLA2G4F	PLA2G4F
PLAG1	PLAG1|COL1A2/PLAG1 fusion|HAS2/PLAG1 fusion|PLAG1 zinc fingerPLAG1 zinc finger|pleiomorphic adenoma gene 1|PSA|SGPA|SRS4|zinc finger protein PLAG1|ZNF912
PLCG1	PLCG1|1-phosphatidyl-D-myo-inositol-4,5-bisphosphate|1-phosphatidylinositol 4,5-bisphosphate phosphodiesterase gamma-1|inositoltrisphosphohydrolase|monophosphatidylinositol phosphodiesterase|NCKAP3|phosphatidylinositol phospholipase C|phosphoinositidase C|phosphoinositide phospholipase C|phosphoinositide phospholipase C-gamma-1|phospholipase C gamma 1phospholipase C gamma 1|phospholipase C, gamma 1 (formerly subtype 148)|phospholipase C-148|phospholipase C-II|PLC-148|PLC-gamma-1|PLC-II|PLC1|PLC148|PLCgamma1|triphosphoinositide phosphodiesterase
PLCG2	PLCG2
PLCXD2	PLCXD2
PLEKHG4B	PLEKHG4B
PLEKHO2	PLEKHO2
PLK1	PLK1
PLK2	PLK2
PMAIP1	PMAIP1
PML	PML|MYL|PML nuclear body scaffoldPML nuclear body scaffold|PML/RARA fusion|PP8675|probable transcription factor PML|promyelocytic leukemia protein|promyelocytic leukemia, inducer of|protein PML|RING finger protein 71|RNF71|TRIM19|tripartite motif protein TRIM19|tripartite motif-containing protein 19
PMP22	PMP22
PMS1	PMS1|DNA mismatch repair protein PMS1|HNPCC3|hPMS1|human homolog of yeast mutL|mismatch repair gene PMSL1|MLH2|PMS1 homolog 1, mismatch repair system componentPMS1 homolog 1, mismatch repair system component|PMS1 postmeiotic segregation increased 1|PMS1 protein homolog 1|PMSL1|rhabdomyosarcoma antigen MU-RMS-40.10B|rhabdomyosarcoma antigen MU-RMS-40.10E
PMS2	PMS2|DNA mismatch repair protein PMS2|HNPCC4|mismatch repair endonuclease PMS2|MLH4|MMRCS4|PMS1 homolog 2, mismatch repair protein|PMS1 homolog 2, mismatch repair system componentPMS1 homolog 2, mismatch repair system component|PMS1 protein homolog 2|PMS2 postmeiotic segregation increased 2|PMS2CL|PMSL2|postmeiotic segregation increased 2 nirs variant 6
PNPLA6	PNPLA6
PNRC1	PNRC1
PODNL1	PODNL1
POLD1	POLD1|3'-5' exodeoxyribonuclease|CDC2|CDC2 homolog|CRCS10|DNA polymerase delta 1, catalytic subunitDNA polymerase delta 1, catalytic subunit|DNA polymerase delta catalytic subunit|DNA polymerase subunit delta p125|MDPL|POLD|polymerase (DNA directed), delta 1, catalytic subunit 125kDa|polymerase (DNA) delta 1, catalytic subunit
POLD2	POLD2
POLD3	POLD3
POLD4	POLD4
POLE	POLE|3'-5' exodeoxyribonuclease|CRCS12|DNA polymerase epsilon catalytic subunit A|DNA polymerase epsilon catalytic subunit protein|DNA polymerase epsilon, catalytic subunitDNA polymerase epsilon, catalytic subunit|DNA polymerase II subunit A|FILS|IMAGEI|POLE1|polymerase (DNA directed), epsilon, catalytic subunit|polymerase (DNA) epsilon, catalytic subunit
POLG	POLG|DNA polymerase gamma, catalytic subunitDNA polymerase gamma, catalytic subunit|DNA polymerase subunit gamma-1|MDP1|MIRAS|mitochondrial DNA polymerase catalytic subunit|mitochondrial polymerase gamma catalytic subunit|MTDPS4A|MTDPS4B|PEO|PolG-alpha|POLG1|POLGA|polymerase (DNA directed), gamma|polymerase (DNA) gamma, catalytic subunit|SANDO|SCAE|truncated mitochondrial DNA polymerase gamma catalytic subunit|truncated mitochondrial polymerase gamma catalytic subunit
POLQ	POLQ|DNA polymerase theta|DNA polymerase thetaDNA polymerase theta|epididymis secretory sperm binding protein|polymerase (DNA directed), theta|polymerase (DNA) theta|PRO0327
POLR1C	POLR1C
POM121L4P	POM121L4P
POT1	POT1|CMM10|GLM9|HPOT1|POT1-like telomere end-binding protein|protection of telomeres 1 homolog|protection of telomeres 1protection of telomeres 1|protection of telomeres protein 1
POU2AF1	POU2AF1|B-cell-specific coactivator OBF-1|BOB-1|BOB1|OBF-1|OBF1|OCA-B|OCAB|OCT-binding factor 1|POU class 2 associating factor 1|POU class 2 homeobox associating factor 1POU class 2 homeobox associating factor 1|POU domain class 2-associating factor 1
POU2F2	POU2F2
POU2F3	POU2F3
POU5F1	POU5F1|Oct-3|Oct-4|OCT3|OCT4|octamer-binding protein 3|octamer-binding protein 4|octamer-binding transcription factor 3|OTF-3|OTF3|OTF4|POU class 5 homeobox 1POU class 5 homeobox 1|POU domain transcription factor OCT4|POU domain, class 5, transcription factor 1|POU-type homeodomain-containing DNA-binding protein
PPARG	PPARG|CIMT1|GLM1|NR1C3|nuclear receptor subfamily 1 group C member 3|peroxisome proliferator activated receptor gammaperoxisome proliferator activated receptor gamma|peroxisome proliferator-activated nuclear receptor gamma variant 1|peroxisome proliferator-activated receptor gamma|peroxisome proliferator-activated receptor-gamma 5|peroxisome proliferator-activated receptor-gamma splicing|PPAR-gamma|PPARG1|PPARG2|PPARG5|PPARgamma
PPFIBP1	PPFIBP1|hSGT2|hSgt2p|L2|liprin related protein|liprin-beta-1|PPFIA binding protein 1PPFIA binding protein 1|protein-tyrosine phosphatase receptor-type f polypeptide-interacting protein-binding protein 1|PTPRF interacting protein, binding protein 1 (liprin beta 1)|PTPRF-interacting protein-binding protein 1|SGT2
PPFIBP2	PPFIBP2
PPM1D	PPM1D|IDDGIP|JDVS|PP2C-DELTA|protein phosphatase 1D|protein phosphatase Wip1|protein phosphatase, Mg2+/Mn2+ dependent 1Dprotein phosphatase, Mg2+/Mn2+ dependent 1D|wild-type p53-induced phosphatase 1|WIP1
PPP1R2P9	PPP1R2P9
PPP1R3A	PPP1R3A
PPP2R1A	PPP2R1A|medium tumor antigen-associated 61 KDA protein|MRD36|PP2A-Aalpha|PP2AA|PP2AAALPHA|PR65A|protein phosphatase 2 scaffold subunit Aalphaprotein phosphatase 2 scaffold subunit Aalpha|protein phosphatase 2, regulatory subunit A, alpha|serine/threonine-protein phosphatase 2A 65 kDa regulatory subunit A alpha isoform|testicular secretory protein Li 1
PPP2R2A	PPP2R2A
PPP3R2	PPP3R2
PPP6C	PPP6C|PP6|PP6C|protein phosphatase 6 catalytic subunitprotein phosphatase 6 catalytic subunit|serine/threonine protein phosphatase catalytic subunit|serine/threonine-protein phosphatase 6 catalytic subunit
PRB2	PRB2
PRCC	PRCC|papillary renal cell carcinoma (translocation-associated)|papillary renal cell carcinoma translocation-associated gene protein|PRCC, proline rich mitotic checkpoint control factor|proline rich mitotic checkpoint control factorproline rich mitotic checkpoint control factor|proline-rich protein PRCC|RCCP1|TPRC
PRDM1	PRDM1|B-lymphocyte-induced maturation protein 1|beta-interferon gene positive-regulatory domain I binding factor|BLIMP-1|BLIMP1|PR domain 1|PR domain containing 1, with ZNF domain|PR domain zinc finger protein 1|PR/SET domain 1PR/SET domain 1|PRDI-BF1|PRDI-binding factor-1
PRDM14	PRDM14
PRDM16	PRDM16|CMD1LL|histone-lysine N-methyltransferase PRDM16|KMT8F|LVNC8|MDS1/EVI1-like gene 1|MEL1|PFM13|PR domain 16|PR domain containing 16|PR domain zinc finger protein 16|PR/SET domain 16PR/SET domain 16|transcription factor MEL1
PRDM2	PRDM2|GATA-3 binding protein G3B|HUMHOXY1|KMT8|KMT8A|lysine N-methyltransferase 8|MTB-ZF|MTE-binding protein|PR domain 2|PR domain containing 2, with ZNF domain|PR domain zinc finger protein 2|PR domain-containing protein 2|PR/SET domain 2PR/SET domain 2|retinoblastoma protein-binding zinc finger protein|retinoblastoma protein-interacting zinc finger protein|RIZ|RIZ1|RIZ2|zinc finger protein RIZ|zinc-finger DNA-binding protein
PRELID2	PRELID2
PREX2	PREX2|DEP domain-containing protein 2|DEP.2|DEPDC2|P-REX2|phosphatidylinositol 3,4,5-trisphosphate-dependent Rac exchanger 2 protein|phosphatidylinositol-3,4,5-trisphosphate dependent Rac exchange factor 2phosphatidylinositol-3,4,5-trisphosphate dependent Rac exchange factor 2|PPP1R129|protein phosphatase 1, regulatory subunit 129|PtdIns(3,4,5)-dependent Rac exchanger 2
PRF1	PRF1|cytolysin|HPLH2|lymphocyte pore-forming protein|P1|perforin 1 (pore forming protein)|perforin 1perforin 1|perforin-1|PFP
PRKACA	PRKACA|CAFD1|cAMP-dependent protein kinase catalytic subunit alpha|PKA C-alpha|PKACA|PPNAD4|protein kinase A catalytic subunit|protein kinase cAMP-activated catalytic subunit alphaprotein kinase cAMP-activated catalytic subunit alpha|protein kinase, cAMP-dependent, alpha catalytic subunit|protein kinase, cAMP-dependent, catalytic, alpha
PRKAG1	PRKAG1
PRKAR1A	PRKAR1A|ACRDYS1|ADOHR|cAMP-dependent protein kinase regulatory subunit RIalpha|cAMP-dependent protein kinase type I-alpha regulatory chain|cAMP-dependent protein kinase type I-alpha regulatory subunit|CAR|Carney complex type 1|CNC|CNC1|epididymis secretory sperm binding protein|PKR1|PPNAD1|PRKAR1|protein kinase A type 1a regulatory subunit|protein kinase cAMP-dependent type I regulatory subunit alphaprotein kinase cAMP-dependent type I regulatory subunit alpha|protein kinase, cAMP-dependent, regulatory subunit type I alpha|protein kinase, cAMP-dependent, regulatory, type I, alpha|tissue-specific extinguisher 1|TSE1
PRKAR1B	PRKAR1B
PRKAR2B	PRKAR2B
PRKCB	PRKCB|PKC-B|PKC-beta|PKCB|PKCbeta|PKCI(2)|PRKCB1|PRKCB2|protein kinase C beta type|protein kinase C betaprotein kinase C beta|protein kinase C, beta 1 polypeptide
PRKCH	PRKCH
PRKCI	PRKCI
PRKDC	PRKDC|DNA-dependent protein kinase catalytic subunit|DNA-PK catalytic subunit|DNA-PKC|DNA-PKcs|DNAPK|DNAPKc|DNPK1|hyper-radiosensitivity of murine scid mutation, complementing 1|HYRC|HYRC1|IMD26|p350|p460|protein kinase, DNA-activated, catalytic polypeptide|protein kinase, DNA-activated, catalytic subunitprotein kinase, DNA-activated, catalytic subunit|XRCC7
PRKN	PRKN
PRMT8	PRMT8
PROCA1	PROCA1
PROM1	PROM1
PRPF40B	PRPF40B|Huntingtin interacting protein C|huntingtin yeast partner C|HYPC|pre-mRNA processing factor 40 homolog Bpre-mRNA processing factor 40 homolog B|pre-mRNA-processing factor 40 homolog B|PRP40 pre-mRNA processing factor 40 homolog B
PRPF8	PRPF8
PRPS1	PRPS1
PRRX1	PRRX1|AGOTC|homeobox protein PHOX1|paired mesoderm homeobox protein 1|paired related homeobox 1paired related homeobox 1|PHOX1|PMX1|PRX-1|PRX1
PRSS1	PRSS1
PSG5	PSG5
PSIP1	PSIP1|CLL-associated antigen KW-7|dense fine speckles 70 kDa protein|DFS70|LEDGF|lens epithelium-derived growth factor|p52|p75|PAIP|PC4 and SFRS1 interacting protein 1PC4 and SFRS1 interacting protein 1|PC4 and SFRS1-interacting protein|PSIP2|transcriptional coactivator p52/p75
PSMD14	PSMD14
PTCH1	PTCH1|BCNS|NBCCS|patched 1patched 1|protein patched homolog 1|PTC|PTC1|PTCH
PTEN	PTEN|10q23del|BZS|CWS1|DEC|GLM2|MHAM|mitochondrial phosphatase and tensin protein alpha|mitochondrial PTENalpha|MMAC1|MMAC1 phosphatase and tensin homolog deleted on chromosome 10|mutated in multiple advanced cancers 1|phosphatase and tensin homologphosphatase and tensin homolog|phosphatase and tensin-like protein|phosphatidylinositol 3,4,5-trisphosphate 3-phosphatase and dual-specificity protein phosphatase PTEN|phosphatidylinositol-3,4,5-trisphosphate 3-phosphatase and dual-specificity protein phosphatase PTEN|protein tyrosine phosphatase|PTEN1|PTENbeta|PTENepsilon|TEP1
PTGER4	PTGER4
PTK6	PTK6|breast tumor kinase|BRK|protein tyrosine kinase 6protein tyrosine kinase 6|protein-tyrosine kinase 6|protein-tyrosine kinase BRK|PTK6 protein tyrosine kinase 6|tyrosine-protein kinase BRK
PTP4A3	PTP4A3
PTPN1	PTPN1
PTPN11	PTPN11|BPTP3|CFC|JMML|METCDS|NS1|protein tyrosine phosphatase non-receptor type 11protein tyrosine phosphatase non-receptor type 11|protein-tyrosine phosphatase 1D|protein-tyrosine phosphatase 2C|PTP-1D|PTP2C|SH-PTP2|SH-PTP3|SHP2|tyrosine-protein phosphatase non-receptor type 11
PTPN12	PTPN12
PTPN13	PTPN13|FAP-1|fas-associated protein-tyrosine phosphatase 1|hPTP1E|hPTPE1|PNP1|protein tyrosine phosphatase non-receptor type 13protein tyrosine phosphatase non-receptor type 13|protein tyrosine phosphatase, non-receptor type 13 (APO-1/CD95 (Fas)-associated phosphatase)|protein-tyrosine phosphatase 1E|protein-tyrosine phosphatase PTPL1|PTP-BAS|PTP-BL|PTP1E|PTPL1|PTPLE|tyrosine-protein phosphatase non-receptor type 13
PTPN2	PTPN2
PTPN22	PTPN22
PTPN6	PTPN6|HCP|HCPH|hematopoietic cell phosphatase|hematopoietic cell protein-tyrosine phosphatase|HPTP1C|protein tyrosine phosphatase non-receptor type 6protein tyrosine phosphatase non-receptor type 6|protein-tyrosine phosphatase 1C|protein-tyrosine phosphatase SHP-1|PTP-1C|SH-PTP1|SHP-1|SHP-1L|SHP1|tyrosine-protein phosphatase non-receptor type 6
PTPRB	PTPRB|HPTP-BETA|HPTPB|protein tyrosine phosphatase receptor type Bprotein tyrosine phosphatase receptor type B|protein tyrosine phosphatase, receptor type, beta polypeptide|PTPB|R-PTP-BETA|receptor-type tyrosine-protein phosphatase beta|vascular endothelial protein tyrosine phosphatase|VE-PTP|VEPTP
PTPRC	PTPRC|B220|CD45|CD45 antigen|CD45R|GP180|L-CA|LCA|LY5|protein tyrosine phosphatase receptor type Cprotein tyrosine phosphatase receptor type C|protein tyrosine phosphatase, receptor type, c polypeptide|receptor-type tyrosine-protein phosphatase C|T200|T200 glycoprotein|T200 leukocyte common antigen
PTPRD	PTPRD|HPTP|HPTPD|HPTPDELTA|protein tyrosine phosphatase receptor type Dprotein tyrosine phosphatase receptor type D|protein tyrosine phosphatase, receptor type, delta polypeptide|PTPD|R-PTP-delta|rceptor-type tyrosine-protein phosphatase delta|receptor-type tyrosine-protein phosphatase delta|RPTPDELTA
PTPRG	PTPRG
PTPRJ	PTPRJ
PTPRK	PTPRK|dJ480J14.2.1 (protein tyrosine phosphatase, receptor type, K (R-PTP-KAPPA, protein tyrosine phosphatase kappa , protein tyrosine phosphatase kappa|protein tyrosine phosphatase receptor type Kprotein tyrosine phosphatase receptor type K|protein-tyrosine phosphatase kappa|protein-tyrosine phosphatase, receptor type, kappa|R-PTP-kappa|receptor-type tyrosine-protein phosphatase kappa
PTPRN2	PTPRN2
PTPRR	PTPRR
PTPRS	PTPRS
PTPRT	PTPRT|protein tyrosine phosphatase receptor type Tprotein tyrosine phosphatase receptor type T|R-PTP-T|receptor protein tyrosine phosphatase|receptor-type tyrosine-protein phosphatase rho|receptor-type tyrosine-protein phosphatase T|RPTP-rho|RPTPrho
PTPRZ1	PTPRZ1
PTRH2	PTRH2
PTTG1	PTTG1
PUS10	PUS10
PVT1	PVT1
PWWP2A	PWWP2A|MST101|MSTP101|PWWP domain containing 2APWWP domain containing 2A|PWWP domain-containing protein 2A
PXMP2	PXMP2
QKI	QKI|homolog of mouse quaking QKI (KH domain RNA binding protein)|Hqk|hqkI|protein quaking|QK|QK1|QK3|QKI, KH domain containing RNA bindingQKI, KH domain containing RNA binding|QKI/LOC100132735 fusion|quaking homolog, KH domain RNA binding|RNA binding protein HQK
RAB11FIP1	RAB11FIP1
RAB11FIP4	RAB11FIP4
RAB35	RAB35
RAB7L1	RAB7L1
RAB9BP1	RAB9BP1
RABEP1	RABEP1|neurocrescin|rab GTPase-binding effector protein 1|RAB5EP|rabaptin, RAB GTPase binding effector protein 1rabaptin, RAB GTPase binding effector protein 1|rabaptin-4|rabaptin-5|rabaptin-5alpha|RABPT5|renal carcinoma antigen NY-REN-17
RABGAP1L	RABGAP1L
RAC1	RAC1|cell migration-inducing gene 5 protein|MIG5|MRD48|p21-Rac1|Rac family small GTPase 1Rac family small GTPase 1|Rac-1|ras-like protein TC25|ras-related C3 botulinum toxin substrate 1|ras-related C3 botulinum toxin substrate 1 (rho family, small GTP binding protein Rac1)|TC-25
RAD17	RAD17|CCYC|cell cycle checkpoint protein (RAD17)|cell cycle checkpoint protein RAD17|HRAD17|R24L|RAD1 homolog|RAD17 checkpoint clamp loader componentRAD17 checkpoint clamp loader component|RAD17 homolog|Rad17-like protein|RAD17SP|RAD24|RF-C activator 1 homolog
RAD21	RAD21|CDLS4|double-strand-break repair protein rad21 homolog|hHR21|HR21|HRAD21|kleisin|MCD1|MGS|nuclear matrix protein 1|NXP-1|NXP1|protein involved in DNA double-strand break repair|RAD21 cohesin complex componentRAD21 cohesin complex component|RAD21 homolog|SCC1|SCC1 homolog|sister chromatid cohesion 1
RAD23B	RAD23B
RAD50	RAD50|DNA repair protein RAD50|hRad50|NBSLD|RAD50 double strand break repair proteinRAD50 double strand break repair protein|RAD50 homolog, double strand break repair protein|RAD502
RAD51	RAD51|BRCA1/BRCA2-containing complex, subunit 5|BRCC5|DNA repair protein RAD51 homolog 1|FANCR|HRAD51|HsRad51|HsT16930|MRMV2|RAD51 homolog A|RAD51 recombinaseRAD51 recombinase|RAD51A|RECA|RecA, E. coli, homolog of|RecA-like protein|recombination protein A
RAD51AP2	RAD51AP2
RAD51B	RAD51B|DNA repair protein RAD51 homolog 2|R51H2|RAD51 homolog B|RAD51 paralog BRAD51 paralog B|RAD51L1|REC2|RecA-like protein|recombination repair protein
RAD51C	RAD51C|BROVCA3|DNA repair protein RAD51 homolog 3|FANCO|R51H3|RAD51 paralog CRAD51 paralog C|RAD51-like protein 2|RAD51L2|yeast RAD51 homolog 3
RAD51D	RAD51D|BROVCA4|DNA repair protein RAD51 homolog 4|R51H3|RAD51 homolog D|RAD51 paralog DRAD51 paralog D|RAD51-like protein 3|RAD51L3|recombination repair protein|TRAD
RAD52	RAD52|DNA repair protein RAD52 homolog|RAD52 homolog, DNA repair proteinRAD52 homolog, DNA repair protein|recombination protein RAD52|rhabdomyosarcoma antigen MU-RMS-40.23
RAD54B	RAD54B
RAD54L	RAD54L|DNA repair and recombination protein RAD54-like|hHR54|HR54|hRAD54|RAD54 homolog|RAD54 likeRAD54 like|RAD54A
RAF1	RAF1|c-Raf|C-Raf proto-oncogene, serine/threonine kinase|CMD1NN|CRAF|NS5|Oncogene RAF1|proto-oncogene c-RAF|raf proto-oncogene serine/threonine protein kinase|RAF proto-oncogene serine/threonine-protein kinase|Raf-1|Raf-1 proto-oncogene, serine/threonine kinaseRaf-1 proto-oncogene, serine/threonine kinase|v-raf-1 murine leukemia viral oncogene homolog 1|v-raf-1 murine leukemia viral oncogene-like protein 1
RAI14	RAI14
RALGDS	RALGDS|ral guanine nucleotide dissociation stimulator|ral guanine nucleotide dissociation stimulatorral guanine nucleotide dissociation stimulator|ral guanine nucleotide exchange factor|RalGEF|RGDS|RGF
RANBP2	RANBP2|358 kDa nucleoporin|acute necrotizing encephalopathy 1 (autosomal dominant)|ADANE|ANE1|E3 SUMO-protein ligase RanBP2|E3 SUMO-protein transferase RanBP2|IIAE3|nuclear pore complex protein Nup358|nucleoporin 358|nucleoporin Nup358|NUP358|P270|RAN binding protein 2RAN binding protein 2|ran-binding protein 2|transformation-related protein 2|TRP1|TRP2
RAP1GDS1	RAP1GDS1|exchange factor smgGDS|GDS1|rap1 GTPase-GDP dissociation stimulator 1|Rap1 GTPase-GDP dissociation stimulator 1Rap1 GTPase-GDP dissociation stimulator 1|RAP1, GTP-GDP dissociation stimulator 1|SMG GDS protein|SMG P21 stimulatory GDP/GTP exchange protein|SmgGDS
RARA	RARA|NR1B1|nuclear receptor subfamily 1 group B member 1|nucleophosmin-retinoic acid receptor alpha fusion protein NPM-RAR long form|RAR|RAR-alpha|retinoic acid nuclear receptor alpha variant 1|retinoic acid nuclear receptor alpha variant 2|retinoic acid receptor alpha|retinoic acid receptor alpharetinoic acid receptor alpha|retinoic acid receptor, alpha polypeptide
RARB	RARB
RASA1	RASA1|CM-AVM|CMAVM|CMAVM1|GAP|p120|p120 RAS GTPase activating protein|p120GAP|p120RASGAP|PKWS|ras GTPase-activating protein 1|RAS p21 protein activator (GTPase activating protein) 1|RAS p21 protein activator 1RAS p21 protein activator 1|RASA|RASGAP|triphosphatase-activating protein
RASAL2	RASAL2
RASL10A	RASL10A
RASSF4	RASSF4
RB1	RB1|exon 17 tumor GOS561 substitution mutation causes premature stop|GOS563 exon 17 substitution mutation causes premature stop|OSRC|p105-Rb|p110-RB1|pp110|PPP1R130|pRb|prepro-retinoblastoma-associated protein|protein phosphatase 1, regulatory subunit 130|RB|RB transcriptional corepressor 1RB transcriptional corepressor 1|retinoblastoma 1|retinoblastoma suspectibility protein|retinoblastoma-associated protein
RBBP8	RBBP8
RBM10	RBM10|DXS8237E|epididymis secretory sperm binding protein|g patch domain-containing protein 9|GPATC9|GPATCH9|RNA binding motif protein 10RNA binding motif protein 10|RNA-binding protein 10|RNA-binding protein S1-1|S1-1|TARPS|ZRANB5
RBM15	RBM15|one twenty two protein|one twenty-two|one-twenty two protein 1|OTT|OTT1|putative RNA-binding protein 15|RNA binding motif protein 15RNA binding motif protein 15|RNA-binding protein 15|SPEN
RBM24	RBM24
RBM33	RBM33
RBPMS2	RBPMS2
RCSD1	RCSD1
RECQL	RECQL
RECQL4	RECQL4|ATP-dependent DNA helicase Q4|DNA helicase, RecQ-like, type 4|RecQ helicase-like 4|RecQ like helicase 4RecQ like helicase 4|RecQ protein-like 4|RECQ4
RECQL5	RECQL5
REEP3	REEP3
REEP5	REEP5
REEP6	REEP6
REL	REL|C-Rel|oncogene REL, avian reticuloendotheliosis|proto-oncogene c-Rel|REL proto-oncogene, NF-kB subunitREL proto-oncogene, NF-kB subunit|v-rel avian reticuloendotheliosis viral oncogene homolog
RELA	RELA
RELN	RELN
RERGL	RERGL
REST	REST
RET	RET|cadherin family member 12|cadherin-related family member 16|CDHF12|CDHR16|HSCR1|MEN2A|MEN2B|MTC1|proto-oncogene c-Ret|proto-oncogene tyrosine-protein kinase receptor Ret|PTC|rearranged during transfection|ret proto-oncogene (multiple endocrine neoplasia and medullary thyroid carcinoma 1, Hirschsprung disease)|ret proto-oncogeneret proto-oncogene|RET receptor tyrosine kinase|RET-ELE1
REV3L	REV3L
RFC1	RFC1
RFC2	RFC2
RFC3	RFC3
RFC4	RFC4
RFC5	RFC5
RFWD2	RFWD2
RFWD3	RFWD3|E3 ubiquitin-protein ligase RFWD3|FANCW|ring finger and WD repeat domain 3ring finger and WD repeat domain 3|RING finger and WD repeat domain-containing protein 3|RING finger protein 201|RING-type E3 ubiquitin transferase RFWD3|RNF201
RFX3	RFX3
RGL1	RGL1
RGMB	RGMB
RGPD3	RGPD3|RANBP2 like and GRIP domain containing 3RANBP2 like and GRIP domain containing 3|ranBP2-like and GRIP domain-containing protein 3|RGP3
RGS17	RGS17
RGS2	RGS2
RGS7	RGS7|regulator of G protein signaling 7regulator of G protein signaling 7|regulator of G-protein signaling 7|regulator of G-protein signaling RGS7|regulator of G-protein signalling 7
RGS9	RGS9
RHEB	RHEB
RHOA	RHOA|Aplysia ras-related homolog 12|ARH12|ARHA|EDFAOB|epididymis secretory sperm binding protein|oncogene RHO H12|ras homolog family member Aras homolog family member A|RHO12|RHOH12|small GTP binding protein RhoA|transforming protein RhoA
RHOH	RHOH|ARHH|GTP-binding protein TTF|ras homolog family member Hras homolog family member H|ras homolog gene family, member H|rho-related GTP-binding protein RhoH|TTF|TTF, translocation three four
RHPN1	RHPN1
RIC3	RIC3
RICTOR	RICTOR
RIMBP2	RIMBP2
RINT1	RINT1
RIPK2	RIPK2
RIPK4	RIPK4
RIT1	RIT1
RMI2	RMI2|BLAP18|BLM-associated protein of 18 kDa|C16orf75|RecQ mediated genome instability 2RecQ mediated genome instability 2|recQ-mediated genome instability protein 2|RMI2, RecQ mediated genome instability 2, homolog
RND1	RND1
RNF11	RNF11
RNF213	RNF213|ALK lymphoma oligomerization partner on chromosome 17|ALO17|C17orf27|E3 ubiquitin-protein ligase RNF213|KIAA1618|MYMY2|mysterin|MYSTR|NET57|ring finger protein 213ring finger protein 213|RING-type E3 ubiquitin transferase RNF213
RNF43	RNF43|E3 ubiquitin-protein ligase RNF43|ring finger protein 43ring finger protein 43|RING-type E3 ubiquitin transferase RNF43|RNF124|SSPCS|URCC
RNF6	RNF6
RNFT1	RNFT1
RNLS	RNLS
ROBO1	ROBO1
ROBO2	ROBO2|roundabout guidance receptor 2roundabout guidance receptor 2|roundabout homolog 2|roundabout, axon guidance receptor, homolog 2|SAX3
ROBO4	ROBO4
ROCK1	ROCK1
ROS1	ROS1|c-ros oncogene 1 , receptor tyrosine kinase|c-ros-1|MCF3|proto-oncogene c-Ros-1|proto-oncogene tyrosine-protein kinase ROS|ROS|ROS proto-oncogene 1 , receptor tyrosine kinase|ROS proto-oncogene 1, receptor tyrosine kinaseROS proto-oncogene 1, receptor tyrosine kinase|transmembrane tyrosine-specific protein kinase|v-ros avian UR2 sarcoma virus oncogene homolog 1
RPA1	RPA1|HSSB|MST075|MSTP075|REPA1|replication factor A protein 1|replication protein A 70 kDa DNA-binding subunit|replication protein A1, 70kDa|replication protein A1replication protein A1|RF-A|RF-A protein 1|RP-A|RP-A p70|RPA70|single-stranded DNA-binding protein
RPA2	RPA2
RPL10	RPL10|60S ribosomal protein L10|AUTSX5|DXS648|DXS648E|L10|laminin receptor homolog|large ribosomal subunit protein uL16|MRXS35|NOV|QM|ribosomal protein L10ribosomal protein L10|tumor suppressor QM|Wilms tumor-related protein
RPL22	RPL22|60S ribosomal protein L22|EAP|EBER-associated protein|Epstein-Barr virus small RNA-associated protein|Epstein-Barr-encoded RNA-associated protein|HBP15|HBP15/L22|heparin-binding protein 15|heparin-binding protein HBp15|L22|large ribosomal subunit protein eL22|ribosomal protein L22ribosomal protein L22
RPL5	RPL5|60S ribosomal protein L5|L5|large ribosomal subunit protein uL18|MSTP030|PPP1R135|protein phosphatase 1, regulatory subunit 135|ribosomal protein L5ribosomal protein L5|uL18
RPLP0	RPLP0
RPLP0P2	RPLP0P2
RPN1	RPN1|dolichyl-diphosphooligosaccharide--protein glycosyltransferase subunit 1|dolichyl-diphosphooligosaccharide-protein glycosyltransferase 67 kDa subunit|oligosaccharyltransferase 1 homolog|oligosaccharyltransferase complex subunit (non-catalytic)|OST1|RBPH1|ribophorin Iribophorin I|ribophorin-1|RPN-I
RPRML	RPRML
RPS20	RPS20
RPS29	RPS29
RPS6KA4	RPS6KA4
RPS6KB1	RPS6KB1
RPS6KB2	RPS6KB2
RPTOR	RPTOR
RRAS	RRAS
RRAS2	RRAS2
RRM1	RRM1
RRM2	RRM2
RSAD1	RSAD1
RSF1	RSF1
RSL1D1	RSL1D1
RSPO2	RSPO2|CRISTIN2|HHRRD|R-spondin 2 homolog|R-spondin 2R-spondin 2|R-spondin-2|roof plate-specific spondin-2|TETAMS2
RSPO3	RSPO3|CRISTIN1|protein with TSP type-1 repeat|PWTSR|R-spondin 3 homolog|R-spondin 3R-spondin 3|R-spondin-3|roof plate-specific spondin-3|thrombospondin type-1 domain-containing protein 2|thrombospondin, type I, domain containing 2|THSD2
RSPRY1	RSPRY1
RTEL1	RTEL1
RUNX1	RUNX1|acute myeloid leukemia 1 protein|AML1|AML1-EVI-1|AML1-EVI-1 fusion protein|AMLCR1|CBF2alpha|CBFA2|core-binding factor, runt domain, alpha subunit 2|EVI-1|mutant RUNX1|oncogene AML-1|PEA2-alpha B|PEBP2-alpha B|PEBP2aB|PEBP2alpha|polyomavirus enhancer-binding protein 2 alpha B subunit|runt related transcription factor 1|runt-related transcription factor 1|RUNX family transcription factor 1RUNX family transcription factor 1|SL3-3 enhancer factor 1 alpha B subunit|SL3/AKV core-binding factor alpha B subunit
RUNX1T1	RUNX1T1|acute myelogenous leukemia 1 translocation 1, cyclin-D related|AML1-MTG8|AML1T1|CBFA2T1|CDR|core-binding factor, runt domain, alpha subunit 2; translocated to, 1; cyclin D-related|eight twenty one protein|ETO|MTG8|myeloid translocation gene on 8q22|protein CBFA2T1|runt related transcription factor 1; translocated to, 1 (cyclin D related)|RUNX1 partner transcriptional co-repressor 1RUNX1 partner transcriptional co-repressor 1|RUNX1 translocation partner 1|zinc finger MYND domain-containing protein 2|ZMYND2
RXRA	RXRA
RYBP	RYBP
S100A7	S100A7|protein S100-A7|PSOR1|psoriasin 1|S100 calcium binding protein A7S100 calcium binding protein A7|S100A7c
SALL1	SALL1
SALL4	SALL4|DRRS|HSAL4|sal-like protein 4|spalt like transcription factor 4spalt like transcription factor 4|zinc finger protein 797|zinc finger protein SALL4|ZNF797
SAMD9	SAMD9
SBDS	SBDS|CGI-97|ribosome maturation protein SBDS|SBDS ribosome maturation factorSBDS ribosome maturation factor|SBDS, ribosome assembly guanine nucleotide exchange factor|SDS|SWDS
SBNO2	SBNO2
SCP2	SCP2
SCRIB	SCRIB
SDC4	SDC4|amphiglycan|ryudocan amphiglycan|ryudocan core protein|SYND4|syndecan 4 (amphiglycan, ryudocan)|syndecan 4syndecan 4|syndecan proteoglycan 4|syndecan-4
SDCCAG8	SDCCAG8
SDHA	SDHA|CMD1GG|flavoprotein subunit of complex II|FP|PGL5|SDH1|SDH2|SDHF|succinate dehydrogenase [ubiquinone] flavoprotein subunit, mitochondrial|succinate dehydrogenase complex flavoprotein subunit Asuccinate dehydrogenase complex flavoprotein subunit A|succinate dehydrogenase complex, subunit A, flavoprotein (Fp)
SDHAF2	SDHAF2|C11orf79|hSDH5|PGL2|SDH assembly factor 2|SDH5|succinate dehydrogenase assembly factor 2, mitochondrial|succinate dehydrogenase complex assembly factor 2succinate dehydrogenase complex assembly factor 2|succinate dehydrogenase subunit 5, mitochondrial
SDHAP3	SDHAP3
SDHB	SDHB|CWS2|IP|iron-sulfur subunit of complex II|PGL4|SDH|SDH1|SDH2|SDHIP|succinate dehydrogenase [ubiquinone] iron-sulfur subunit, mitochondrial|succinate dehydrogenase complex iron sulfur subunit Bsuccinate dehydrogenase complex iron sulfur subunit B|succinate dehydrogenase complex, subunit B, iron sulfur (Ip)
SDHC	SDHC|CYB560|CYBL|cytochrome B large subunit of complex II|integral membrane protein CII-3b|large subunit of cytochrome b|PGL3|QPS1|SDH3|succinate dehydrgenase cytochrome b|succinate dehydrogenase 3, integral membrane subunit|succinate dehydrogenase complex subunit C integral membrane protein 15kDa|succinate dehydrogenase complex subunit Csuccinate dehydrogenase complex subunit C|succinate dehydrogenase complex, subunit C, integral membrane protein, 15kD|succinate dehydrogenase cytochrome b560 subunit, mitochondrial|succinate-ubiquinone oxidoreductase cytochrome B large subunit
SDHD	SDHD|CBT1|CII-4|CWS3|cybS|PGL|PGL1|QPs3|SDH4|succinate dehydrogenase [ubiquinone] cytochrome b small subunit, mitochondrial|succinate dehydrogenase complex subunit D integral membrane protein|succinate dehydrogenase complex subunit Dsuccinate dehydrogenase complex subunit D|succinate-ubiquinone oxidoreductase cytochrome b small subunit|succinate-ubiquinone reductase membrane anchor subunit
SEC16A	SEC16A
SEC24B	SEC24B
SEC61G	SEC61G
SECISBP2L	SECISBP2L
SELE	SELE
SEM1	SEM1
SEMA3A	SEMA3A
SEMA3D	SEMA3D
SEMA4B	SEMA4B
SEPT14	SEPT14
SEPTIN5	SEPTIN5|CDCREL|CDCREL-1|CDCREL1|cell division control related protein 1|H5|HCDCREL-1|peanut-like 1|platelet glycoprotein Ib beta chain|PNUTL1|SEPT5|septin 5septin 5|septin-5
SEPTIN6	SEPTIN6|SEP2|SEPT2|SEPT6|septin 2|septin 6septin 6|septin-6
SEPTIN9	SEPTIN9|AF17q25|MLL septin-like fusion protein MSF-A|MSF|MSF1|NAPB|Ov/Br septin|ovarian/breast septin|PNUTL4|SEPT9|SeptD1|septin 9septin 9|septin D1|septin-9|SINT1
SERPINB3	SERPINB3
SERPINE2	SERPINE2
SESN1	SESN1
SESN2	SESN2
SESN3	SESN3
SET	SET|2PP2A|chromatin remodelling factor|HLA-DR-associated protein II|I2PP2A|IGAAD|inhibitor of granzyme A-activated DNase|inhibitor-2 of protein phosphatase-2A|IPP2A2|MRD58|PHAPII|phosphatase 2A inhibitor I2PP2A|protein phosphatase type 2A inhibitor|protein SET|SET nuclear oncogene|SET nuclear proto-oncogeneSET nuclear proto-oncogene|SET translocation (myeloid leukemia-associated)|TAF-I|TAF-IBETA|Template-Activating Factor-I, chromatin remodelling factor
SETBP1	SETBP1|MRD29|SEB|SET binding protein 1SET binding protein 1|SET-binding protein
SETD1B	SETD1B|histone-lysine N-methyltransferase SETD1B|IDDSELD|KMT2G|lysine N-methyltransferase 2G|SET domain containing 1B, histone lysine methyltransferaseSET domain containing 1B, histone lysine methyltransferase|SET domain-containing protein 1B|Set1B
SETD2	SETD2|HBP231|HIF-1|HIP-1|histone-lysine N-methyltransferase SETD2|HSPC069|huntingtin interacting protein 1|huntingtin yeast partner B|huntingtin-interacting protein B|HYPB|KMT3A|LLS|lysine N-methyltransferase 3A|p231HBP|protein-lysine N-methyltransferase SETD2|SET domain containing 2, histone lysine methyltransferaseSET domain containing 2, histone lysine methyltransferase|SET2
SETD4	SETD4
SETDB1	SETDB1|ERG-associated protein with a SET domain, ESET|ESET|H3-K9-HMTase4|histone H3-K9 methyltransferase 4|histone-lysine N-methyltransferase SETDB1|histone-lysine N-methyltransferase, H3lysine-9 specific 4|KG1T|KMT1E|lysine N-methyltransferase 1E|SET domain bifurcated 1|SET domain bifurcated histone lysine methyltransferase 1SET domain bifurcated histone lysine methyltransferase 1|TDRD21|tudor domain containing 21
SF3B1	SF3B1|Hsh155|MDS|pre-mRNA processing 10|pre-mRNA splicing factor SF3b, 155 kDa subunit|PRP10|PRPF10|SAP155|SF3b155|spliceosome-associated protein 155|splicing factor 3B subunit 1|splicing factor 3b subunit 1splicing factor 3b subunit 1|splicing factor 3b, subunit 1, 155kDa
SFPQ	SFPQ|100 kDa DNA-pairing protein|DNA-binding p52/p100 complex, 100 kDa subunit|epididymis secretory sperm binding protein|polypyrimidine tract binding protein associated|polypyrimidine tract-binding protein-associated splicing factor|POMP100|PPP1R140|protein phosphatase 1, regulatory subunit 140|PSF|PTB-associated splicing factor|splicing factor proline and glutamine richsplicing factor proline and glutamine rich|splicing factor proline/glutamine rich (polypyrimidine tract binding protein associated)|splicing factor proline/glutamine-rich|splicing factor, proline- and glutamine-rich
SFRP4	SFRP4|frizzled protein, human endometrium|FRP-4|FRPHE|FRZB-2|PYL|secreted frizzled related protein 4secreted frizzled related protein 4|secreted frizzled-related protein 4|secreted frizzled-related protein 4; secreted frizzled-related protein 4|sFRP-4
SFRS6	SFRS6
SGK1	SGK1|serine/threonine protein kinase SGK|serine/threonine-protein kinase Sgk1|serum/glucocorticoid regulated kinase 1serum/glucocorticoid regulated kinase 1|SGK|Sgk1 variant i3
SH2B3	SH2B3|IDDM20|LNK|lymphocyte-specific adapter protein Lnk|SH2B adapter protein 3|SH2B adaptor protein 3SH2B adaptor protein 3|signal transduction protein Lnk|truncated SH2B3
SH2C	SH2C
SH2D1A	SH2D1A
SH3BGRL	SH3BGRL
SH3GL1	SH3GL1|CNSA1|EEN|EEN fusion partner of MLL|endophilin-2|endophilin-A2|extra 11-19 leukemia fusion|extra eleven-nineteen leukemia fusion gene protein|SH3 domain containing GRB2 like 1, endophilin A2SH3 domain containing GRB2 like 1, endophilin A2|SH3 domain protein 2B|SH3 domain-containing GRB2-like protein 1|SH3-containing Grb-2-like 1 protein|SH3-domain GRB2-like 1|SH3D2B|SH3P8
SHBG	SHBG
SHC1	SHC1
SHH	SHH
SHISA9	SHISA9
SHOC2	SHOC2
SHQ1	SHQ1
SHTN1	SHTN1|KIAA1598|shootin 1shootin 1|shootin-1|shootin1
SIGLEC1	SIGLEC1
SIK1	SIK1
SIK3	SIK3
SIPA1L2	SIPA1L2
SIRPA	SIRPA|BIT|brain-immunoglobulin-like molecule with tyrosine-based activation motifs|CD172 antigen-like family member A|CD172A|inhibitory receptor SHPS-1|macrophage fusion receptor|MFR|MYD-1|myd-1 antigen|P84|PTPNS1|SHPS1|signal regulatory protein alphasignal regulatory protein alpha|SIRP|tyrosine phosphatase SHP substrate 1|tyrosine-protein phosphatase non-receptor type substrate 1
SIRT1	SIRT1
SIX1	SIX1|BOS3|DFNA23|homeobox protein SIX1|sine oculis homeobox homolog 1|SIX homeobox 1SIX homeobox 1|TIP39
SIX2	SIX2|homeobox protein SIX2|sine oculis homeobox homolog 2|SIX homeobox 2SIX homeobox 2
SKA1	SKA1
SKI	SKI|proto-oncogene c-Ski|SGS|ski oncogene|ski oncoprotein|SKI proto-oncogeneSKI proto-oncogene|SKV|v-ski avian sarcoma viral oncogene homolog
SKINTL	SKINTL
SKIV2L2	SKIV2L2
SLC12A6	SLC12A6
SLC12A7	SLC12A7
SLC13A3	SLC13A3
SLC16A10	SLC16A10
SLC16A7	SLC16A7
SLC1A2	SLC1A2
SLC1A6	SLC1A6
SLC25A14	SLC25A14
SLC25A37	SLC25A37
SLC29A1	SLC29A1
SLC2A1	SLC2A1
SLC34A2	SLC34A2|NAPI-3B|NAPI-IIb|NPTIIb|PULAM|sodium-dependent phosphate transport protein 2B|sodium/phosphate cotransporter 2B|solute carrier family 34 (sodium phosphate), member 2|solute carrier family 34 (type II sodium/phosphate cotransporter), member 2|solute carrier family 34 member 2solute carrier family 34 member 2|type II sodium-dependent phosphate transporter 3b
SLC38A3	SLC38A3
SLC3A2	SLC3A2
SLC41A3	SLC41A3
SLC44A4	SLC44A4
SLC45A3	SLC45A3|IPCA-2|IPCA-6|IPCA-8|IPCA6|PCANAP2|PCANAP6|PCANAP8|prostate cancer associated protein 2|prostate cancer associated protein 6|prostate cancer associated protein 8|prostate cancer-associated gene 2|prostate cancer-associated gene 6|prostate cancer-associated gene 8|prostein|PRST|solute carrier family 45 member 3|solute carrier family 45 member 3solute carrier family 45 member 3
SLC46A3	SLC46A3
SLC4A10	SLC4A10
SLC4A4	SLC4A4
SLC5A2	SLC5A2
SLC67A1	SLC67A1
SLC6A17	SLC6A17
SLC6A3	SLC6A3
SLC7A11	SLC7A11
SLC9A3R2	SLC9A3R2
SLCO1B1	SLCO1B1
SLFN11	SLFN11
SLFN12	SLFN12
SLIT3	SLIT3
SLITRK5	SLITRK5
SLX4	SLX4|BTB/POZ domain-containing protein 12|BTBD12|FANCP|MUS312|SLX4 structure-specific endonuclease subunitSLX4 structure-specific endonuclease subunit|structure-specific endonuclease subunit SLX4
SMAD2	SMAD2|hMAD-2|hSMAD2|JV18|JV18-1|MAD homolog 2|MADH2|MADR2|mother against DPP homolog 2|mothers against decapentaplegic homolog 2|Sma- and Mad-related protein 2|SMAD family member 2SMAD family member 2|SMAD, mothers against DPP homolog 2
SMAD3	SMAD3|hMAD-3|hSMAD3|HSPC193|HsT17436|JV15-2|LDS1C|LDS3|MAD homolog 3|mad homolog JV15-2|mad protein homolog|MAD, mothers against decapentaplegic homolog 3|mad3|MADH3|mothers against decapentaplegic homolog 3|mothers against DPP homolog 3|SMA- and MAD-related protein 3|SMAD family member 3SMAD family member 3|SMAD, mothers against DPP homolog 3
SMAD4	SMAD4|deleted in pancreatic carcinoma locus 4|deletion target in pancreatic carcinoma 4|DPC4|JIP|MAD homolog 4|MADH4|mothers against decapentaplegic homolog 4|mothers against decapentaplegic, Drosophila, homolog of, 4|MYHRS|SMAD family member 4SMAD family member 4|SMAD, mothers against DPP homolog 4
SMARCA1	SMARCA1
SMARCA2	SMARCA2
SMARCA4	SMARCA4|ATP-dependent helicase SMARCA4|BAF190|BAF190A|brahma protein-like 1|BRG1|BRG1-associated factor 190A|BRM/SWI2-related gene 1|CSS4|global transcription activator homologous sequence|homeotic gene regulator|hSNF2b|mitotic growth and transcription activator|MRD16|nuclear protein GRB1|protein brahma homolog 1|protein BRG-1|RTPS2|SNF2|SNF2-beta|SNF2-like 4|SNF2L4|SNF2LB|sucrose nonfermenting-like 4|SWI/SNF related, matrix associated, actin dependent regulator of chromatin, subfamily a, member 4SWI/SNF related, matrix associated, actin dependent regulator of chromatin, subfamily a, member 4|SWI2|transcription activator BRG1
SMARCB1	SMARCB1|BAF47|BRG1-associated factor 47|CSS3|hSNF5|hSNFS|INI1|integrase interactor 1 protein|malignant rhabdoid tumor suppressor|MRD15|PPP1R144|protein phosphatase 1, regulatory subunit 144|RDT|RTPS1|Sfh1p|SNF5|SNF5 homolog|SNF5L1|Snr1|sucrose nonfermenting, yeast, homolog-like 1|SWI/SNF related, matrix associated, actin dependent regulator of chromatin, subfamily b, member 1SWI/SNF related, matrix associated, actin dependent regulator of chromatin, subfamily b, member 1|SWI/SNF-related matrix-associated actin-dependent regulator of chromatin subfamily B member 1|SWI/SNF-related matrix-associated protein|SWNTS1
SMARCD1	SMARCD1|60 kDa BRG-1/Brm-associated factor subunit A|BAF60A|BRG1-associated factor 60A|chromatin remodeling complex BAF60A subunit|CRACD1|CSS11|mammalian chromatin remodeling complex BRG1-associated factor 60A|Rsc6p|SWI/SNF complex 60 kDa subunit A|SWI/SNF related, matrix associated, actin dependent regulator of chromatin, subfamily d, member 1SWI/SNF related, matrix associated, actin dependent regulator of chromatin, subfamily d, member 1|SWI/SNF-related matrix-associated actin-dependent regulator of chromatin subfamily D member 1|Swp73-like protein
SMARCE1	SMARCE1|BAF57|BRG1-associated factor 57|chromatin remodeling complex BRG1-associated factor 57|CSS5|SWI/SNF related, matrix associated, actin dependent regulator of chromatin, subfamily e, member 1SWI/SNF related, matrix associated, actin dependent regulator of chromatin, subfamily e, member 1|SWI/SNF-related matrix-associated actin-dependent regulator of chromatin e1|SWI/SNF-related matrix-associated actin-dependent regulator of chromatin subfamily E member 1
SMC1A	SMC1A|CDLS2|DEE85|DXS423E|EIEE85|epididymis secretory sperm binding protein|SB1.8|segregation of mitotic chromosomes 1|SMC protein 1A|SMC-1-alpha|SMC1|SMC1 (structural maintenance of chromosomes 1, yeast)-like 1|SMC1alpha|SMC1L1|SMCB|structural maintenance of chromosomes 1Astructural maintenance of chromosomes 1A|structural maintenance of chromosomes protein 1A
SMC3	SMC3
SMO	SMO|CRJS|frizzled family member 11|FZD11|Gx|PHLS|protein Gx|seven transmembrane helix receptor|SMOH|smoothened homolog|smoothened, frizzled class receptorsmoothened, frizzled class receptor|smoothened, frizzled family receptor|smoothened, seven transmembrane spanning receptor
SMU1	SMU1
SNAPC4	SNAPC4
SND1	SND1|EBNA2 coactivator p100|p100|staphylococcal nuclease and tudor domain containing 1staphylococcal nuclease and tudor domain containing 1|staphylococcal nuclease domain-containing protein 1|TDRD11|testis tissue sperm-binding protein Li 82P|tudor domain-containing protein 11|Tudor-SN
SNX2	SNX2
SNX29	SNX29|A-388D4.1|RUN domain containing 2A|RUN domain-containing protein 2A|RUNDC2A|sorting nexin 29sorting nexin 29|sorting nexin-29
SOCS1	SOCS1|CIS1|CISH1|cytokine-inducible SH2 protein 1|JAB|JAK binding protein|SOCS-1|SSI-1|SSI1|STAT induced SH3 protein 1|STAT-induced STAT inhibitor 1|suppressor of cytokine signaling 1|suppressor of cytokine signaling 1suppressor of cytokine signaling 1|Tec-interacting protein 3|TIP-3|TIP3
SORBS2	SORBS2
SOS1	SOS1
SOS2	SOS2
SOX17	SOX17
SOX2	SOX2|ANOP3|MCOPS3|sex determining region Y-box 2|SRY (sex determining region Y)-box 2|SRY-box 2|SRY-box transcription factor 2SRY-box transcription factor 2|SRY-related HMG-box gene 2|transcription factor SOX-2|transcription factor SOX2
SOX21	SOX21|SOX-A|SOX25|SRY (sex determining region Y)-box 21|SRY-box 21|SRY-box transcription factor 21SRY-box transcription factor 21|transcription factor SOX-21
SOX2OT	SOX2OT
SOX5	SOX5
SOX9	SOX9
SP2	SP2
SPATS1	SPATS1
SPDYE4	SPDYE4
SPECC1	SPECC1|cytokinesis and spindle organization B|cytospin-B|CYTSB|HCMOGT-1|HCMOGT1|NSP|NSP5|nuclear structure protein 5|sperm antigen HCMOGT-1|sperm antigen with calponin homology and coiled-coil domains 1sperm antigen with calponin homology and coiled-coil domains 1|sperm antigen with calponin-like and coiled coil domains 1|structure protein NSP5a3a|structure protein NSP5a3b|structure protein NSP5b3a|structure protein NSP5b3b
SPEN	SPEN|HIAA0929|MINT|Msx2 interacting nuclear target (MINT) homolog|msx2-interacting protein|nuclear receptor transcription cofactor|RBM15C|SHARP|SMART/HDAC1-associated repressor protein|spen family transcriptional repressorspen family transcriptional repressor|spen homolog, transcriptional regulator
SPG11	SPG11
SPHK1	SPHK1
SPN	SPN
SPOCK1	SPOCK1
SPOCK3	SPOCK3
SPOP	SPOP|BTBD32|HIB homolog 1|NEDMACE|NEDMIDF|NSDVS1|NSDVS2|roadkill homolog 1|speckle type BTB/POZ proteinspeckle type BTB/POZ protein|speckle-type POZ protein|TEF2
SPPL2B	SPPL2B
SPPL3	SPPL3
SPRED1	SPRED1
SPSB4	SPSB4
SPTBN5	SPTBN5
SQSTM1	SQSTM1
SRC	SRC|ASV|c-SRC|p60-Src|proto-oncogene c-Src|proto-oncogene tyrosine-protein kinase Src|protooncogene SRC, Rous sarcoma|SRC proto-oncogene, non-receptor tyrosine kinaseSRC proto-oncogene, non-receptor tyrosine kinase|SRC1|THC6|tyrosine kinase pp60c-src|tyrosine-protein kinase SRC-1|v-src avian sarcoma (Schmidt-Ruppin A-2) viral oncogene homolog
SRGAP3	SRGAP3|ARHGAP14|MEGAP|mental disorder-associated GAP|rho GTPase-activating protein 14|SLIT-ROBO Rho GTPase activating protein 2|SLIT-ROBO Rho GTPase activating protein 3SLIT-ROBO Rho GTPase activating protein 3|SLIT-ROBO Rho GTPase-activating protein 3|SRGAP2|WAVE-associated Rac GTPase activating protein|WRP
SRP19	SRP19
SRRM2	SRRM2
SRSF2	SRSF2|PR264|SC-35|SC35|serine and arginine rich splicing factor 2serine and arginine rich splicing factor 2|serine/arginine-rich splicing factor 2|SFRS2|SFRS2A|splicing component, 35 kDa|splicing factor SC35|splicing factor, arginine/serine-rich 2|SR splicing factor 2|SRp30b
SRSF3	SRSF3|epididymis secretory sperm binding protein|pre-mRNA splicing factor SRp20|pre-mRNA-splicing factor SRP20|serine and arginine rich splicing factor 3serine and arginine rich splicing factor 3|serine/arginine-rich splicing factor 3|SFRS3|splicing factor, arginine/serine-rich 3|splicing factor, arginine/serine-rich, 20-kD|SRp20
SRXN1	SRXN1
SS18	SS18|protein SSXT|SS18 subunit of BAF chromatin remodeling complexSS18 subunit of BAF chromatin remodeling complex|SS18, nBAF chromatin remodeling complex subunit|SSXT|synovial sarcoma translocated to X chromosome protein|synovial sarcoma translocation, chromosome 18|synovial sarcoma, translocated to X chromosome|SYT
SS18L1	SS18L1|calcium-responsive transactivator|CREST|LP2261|SS18-like protein 1|SS18L1 subunit of BAF chromatin remodeling complexSS18L1 subunit of BAF chromatin remodeling complex|SS18L1, nBAF chromatin remodeling complex subunit|synovial sarcoma translocation gene on chromosome 18-like 1|SYT homolog 1
SSBP1	SSBP1
SSBP2	SSBP2
SSTR5	SSTR5
SSX1	SSX1|cancer/testis antigen 5.1|cancer/testis antigen family 5, member 1|CT5.1|protein SSX1|sarcoma, synovial, X-chromosome-related 1|SSRC|SSX family member 1SSX family member 1|synovial sarcoma, X breakpoint 1
SSX2	SSX2|cancer/testis antigen 5.2|cancer/testis antigen family 5, member 2a|CT5.2|CT5.2A|HD21|HOM-MEL-40|protein SSX2|sarcoma, synovial, X-chromosome-related 2|SSX|SSX family member 2SSX family member 2|synovial sarcoma, X breakpoint 2|synovial sarcoma, X breakpoint 2B|tumor antigen HOM-MEL-40
SSX4	SSX4|cancer/testis antigen 5.4|CT5.4|protein SSX4|SSX family member 4SSX family member 4|synovial sarcoma, X breakpoint 4
ST3GAL3	ST3GAL3
ST6GALNAC3	ST6GALNAC3
ST6GALNAC5	ST6GALNAC5
ST7	ST7
ST7L	ST7L
STAG1	STAG1|cohesin subunit SA-1|MRD47|nuclear protein stromal antigen 1|SA1|SCC3 homolog 1|SCC3A|stromal antigen 1stromal antigen 1
STAG2	STAG2|bA517O1.1|cohesin subunit SA-2|HPE13|MKMS|NEDXCF|SA-2|SA2|SCC3 homolog 2|SCC3B|stromal antigen 2stromal antigen 2
STAG3	STAG3
STARD3NL	STARD3NL
STAT3	STAT3|acute-phase response factor|ADMIO|ADMIO1|APRF|DNA-binding protein APRF|HIES|signal transducer and activator of transcription 3|signal transducer and activator of transcription 3signal transducer and activator of transcription 3
STAT5A	STAT5A
STAT5B	STAT5B|GHISID2|signal transducer and activator of transcription 5B|signal transducer and activator of transcription 5Bsignal transducer and activator of transcription 5B|STAT5|transcription factor STAT5B
STAT6	STAT6|D12S1644|IL-4-STAT|signal transducer and activator of transcription 6|signal transducer and activator of transcription 6, interleukin-4 induced|signal transducer and activator of transcription 6signal transducer and activator of transcription 6|STAT, interleukin4-induced|STAT6B|STAT6C|transcription factor IL-4 STAT
STIL	STIL|MCPH7|SCL-interrupting locus protein|SCL/TAL1 interrupting locus|SIL|STIL centriolar assembly proteinSTIL centriolar assembly protein|TAL-1-interrupting locus protein
STK11	STK11|hLKB1|liver kinase B1|LKB1|PJS|polarization-related protein LKB1|renal carcinoma antigen NY-REN-19|serine/threonine kinase 11serine/threonine kinase 11|serine/threonine-protein kinase 11|serine/threonine-protein kinase LKB1|serine/threonine-protein kinase STK11
STK40	STK40
STMN1	STMN1
STRN	STRN|PPP2R6A|protein phosphatase 2 regulatory subunit B'''alpha|SG2NA|striatin|striatin, calmodulin binding protein|striatinstriatin|STRN1
STRN3	STRN3
SUB1	SUB1
SUFU	SUFU|JBTS32|negative regulator of hedgehog signaling|PRO1280|SUFU negative regulator of hedgehog signalingSUFU negative regulator of hedgehog signaling|SUFUH|SUFUXL|suppressor of fused homolog
SUPT4H1	SUPT4H1
SUZ12	SUZ12|chET 9 protein|CHET9|chromatin precipitated E2F target 9 protein|IMMAS|JJAZ1|joined to JAZF1 protein|polycomb protein SUZ12|suppressor of zeste 12 protein homolog|SUZ12 polycomb repressive complex 2 subunitSUZ12 polycomb repressive complex 2 subunit
SYF2	SYF2
SYK	SYK|p72-Syk|spleen associated tyrosine kinasespleen associated tyrosine kinase|spleen tyrosine kinase|tyrosine-protein kinase SYK
SYN3	SYN3
SYNRG	SYNRG
TAC4	TAC4
TACC1	TACC1
TACC2	TACC2
TACC3	TACC3
TACR1	TACR1
TACR3	TACR3
TACSTD2	TACSTD2
TAF15	TAF15|Npl3|RBP56|RBP56/CSMF fusion|TAF15 RNA polymerase II, TATA box binding protein (TBP)-associated factor, 68kDa|TAF2N|TAFII68|TATA box binding protein (TBP)-associated factor, RNA polymerase II, N, 68kD (RNA-binding protein 56)|TATA box-binding protein-associated factor 2N (RNA-binding protein 56)|TATA-binding protein-associated factor 2N|TATA-box binding protein associated factor 15TATA-box binding protein associated factor 15|TBP-associated factor 15
TAL1	TAL1|bHLHa17|class A basic helix-loop-helix protein 17|SCL|stem cell protein|T-cell acute lymphocytic leukemia 1|T-cell acute lymphocytic leukemia protein 1|T-cell leukemia/lymphoma protein 5|TAL bHLH transcription factor 1, erythroid differentiation factorTAL bHLH transcription factor 1, erythroid differentiation factor|tal-1|tal-1 product|TCL5
TAL2	TAL2|class A basic helix-loop-helix protein 19|T-cell acute lymphocytic leukemia 2|T-cell acute lymphocytic leukemia protein 2|TAL bHLH transcription factor 2TAL bHLH transcription factor 2|TAL-2
TAOK1	TAOK1
TBC1D9B	TBC1D9B
TBK1	TBK1
TBL1XR1	TBL1XR1|C21|DC42|F-box-like/WD repeat-containing protein TBL1XR1|IRA1|MRD41|nuclear receptor co-repressor/HDAC3 complex subunit|nuclear receptor corepressor/HDAC3 complex subunit TBLR1|TBL1-related protein 1|TBL1X receptor 1TBL1X receptor 1|TBLR1|transducin beta like 1 X-linked receptor 1
TBL3	TBL3
TBX3	TBX3|bladder cancer related protein XHL|T-box 3|T-box protein 3|T-box transcription factor 3T-box transcription factor 3|T-box transcription factor TBX3|TBX3-ISO|UMS|XHL
TCEA1	TCEA1|epididymis secretory sperm binding protein|GTF2S|SII|TCEA|TF2S|TFIIS|transcription elongation factor A (SII), 1|transcription elongation factor A protein 1|transcription elongation factor A1transcription elongation factor A1|transcription elongation factor S-II protein 1|transcription elongation factor TFIIS.o|transcription factor IIS
TCEB1	TCEB1
TCF12	TCF12|bHLHb20|class B basic helix-loop-helix protein 20|CRS3|DNA-binding protein HTF4|E-box-binding protein|HEB|helix-loop-helix transcription factor 4|HsT17266|HTF4|p64|TCF-12|transcription factor 12|transcription factor 12transcription factor 12|transcription factor HTF-4
TCF3	TCF3|AGM8|bHLHb21|class B basic helix-loop-helix protein 21|E2A|E47|helix-loop-helix protein HE47|immunoglobulin transcription factor 1|ITF1|kappa-E2-binding factor|negative vitamin D response element-binding protein|NOL1-TCF3 fusion|p75|TCF-3|transcription factor 3 (E2A immunoglobulin enhancer binding factors E12/E47)|transcription factor 3 variant 3|transcription factor 3transcription factor 3|transcription factor E2-alpha|transcription factor ITF-1|VDIR|VDR interacting repressor|vitamin D receptor-interacting repressor
TCF7L2	TCF7L2|HMG box transcription factor 4|hTCF-4|T-cell factor 4|T-cell-specific transcription factor 4|TCF-4|TCF4|transcription factor 7 like 2transcription factor 7 like 2|transcription factor 7-like 2|transcription factor 7-like 2 (T-cell specific, HMG-box)
TCL1A	TCL1A|oncogene TCL-1|oncogene TCL1|protein p14 TCL1|T cell leukemia/lymphoma 1A|T-cell leukemia/lymphoma protein 1A|T-cell lymphoma-1|TCL1|TCL1 family AKT coactivator ATCL1 family AKT coactivator A
TEC	TEC|PSCTK4|tec protein tyrosine kinasetec protein tyrosine kinase|tyrosine-protein kinase Tec
TEK	TEK
TENT5C	TENT5C|FAM46C|family with sequence similarity 46 member C|non-canonical poly(A) polymerase FAM46C|protein FAM46C|putative nucleotidyltransferase FAM46C|terminal nucleotidyltransferase 5C|terminal nucleotidyltransferase 5Cterminal nucleotidyltransferase 5C
TERF2	TERF2
TERT	TERT|CMM9|DKCA2|DKCB4|EST2|hEST2|hTRT|PFBMFT1|TCS1|telomerase catalytic subunit|telomerase reverse transcriptase|telomerase reverse transcriptasetelomerase reverse transcriptase|telomerase-associated protein 2|TP2|TRT
TET1	TET1|bA119F7.1|CXXC finger 6|CXXC zinc finger 6|CXXC-type zinc finger protein 6|CXXC6|LCX|leukemia-associated protein with a CXXC domain|methylcytosine dioxygenase TET1|ten-eleven translocation 1 gene protein|ten-eleven translocation-1|tet methylcytosine dioxygenase 1tet methylcytosine dioxygenase 1|tet oncogene 1|TET1 splice variant VP_DE4|TET1 splice variant VP_DE456
TET2	TET2|IMD75|KIAA1546|MDS|methylcytosine dioxygenase TET2|probable methylcytosine dioxygenase TET2|tet methylcytosine dioxygenase 2tet methylcytosine dioxygenase 2|tet oncogene family member 2
TFE3	TFE3|bHLHe33|class E basic helix-loop-helix protein 33|RCCP2|RCCX1|TFEA|transcription factor binding to IGHM enhancer 3transcription factor binding to IGHM enhancer 3|transcription factor E family, member A|transcription factor E3|transcription factor for IgH enhancer|transcription factor for immunoglobulin heavy-chain enhancer 3
TFEB	TFEB|ALPHATFEB|BHLHE35|class E basic helix-loop-helix protein 35|T-cell transcription factor EB|TCFEB|transcription factor EB|transcription factor EBtranscription factor EB
TFEC	TFEC
TFF3	TFF3
TFG	TFG|HMSNP|protein TFG|SPG57|TF6|trafficking from ER to golgi regulatortrafficking from ER to golgi regulator|TRK-fused|TRK-fused gene protein|TRKT3|TRKT3 oncogene
TFPT	TFPT|amida|amida, partner of the E2A|FB1|INO80 complex subunit F|INO80F|TCF3 (E2A) fusion partner (in childhood Leukemia)|TCF3 fusion partner|TCF3 fusion partnerTCF3 fusion partner
TFRC	TFRC|CD71|IMD46|p90|T9|TFR|TFR1|TR|transferrin receptor protein 1|transferrin receptortransferrin receptor|TRFR
TGFA	TGFA
TGFB1	TGFB1
TGFB2	TGFB2
TGFB3	TGFB3
TGFBR1	TGFBR1
TGFBR2	TGFBR2|AAT3|FAA3|LDS1B|LDS2|LDS2B|MFS2|RIIC|TAAD2|tbetaR-II|TBR-ii|TBRII|TGF-beta receptor type IIB|TGF-beta receptor type-2|TGF-beta type II receptor|TGFbeta-RII|TGFR-2|transforming growth factor beta receptor 2transforming growth factor beta receptor 2|transforming growth factor beta receptor II|transforming growth factor beta receptor type IIC|transforming growth factor, beta receptor II (70/80kDa)|transforming growth factor, beta receptor II alpha|transforming growth factor, beta receptor II beta|transforming growth factor, beta receptor II delta|transforming growth factor, beta receptor II epsilon|transforming growth factor, beta receptor II gamma
THBS2	THBS2
THRAP3	THRAP3|BCLAF1 and THRAP3 family member 2|BCLAF2|thyroid hormone receptor associated protein 3thyroid hormone receptor associated protein 3|thyroid hormone receptor-associated protein 3|thyroid hormone receptor-associated protein complex 150 kDa component|thyroid hormone receptor-associated protein, 150 kDa subunit|TR-associated protein, 150-kDa|TRAP150
THRB	THRB
TIGD7	TIGD7
TIGIT	TIGIT
TIMM8B	TIMM8B
TIMP1	TIMP1
TIMP2	TIMP2
TLK2	TLK2
TLL1	TLL1
TLX1	TLX1|homeo box-11 (T-cell leukemia-3 associated breakpoint, homologous to Drosophila Notch)|homeobox protein Hox-11|HOX11|proto-oncogene TCL-3|T cell leukemia homeobox 1T cell leukemia homeobox 1|T-cell leukemia homeobox protein 1|T-cell leukemia/lymphoma protein 3|TCL3
TLX3	TLX3|homeo box 11-like 2|homeobox protein Hox-11L2|HOX11L2|RNX|T cell leukemia homeobox 3T cell leukemia homeobox 3|T-cell leukemia homeobox protein 3
TMCO5A	TMCO5A
TMEM116	TMEM116
TMEM121	TMEM121
TMEM127	TMEM127|transmembrane protein 127|transmembrane protein 127transmembrane protein 127
TMEM181	TMEM181
TMEM64	TMEM64
TMPRSS2	TMPRSS2|epitheliasin|PRSS10|serine protease 10|transmembrane protease serine 2|transmembrane protease, serine 2|transmembrane serine protease 2transmembrane serine protease 2
TNC	TNC|150-225|cytotactin|deafness, autosomal dominant 56|DFNA56|glioma-associated-extracellular matrix antigen|GMEM|GP|GP 150-225|hexabrachion (tenascin)|HXB|JI|myotendinous antigen|neuronectin|tenascin|tenascin Ctenascin C|tenascin-C additional domain 1|TN|TN-C
TNFAIP3	TNFAIP3|A20|AISBL|OTU domain-containing protein 7C|OTUD7C|putative DNA-binding protein A20|TNF alpha induced protein 3TNF alpha induced protein 3|TNFA1P2|tumor necrosis factor alpha-induced protein 3|tumor necrosis factor inducible protein A20|tumor necrosis factor, alpha induced protein 3|zinc finger protein A20
TNFRSF14	TNFRSF14|ATAR|CD270|CD40-like protein|herpes virus entry mediator A|HVEA|HVEM|LIGHTR|TNF receptor superfamily member 14TNF receptor superfamily member 14|TR2|tumor necrosis factor receptor superfamily member 14|tumor necrosis factor receptor superfamily, member 14 (herpesvirus entry mediator)|tumor necrosis factor receptor-like gene2
TNFRSF17	TNFRSF17|B cell maturation antigen|B-cell maturation factor|B-cell maturation protein|BCM|BCMA|CD269|TNF receptor superfamily member 17TNF receptor superfamily member 17|TNFRSF13A|tumor necrosis factor receptor superfamily member 17
TNFRSF19	TNFRSF19
TNFRSF1B	TNFRSF1B
TNFRSF25	TNFRSF25
TNFRSF8	TNFRSF8
TNFSF12	TNFSF12
TNFSF13	TNFSF13
TNIP2	TNIP2
TNKS2	TNKS2
TNRC6B	TNRC6B
TNS3	TNS3
TOP1	TOP1|DNA topoisomerase 1|DNA topoisomerase IDNA topoisomerase I|Scl-70 antigen|TOPI|topoisomerase (DNA) I|type I DNA topoisomerase
TOP1MT	TOP1MT
TOP2A	TOP2A
TP53	TP53|antigen NY-CO-13|BCC7|BMFS5|cellular tumor antigen p53|LFS1|mutant tumor protein 53|P53|p53 tumor suppressor|phosphoprotein p53|transformation-related protein 53|TRP53|tumor protein 53|tumor protein p53tumor protein p53|tumor supressor p53
TP53BP1	TP53BP1
TP53TG3B	TP53TG3B
TP63	TP63|AIS|amplified in squamous cell carcinoma|B(p51A)|B(p51B)|chronic ulcerative stomatitis protein|EEC3|keratinocyte transcription factor KET|KET|LMS|NBP|OFC8|p40|p51|p53CP|p63|p73H|p73L|RHS|SHFM4|TP53CP|TP53L|TP73L|transformation-related protein 63|tumor protein 63|tumor protein p53-competing protein|tumor protein p63tumor protein p63
TPM3	TPM3|alpha-tropomyosin, slow skeletal|CAPM1|CFTD|cytoskeletal tropomyosin TM30|epididymis luminal protein 189|epididymis secretory sperm binding protein Li 82p|heat-stable cytoskeletal protein 30 kDa|HEL-189|HEL-S-82p|hscp30|NEM1|OK/SW-cl.5|TM-5|TM3|TM30|TM30nm|TM5|TPM3nu|TPMsk3|TRK|tropomyosin 3 nu|tropomyosin 3tropomyosin 3|tropomyosin alpha-3 chain|tropomyosin gamma|tropomyosin-5
TPM4	TPM4|epididymis secretory protein Li 108|HEL-S-108|TM30p1|tropomyosin 4tropomyosin 4|tropomyosin alpha-4 chain
TPMT	TPMT
TPPP	TPPP
TPR	TPR|megator|NPC-associated intranuclear protein|nuclear pore complex-associated protein TPR|nucleoprotein TPR|translocated promoter region (to activated MET oncogene)|translocated promoter region protein|translocated promoter region, nuclear basket proteintranslocated promoter region, nuclear basket protein|tumor potentiating region
TRA	TRA|IMD7|T cell receptor alpha locusT cell receptor alpha locus|T-cell antigen receptor, alpha polypeptide|T-cell receptor, alpha (V,D,J,C)|TCRA|TCRA, TRA@|TRA@
TRAF2	TRAF2
TRAF7	TRAF7|CAFDADD|E3 ubiquitin-protein ligase TRAF7|RFWD1|ring finger and WD repeat domain 1|RING finger and WD repeat-containing protein 1|RING finger protein 119|RING-type E3 ubiquitin transferase TRAF7|RNF119|TNF receptor associated factor 7TNF receptor associated factor 7|TNF receptor-associated factor 7, E3 ubiquitin protein ligase
TRAP1	TRAP1
TRB	TRB|T cell receptor beta locusT cell receptor beta locus|T-cell antigen receptor, beta polypeptide, T-cell receptor, beta cluster|T-cell receptor, beta cluster|TCRB|TCRB, TRB@|TRB@
TRD	TRD|T cell receptor delta locusT cell receptor delta locus|T-cell antigen receptor, delta polypeptide|T-cell receptor, delta (V,D,J,C)|TCRD|TCRD, TRD@|TCRDV1|TRD@
TRG	TRG
TRIB2	TRIB2
TRIM24	TRIM24|E3 ubiquitin-protein ligase TRIM24|hTIF1|PTC6|RING finger protein 82|RING-type E3 ubiquitin transferase TIF1-alpha|RNF82|TF1A|TIF1|TIF1-alpha|TIF1A|TIF1ALPHA|transcription intermediary factor 1-alpha|transcriptional intermediary factor 1|tripartite motif containing 24tripartite motif containing 24
TRIM27	TRIM27|ret finger protein|RFP|RFP transforming protein|RING finger protein 76|RING-type E3 ubiquitin transferase TRIM27|RNF76|tripartite motif containing 27tripartite motif containing 27|tripartite motif protein TRIM27|tripartite motif-containing protein 27|zinc finger protein RFP
TRIM28	TRIM28
TRIM33	TRIM33|E3 ubiquitin-protein ligase TRIM33|ECTO|ectodermin homolog|protein Rfg7|PTC7|RET-fused gene 7 protein|RFG7|RING-type E3 ubiquitin transferase TRIM33|TF1G|TIF1-gamma|TIF1G|TIF1GAMMA|TIFGAMMA|transcriptional intermediary factor 1 gamma|tripartite motif containing 33tripartite motif containing 33
TRIM63	TRIM63
TRIM69	TRIM69
TRIM8	TRIM8
TRIP11	TRIP11|ACG1A|CEV14|clonal evolution-related gene on chromosome 14 protein|GMAP-210|GMAP210|golgi-associated microtubule-binding protein 210|Golgi-microtubule-associated protein of 210 kDa|ODCD|thyroid hormone receptor interactor 11thyroid hormone receptor interactor 11|thyroid receptor-interacting protein 11|TR-interacting protein 11|TRIP-11|TRIP230
TRPC6	TRPC6
TRPS1	TRPS1
TRRAP	TRRAP|350/400 kDa PCAF-associated factor|DEDDFA|DFNA75|PAF350/400|PAF400|STAF40|TR-AP|Tra1|tra1 homolog|transformation/transcription domain associated proteintransformation/transcription domain associated protein|transformation/transcription domain-associated protein
TSC1	TSC1|hamartin|LAM|truncated hemartin|TSC|TSC complex subunit 1TSC complex subunit 1|tuberous sclerosis 1 protein
TSC2	TSC2|LAM|PPP1R160|protein phosphatase 1, regulatory subunit 160|TSC complex subunit 2TSC complex subunit 2|TSC4|tuberin|tuberous sclerosis 2 protein
TSC22D2	TSC22D2
TSG1	TSG1
TSHR	TSHR|CHNG1|hTSHR-I|LGR3|seven transmembrane helix receptor|thyroid stimulating hormone receptorthyroid stimulating hormone receptor|thyrotropin receptor|thyrotropin receptor-I, hTSHR-I|TSH receptor
TSHZ3	TSHZ3
TSN	TSN
TSPAN8	TSPAN8
TTC28	TTC28
TTF1	TTF1
TTLL6	TTLL6
TUBB3	TUBB3
TUBGCP3	TUBGCP3
TUSC1	TUSC1
TXNRD1	TXNRD1
TYK2	TYK2
TYMS	TYMS
TYRO3	TYRO3
U2AF1	U2AF1|FP793|RN|RNU2AF1|splicing factor U2AF 35 kDa subunit|splicing factor U2AF 35kDa subunit|U2 small nuclear ribonucleoprotein auxillary factor, 35-KD subunit|U2 small nuclear RNA auxiliary factor 1U2 small nuclear RNA auxiliary factor 1|U2 small nuclear RNA auxillary factor 1|U2 snRNP auxiliary factor small subunit|U2(RNU2) small nuclear RNA auxiliary factor binding protein|U2AF35|U2AFBP
UBAC1	UBAC1
UBC	UBC
UBR5	UBR5|DD5|E3 identified by differential display|E3 ubiquitin-protein ligase UBR5|E3 ubiquitin-protein ligase, HECT domain-containing 1|EDD|EDD1|HECT-type E3 ubiquitin transferase UBR5|HYD|hyperplastic discs protein homolog|progestin-induced protein|ubiquitin protein ligase E3 component n-recognin 5ubiquitin protein ligase E3 component n-recognin 5
UGT1A	UGT1A
UGT1A1	UGT1A1
UGT2A3	UGT2A3
ULK1	ULK1
UNC5D	UNC5D
UNCX	UNCX
USP2	USP2
USP25	USP25
USP34	USP34
USP44	USP44|deubiquitinating enzyme 44|ubiquitin carboxyl-terminal hydrolase 44|ubiquitin specific peptidase 44ubiquitin specific peptidase 44|ubiquitin specific protease 44|ubiquitin thioesterase 44|ubiquitin thiolesterase 44|ubiquitin-specific-processing protease 44
USP48	USP48
USP6	USP6|deubiquitinating enzyme 6|HRP1|hyperpolymorphic gene 1|proto-oncogene TRE-2|TBC1D3 and USP32 fusion|Tre-2|TRE17|TRE2|TRESMCR|ubiquitin carboxyl-terminal hydrolase 6|ubiquitin specific peptidase 6 (Tre-2 oncogene)|ubiquitin specific peptidase 6ubiquitin specific peptidase 6|ubiquitin specific protease 6 (Tre-2 oncogene)|ubiquitin thioesterase 6|ubiquitin thiolesterase 6|ubiquitin-specific protease USP6|ubiquitin-specific-processing protease 6|USP6-short
USP8	USP8|deubiquitinating enzyme 8|HumORF8|PITA4|SPG59|ubiquitin carboxyl-terminal hydrolase 8|ubiquitin isopeptidase Y|ubiquitin specific peptidase 8ubiquitin specific peptidase 8|ubiquitin thiolesterase 8|ubiquitin-specific-processing protease 8|UBPY
USP9X	USP9X
UTRN	UTRN
VANGL2	VANGL2
VAV1	VAV1|proto-oncogene vav|VAV|vav 1 guanine nucleotide exchange factor|vav 1 oncogene|vav guanine nucleotide exchange factor 1vav guanine nucleotide exchange factor 1
VCL	VCL
VEGFA	VEGFA|MVCD1|vascular endothelial growth factor A|vascular endothelial growth factor A121|vascular endothelial growth factor A165|vascular endothelial growth factor Avascular endothelial growth factor A|vascular permeability factor|VEGF|VPF
VEGFB	VEGFB
VEGFC	VEGFC
VEGFD	VEGFD
VGLL3	VGLL3
VHL	VHL|elongin binding protein|HRCA1|protein G7|pVHL|RCA1|VHL1|von Hippel-Lindau disease tumor suppressor|von Hippel-Lindau tumor suppressor, E3 ubiquitin protein ligase|von Hippel-Lindau tumor suppressorvon Hippel-Lindau tumor suppressor
VILL	VILL
VIPR2	VIPR2
VPS35	VPS35
VPS37A	VPS37A
VTCN1	VTCN1
VTI1A	VTI1A|MMDS3|MVti1|SNARE Vti1a-beta protein|vesicle transport through interaction with t-SNAREs 1Avesicle transport through interaction with t-SNAREs 1A|vesicle transport through interaction with t-SNAREs homolog 1A|vesicle transport v-SNARE protein Vti1-like 2|Vti1-rp2|VTI1RP2
VWA3B	VWA3B
WAS	WAS|eczema-thrombocytopenia|IMD2|SCNX|THC|THC1|thrombocytopenia 1 (X-linked)|WASP|WASP actin nucleation promoting factorWASP actin nucleation promoting factor|WASPA|wiskott-Aldrich syndrome protein
WDCP	WDCP|C2orf44|MMAP|PP384|WD repeat and coiled coil containingWD repeat and coiled coil containing|WD repeat and coiled-coil-containing protein|WD repeat and coiled-coil-containing protein C2orf44|WD repeat-containing protein C2orf44
WDR89	WDR89
WDTC1	WDTC1
WEE1	WEE1
WFDC3	WFDC3
WFIKKN2	WFIKKN2
WHR1	WHR1
WHSC1	WHSC1
WIF1	WIF1|WIF-1|wnt inhibitory factor 1|WNT inhibitory factor 1WNT inhibitory factor 1
WIPF2	WIPF2
WIT1	WIT1
WNK2	WNK2|antigen NY-CO-43|mitogen-activated protein kinase kinase kinase|NY-CO-43|P/OKcl.13|PRKWNK2|protein kinase lysine-deficient 2|protein kinase with no lysine 2|SDCCAG43|serine/threonine-protein kinase WNK2|serologically defined colon cancer antigen 43|WNK lysine deficient protein kinase 2WNK lysine deficient protein kinase 2
WRN	WRN|DNA helicase, RecQ-like type 3|exonuclease WRN|recQ protein-like 2|RECQ3|RECQL2|RECQL3|Werner syndrome ATP-dependent helicase|Werner syndrome RecQ like helicase|Werner syndrome, RecQ helicase-like|WRN RecQ like helicaseWRN RecQ like helicase
WT1	WT1|AWT1|GUD|NPHS4|WAGR|Wilms tumor 1|Wilms tumor protein|WIT-2|WT1 transcription factorWT1 transcription factor|WT33
WWOX	WWOX
WWTR1	WWTR1|TAZ|transcriptional co-activator with PDZ-binding motif|WW domain containing transcription regulator 1WW domain containing transcription regulator 1|WW domain-containing transcription regulator protein 1
XCR1	XCR1
XIAP	XIAP
XKR4	XKR4
XPA	XPA|DNA repair protein complementing XP-A cells|xeroderma pigmentosum group A-complementing protein|xeroderma pigmentosum, complementation group A|XP1|XPA, DNA damage recognition and repair factorXPA, DNA damage recognition and repair factor|XPAC
XPC	XPC|DNA repair protein complementing XP-C cells|mutant xeroderma pigmentosum group C|p125|RAD4|xeroderma pigmentosum, complementation group C|XP3|XPC complex subunit, DNA damage recognition and repair factorXPC complex subunit, DNA damage recognition and repair factor|XPCC
XPO1	XPO1|chromosome region maintenance 1 homolog|chromosome region maintenance 1 protein homolog|CRM-1|CRM1|emb|exp1|exportin 1 (CRM1 homolog, yeast)|exportin 1exportin 1|exportin-1|exportin-1 (required for chromosome region maintenance)
XRCC1	XRCC1
XRCC2	XRCC2|DNA repair protein XRCC2|epididymis secretory sperm binding protein|FANCU|POF17|SPGF50|X-ray repair complementing defective repair in Chinese hamster cells 2|X-ray repair cross complementing 2X-ray repair cross complementing 2|X-ray repair cross-complementing protein 2
XRCC3	XRCC3
XRCC4	XRCC4
XRCC5	XRCC5
XRCC6	XRCC6
YAP1	YAP1
YES1	YES1
YTHDC1	YTHDC1
YWHAE	YWHAE|14-3-3 epsilon|14-3-3 protein epsilon|14-3-3E|epididymis luminal protein 2|HEL2|KCIP-1|MDCR|MDS|mitochondrial import stimulation factor L subunit|protein kinase C inhibitor protein-1|tyrosine 3-monooxygenase/tryptophan 5-monooxygenase activation protein epsilontyrosine 3-monooxygenase/tryptophan 5-monooxygenase activation protein epsilon|tyrosine 3-monooxygenase/tryptophan 5-monooxygenase activation protein, epsilon polypeptide|tyrosine 3/tryptophan 5 -monooxygenase activation protein, epsilon polypeptide
ZBP1	ZBP1
ZBTB16	ZBTB16|PLZF|promyelocytic leukaemia zinc finger|zinc finger and BTB domain containing 16zinc finger and BTB domain containing 16|zinc finger and BTB domain-containing protein 16|zinc finger protein 145 (Kruppel-like, expressed in promyelocytic leukemia)|zinc finger protein PLZF|ZNF145
ZBTB20	ZBTB20
ZBTB40	ZBTB40
ZBTB7A	ZBTB7A
ZC3H7B	ZC3H7B
ZCCHC6	ZCCHC6
ZCCHC8	ZCCHC8|PFBMFT5|TRAMP-like complex RNA-binding factor ZCCHC8|zinc finger CCHC domain-containing protein 8|zinc finger CCHC-type containing 8zinc finger CCHC-type containing 8|zinc finger, CCHC domain containing 8
ZEB1	ZEB1|AREB6|BZP|delta-crystallin enhancer binding factor 1|DELTAEF1|FECD6|negative regulator of IL2|NIL2A|posterior polymorphous corneal dystrophy 3|PPCD3|TCF8|transcription factor 8 (represses interleukin 2 expression)|ZFHEP|ZFHX1A|zinc finger E-box binding homeobox 1zinc finger E-box binding homeobox 1|zinc finger E-box-binding homeobox 1|zinc finger homeodomain enhancer-binding protein
ZFAND1	ZFAND1
ZFHX3	ZFHX3|alpha-fetoprotein enhancer binding protein|AT motif-binding factor 1|AT-binding transcription factor 1|ATBF1|ATBT|C16orf47|ZFH-3|zinc finger homeobox 3zinc finger homeobox 3|zinc finger homeobox protein 3|zinc finger homeodomain protein 3|ZNF927
ZFP64	ZFP64
ZFP90	ZFP90
ZFTA	ZFTA
ZFTRAF1	ZFTRAF1
ZKSCAN1	ZKSCAN1
ZMAT4	ZMAT4
ZMIZ1	ZMIZ1
ZMYM2	ZMYM2|FIM|fused in myeloproliferative disorders protein|MYM|RAMP|rearranged in an atypical myeloproliferative disorder|SCLL|zinc finger MYM-type containing 2zinc finger MYM-type containing 2|zinc finger MYM-type protein 2|zinc finger protein 198|zinc finger, MYM-type 2|ZNF198
ZMYM3	ZMYM3|DXS6673E|MYM|XFIM|zinc finger MYM-type containing 3zinc finger MYM-type containing 3|zinc finger MYM-type protein 3|zinc finger protein 261|zinc finger, MYM-type 3|ZNF198L2|ZNF261
ZNF157	ZNF157
ZNF207	ZNF207
ZNF222	ZNF222
ZNF236	ZNF236
ZNF257	ZNF257
ZNF274	ZNF274
ZNF295	ZNF295
ZNF331	ZNF331|C2H2-like zinc finger protein rearranged in thyroid adenomas|KRAB zinc finger protein|RITA|zinc finger protein 331|zinc finger protein 331zinc finger protein 331|zinc finger protein 361|zinc finger protein 463|ZNF361|ZNF463
ZNF335	ZNF335
ZNF346	ZNF346
ZNF384	ZNF384|CAG repeat protein 1|CAGH1|CAGH1A|Cas-interacting zinc finger protein|CIZ|ERDA2|expanded repeat domain, CAG/CTG 2|NMP4|NP|nuclear matrix transcription factor 4|TNRC1|trinucleotide repeat-containing gene 1 protein|zinc finger protein 384|zinc finger protein 384zinc finger protein 384
ZNF385B	ZNF385B
ZNF429	ZNF429|zinc finger protein 429|zinc finger protein 429zinc finger protein 429
ZNF430	ZNF430
ZNF444	ZNF444
ZNF479	ZNF479|HKr19|KR19|KRAB zinc finger protein KR19|zinc finger protein 479|zinc finger protein 479zinc finger protein 479|zinc finger protein Kr19
ZNF503	ZNF503
ZNF521	ZNF521|early hematopoietic zinc finger protein|EHZF|Evi3|LYST-interacting protein 3|zinc finger protein 521|zinc finger protein 521zinc finger protein 521
ZNF525	ZNF525
ZNF595	ZNF595
ZNF599	ZNF599
ZNF678	ZNF678
ZNF697	ZNF697
ZNF710	ZNF710
ZNF714	ZNF714
ZNF778	ZNF778
ZNF804A	ZNF804A
ZNF91	ZNF91
ZNRF3	ZNRF3|BK747E2.3|CTA-292E10.6|E3 ubiquitin-protein ligase ZNRF3|novel C3HC4 type Zinc finger (ring finger)|RING finger protein 203|RING-type E3 ubiquitin transferase ZNRF3|RNF203|zinc and ring finger 3zinc and ring finger 3|zinc/RING finger protein 3
ZRSR2	ZRSR2|renal carcinoma antigen NY-REN-20|U2 small nuclear ribonucleoprotein auxiliary factor 35 kDa subunit-related protein 2|U2 small nuclear ribonucleoprotein auxiliary factor, small subunit 2|U2(RNU2) small nuclear RNA auxiliary factor 1-like 2|U2AF1-RS2|U2AF1L2|U2AF1RS2|U2AF35-related protein|URP|ZC3H22|zinc finger (CCCH type), RNA binding motif and serine/arginine rich 2|zinc finger CCCH-type, RNA binding motif and serine/arginine rich 2zinc finger CCCH-type, RNA binding motif and serine/arginine rich 2
