:START_ID,:END_ID,:TYPE
e1105,e1108,contain
e1361,e1354,contain
e1361,e1355,contain
e1361,e1357,contain
e1361,e1359,contain
e1361,e1360,contain
e1361,e1356,contain
e1361,e1353,contain
e1361,e1358,contain
e3214,e3209,contain
e3216,e3213,contain
e3216,e3217,contain
e3216,e3215,contain
e3216,e3212,contain
e3834,e3828,contain
e3834,e3830,contain
e3834,e3832,contain
e3834,e3831,contain
e3834,e3829,contain
e3834,e3833,contain
e5887,e5879,contain
e5887,e5882,contain
e5887,e5883,contain
e5887,e5881,contain
e5887,e5886,contain
e5887,e5880,contain
e5887,e5885,contain
e5887,e5884,contain
e5905,e5900,contain
e5905,e5902,contain
e5905,e5903,contain
e5905,e5904,contain
e5905,e5901,contain
e6380,e6284,contain
e6380,e6335,contain
e6380,e6343,contain
e6380,e6345,contain
e6380,e6282,contain
e6380,e6333,contain
e6380,e6355,contain
e6380,e6356,contain
e6380,e6237,contain
e6380,e6337,contain
e6380,e6366,contain
e6380,e6338,contain
e6380,e6379,contain
e6380,e6354,contain
e6380,e6277,contain
e6380,e6334,contain
e6380,e6336,contain
e6380,e6342,contain
e6380,e6344,contain
e6380,e6371,contain
e6380,e6236,contain
e6380,e6306,contain
e6380,e6327,contain
e6380,e6314,contain
e6380,e6309,contain
e6380,e6372,contain
e6380,e6373,contain
e6380,e6374,contain
e6380,e6271,contain
e6380,e6365,contain
e6380,e6293,contain
e6380,e6348,contain
e6377,e6264,contain
e6377,e6229,contain
e6377,e6320,contain
e6377,e6314,contain
e6377,e6309,contain
e6377,e6373,contain
e6382,e6266,contain
e6382,e6329,contain
e6382,e6322,contain
e6558,e6529,contain
e6558,e6490,contain
e6558,e6467,contain
e6558,e6492,contain
e6558,e6503,contain
e6558,e6522,contain
e6558,e6491,contain
e6558,e6549,contain
e6558,e6473,contain
e6558,e6523,contain
e6558,e6530,contain
e6558,e6531,contain
e6558,e6532,contain
e6558,e6533,contain
e6558,e6489,contain
e6558,e6483,contain
e6558,e6484,contain
e6558,e6551,contain
e6558,e6482,contain
e6558,e6527,contain
e6558,e6528,contain
e6558,e6545,contain
e6502,e6494,contain
e6502,e6495,contain
e6502,e6493,contain
e6502,e6500,contain
e6502,e6498,contain
e6502,e6499,contain
e6502,e6496,contain
e6502,e6497,contain
e6502,e6501,contain
e6511,e6506,contain
e6511,e6510,contain
e6511,e6505,contain
e6511,e6507,contain
e6511,e6508,contain
e6511,e6504,contain
e6511,e6509,contain
e8783,e8777,contain
e8783,e8776,contain
e8783,e8781,contain
e8783,e8775,contain
e8783,e8779,contain
e8783,e8780,contain
e8783,e8778,contain
e8783,e8782,contain
e8806,e8803,contain
e8806,e8805,contain
e8806,e8802,contain
e8806,e8801,contain
e8806,e8800,contain
e8806,e8804,contain
e9383,e9276,contain
e9383,e9229,contain
e9383,e9230,contain
e9383,e9311,contain
e9383,e9313,contain
e9383,e9315,contain
e9383,e9317,contain
e9383,e9379,contain
e9383,e9293,contain
e9383,e9275,contain
e9383,e9217,contain
e9383,e9378,contain
e9383,e9363,contain
e9383,e9364,contain
e9383,e9365,contain
e9383,e9228,contain
e9383,e9235,contain
e9383,e9312,contain
e9383,e9314,contain
e9383,e9218,contain
e9383,e9319,contain
e9383,e9318,contain
e9383,e9227,contain
e9383,e9277,contain
e9381,e9255,contain
e9381,e9256,contain
e9381,e9333,contain
e9381,e9265,contain
e9381,e9339,contain
e9381,e9258,contain
e9381,e9253,contain
e9381,e9254,contain
e9381,e9257,contain
e9381,e9266,contain
e9381,e9233,contain
e12078,e12075,contain
e12078,e12074,contain
e12078,e12071,contain
e12078,e12072,contain
e12078,e12073,contain
e12078,e12076,contain
e12078,e12077,contain
e12338,e12329,contain
e12338,e12336,contain
e12823,e12817,contain
e12824,e12821,contain
e12824,e12818,contain
e4257,e4026,contain
e4257,e4032,contain
e4257,e4110,contain
e4257,e4112,contain
e4257,e4115,contain
e4257,e4088,contain
e4257,e4027,contain
e4257,e4031,contain
e4257,e4033,contain
e4257,e4034,contain
e4257,e4028,contain
e4257,e4029,contain
e4257,e4030,contain
e4257,e4107,contain
e4257,e4105,contain
e4257,e4106,contain
e4257,e4113,contain
e4257,e4114,contain
e4257,e4111,contain
e4257,e4109,contain
e4257,e4108,contain
e4257,e3973,contain
e4257,e3974,contain
e4257,e4091,contain
e10695,e10696,contain
e10695,e10690,contain
e10695,e10692,contain
e10695,e10697,contain
e10695,e10694,contain
e10695,e10693,contain
e11521,e11523,contain
e11521,e11518,contain
e11521,e11520,contain
e11521,e11497,contain
e11521,e11506,contain
e11521,e11507,contain
e11521,e11508,contain
e11521,e11522,contain
e11521,e11511,contain
e11521,e11504,contain
e11521,e11519,contain
e11521,e11515,contain
e11521,e11516,contain
e11521,e11503,contain
e11521,e11512,contain
e11521,e11499,contain
e11521,e11498,contain
e11521,e11502,contain
e11521,e11500,contain
e11521,e11510,contain
e11521,e11513,contain
e12798,e12797,contain
e12798,e12637,contain
e12798,e12652,contain
e12798,e12661,contain
e12798,e12551,contain
e12798,e12559,contain
e12798,e12527,contain
e12798,e12741,contain
e12798,e12622,contain
e12798,e12648,contain
e12798,e12651,contain
e12798,e12734,contain
e12798,e12669,contain
e12798,e12769,contain
e12798,e12719,contain
e12798,e12609,contain
e12798,e12532,contain
e12798,e12533,contain
e12798,e12750,contain
e12798,e12625,contain
e12798,e12547,contain
e12798,e12659,contain
e12798,e12714,contain
e12798,e12736,contain
e12798,e12571,contain
e12798,e12562,contain
e12798,e12753,contain
e12798,e12597,contain
e12798,e12626,contain
e12798,e12561,contain
e12798,e12761,contain
e12798,e12602,contain
e12798,e12534,contain
e12798,e12751,contain
e12798,e12752,contain
e12798,e12601,contain
e12798,e12738,contain
e12798,e12691,contain
e12798,e12782,contain
e12798,e12672,contain
e12798,e12627,contain
e12798,e12699,contain
e12798,e12582,contain
e12798,e12596,contain
e12798,e12730,contain
e12798,e12735,contain
e12798,e12585,contain
e12798,e12607,contain
e12798,e12621,contain
e12798,e12624,contain
e12798,e12673,contain
e12798,e12726,contain
e12798,e12732,contain
e12798,e12746,contain
e12798,e12695,contain
e12798,e12698,contain
e12798,e12701,contain
e12798,e12581,contain
e12798,e12588,contain
e12798,e12614,contain
e12798,e12629,contain
e12798,e12657,contain
e12798,e12785,contain
e12798,e12747,contain
e12798,e12754,contain
e12798,e12794,contain
e12798,e12777,contain
e12798,e12641,contain
e12798,e12770,contain
e12798,e12778,contain
e12798,e12744,contain
e12798,e12803,contain
e12798,e12623,contain
e12798,e12760,contain
e12798,e12642,contain
e12798,e12689,contain
e12798,e12580,contain
e12798,e12583,contain
e12798,e12632,contain
e12798,e12779,contain
e12798,e12692,contain
e12798,e12573,contain
e12798,e12524,contain
e12798,e12594,contain
e12798,e12620,contain
e12798,e12789,contain
e12798,e12649,contain
e12798,e12569,contain
e12798,e12690,contain
e12798,e12748,contain
e12798,e12783,contain
e12798,e12781,contain
e12798,e12680,contain
e12798,e12565,contain
e12798,e12717,contain
e12798,e12584,contain
e12798,e12759,contain
e12798,e12762,contain
e12798,e12802,contain
e12798,e12676,contain
e12798,e12575,contain
e12798,e12593,contain
e12798,e12646,contain
e12798,e12529,contain
e12798,e12578,contain
e12798,e12568,contain
e12798,e12570,contain
e12798,e12801,contain
e12798,e12656,contain
e12798,e12715,contain
e12798,e12543,contain
e12798,e12702,contain
e12798,e12608,contain
e12798,e12643,contain
e12798,e12606,contain
e12798,e12536,contain
e12798,e12688,contain
e12798,e12800,contain
e12798,e12796,contain
e12798,e12667,contain
e12798,e12773,contain
e12798,e12765,contain
e12798,e12799,contain
e12798,e12678,contain
e9072,e9073,contain
e9072,e9070,contain
e9072,e9075,contain
e9072,e9071,contain
e4837,e4830,contain
e4837,e4840,contain
e4837,e4812,contain
e4837,e4811,contain
e4837,e4834,contain
e4837,e4839,contain
e4837,e4815,contain
e4837,e4814,contain
e4837,e4835,contain
e4837,e4836,contain
e4837,e4816,contain
e4837,e4838,contain
e4837,e4813,contain
e4837,e4817,contain
e4837,e4818,contain
e4837,e4819,contain
e4837,e4831,contain
e4830,e4829,contain
e4830,e4826,contain
e4830,e4827,contain
e4830,e4825,contain
e4830,e4828,contain
e498,e499,contain
e498,e495,contain
e498,e497,contain
e498,e496,contain
e529,e527,contain
e529,e528,contain
e622,e620,contain
e622,e623,contain
e622,e619,contain
e622,e621,contain
e867,e871,contain
e867,e748,contain
e867,e827,contain
e867,e670,contain
e867,e655,contain
e867,e730,contain
e867,e674,contain
e867,e639,contain
e867,e645,contain
e867,e869,contain
e867,e864,contain
e867,e863,contain
e867,e866,contain
e867,e801,contain
e867,e868,contain
e867,e821,contain
e867,e644,contain
e867,e641,contain
e867,e705,contain
e867,e757,contain
e867,e696,contain
e867,e819,contain
e867,e865,contain
e867,e798,contain
e867,e842,contain
e867,e736,contain
e867,e737,contain
e867,e738,contain
e867,e759,contain
e867,e823,contain
e867,e677,contain
e867,e760,contain
e867,e752,contain
e867,e718,contain
e867,e686,contain
e867,e721,contain
e867,e803,contain
e867,e723,contain
e867,e780,contain
e867,e745,contain
e867,e695,contain
e867,e652,contain
e867,e805,contain
e867,e637,contain
e867,e824,contain
e867,e701,contain
e867,e838,contain
e867,e653,contain
e867,e654,contain
e867,e726,contain
e867,e839,contain
e867,e727,contain
e867,e858,contain
e867,e704,contain
e867,e859,contain
e867,e825,contain
e867,e784,contain
e867,e688,contain
e867,e660,contain
e867,e640,contain
e867,e643,contain
e867,e746,contain
e867,e729,contain
e867,e811,contain
e867,e731,contain
e867,e664,contain
e867,e732,contain
e867,e788,contain
e867,e812,contain
e867,e789,contain
e867,e790,contain
e867,e689,contain
e867,e814,contain
e867,e791,contain
e867,e666,contain
e867,e815,contain
e867,e792,contain
e867,e756,contain
e867,e816,contain
e867,e656,contain
e867,e682,contain
e867,e770,contain
e867,e706,contain
e867,e683,contain
e867,e676,contain
e867,e818,contain
e867,e690,contain
e867,e750,contain
e867,e751,contain
e867,e733,contain
e867,e829,contain
e867,e758,contain
e867,e796,contain
e985,e982,contain
e985,e979,contain
e985,e986,contain
e985,e980,contain
e985,e984,contain
e985,e976,contain
e985,e983,contain
e1966,e1965,contain
e1966,e1962,contain
e1966,e1970,contain
e1966,e1964,contain
e1966,e1934,contain
e1966,e1968,contain
e1966,e1961,contain
e1966,e1668,contain
e1966,e1845,contain
e1966,e1963,contain
e1966,e1846,contain
e1966,e1888,contain
e1966,e1728,contain
e1966,e1554,contain
e1966,e1665,contain
e1966,e1558,contain
e1966,e1967,contain
e1966,e1627,contain
e1966,e1559,contain
e1966,e1407,contain
e1966,e1630,contain
e1966,e1494,contain
e1966,e1560,contain
e1966,e1584,contain
e1966,e1411,contain
e1966,e1412,contain
e1966,e1561,contain
e1966,e1585,contain
e1966,e1586,contain
e1966,e1587,contain
e1966,e1416,contain
e1966,e1588,contain
e1966,e1589,contain
e1966,e1636,contain
e1966,e1591,contain
e1966,e1538,contain
e1966,e1847,contain
e1966,e1759,contain
e1966,e1640,contain
e1966,e1597,contain
e1966,e1448,contain
e1966,e1565,contain
e1966,e1849,contain
e1966,e1884,contain
e1966,e1521,contain
e1966,e1643,contain
e1966,e1567,contain
e1966,e1568,contain
e1966,e1569,contain
e1966,e1453,contain
e1966,e1941,contain
e1966,e1553,contain
e1966,e1677,contain
e1966,e1767,contain
e1966,e1699,contain
e1966,e1477,contain
e1966,e1613,contain
e1966,e1821,contain
e1966,e1617,contain
e1966,e1779,contain
e1966,e1780,contain
e1966,e1951,contain
e1966,e1838,contain
e1966,e1914,contain
e1966,e1915,contain
e1966,e1403,contain
e1966,e1878,contain
e1966,e1443,contain
e1966,e1629,contain
e1966,e1917,contain
e1966,e1842,contain
e1966,e1633,contain
e1966,e1409,contain
e1966,e1497,contain
e1966,e1688,contain
e1966,e1791,contain
e1966,e1690,contain
e1966,e1641,contain
e1966,e1449,contain
e1966,e1716,contain
e1966,e1693,contain
e1966,e1885,contain
e1966,e1797,contain
e1966,e1798,contain
e1966,e1959,contain
e1966,e1799,contain
e1966,e1861,contain
e1966,e1646,contain
e1966,e1457,contain
e1966,e1800,contain
e1966,e1572,contain
e1966,e1801,contain
e1966,e1464,contain
e1966,e1675,contain
e1966,e1468,contain
e1966,e1609,contain
e1966,e1470,contain
e1966,e1539,contain
e1966,e1807,contain
e1966,e1809,contain
e1966,e1426,contain
e1966,e1472,contain
e1966,e1865,contain
e1966,e1890,contain
e1966,e1647,contain
e1966,e1540,contain
e1966,e1734,contain
e1966,e1648,contain
e1966,e1541,contain
e1966,e1770,contain
e1966,e1814,contain
e1966,e1816,contain
e1966,e1817,contain
e1966,e1818,contain
e1966,e1820,contain
e1966,e1892,contain
e1966,e1822,contain
e1966,e1427,contain
e1966,e1480,contain
e1966,e1773,contain
e1966,e1774,contain
e1966,e1824,contain
e1966,e1825,contain
e1966,e1701,contain
e1966,e1649,contain
e1966,e1702,contain
e1966,e1482,contain
e1966,e1681,contain
e1966,e1826,contain
e1966,e1827,contain
e1966,e1651,contain
e1966,e1653,contain
e1966,e1513,contain
e1966,e1654,contain
e1966,e1655,contain
e1966,e1618,contain
e1966,e1896,contain
e1966,e1384,contain
e1966,e1484,contain
e1966,e1485,contain
e1966,e1429,contain
e1966,e1514,contain
e1966,e1527,contain
e1966,e1873,contain
e1966,e1874,contain
e1966,e1781,contain
e1966,e1683,contain
e1966,e1431,contain
e1966,e1487,contain
e1966,e1545,contain
e1966,e1785,contain
e1966,e1387,contain
e1966,e1786,contain
e1966,e1788,contain
e1966,e1400,contain
e1966,e1704,contain
e1966,e1706,contain
e1966,e1876,contain
e1966,e1661,contain
e1966,e1707,contain
e1966,e1437,contain
e1966,e1438,contain
e1966,e1439,contain
e1966,e1440,contain
e1966,e1932,contain
e1966,e1662,contain
e1966,e1663,contain
e1966,e1664,contain
e1966,e1749,contain
e1966,e1401,contain
e1966,e1390,contain
e1966,e1582,contain
e1966,e1488,contain
e1966,e1905,contain
e1966,e1906,contain
e1966,e1546,contain
e1966,e1708,contain
e1966,e1907,contain
e1966,e1908,contain
e1966,e1710,contain
e1966,e1711,contain
e1966,e1685,contain
e1966,e1686,contain
e1966,e1392,contain
e1966,e1751,contain
e1966,e1393,contain
e1966,e1625,contain
e1966,e1442,contain
e1966,e1877,contain
e1966,e1712,contain
e1966,e1713,contain
e1966,e1714,contain
e1966,e1547,contain
e2720,e2719,contain
e2720,e2641,contain
e2720,e2655,contain
e2720,e2722,contain
e2720,e2717,contain
e2720,e2465,contain
e2720,e2718,contain
e2720,e2712,contain
e2720,e2721,contain
e2720,e2374,contain
e2720,e2000,contain
e2720,e2383,contain
e2720,e2218,contain
e2720,e2318,contain
e2720,e2273,contain
e2720,e1979,contain
e2720,e2369,contain
e2720,e2588,contain
e2720,e2199,contain
e2720,e2370,contain
e2720,e2403,contain
e2720,e2591,contain
e2720,e2108,contain
e2720,e2249,contain
e2720,e2373,contain
e2720,e2021,contain
e2720,e2633,contain
e2720,e2375,contain
e2720,e2167,contain
e2720,e2252,contain
e2720,e2310,contain
e2720,e2634,contain
e2720,e2405,contain
e2720,e2253,contain
e2720,e2328,contain
e2720,e2056,contain
e2720,e2113,contain
e2720,e2114,contain
e2720,e2597,contain
e2720,e2671,contain
e2720,e2330,contain
e2720,e2315,contain
e2720,e2058,contain
e2720,e2600,contain
e2720,e2381,contain
e2720,e2256,contain
e2720,e2333,contain
e2720,e1971,contain
e2720,e2522,contain
e2720,e2463,contain
e2720,e2135,contain
e2720,e2334,contain
e2720,e2004,contain
e2720,e2024,contain
e2720,e2602,contain
e2720,e2638,contain
e2720,e2178,contain
e2720,e2025,contain
e2720,e2603,contain
e2720,e2005,contain
e2720,e2064,contain
e2720,e2415,contain
e2720,e2027,contain
e2720,e2527,contain
e2720,e2210,contain
e2720,e2119,contain
e2720,e2136,contain
e2720,e2644,contain
e2720,e2216,contain
e2720,e2533,contain
e2720,e2537,contain
e2720,e2138,contain
e2720,e2645,contain
e2720,e2612,contain
e2720,e2539,contain
e2720,e2384,contain
e2720,e2540,contain
e2720,e2648,contain
e2720,e1976,contain
e2720,e2542,contain
e2720,e2543,contain
e2720,e2350,contain
e2720,e2268,contain
e2720,e2169,contain
e2720,e2183,contain
e2720,e2171,contain
e2720,e2468,contain
e2720,e2353,contain
e2720,e2172,contain
e2720,e2274,contain
e2720,e2470,contain
e2720,e2354,contain
e2720,e2615,contain
e2720,e2140,contain
e2720,e2189,contain
e2720,e2033,contain
e2720,e2472,contain
e2720,e1977,contain
e2720,e1978,contain
e2720,e2427,contain
e2720,e2278,contain
e2720,e2232,contain
e2720,e2476,contain
e2720,e2359,contain
e2720,e2657,contain
e2720,e2234,contain
e2720,e2562,contain
e2720,e2477,contain
e2720,e2478,contain
e2720,e2191,contain
e2720,e2480,contain
e2720,e2192,contain
e2720,e2236,contain
e2720,e2481,contain
e2720,e2482,contain
e2720,e2141,contain
e2720,e2142,contain
e2720,e2563,contain
e2720,e2280,contain
e2720,e2618,contain
e2720,e2484,contain
e2720,e2485,contain
e2720,e2564,contain
e2720,e2386,contain
e2720,e2565,contain
e2720,e2566,contain
e2720,e2143,contain
e2720,e2431,contain
e2720,e2432,contain
e2720,e2124,contain
e2720,e2125,contain
e2720,e2126,contain
e2720,e2086,contain
e2720,e2282,contain
e2720,e2144,contain
e2720,e2145,contain
e2720,e2283,contain
e2720,e2387,contain
e2720,e2147,contain
e2720,e2148,contain
e2720,e2127,contain
e2720,e1980,contain
e2720,e2284,contain
e2720,e2036,contain
e2720,e2388,contain
e2720,e2149,contain
e2720,e2150,contain
e2720,e2037,contain
e2720,e2175,contain
e2720,e2176,contain
e2720,e2488,contain
e2720,e2489,contain
e2720,e2677,contain
e2720,e2678,contain
e2720,e2237,contain
e2720,e1981,contain
e2720,e2324,contain
e2720,e2389,contain
e2720,e2129,contain
e2720,e1982,contain
e2720,e2012,contain
e2720,e2658,contain
e2720,e2659,contain
e2720,e2287,contain
e2720,e2434,contain
e2720,e2491,contain
e2720,e2697,contain
e2720,e2620,contain
e2720,e2621,contain
e2720,e2038,contain
e2720,e2567,contain
e2720,e2194,contain
e2720,e2325,contain
e2720,e2494,contain
e2720,e2039,contain
e2720,e2040,contain
e2720,e2622,contain
e2720,e2288,contain
e2720,e2660,contain
e2720,e2289,contain
e2720,e2568,contain
e2720,e2570,contain
e2720,e2571,contain
e2720,e2572,contain
e2720,e2041,contain
e2720,e1983,contain
e2720,e2290,contain
e2720,e2623,contain
e2720,e2045,contain
e2720,e2152,contain
e2720,e2681,contain
e2720,e2698,contain
e2720,e2661,contain
e2720,e2662,contain
e2720,e2239,contain
e2720,e1984,contain
e2720,e1985,contain
e2720,e2391,contain
e2720,e2154,contain
e2720,e1986,contain
e2720,e2090,contain
e2720,e2013,contain
e2720,e2392,contain
e2720,e2291,contain
e2720,e2091,contain
e2720,e1987,contain
e2720,e1988,contain
e2720,e2393,contain
e2720,e2292,contain
e2720,e2573,contain
e2720,e2495,contain
e2720,e2394,contain
e2720,e1989,contain
e2720,e2497,contain
e2720,e2498,contain
e2720,e2682,contain
e2720,e2683,contain
e2720,e2293,contain
e2720,e2155,contain
e2720,e2130,contain
e2720,e2395,contain
e2720,e2396,contain
e2720,e2397,contain
e2720,e2574,contain
e2720,e2576,contain
e2720,e2577,contain
e2720,e2157,contain
e2720,e2158,contain
e2720,e2046,contain
e2720,e2196,contain
e2720,e2500,contain
e2720,e2398,contain
e2720,e2435,contain
e2720,e2159,contain
e2720,e2502,contain
e2720,e2503,contain
e2720,e2094,contain
e2720,e2241,contain
e2720,e1991,contain
e2720,e2095,contain
e2720,e2436,contain
e2720,e2437,contain
e2720,e2294,contain
e2720,e2296,contain
e2720,e2131,contain
e2720,e2505,contain
e2720,e2506,contain
e2720,e2507,contain
e2720,e2160,contain
e2720,e2663,contain
e2720,e2047,contain
e2720,e2441,contain
e2720,e2442,contain
e2720,e2443,contain
e2720,e2297,contain
e2720,e2197,contain
e2720,e2242,contain
e2720,e1992,contain
e2720,e2579,contain
e2720,e2048,contain
e2720,e2665,contain
e2720,e2299,contain
e2720,e2508,contain
e2720,e2509,contain
e2720,e2099,contain
e2720,e2580,contain
e2720,e2510,contain
e2720,e2100,contain
e2720,e2161,contain
e2720,e2700,contain
e2720,e2511,contain
e2720,e2301,contain
e2720,e2627,contain
e2720,e2583,contain
e2720,e2446,contain
e2720,e1993,contain
e2720,e1994,contain
e2720,e2628,contain
e2720,e2702,contain
e2720,e2703,contain
e2720,e2447,contain
e2720,e2399,contain
e2720,e2704,contain
e2720,e2512,contain
e2720,e2103,contain
e2720,e2584,contain
e2720,e2401,contain
e2720,e2014,contain
e2720,e2015,contain
e2720,e2585,contain
e2720,e2104,contain
e2720,e2667,contain
e2720,e2049,contain
e2720,e2162,contain
e2720,e2163,contain
e2720,e2164,contain
e2720,e2668,contain
e2720,e2669,contain
e2720,e2165,contain
e2720,e1996,contain
e2720,e2705,contain
e2720,e2706,contain
e2720,e2708,contain
e2720,e2303,contain
e2720,e2304,contain
e2720,e2198,contain
e2720,e2051,contain
e2720,e2586,contain
e2720,e2365,contain
e2720,e2366,contain
e2720,e2305,contain
e2720,e2133,contain
e2720,e2106,contain
e2720,e2052,contain
e2720,e2053,contain
e2720,e2017,contain
e2720,e2631,contain
e2720,e2632,contain
e2720,e2515,contain
e3893,e3834,contain
e3893,e3895,contain
e3893,e3890,contain
e3893,e3892,contain
e3893,e3794,contain
e3893,e3894,contain
e3893,e3670,contain
e3893,e3770,contain
e3893,e3792,contain
e3893,e3793,contain
e3893,e3628,contain
e3893,e3629,contain
e3893,e3836,contain
e3893,e3736,contain
e3893,e3669,contain
e3893,e3795,contain
e3893,e3683,contain
e3893,e3725,contain
e3893,e3698,contain
e3893,e3744,contain
e3893,e3875,contain
e3893,e3699,contain
e3893,e3737,contain
e3893,e3796,contain
e3893,e3700,contain
e3893,e3771,contain
e3893,e3701,contain
e3893,e3797,contain
e3893,e3726,contain
e3893,e3837,contain
e3893,e3876,contain
e3893,e3849,contain
e3893,e3798,contain
e3893,e3630,contain
e3893,e3702,contain
e3893,e3799,contain
e3893,e3854,contain
e3893,e3703,contain
e3893,e3838,contain
e3893,e3855,contain
e3893,e3671,contain
e3893,e3745,contain
e3893,e3839,contain
e3893,e3881,contain
e3893,e3738,contain
e3893,e3882,contain
e3893,e3800,contain
e3893,e3801,contain
e3893,e3631,contain
e3893,e3727,contain
e3893,e3632,contain
e3893,e3840,contain
e3893,e3802,contain
e3893,e3633,contain
e3893,e3772,contain
e3893,e3672,contain
e3893,e3728,contain
e3893,e3634,contain
e3893,e3704,contain
e3893,e3684,contain
e3893,e3773,contain
e3893,e3774,contain
e3893,e3673,contain
e3893,e3674,contain
e3893,e3775,contain
e3893,e3883,contain
e3893,e3850,contain
e3893,e3656,contain
e3893,e3739,contain
e3893,e3803,contain
e3893,e3804,contain
e3893,e3675,contain
e3893,e3805,contain
e3893,e3806,contain
e3893,e3644,contain
e3893,e3729,contain
e3893,e3645,contain
e3893,e3776,contain
e3893,e3746,contain
e3893,e3705,contain
e3893,e3646,contain
e3893,e3647,contain
e3893,e3740,contain
e3893,e3635,contain
e3893,e3789,contain
e3893,e3657,contain
e3893,e3658,contain
e3893,e3706,contain
e3893,e3884,contain
e3893,e3648,contain
e3893,e3707,contain
e3893,e3891,contain
e3893,e3676,contain
e3893,e3747,contain
e3893,e3762,contain
e3893,e3649,contain
e3893,e3708,contain
e3893,e3650,contain
e3893,e3807,contain
e3893,e3651,contain
e3893,e3856,contain
e3893,e3857,contain
e3893,e3636,contain
e3893,e3637,contain
e3893,e3790,contain
e3893,e3638,contain
e3893,e3659,contain
e3893,e3777,contain
e3893,e3877,contain
e3893,e3652,contain
e3893,e3653,contain
e3893,e3808,contain
e3893,e3809,contain
e3893,e3810,contain
e3893,e3885,contain
e3893,e3778,contain
e3893,e3811,contain
e3893,e3812,contain
e3893,e3813,contain
e3893,e3858,contain
e3893,e3748,contain
e3893,e3841,contain
e3893,e3749,contain
e3893,e3660,contain
e3893,e3709,contain
e3893,e3851,contain
e3893,e3710,contain
e3893,e3750,contain
e3893,e3751,contain
e3893,e3859,contain
e3893,e3752,contain
e3893,e3753,contain
e3893,e3860,contain
e3893,e3814,contain
e3893,e3886,contain
e3893,e3730,contain
e3893,e3639,contain
e3893,e3842,contain
e3893,e3861,contain
e3893,e3661,contain
e3893,e3843,contain
e3893,e3862,contain
e3893,e3863,contain
e3893,e3815,contain
e3893,e3720,contain
e3893,e3864,contain
e3893,e3711,contain
e3893,e3662,contain
e3893,e3865,contain
e3893,e3816,contain
e3893,e3866,contain
e3893,e3852,contain
e3893,e3731,contain
e3893,e3712,contain
e3893,e3779,contain
e3893,e3685,contain
e3893,e3663,contain
e3893,e3754,contain
e3893,e3867,contain
e3893,e3732,contain
e3893,e3713,contain
e3893,e3714,contain
e3893,e3780,contain
e3893,e3654,contain
e3893,e3844,contain
e3893,e3868,contain
e3893,e3766,contain
e3893,e3781,contain
e3893,e3817,contain
e3893,e3715,contain
e3893,e3818,contain
e3893,e3687,contain
e3893,e3686,contain
e3893,e3677,contain
e3893,e3688,contain
e3893,e3887,contain
e3893,e3819,contain
e3893,e3820,contain
e3893,e3755,contain
e3893,e3721,contain
e3893,e3640,contain
e3893,e3821,contain
e3893,e3782,contain
e3893,e3664,contain
e3893,e3822,contain
e3893,e3689,contain
e3893,e3690,contain
e3893,e3756,contain
e3893,e3691,contain
e3893,e3678,contain
e3893,e3869,contain
e3893,e3871,contain
e3893,e3870,contain
e3893,e3763,contain
e3893,e3665,contain
e3893,e3733,contain
e3893,e3845,contain
e3893,e3846,contain
e3893,e3823,contain
e3893,e3824,contain
e3893,e3692,contain
e3893,e3679,contain
e3893,e3783,contain
e3893,e3872,contain
e3893,e3734,contain
e3893,e3666,contain
e3893,e3722,contain
e3893,e3723,contain
e3893,e3825,contain
e3893,e3888,contain
e3893,e3693,contain
e3893,e3878,contain
e3893,e3716,contain
e3893,e3767,contain
e3893,e3757,contain
e3893,e3784,contain
e3893,e3717,contain
e3893,e3764,contain
e3893,e3826,contain
e3893,e3785,contain
e3893,e3667,contain
e3893,e3758,contain
e3893,e3680,contain
e3893,e3759,contain
e3893,e3718,contain
e3893,e3641,contain
e3893,e3741,contain
e3893,e3847,contain
e3893,e3742,contain
e3893,e3853,contain
e3893,e3827,contain
e3893,e3768,contain
e3893,e3786,contain
e3893,e3873,contain
e3893,e3668,contain
e3893,e3879,contain
e3893,e3681,contain
e3893,e3694,contain
e3893,e3719,contain
e3893,e3874,contain
e3893,e3724,contain
e3893,e3769,contain
e3893,e3765,contain
e3893,e3848,contain
e3893,e3642,contain
e3893,e3791,contain
e3893,e3880,contain
e3893,e3787,contain
e3893,e3735,contain
e3893,e3835,contain
e3893,e3760,contain
e3893,e3696,contain
e3893,e3695,contain
e3893,e3788,contain
e3893,e3761,contain
e3893,e3743,contain
e3893,e3682,contain
e3893,e3889,contain
e3893,e3697,contain
e3893,e3643,contain
e3893,e3655,contain
e4252,e4251,contain
e4252,e4253,contain
e4273,e4256,contain
e5912,e5907,contain
e5912,e5906,contain
e5912,e5911,contain
e5912,e5908,contain
e5912,e5909,contain
e5912,e5910,contain
e6542,e6537,contain
e6542,e6539,contain
e6542,e6541,contain
e6542,e6538,contain
e6542,e6535,contain
e6542,e6536,contain
e6542,e6540,contain
e8731,e8710,contain
e8731,e8730,contain
e8731,e8734,contain
e8731,e8723,contain
e8731,e8724,contain
e8731,e8725,contain
e8731,e8736,contain
e8731,e8735,contain
e8731,e8733,contain
e8731,e8726,contain
e8731,e8722,contain
e8731,e8728,contain
e8731,e8729,contain
e8731,e8683,contain
e8731,e8732,contain
e8731,e8686,contain
e8731,e8687,contain
e8731,e8712,contain
e8731,e8688,contain
e8731,e8713,contain
e8731,e8682,contain
e8731,e8700,contain
e8731,e8677,contain
e8731,e8680,contain
e8731,e8679,contain
e8731,e8676,contain
e8731,e8702,contain
e8812,e8797,contain
e8812,e8815,contain
e8812,e8814,contain
e8812,e8774,contain
e8812,e8784,contain
e8812,e8769,contain
e8812,e8798,contain
e8812,e8794,contain
e8812,e8764,contain
e8812,e8811,contain
e8812,e8810,contain
e8812,e8773,contain
e8812,e8772,contain
e8812,e8796,contain
e8812,e8813,contain
e10861,e10863,contain
e10861,e10859,contain
e10861,e10864,contain
e10861,e10860,contain
e10861,e10862,contain
e11063,e11067,contain
e11063,e11060,contain
e11063,e11059,contain
e11063,e11062,contain
e11063,e11017,contain
e11063,e11010,contain
e11063,e11054,contain
e11063,e11032,contain
e11063,e11012,contain
e11063,e11051,contain
e11063,e11061,contain
e11063,e11057,contain
e11063,e11064,contain
e11063,e11037,contain
e11063,e11048,contain
e11063,e10994,contain
e11063,e10996,contain
e11063,e11052,contain
e11063,e11016,contain
e11063,e11058,contain
e11063,e11045,contain
e11063,e11008,contain
e11063,e10998,contain
e11063,e11000,contain
e11063,e11001,contain
e11063,e11002,contain
e11063,e11065,contain
e11098,e11102,contain
e11098,e11094,contain
e11098,e11100,contain
e11098,e11095,contain
e11098,e11097,contain
e11098,e11083,contain
e11098,e11077,contain
e11098,e11078,contain
e11098,e11076,contain
e11098,e11086,contain
e11098,e11080,contain
e11098,e11075,contain
e11098,e11099,contain
e11098,e11088,contain
e11098,e11089,contain
e11098,e11082,contain
e11098,e11090,contain
e12257,e12262,contain
e12257,e11671,contain
e12257,e11724,contain
e12257,e11663,contain
e12257,e11777,contain
e12257,e12099,contain
e12257,e12260,contain
e12257,e12220,contain
e12257,e12223,contain
e12257,e11895,contain
e12257,e11854,contain
e12257,e12226,contain
e12257,e11808,contain
e12257,e11927,contain
e12257,e11928,contain
e12257,e11992,contain
e12257,e12237,contain
e12257,e11733,contain
e12257,e11985,contain
e12257,e11982,contain
e12257,e11983,contain
e12257,e11814,contain
e12257,e11727,contain
e12257,e11979,contain
e12257,e12035,contain
e12257,e12049,contain
e12257,e12104,contain
e12257,e11828,contain
e12257,e11912,contain
e12257,e11813,contain
e12257,e12202,contain
e12257,e12251,contain
e12257,e12259,contain
e12257,e11891,contain
e12257,e12062,contain
e12257,e12129,contain
e12257,e12041,contain
e12257,e12252,contain
e12257,e12253,contain
e12257,e12256,contain
e12257,e12258,contain
e12257,e12255,contain
e12257,e12254,contain
e12257,e12221,contain
e12257,e12222,contain
e12257,e12125,contain
e12257,e12126,contain
e12257,e12127,contain
e12257,e12128,contain
e12257,e11908,contain
e12257,e11909,contain
e12257,e11910,contain
e12257,e11911,contain
e12257,e11952,contain
e12257,e11953,contain
e12257,e11890,contain
e12257,e11893,contain
e12257,e11894,contain
e12257,e11937,contain
e12257,e11767,contain
e12257,e11768,contain
e12257,e11769,contain
e12257,e11770,contain
e12257,e11771,contain
e12257,e11667,contain
e12257,e11668,contain
e12257,e12015,contain
e12257,e12016,contain
e12257,e12017,contain
e12257,e12018,contain
e12257,e11673,contain
e12257,e11674,contain
e12257,e11675,contain
e12257,e11676,contain
e12257,e11677,contain
e12257,e12169,contain
e12257,e12170,contain
e12257,e12171,contain
e12257,e12019,contain
e12257,e11967,contain
e12257,e11969,contain
e12257,e11970,contain
e12257,e11973,contain
e12257,e11975,contain
e12257,e11976,contain
e12257,e11978,contain
e12257,e11788,contain
e12257,e11789,contain
e12257,e11790,contain
e12257,e12161,contain
e12257,e12163,contain
e12257,e12172,contain
e12257,e12175,contain
e12257,e12177,contain
e12257,e12037,contain
e12257,e12042,contain
e12257,e11655,contain
e12257,e11656,contain
e12257,e11657,contain
e12257,e11658,contain
e12257,e11659,contain
e12257,e11662,contain
e12257,e12225,contain
e12257,e11896,contain
e12257,e11821,contain
e12257,e11823,contain
e12257,e12178,contain
e12257,e12180,contain
e12257,e11680,contain
e12257,e11682,contain
e12257,e11683,contain
e12257,e11684,contain
e12257,e11827,contain
e12257,e11829,contain
e12257,e11831,contain
e12257,e11834,contain
e12257,e11987,contain
e12257,e11988,contain
e12257,e11989,contain
e12257,e11991,contain
e12257,e11838,contain
e12257,e11839,contain
e12257,e11842,contain
e12257,e11915,contain
e12257,e11916,contain
e12257,e11917,contain
e12257,e11856,contain
e12257,e11857,contain
e12257,e11858,contain
e12257,e11859,contain
e12257,e11860,contain
e12257,e12054,contain
e12257,e12055,contain
e12257,e12188,contain
e12257,e12230,contain
e12257,e12231,contain
e12257,e12232,contain
e12257,e12233,contain
e12257,e12234,contain
e12257,e11714,contain
e12257,e11716,contain
e12257,e11717,contain
e12257,e11718,contain
e12257,e11773,contain
e12257,e11845,contain
e12257,e11847,contain
e12257,e12132,contain
e12257,e12133,contain
e12257,e12134,contain
e12257,e12136,contain
e12257,e12191,contain
e12257,e12192,contain
e12257,e12193,contain
e12257,e12194,contain
e12257,e12199,contain
e12257,e12195,contain
e12257,e12196,contain
e12257,e12197,contain
e12257,e12198,contain
e12257,e12236,contain
e12257,e12238,contain
e12257,e11732,contain
e12257,e11809,contain
e12257,e11924,contain
e12257,e11926,contain
e12257,e11811,contain
e12257,e12079,contain
e12257,e12080,contain
e12257,e12083,contain
e12257,e11965,contain
e12257,e11774,contain
e12257,e11775,contain
e12257,e11776,contain
e12257,e11778,contain
e12257,e11740,contain
e12257,e11741,contain
e12257,e11742,contain
e12257,e12201,contain
e12257,e12203,contain
e12257,e12089,contain
e12257,e12206,contain
e12257,e12207,contain
e12257,e12209,contain
e12257,e12210,contain
e12257,e11701,contain
e12257,e11702,contain
e12257,e11704,contain
e12257,e11706,contain
e12257,e11707,contain
e12257,e11711,contain
e12257,e11998,contain
e12257,e11999,contain
e12257,e12003,contain
e12257,e12093,contain
e12257,e12094,contain
e12257,e12096,contain
e12257,e11723,contain
e12257,e11726,contain
e12257,e11728,contain
e12257,e11730,contain
e12257,e12100,contain
e12257,e11744,contain
e12257,e11747,contain
e12257,e11749,contain
e12257,e11750,contain
e12257,e11852,contain
e12257,e12006,contain
e12257,e12166,contain
e12257,e11817,contain
e12257,e12112,contain
e12257,e12116,contain
e12257,e11818,contain
e12261,e12026,contain
e12261,e12117,contain
e12261,e11815,contain
e12261,e12109,contain
e12261,e12147,contain
e12261,e11753,contain
e12261,e11752,contain
e12261,e11751,contain
e12261,e12165,contain
e12261,e12092,contain
e12261,e11779,contain
e12261,e11922,contain
e12261,e11794,contain
e12261,e12144,contain
e12261,e11685,contain
e12261,e11687,contain
e12261,e12135,contain
e12261,e12137,contain
e12261,e12060,contain
e12261,e12061,contain
e12261,e12058,contain
e12261,e11715,contain
e12261,e12228,contain
e12261,e12053,contain
e12261,e11990,contain
e12261,e11712,contain
e12261,e11830,contain
e12261,e12186,contain
e12261,e11941,contain
e12261,e12023,contain
e12261,e12159,contain
e12261,e11980,contain
e12261,e11977,contain
e12261,e12215,contain
e12261,e12214,contain
e12261,e12014,contain
e12261,e12167,contain
e12261,e11883,contain
e12261,e12032,contain
e12261,e12217,contain
e12261,e12013,contain
e12261,e12151,contain
e12261,e12212,contain
e12261,e12216,contain
e12261,e11755,contain
e12261,e12149,contain
e12261,e12027,contain
e12261,e11897,contain
e5839,e5831,contain
e5839,e5840,contain
e5839,e5835,contain
e5839,e5836,contain
e5839,e5837,contain
e5839,e5838,contain
e8393,e8346,contain
e8393,e8365,contain
e8393,e8345,contain
e8393,e8324,contain
e8393,e8355,contain
e8393,e8360,contain
e8393,e8395,contain
e8393,e8330,contain
e8393,e8394,contain
e8393,e8327,contain
e8393,e8328,contain
e8393,e8329,contain
e8393,e8321,contain
e8393,e8391,contain
e8393,e8389,contain
e8393,e8344,contain
e8393,e8392,contain
e8393,e8383,contain
e8393,e8385,contain
e8393,e8369,contain
e8393,e8354,contain
e8393,e8325,contain
e8393,e8376,contain
e8393,e8377,contain
e8393,e8356,contain
e8393,e8370,contain
e8393,e8357,contain
e8393,e8326,contain
e8393,e8379,contain
e8393,e8384,contain
e8393,e8359,contain
e8393,e8371,contain
e8393,e8367,contain
e8393,e8372,contain
e8393,e8374,contain
e8393,e8335,contain
e8393,e8337,contain
e4948,e4947,contain
e4948,e4950,contain
e4948,e4944,contain
e4948,e4937,contain
e4948,e4949,contain
e4948,e4940,contain
e4948,e4938,contain
e4948,e4945,contain
e4948,e4920,contain
e4948,e4919,contain
e4948,e4942,contain
e4948,e4935,contain
e4948,e4924,contain
e4948,e4927,contain
e4948,e4916,contain
e4948,e4915,contain
e4948,e4941,contain
e4948,e4943,contain
e4948,e4936,contain
e4948,e4946,contain
e4948,e4933,contain
e10582,e10585,contain
e10582,e10574,contain
e10582,e10583,contain
e10582,e10567,contain
e10582,e10581,contain
e10582,e10577,contain
e10582,e10571,contain
e10582,e10579,contain
e10582,e10578,contain
e10582,e10580,contain
e10582,e10584,contain
e11146,e11132,contain
e11146,e11120,contain
e11146,e11121,contain
e11146,e11137,contain
e11146,e11145,contain
e11146,e11144,contain
e11146,e11122,contain
e11146,e11123,contain
e11146,e11147,contain
e11146,e11148,contain
e9774,e9772,contain
e9774,e9776,contain
e9774,e9773,contain
e9774,e9771,contain
e9774,e9775,contain
e11404,e11394,contain
e11404,e11393,contain
e11404,e11356,contain
e11404,e11402,contain
e11404,e11370,contain
e11404,e11363,contain
e11404,e11364,contain
e11404,e11366,contain
e11404,e11383,contain
e11404,e11379,contain
e11404,e11400,contain
e11404,e11382,contain
e11404,e11369,contain
e11404,e11401,contain
e11404,e11345,contain
e11404,e11334,contain
e11404,e11365,contain
e4642,e4645,contain
e4642,e4637,contain
e4642,e4639,contain
e4642,e4625,contain
e4642,e4624,contain
e4642,e4643,contain
e4642,e4633,contain
e4642,e4630,contain
e4642,e4640,contain
e4642,e4631,contain
e4642,e4635,contain
e4642,e4620,contain
e4642,e4632,contain
e4642,e4623,contain
e4642,e4611,contain
e4642,e4641,contain
e4642,e4634,contain
e4642,e4619,contain
e4642,e4644,contain
e9387,e9383,contain
e9387,e9381,contain
e9387,e9299,contain
e9387,e9360,contain
e9387,e9382,contain
e9387,e9384,contain
e9387,e9390,contain
e9387,e9389,contain
e9387,e9236,contain
e9387,e9238,contain
e9387,e9241,contain
e9387,e9247,contain
e9387,e9248,contain
e9387,e9252,contain
e9387,e9269,contain
e9387,e9282,contain
e9387,e9283,contain
e9387,e9278,contain
e9387,e9295,contain
e9387,e9306,contain
e9387,e9307,contain
e9387,e9322,contain
e9387,e9325,contain
e9387,e9342,contain
e9387,e9350,contain
e9387,e9366,contain
e9387,e9368,contain
e9387,e9385,contain
e9387,e9316,contain
e9387,e9386,contain
e9387,e9377,contain
e9387,e9388,contain
e9387,e9219,contain
e9387,e9298,contain
e9387,e9352,contain
e9387,e9340,contain
e9387,e9270,contain
e9387,e9356,contain
e9387,e9237,contain
e9387,e9324,contain
e9387,e9367,contain
e9387,e9343,contain
e9387,e9345,contain
e9387,e9346,contain
e9387,e9239,contain
e9387,e9303,contain
e9387,e9297,contain
e9387,e9347,contain
e9387,e9348,contain
e9387,e9242,contain
e9387,e9243,contain
e9387,e9244,contain
e9387,e9361,contain
e9387,e9371,contain
e9387,e9372,contain
e9387,e9323,contain
e9387,e9232,contain
e9387,e9373,contain
e9387,e9285,contain
e9387,e9286,contain
e9387,e9246,contain
e9387,e9327,contain
e9387,e9221,contain
e9387,e9349,contain
e9387,e9353,contain
e9387,e9222,contain
e9387,e9328,contain
e9387,e9330,contain
e9387,e9287,contain
e9387,e9288,contain
e9387,e9308,contain
e9387,e9268,contain
e9387,e9224,contain
e9387,e9273,contain
e9387,e9362,contain
e9387,e9374,contain
e9387,e9296,contain
e9387,e9309,contain
e9387,e9354,contain
e9387,e9225,contain
e9387,e9300,contain
e7220,e7222,contain
e7220,e7158,contain
e7220,e7159,contain
e7220,e7223,contain
e7220,e7152,contain
e7220,e7206,contain
e7220,e7213,contain
e7220,e7181,contain
e7220,e7205,contain
e7220,e7207,contain
e7220,e7216,contain
e7220,e7218,contain
e7220,e7219,contain
e7220,e7189,contain
e7220,e7193,contain
e7220,e7174,contain
e7220,e7163,contain
e7220,e7195,contain
e7220,e7157,contain
e7220,e7176,contain
e7220,e7221,contain
e10097,e10094,contain
e10097,e10098,contain
e10097,e10095,contain
e10097,e10096,contain
e6562,e6558,contain
e6562,e6544,contain
e6562,e6565,contain
e6562,e6564,contain
e6562,e6474,contain
e6562,e6534,contain
e6562,e6518,contain
e6562,e6468,contain
e6562,e6559,contain
e6562,e6560,contain
e6562,e6563,contain
e6562,e6552,contain
e6562,e6513,contain
e6562,e6514,contain
e6562,e6517,contain
e6562,e6486,contain
e6562,e6487,contain
e6562,e6554,contain
e6562,e6524,contain
e6562,e6525,contain
e6562,e6556,contain
e6562,e6526,contain
e6562,e6561,contain
e6562,e6543,contain
e6562,e6481,contain
e10796,e10784,contain
e10796,e10787,contain
e10796,e10789,contain
e10796,e10790,contain
e10796,e10794,contain
e10796,e10795,contain
e10796,e10791,contain
e10796,e10792,contain
e6392,e6380,contain
e6392,e6377,contain
e6392,e6386,contain
e6392,e6394,contain
e6392,e6393,contain
e6392,e6378,contain
e6392,e6383,contain
e6392,e6384,contain
e6392,e6301,contain
e6392,e6388,contain
e6392,e6389,contain
e6392,e6224,contain
e6392,e6225,contain
e6392,e6226,contain
e6392,e6223,contain
e6392,e6387,contain
e6392,e6390,contain
e6392,e6240,contain
e6392,e6391,contain
e6392,e6318,contain
e1378,e1382,contain
e1378,e1371,contain
e1378,e1229,contain
e1378,e1307,contain
e1378,e1381,contain
e1378,e1373,contain
e1378,e1380,contain
e1378,e1372,contain
e1378,e1375,contain
e1378,e1171,contain
e1378,e1379,contain
e1378,e1195,contain
e1378,e1293,contain
e1378,e1279,contain
e1378,e1281,contain
e1378,e1376,contain
e1378,e1323,contain
e1378,e1300,contain
e1378,e1308,contain
e1378,e1247,contain
e1378,e1192,contain
e1378,e1311,contain
e1378,e1312,contain
e1378,e1259,contain
e1378,e1201,contain
e1378,e1207,contain
e1378,e1202,contain
e1378,e1313,contain
e1378,e1335,contain
e1378,e1203,contain
e1378,e1336,contain
e1378,e1170,contain
e1378,e1241,contain
e1378,e1301,contain
e1378,e1325,contain
e1378,e1326,contain
e1378,e1303,contain
e1378,e1181,contain
e1378,e1314,contain
e1378,e1337,contain
e1378,e1285,contain
e1378,e1327,contain
e1378,e1208,contain
e1378,e1228,contain
e1378,e1377,contain
e1378,e1261,contain
e1378,e1263,contain
e1378,e1196,contain
e1378,e1197,contain
e1378,e1318,contain
e1378,e1319,contain
e1378,e1270,contain
e1378,e1282,contain
e1378,e1283,contain
e1378,e1341,contain
e1378,e1342,contain
e1378,e1343,contain
e1378,e1367,contain
e1378,e1320,contain
e1378,e1238,contain
e1378,e1243,contain
e1378,e1365,contain
e1378,e1199,contain
e1378,e1280,contain
e1378,e1322,contain
e1378,e1200,contain
e1378,e1258,contain
e1378,e1176,contain
e1378,e1240,contain
e1378,e1306,contain
e1378,e1178,contain
e1378,e1179,contain
e6427,e6433,contain
e6427,e6434,contain
e6427,e6435,contain
e5366,e5362,contain
e5366,e5367,contain
e5366,e5365,contain
e5366,e5363,contain
e5366,e5359,contain
e5366,e5360,contain
e5366,e5364,contain
e5366,e5361,contain
e4270,e4252,contain
e4270,e4273,contain
e4270,e4259,contain
e4270,e4263,contain
e4270,e4084,contain
e4270,e4265,contain
e4270,e4233,contain
e4270,e4235,contain
e4270,e4093,contain
e4270,e4274,contain
e4270,e4223,contain
e4270,e4168,contain
e4270,e4090,contain
e4270,e4254,contain
e4270,e4261,contain
e4270,e3990,contain
e4270,e4229,contain
e4270,e4255,contain
e4270,e4204,contain
e4270,e4199,contain
e4270,e4266,contain
e4270,e4272,contain
e4270,e4267,contain
e4270,e4189,contain
e4270,e4118,contain
e4270,e4095,contain
e4270,e4271,contain
e4270,e4013,contain
e4270,e4068,contain
e4270,e4269,contain
e4270,e4096,contain
e4270,e4048,contain
e4270,e4183,contain
e4270,e4163,contain
e4270,e4166,contain
e4270,e4010,contain
e4270,e4184,contain
e4270,e4219,contain
e4270,e4220,contain
e4270,e4134,contain
e4270,e4164,contain
e4270,e3993,contain
e4270,e4185,contain
e4270,e4186,contain
e4270,e4169,contain
e4270,e4268,contain
e4270,e4187,contain
e4270,e4170,contain
e4270,e4171,contain
e4270,e3994,contain
e4270,e4146,contain
e4270,e4135,contain
e4270,e4011,contain
e4270,e3965,contain
e4270,e3966,contain
e4270,e4221,contain
e4270,e4222,contain
e4270,e4067,contain
e4270,e4188,contain
e4270,e4209,contain
e4270,e4210,contain
e4270,e4211,contain
e4270,e4147,contain
e4270,e4043,contain
e4270,e4224,contain
e4270,e3969,contain
e4270,e4192,contain
e4270,e4174,contain
e4270,e4138,contain
e4270,e4045,contain
e4270,e4149,contain
e4270,e4225,contain
e4270,e4150,contain
e4270,e4151,contain
e4270,e4046,contain
e4270,e3970,contain
e4270,e3987,contain
e4270,e3971,contain
e4270,e4049,contain
e4270,e4175,contain
e4270,e4014,contain
e4270,e4080,contain
e4270,e4086,contain
e4270,e4104,contain
e4270,e3975,contain
e4270,e4228,contain
e4270,e3978,contain
e4270,e4155,contain
e4270,e4071,contain
e4270,e4234,contain
e4270,e4057,contain
e4270,e4238,contain
e4270,e4165,contain
e4270,e4161,contain
e4270,e4058,contain
e4270,e4059,contain
e4270,e4205,contain
e4270,e4120,contain
e4270,e4250,contain
e4270,e4206,contain
e4270,e4182,contain
e4270,e4083,contain
e4270,e4066,contain
e4270,e4078,contain
e4270,e3992,contain
e4270,e3964,contain
e5628,e5623,contain
e5628,e5618,contain
e5628,e5627,contain
e5628,e5619,contain
e5628,e5629,contain
e5628,e5626,contain
e5628,e5625,contain
e5628,e5617,contain
e5628,e5630,contain
e5597,e5594,contain
e5597,e5596,contain
e5597,e5590,contain
e5597,e5598,contain
e5597,e5591,contain
e5597,e5599,contain
e5623,e5621,contain
e5623,e5620,contain
e5623,e5622,contain
e6385,e6364,contain
e6385,e6230,contain
e6385,e6264,contain
e6385,e6269,contain
e6385,e6229,contain
e6385,e6290,contain
e6385,e6319,contain
e6385,e6258,contain
e6385,e6320,contain
e6385,e6291,contain
e6385,e6270,contain
e6385,e6263,contain
e10024,e10020,contain
e10024,e10021,contain
e10024,e10026,contain
e10024,e10019,contain
e10024,e10023,contain
e10024,e9898,contain
e10024,e9899,contain
e10024,e10002,contain
e10024,e10010,contain
e10024,e9789,contain
e10024,e9926,contain
e10024,e9927,contain
e10024,e10022,contain
e10024,e9882,contain
e10024,e10018,contain
e10024,e9825,contain
e10024,e9868,contain
e10024,e9869,contain
e10024,e9874,contain
e10024,e9804,contain
e10024,e9933,contain
e10024,e10025,contain
e10024,e9992,contain
e10024,e9993,contain
e10024,e9994,contain
e10024,e9781,contain
e10024,e9877,contain
e10024,e9793,contain
e10024,e9886,contain
e10024,e9784,contain
e10024,e9840,contain
e10024,e9845,contain
e10024,e9948,contain
e10024,e9846,contain
e10024,e9847,contain
e10024,e9848,contain
e10024,e9912,contain
e10024,e9914,contain
e10024,e9996,contain
e10024,e9787,contain
e10024,e9998,contain
e10024,e9977,contain
e10024,e9966,contain
e10024,e9936,contain
e10024,e10006,contain
e10024,e10007,contain
e10024,e9915,contain
e10024,e9855,contain
e10024,e9856,contain
e10024,e9987,contain
e10024,e9978,contain
e10024,e9979,contain
e10024,e9815,contain
e10024,e9982,contain
e10024,e9907,contain
e10024,e9970,contain
e10024,e9991,contain
e5192,e5194,contain
e5192,e5121,contain
e5192,e5170,contain
e5192,e5097,contain
e5192,e5106,contain
e5192,e5093,contain
e5192,e5147,contain
e5192,e5040,contain
e5192,e5102,contain
e5192,e5189,contain
e5192,e5152,contain
e5192,e5193,contain
e5192,e5101,contain
e5192,e5051,contain
e5192,e5045,contain
e5192,e5130,contain
e5192,e5056,contain
e5192,e5057,contain
e5192,e5077,contain
e5192,e5111,contain
e5192,e5191,contain
e5192,e5141,contain
e5192,e5142,contain
e5192,e5137,contain
e5192,e5078,contain
e5192,e5190,contain
e5192,e5070,contain
e5192,e5138,contain
e5192,e5079,contain
e5192,e5167,contain
e5192,e5131,contain
e5192,e5139,contain
e5192,e5039,contain
e5192,e5155,contain
e5192,e5069,contain
e5192,e5047,contain
e5192,e5082,contain
e5192,e5178,contain
e5192,e5133,contain
e5192,e5072,contain
e5192,e5088,contain
e5192,e5179,contain
e5192,e5144,contain
e5192,e5165,contain
e5192,e5073,contain
e5192,e5041,contain
e5192,e5157,contain
e5192,e5180,contain
e5192,e5182,contain
e5192,e5048,contain
e5192,e5049,contain
e5192,e5042,contain
e5192,e5112,contain
e5192,e5168,contain
e5192,e5169,contain
e5192,e5145,contain
e5192,e5146,contain
e5192,e5080,contain
e5192,e5083,contain
e5192,e5053,contain
e5192,e5059,contain
e5192,e5089,contain
e5192,e5090,contain
e5192,e5054,contain
e5192,e5114,contain
e5192,e5116,contain
e5192,e5074,contain
e5192,e5081,contain
e5192,e5084,contain
e5192,e5120,contain
e5192,e5122,contain
e5192,e5123,contain
e5192,e5124,contain
e5192,e5103,contain
e5192,e5171,contain
e5192,e5060,contain
e5192,e5061,contain
e5192,e5134,contain
e5192,e5063,contain
e5192,e5075,contain
e5192,e5104,contain
e5192,e5105,contain
e5192,e5148,contain
e5192,e5064,contain
e5192,e5118,contain
e5192,e5092,contain
e5192,e5086,contain
e5192,e5043,contain
e5192,e5096,contain
e5192,e5098,contain
e5192,e5149,contain
e5192,e5150,contain
e5192,e5065,contain
e5192,e5076,contain
e5192,e5135,contain
e5192,e5066,contain
e5192,e5119,contain
e5192,e5166,contain
e5192,e5067,contain
e5192,e5174,contain
e5192,e5185,contain
e5192,e5109,contain
e5192,e5159,contain
e5192,e5110,contain
e5192,e5136,contain
e5192,e5160,contain
e5192,e5161,contain
e5192,e5162,contain
e5192,e5163,contain
e5192,e5175,contain
e5192,e5164,contain
e5192,e5186,contain
e398,e350,contain
e398,e394,contain
e398,e387,contain
e398,e400,contain
e398,e328,contain
e398,e339,contain
e398,e359,contain
e398,e390,contain
e398,e383,contain
e398,e396,contain
e398,e375,contain
e398,e397,contain
e398,e376,contain
e398,e377,contain
e398,e399,contain
e398,e369,contain
e398,e382,contain
e398,e307,contain
e398,e384,contain
e398,e385,contain
e398,e351,contain
e398,e318,contain
e398,e308,contain
e398,e362,contain
e398,e379,contain
e398,e371,contain
e398,e309,contain
e398,e320,contain
e398,e352,contain
e398,e316,contain
e398,e342,contain
e398,e388,contain
e398,e317,contain
e398,e374,contain
e8751,e8757,contain
e5433,e5389,contain
e5433,e5366,contain
e5433,e5409,contain
e5433,e5436,contain
e5433,e5386,contain
e5433,e5435,contain
e5433,e5380,contain
e5433,e5398,contain
e5433,e5427,contain
e5433,e5430,contain
e5433,e5408,contain
e5433,e5434,contain
e5433,e5410,contain
e5433,e5355,contain
e5433,e5415,contain
e5433,e5411,contain
e5433,e5392,contain
e5433,e5405,contain
e5433,e5406,contain
e5433,e5407,contain
e5433,e5356,contain
e5433,e5357,contain
e5433,e5377,contain
e5433,e5376,contain
e5433,e5400,contain
e5433,e5401,contain
e5433,e5418,contain
e5433,e5419,contain
e5433,e5420,contain
e5433,e5371,contain
e5433,e5372,contain
e5433,e5370,contain
e5433,e5421,contain
e5433,e5432,contain
e5433,e5422,contain
e5433,e5423,contain
e5433,e5424,contain
e5433,e5391,contain
e5433,e5373,contain
e5433,e5378,contain
e5433,e5431,contain
e5433,e5394,contain
e5433,e5382,contain
e5433,e5390,contain
e12481,e12483,contain
e12481,e12477,contain
e12481,e12478,contain
e12481,e12480,contain
e12481,e12479,contain
e12481,e12482,contain
e1371,e1287,contain
e1371,e1362,contain
e1371,e1268,contain
e1371,e1305,contain
e1371,e1226,contain
e1371,e1264,contain
e1371,e1265,contain
e1371,e1266,contain
e1371,e1267,contain
e1371,e1292,contain
e1371,e1291,contain
e1371,e1288,contain
e1371,e1286,contain
e1371,e1289,contain
e1371,e1290,contain
e1371,e1351,contain
e1371,e1352,contain
e1371,e1339,contain
e1371,e1340,contain
e1371,e1172,contain
e1371,e1304,contain
e1371,e1257,contain
e350,e347,contain
e350,e348,contain
e350,e349,contain
e5594,e5592,contain
e5594,e5593,contain
e3410,e3411,contain
e3410,e3404,contain
e3410,e3403,contain
e3410,e3406,contain
e3410,e3409,contain
e5028,e5035,contain
e5916,e5917,contain
e5916,e5914,contain
e5916,e5913,contain
e5916,e5918,contain
e5916,e5899,contain
e5916,e5915,contain
e5916,e5898,contain
e8586,e8587,contain
e8586,e8582,contain
e8586,e8581,contain
e8586,e8585,contain
e8586,e8552,contain
e8586,e8553,contain
e8586,e8584,contain
e8586,e8563,contain
e8586,e8564,contain
e8586,e8575,contain
e8586,e8547,contain
e8586,e8548,contain
e8586,e8570,contain
e11266,e11268,contain
e11266,e11264,contain
e11266,e11265,contain
e11266,e11267,contain
e534,e529,contain
e534,e537,contain
e534,e519,contain
e534,e531,contain
e534,e518,contain
e534,e535,contain
e534,e517,contain
e534,e533,contain
e534,e524,contain
e534,e523,contain
e534,e510,contain
e534,e532,contain
e534,e513,contain
e534,e521,contain
e534,e514,contain
e534,e516,contain
e534,e522,contain
e534,e511,contain
e534,e536,contain
e9639,e9638,contain
e9639,e9636,contain
e9639,e9630,contain
e9639,e9637,contain
e9639,e9631,contain
e9639,e9632,contain
e9639,e9635,contain
e9639,e9633,contain
e9639,e9634,contain
e9454,e9429,contain
e9454,e9455,contain
e9454,e9451,contain
e9454,e9453,contain
e9454,e9447,contain
e9454,e9448,contain
e9454,e9433,contain
e9454,e9452,contain
e9454,e9434,contain
e9454,e9418,contain
e9454,e9450,contain
e9454,e9430,contain
e9454,e9438,contain
e9454,e9426,contain
e9454,e9431,contain
e9454,e9439,contain
e9454,e9435,contain
e9454,e9449,contain
e9701,e9700,contain
e9701,e9699,contain
e5894,e5887,contain
e5894,e5896,contain
e5894,e5877,contain
e5894,e5895,contain
e5894,e5888,contain
e5894,e5893,contain
e5894,e5872,contain
e5894,e5897,contain
e5894,e5876,contain
e5894,e5871,contain
e5894,e5875,contain
e5894,e5874,contain
e5894,e5869,contain
e5894,e5870,contain
e5894,e5889,contain
e5894,e5892,contain
e5894,e5890,contain
e6591,e6592,contain
e1095,e1090,contain
e1095,e1096,contain
e1095,e1091,contain
e1095,e1094,contain
e1095,e1093,contain
e3044,e3045,contain
e3044,e3041,contain
e3044,e3043,contain
e3044,e3028,contain
e3044,e3042,contain
e10561,e10563,contain
e10561,e10558,contain
e10561,e10560,contain
e10561,e10548,contain
e10561,e10538,contain
e10561,e10529,contain
e10561,e10530,contain
e10561,e10559,contain
e10561,e10531,contain
e10561,e10562,contain
e10561,e10555,contain
e10561,e10556,contain
e10561,e10537,contain
e10561,e10542,contain
e10561,e10545,contain
e10561,e10546,contain
e10561,e10543,contain
e10561,e10526,contain
e10561,e10527,contain
e10561,e10528,contain
e4574,e4577,contain
e4574,e4576,contain
e4574,e4563,contain
e4574,e4411,contain
e4574,e4495,contain
e4574,e4566,contain
e4574,e4568,contain
e4574,e4569,contain
e4574,e4571,contain
e4574,e4520,contain
e4574,e4570,contain
e4574,e4457,contain
e4574,e4575,contain
e4574,e4504,contain
e4574,e4488,contain
e4574,e4459,contain
e4574,e4421,contain
e4574,e4499,contain
e4574,e4500,contain
e4574,e4501,contain
e4574,e4572,contain
e4574,e4502,contain
e4574,e4531,contain
e4574,e4503,contain
e4574,e4422,contain
e4574,e4375,contain
e4574,e4446,contain
e4574,e4392,contain
e4574,e4394,contain
e4574,e4376,contain
e4574,e4518,contain
e4574,e4532,contain
e4574,e4539,contain
e4574,e4573,contain
e4574,e4458,contain
e4574,e4483,contain
e4574,e4395,contain
e4574,e4559,contain
e4574,e4408,contain
e4574,e4377,contain
e4574,e4540,contain
e4574,e4505,contain
e4574,e4489,contain
e4574,e4447,contain
e4574,e4390,contain
e4574,e4523,contain
e4574,e4426,contain
e4574,e4378,contain
e4574,e4379,contain
e4574,e4409,contain
e4574,e4410,contain
e4574,e4506,contain
e4574,e4380,contain
e4574,e4524,contain
e4574,e4490,contain
e4574,e4460,contain
e4574,e4461,contain
e4574,e4449,contain
e4574,e4526,contain
e4574,e4541,contain
e4574,e4543,contain
e4574,e4544,contain
e4574,e4428,contain
e4574,e4462,contain
e4574,e4463,contain
e4574,e4545,contain
e4574,e4546,contain
e4574,e4420,contain
e4574,e4464,contain
e4574,e4465,contain
e4574,e4450,contain
e4574,e4453,contain
e4574,e4507,contain
e4574,e4508,contain
e4574,e4509,contain
e4574,e4511,contain
e4574,e4494,contain
e4574,e4451,contain
e4574,e4512,contain
e4574,e4533,contain
e4574,e4381,contain
e4574,e4496,contain
e4574,e4414,contain
e4574,e4429,contain
e4574,e4562,contain
e4574,e4477,contain
e4574,e4403,contain
e4574,e4515,contain
e4574,e4516,contain
e4574,e4417,contain
e4574,e4418,contain
e4574,e4404,contain
e4574,e4517,contain
e4574,e4497,contain
e4574,e4419,contain
e4574,e4373,contain
e4574,e4391,contain
e4574,e4485,contain
e4574,e4405,contain
e4574,e4538,contain
e4574,e4498,contain
e4574,e4486,contain
e4574,e4487,contain
e4574,e4374,contain
e4574,e4558,contain
e6443,e6441,contain
e6443,e6442,contain
e6443,e6439,contain
e6443,e6440,contain
e6443,e6444,contain
e11278,e11281,contain
e11278,e11279,contain
e11278,e11277,contain
e4288,e4283,contain
e4288,e4287,contain
e4288,e4284,contain
e4288,e4280,contain
e4288,e4286,contain
e4288,e4281,contain
e4288,e4282,contain
e4288,e4285,contain
e4288,e4278,contain
e4288,e4279,contain
e4288,e4289,contain
e2723,e2244,contain
e2723,e1997,contain
e2723,e2486,contain
e2723,e2610,contain
e2723,e2222,contain
e2723,e2420,contain
e2723,e2406,contain
e2723,e2466,contain
e2723,e2279,contain
e2723,e2110,contain
e2723,e2458,contain
e2723,e2460,contain
e2723,e2314,contain
e2723,e2461,contain
e2723,e2115,contain
e2723,e2338,contain
e2723,e2639,contain
e2723,e2215,contain
e2723,e2319,contain
e2723,e2270,contain
e2723,e2556,contain
e2723,e2656,contain
e2723,e2616,contain
e2723,e2360,contain
e2723,e2035,contain
e2723,e2034,contain
e2723,e2619,contain
e2723,e2362,contain
e2723,e2433,contain
e2723,e2087,contain
e2723,e2151,contain
e2723,e2626,contain
e2723,e2016,contain
e2723,e2368,contain
e2723,e2245,contain
e2723,e2711,contain
e2723,e2589,contain
e2723,e2590,contain
e2723,e2592,contain
e2723,e2451,contain
e2723,e2166,contain
e2723,e2452,contain
e2723,e2307,contain
e2723,e2020,contain
e2723,e2453,contain
e2723,e2371,contain
e2723,e2372,contain
e2723,e2247,contain
e2723,e2246,contain
e2723,e2670,contain
e2723,e2248,contain
e2723,e2109,contain
e2723,e2177,contain
e2723,e1998,contain
e2723,e2454,contain
e2723,e1999,contain
e2723,e2327,contain
e2723,e2455,contain
e2723,e2593,contain
e2723,e2308,contain
e2723,e2309,contain
e2723,e2251,contain
e2723,e2250,contain
e2723,e2376,contain
e2723,e2200,contain
e2723,e2594,contain
e2723,e2713,contain
e2723,e2202,contain
e2723,e2201,contain
e2723,e2595,contain
e2723,e2456,contain
e2723,e2457,contain
e2723,e2516,contain
e2723,e2111,contain
e2723,e2054,contain
e2723,e2311,contain
e2723,e2022,contain
e2723,e2459,contain
e2723,e2312,contain
e2723,e2055,contain
e2723,e2596,contain
e2723,e2714,contain
e2723,e2329,contain
e2723,e2715,contain
e2723,e2313,contain
e2723,e2377,contain
e2723,e2378,contain
e2723,e2112,contain
e2723,e2716,contain
e2723,e2517,contain
e2723,e2635,contain
e2723,e2598,contain
e2723,e2057,contain
e2723,e2518,contain
e2723,e2001,contain
e2723,e2002,contain
e2723,e2254,contain
e2723,e2462,contain
e2723,e2255,contain
e2723,e2059,contain
e2723,e2316,contain
e2723,e2599,contain
e2723,e2380,contain
e2723,e2379,contain
e2723,e2687,contain
e2723,e2168,contain
e2723,e2519,contain
e2723,e2060,contain
e2723,e2407,contain
e2723,e2257,contain
e2723,e2023,contain
e2723,e2408,contain
e2723,e2409,contain
e2723,e2204,contain
e2723,e2205,contain
e2723,e2258,contain
e2723,e2332,contain
e2723,e2331,contain
e2723,e2636,contain
e2723,e2410,contain
e2723,e2520,contain
e2723,e2411,contain
e2723,e2259,contain
e2723,e2061,contain
e2723,e2521,contain
e2723,e2134,contain
e2723,e2413,contain
e2723,e2412,contain
e2723,e2116,contain
e2723,e2003,contain
e2723,e2261,contain
e2723,e2523,contain
e2723,e1972,contain
e2723,e2206,contain
e2723,e2524,contain
e2723,e2601,contain
e2723,e2525,contain
e2723,e2207,contain
e2723,e2335,contain
e2723,e2637,contain
e2723,e2336,contain
e2723,e2337,contain
e2723,e2062,contain
e2723,e2208,contain
e2723,e1973,contain
e2723,e2262,contain
e2723,e2063,contain
e2723,e2179,contain
e2723,e2414,contain
e2723,e2117,contain
e2723,e2209,contain
e2723,e2604,contain
e2723,e2263,contain
e2723,e1974,contain
e2723,e2065,contain
e2723,e2526,contain
e2723,e2416,contain
e2723,e2026,contain
e2723,e2605,contain
e2723,e2606,contain
e2723,e2417,contain
e2723,e2529,contain
e2723,e2264,contain
e2723,e2028,contain
e2723,e2029,contain
e2723,e2640,contain
e2723,e2265,contain
e2723,e2066,contain
e2723,e2067,contain
e2723,e2118,contain
e2723,e2211,contain
e2723,e2068,contain
e2723,e2213,contain
e2723,e2212,contain
e2723,e2340,contain
e2723,e2339,contain
e2723,e2120,contain
e2723,e2214,contain
e2723,e2607,contain
e2723,e2069,contain
e2723,e2317,contain
e2723,e2070,contain
e2723,e2642,contain
e2723,e2341,contain
e2723,e2530,contain
e2723,e2643,contain
e2723,e2071,contain
e2723,e2072,contain
e2723,e2608,contain
e2723,e2382,contain
e2723,e2688,contain
e2723,e2609,contain
e2723,e2217,contain
e2723,e2672,contain
e2723,e2342,contain
e2723,e2689,contain
e2723,e2690,contain
e2723,e2532,contain
e2723,e2531,contain
e2723,e1975,contain
e2723,e2266,contain
e2723,e2691,contain
e2723,e2534,contain
e2723,e2535,contain
e2723,e2343,contain
e2723,e2536,contain
e2723,e2267,contain
e2723,e2344,contain
e2723,e2345,contain
e2723,e2611,contain
e2723,e2538,contain
e2723,e2219,contain
e2723,e2030,contain
e2723,e2646,contain
e2723,e2180,contain
e2723,e2073,contain
e2723,e2647,contain
e2723,e2006,contain
e2723,e2346,contain
e2723,e2347,contain
e2723,e2220,contain
e2723,e2348,contain
e2723,e2541,contain
e2723,e2007,contain
e2723,e2649,contain
e2723,e2074,contain
e2723,e2181,contain
e2723,e2221,contain
e2723,e2650,contain
e2723,e2652,contain
e2723,e2651,contain
e2723,e2121,contain
e2723,e2223,contain
e2723,e2182,contain
e2723,e2075,contain
e2723,e2349,contain
e2723,e2076,contain
e2723,e2224,contain
e2723,e2545,contain
e2723,e2544,contain
e2723,e2008,contain
e2723,e2418,contain
e2723,e2693,contain
e2723,e2692,contain
e2723,e2351,contain
e2723,e2269,contain
e2723,e2122,contain
e2723,e2077,contain
e2723,e2419,contain
e2723,e2170,contain
e2723,e2352,contain
e2723,e2546,contain
e2723,e2547,contain
e2723,e2078,contain
e2723,e2549,contain
e2723,e2548,contain
e2723,e2551,contain
e2723,e2009,contain
e2723,e2552,contain
e2723,e2553,contain
e2723,e2225,contain
e2723,e2421,contain
e2723,e2554,contain
e2723,e2226,contain
e2723,e2032,contain
e2723,e2422,contain
e2723,e2467,contain
e2723,e2079,contain
e2723,e2613,contain
e2723,e2469,contain
e2723,e2423,contain
e2723,e2555,contain
e2723,e2184,contain
e2723,e2271,contain
e2723,e2653,contain
e2723,e2080,contain
e2723,e2558,contain
e2723,e2272,contain
e2723,e2559,contain
e2723,e2227,contain
e2723,e2010,contain
e2723,e2228,contain
e2723,e2614,contain
e2723,e2229,contain
e2723,e2355,contain
e2723,e2356,contain
e2723,e2186,contain
e2723,e2185,contain
e2723,e2230,contain
e2723,e2385,contain
e2723,e2424,contain
e2723,e2425,contain
e2723,e2231,contain
e2723,e2187,contain
e2723,e2081,contain
e2723,e2357,contain
e2723,e2082,contain
e2723,e2560,contain
e2723,e2561,contain
e2723,e2011,contain
e2723,e2694,contain
e2723,e2695,contain
e2723,e2358,contain
e2723,e2083,contain
e2723,e2123,contain
e2723,e2323,contain
e2723,e2275,contain
e2723,e2139,contain
e2723,e2188,contain
e2723,e2276,contain
e2723,e2190,contain
e2723,e2471,contain
e2723,e2426,contain
e2723,e2084,contain
e2723,e2277,contain
e2723,e2617,contain
e2723,e2428,contain
e2723,e2475,contain
e2723,e2173,contain
e2723,e2233,contain
e2723,e2361,contain
e2723,e2235,contain
e2723,e2429,contain
e2723,e2479,contain
e2723,e2483,contain
e2723,e2430,contain
e2723,e2085,contain
e2723,e2174,contain
e2723,e2281,contain
e2723,e2673,contain
e2723,e2146,contain
e2723,e2675,contain
e2723,e2674,contain
e2723,e2696,contain
e2723,e2676,contain
e2723,e2128,contain
e2723,e2490,contain
e2723,e2390,contain
e2723,e2089,contain
e2723,e2569,contain
e2723,e2238,contain
e2723,e2679,contain
e2723,e2680,contain
e2723,e2240,contain
e2723,e2625,contain
e2723,e2092,contain
e2723,e2363,contain
e2723,e2499,contain
e2723,e2575,contain
e2723,e1990,contain
e2723,e2684,contain
e2723,e2578,contain
e2723,e2093,contain
e2723,e2438,contain
e2723,e2439,contain
e2723,e2504,contain
e2723,e2096,contain
e2723,e2295,contain
e2723,e2440,contain
e2723,e2298,contain
e2723,e2097,contain
e2723,e2098,contain
e2723,e2444,contain
e2723,e2664,contain
e2723,e2666,contain
e2723,e2685,contain
e2723,e2581,contain
e2723,e2300,contain
e2723,e2699,contain
e2723,e2701,contain
e2723,e2582,contain
e2723,e2445,contain
e2723,e2629,contain
e2723,e2102,contain
e2723,e2302,contain
e2723,e2132,contain
e2723,e2448,contain
e2723,e2630,contain
e2723,e1995,contain
e2723,e2707,contain
e2723,e2105,contain
e2723,e2326,contain
e2723,e2449,contain
e2723,e2686,contain
e2723,e2514,contain
e2723,e2306,contain
e2723,e2587,contain
e2723,e2018,contain
e2723,e2709,contain
e2723,e2019,contain
e2723,e2402,contain
e2723,e2243,contain
e2723,e2450,contain
e2723,e2710,contain
e2723,e2107,contain
e3343,e3344,contain
e3343,e3346,contain
e3343,e3342,contain
e11407,e11404,contain
e11407,e11411,contain
e11407,e11409,contain
e11407,e11403,contain
e11407,e11406,contain
e11407,e11408,contain
e11407,e11346,contain
e11407,e11349,contain
e11407,e11350,contain
e11407,e11373,contain
e11407,e11390,contain
e11407,e11358,contain
e11407,e11405,contain
e11407,e11384,contain
e11407,e11391,contain
e11407,e11374,contain
e11407,e11343,contain
e11407,e11395,contain
e11407,e11329,contain
e11407,e11354,contain
e11407,e11355,contain
e11407,e11375,contain
e11407,e11376,contain
e11407,e11386,contain
e11407,e11398,contain
e11407,e11362,contain
e11407,e11347,contain
e11407,e11330,contain
e11407,e11389,contain
e11407,e11331,contain
e4054,e4053,contain
e4054,e4050,contain
e4054,e4052,contain
e4054,e4051,contain
e4196,e4194,contain
e4196,e4195,contain
e5529,e5532,contain
e4260,e4231,contain
e4260,e4004,contain
e4260,e4072,contain
e4260,e3999,contain
e4260,e4073,contain
e4260,e4001,contain
e4260,e3976,contain
e4260,e4002,contain
e4260,e4003,contain
e4260,e4136,contain
e4260,e4248,contain
e4260,e4158,contain
e4260,e4160,contain
e4260,e4137,contain
e4260,e4008,contain
e4260,e4142,contain
e4260,e3977,contain
e4260,e3979,contain
e4260,e4201,contain
e4260,e4202,contain
e4260,e4232,contain
e4260,e3998,contain
e4260,e4000,contain
e4260,e4005,contain
e4260,e4006,contain
e4260,e4140,contain
e4260,e4141,contain
e4260,e4157,contain
e4260,e4075,contain
e4260,e4236,contain
e4260,e4237,contain
e12835,e12838,contain
e9628,e9603,contain
e9628,e9629,contain
e9628,e9627,contain
e9628,e9626,contain
e10387,e10385,contain
e10387,e10390,contain
e10387,e10386,contain
e10387,e10392,contain
e10387,e10389,contain
e10387,e10384,contain
e10387,e10360,contain
e10387,e10388,contain
e10387,e10340,contain
e5272,e5275,contain
e5272,e5237,contain
e5272,e5274,contain
e5272,e5238,contain
e5272,e5269,contain
e5272,e5246,contain
e5272,e5273,contain
e5272,e5220,contain
e5272,e5260,contain
e5272,e5206,contain
e5272,e5207,contain
e5272,e5248,contain
e5272,e5250,contain
e5272,e5251,contain
e5272,e5195,contain
e5272,e5196,contain
e5272,e5197,contain
e5272,e5244,contain
e5272,e5223,contain
e5272,e5258,contain
e5272,e5213,contain
e5272,e5216,contain
e5272,e5270,contain
e5272,e5212,contain
e5272,e5199,contain
e5272,e5227,contain
e5272,e5209,contain
e5272,e5200,contain
e5272,e5228,contain
e5272,e5225,contain
e5272,e5262,contain
e5272,e5245,contain
e5272,e5201,contain
e5272,e5252,contain
e5272,e5239,contain
e5272,e5202,contain
e5272,e5271,contain
e5272,e5253,contain
e5272,e5210,contain
e5272,e5264,contain
e5272,e5219,contain
e5272,e5254,contain
e5272,e5224,contain
e5272,e5205,contain
e5272,e5243,contain
e5272,e5265,contain
e5272,e5211,contain
e5272,e5259,contain
e5272,e5222,contain
e5272,e5247,contain
e12792,e12791,contain
e12791,e12790,contain
e5637,e5634,contain
e5637,e5635,contain
e5637,e5636,contain
e4253,e4262,contain
e10504,e10507,contain
e10504,e10506,contain
e10504,e10445,contain
e10504,e10448,contain
e10504,e10451,contain
e10504,e10465,contain
e10504,e10497,contain
e10504,e10489,contain
e10504,e10479,contain
e10504,e10501,contain
e10504,e10492,contain
e10504,e10502,contain
e10504,e10462,contain
e10504,e10456,contain
e10504,e10505,contain
e10504,e10457,contain
e10504,e10458,contain
e10504,e10460,contain
e10504,e10476,contain
e10504,e10493,contain
e10504,e10487,contain
e10504,e10488,contain
e10504,e10503,contain
e10504,e10494,contain
e10504,e10470,contain
e10504,e10471,contain
e10504,e10484,contain
e10504,e10472,contain
e10504,e10469,contain
e10504,e10486,contain
e10504,e10441,contain
e10504,e10467,contain
e10504,e10482,contain
e4133,e4131,contain
e4133,e4132,contain
e4133,e4129,contain
e4133,e4130,contain
e12793,e12539,contain
e12794,e12793,contain
e12794,e12795,contain
e12789,e12792,contain
e2824,e2817,contain
e2824,e2818,contain
e2824,e2819,contain
e2824,e2808,contain
e2824,e2811,contain
e2824,e2823,contain
e2824,e2812,contain
e2824,e2813,contain
e2824,e2822,contain
e2824,e2814,contain
e2824,e2815,contain
e2824,e2810,contain
e2824,e2821,contain
e2824,e2820,contain
e2824,e2825,contain
e9502,e9501,contain
e9502,e9503,contain
e1381,e1374,contain
e1067,e1070,contain
e1067,e1058,contain
e1067,e1057,contain
e1067,e1066,contain
e1067,e1060,contain
e1067,e1068,contain
e1067,e1063,contain
e1067,e1056,contain
e1067,e1061,contain
e1067,e1062,contain
e1067,e1069,contain
e9382,e9376,contain
e9382,e9304,contain
e9382,e9274,contain
e9382,e9375,contain
e9382,e9305,contain
e9382,e9310,contain
e9382,e9234,contain
e9382,e9272,contain
e9382,e9226,contain
e9382,e9359,contain
e9384,e9331,contain
e9384,e9332,contain
e2834,e2836,contain
e2834,e2833,contain
e2834,e2835,contain
e5831,e5826,contain
e5831,e5827,contain
e5831,e5828,contain
e5831,e5830,contain
e5831,e5829,contain
e9163,e9160,contain
e9163,e9161,contain
e9163,e9162,contain
e9163,e9094,contain
e6381,e6350,contain
e6381,e6283,contain
e6381,e6321,contain
e6381,e6315,contain
e6381,e6316,contain
e6381,e6268,contain
e6381,e6294,contain
e6381,e6351,contain
e6381,e6295,contain
e1373,e1361,contain
e1373,e1184,contain
e1373,e1190,contain
e1373,e1186,contain
e1373,e1230,contain
e1373,e1232,contain
e1373,e1235,contain
e1373,e1188,contain
e1373,e1362,contain
e1373,e1174,contain
e1373,e1256,contain
e1373,e1277,contain
e1373,e1189,contain
e1373,e1347,contain
e1373,e1234,contain
e1373,e1298,contain
e1373,e1271,contain
e1373,e1198,contain
e1373,e1246,contain
e1373,e1185,contain
e1373,e1187,contain
e1373,e1191,contain
e1373,e1205,contain
e1373,e1231,contain
e1373,e1233,contain
e1373,e1173,contain
e1373,e1175,contain
e1373,e1344,contain
e1373,e1348,contain
e1373,e1345,contain
e1373,e1346,contain
e1373,e1364,contain
e1373,e1363,contain
e1373,e1368,contain
e1373,e1236,contain
e1373,e1332,contain
e1373,e1310,contain
e1373,e1278,contain
e1373,e1237,contain
e1373,e1333,contain
e1373,e1284,contain
e1373,e1331,contain
e1373,e1330,contain
e1373,e1257,contain
e1373,e1206,contain
e1373,e1244,contain
e1373,e1245,contain
e1373,e1183,contain
e1373,e1182,contain
e5709,e5707,contain
e5709,e5704,contain
e5709,e5703,contain
e5709,e5708,contain
e5709,e5705,contain
e5709,e5706,contain
e8899,e3582,contain
e10632,e3000,contain
e3186,e3183,contain
e3186,e3141,contain
e3186,e3182,contain
e3186,e3188,contain
e3186,e3119,contain
e3186,e3181,contain
e3186,e3185,contain
e3186,e3187,contain
e3186,e3161,contain
e3186,e3163,contain
e3186,e3179,contain
e3186,e3145,contain
e3186,e3184,contain
e3186,e3110,contain
e3186,e3113,contain
e3186,e3102,contain
e3186,e3115,contain
e5946,e5944,contain
e5946,e5943,contain
e5946,e5945,contain
e8655,e8652,contain
e8655,e8653,contain
e8655,e8639,contain
e8655,e8654,contain
e8655,e8641,contain
e8655,e8642,contain
e8655,e8643,contain
e8655,e8644,contain
e8655,e8625,contain
e8655,e8640,contain
e8655,e8656,contain
e9033,e9029,contain
e9033,e9035,contain
e9033,e9030,contain
e9033,e9032,contain
e9033,e8963,contain
e9033,e9034,contain
e9033,e8964,contain
e9033,e9004,contain
e9033,e8988,contain
e9033,e9031,contain
e3061,e3060,contain
e3061,e3062,contain
e3061,e3059,contain
e3061,e3057,contain
e3061,e3050,contain
e3061,e3047,contain
e3061,e3048,contain
e3061,e3051,contain
e3061,e3058,contain
e1225,e1219,contain
e1225,e1220,contain
e1225,e1222,contain
e1225,e1224,contain
e1225,e1221,contain
e1225,e1223,contain
e4567,e4491,contain
e4567,e4482,contain
e4567,e4441,contain
e4567,e4384,contain
e4567,e4385,contain
e4567,e4386,contain
e4567,e4435,contain
e4567,e4439,contain
e4567,e4440,contain
e4567,e4444,contain
e4567,e4387,contain
e4567,e4481,contain
e4567,e4436,contain
e4567,e4493,contain
e4567,e4415,contain
e4567,e4437,contain
e4567,e4438,contain
e4567,e4443,contain
e4567,e4528,contain
e4567,e4383,contain
e3485,e3476,contain
e3485,e3468,contain
e3485,e3469,contain
e3485,e3463,contain
e3485,e3441,contain
e3485,e3439,contain
e3485,e3443,contain
e3485,e3445,contain
e3485,e3446,contain
e3485,e3447,contain
e3485,e3457,contain
e3485,e3458,contain
e3485,e3459,contain
e3485,e3462,contain
e3485,e3477,contain
e3485,e3449,contain
e3485,e3465,contain
e3485,e3442,contain
e3485,e3455,contain
e3485,e3438,contain
e3485,e3440,contain
e3485,e3456,contain
e3485,e3460,contain
e3485,e3444,contain
e3485,e3450,contain
e3485,e3448,contain
e3485,e3461,contain
e3485,e3454,contain
e3485,e3466,contain
e3485,e3471,contain
e3485,e3470,contain
e3485,e3436,contain
e3485,e3437,contain
e3485,e3478,contain
e3485,e3479,contain
e3485,e3480,contain
e3485,e3464,contain
e3485,e3474,contain
e3485,e3472,contain
e3485,e3475,contain
e3485,e3473,contain
e3485,e3467,contain
e7217,e10140,contain
e8854,e8848,contain
e8854,e8838,contain
e8854,e8833,contain
e8854,e8847,contain
e8854,e8852,contain
e8854,e8849,contain
e8854,e8853,contain
e8854,e8844,contain
e8854,e8845,contain
e8854,e8846,contain
e8854,e8840,contain
e8854,e8839,contain
e8854,e8834,contain
e8854,e8835,contain
e8854,e8836,contain
e8854,e8851,contain
e8854,e8841,contain
e8854,e8842,contain
e8854,e8837,contain
e8854,e8850,contain
e8854,e8843,contain
e9763,e9761,contain
e9763,e9755,contain
e9763,e9752,contain
e9763,e9754,contain
e9763,e9757,contain
e9763,e9758,contain
e9763,e9759,contain
e9763,e9760,contain
e9763,e9748,contain
e9763,e9751,contain
e9763,e9750,contain
e9763,e9753,contain
e9763,e9762,contain
e9763,e9749,contain
e9763,e9756,contain
e6472,e6471,contain
e6472,e6469,contain
e6472,e6470,contain
e178,e177,contain
e178,e173,contain
e178,e179,contain
e901,e903,contain
e901,e899,contain
e901,e900,contain
e9168,e9171,contain
e9168,e9170,contain
e9168,e9159,contain
e9168,e9172,contain
e9168,e9165,contain
e9168,e9132,contain
e9168,e9169,contain
e9168,e9153,contain
e9168,e9090,contain
e9168,e9091,contain
e9168,e9151,contain
e9168,e9167,contain
e9168,e9140,contain
e9168,e9135,contain
e9168,e9125,contain
e9168,e9166,contain
e9168,e9131,contain
e9168,e9112,contain
e9168,e9100,contain
e4770,e4773,contain
e4770,e4741,contain
e4770,e4749,contain
e4770,e4756,contain
e4770,e4772,contain
e4770,e4764,contain
e4770,e4758,contain
e4770,e4737,contain
e4770,e4768,contain
e4770,e4767,contain
e4770,e4769,contain
e4770,e4743,contain
e4770,e4754,contain
e4770,e4771,contain
e4770,e4757,contain
e4770,e4750,contain
e8442,e8439,contain
e3281,e3280,contain
e3281,e3247,contain
e3281,e3263,contain
e3281,e3283,contain
e3281,e3278,contain
e3281,e3242,contain
e3281,e3253,contain
e3281,e3282,contain
e3281,e3259,contain
e3281,e3234,contain
e3281,e3260,contain
e3281,e3279,contain
e3281,e3261,contain
e3281,e3248,contain
e3281,e3262,contain
e3281,e3267,contain
e9686,e9684,contain
e9686,e9685,contain
e9686,e9683,contain
e10284,e10285,contain
e10284,e10283,contain
e2796,e2798,contain
e2796,e2793,contain
e2796,e2795,contain
e2796,e2794,contain
e2796,e2770,contain
e2796,e2757,contain
e2796,e2776,contain
e2796,e2797,contain
e2796,e2737,contain
e2796,e2742,contain
e2796,e2778,contain
e2796,e2738,contain
e2796,e2740,contain
e2796,e2782,contain
e2796,e2741,contain
e2796,e2743,contain
e2796,e2765,contain
e2796,e2729,contain
e2796,e2773,contain
e2796,e2745,contain
e2796,e2733,contain
e2796,e2751,contain
e2796,e2792,contain
e2796,e2731,contain
e2796,e2755,contain
e2796,e2775,contain
e1021,e1020,contain
e1021,e1023,contain
e1021,e1019,contain
e1021,e999,contain
e1021,e988,contain
e1021,e990,contain
e1021,e991,contain
e1021,e1022,contain
e1021,e992,contain
e1021,e1011,contain
e3228,e3230,contain
e3228,e3229,contain
e3228,e3227,contain
e10222,e10223,contain
e10222,e10218,contain
e10222,e10221,contain
e10222,e10220,contain
e10273,e10274,contain
e10273,e10272,contain
e10273,e10267,contain
e10273,e10268,contain
e10273,e10271,contain
e4606,e4609,contain
e4606,e4603,contain
e4606,e4600,contain
e4606,e4601,contain
e4606,e4604,contain
e4606,e4587,contain
e4606,e4605,contain
e4606,e4588,contain
e4606,e4579,contain
e4606,e4581,contain
e4606,e4582,contain
e4606,e4585,contain
e4606,e4586,contain
e4606,e4607,contain
e4606,e4595,contain
e4606,e4592,contain
e4606,e4593,contain
e4606,e4599,contain
e4606,e4578,contain
e4606,e4608,contain
e8446,e8443,contain
e264,e267,contain
e264,e218,contain
e264,e261,contain
e264,e222,contain
e264,e265,contain
e264,e253,contain
e264,e262,contain
e264,e228,contain
e264,e234,contain
e264,e242,contain
e264,e241,contain
e264,e229,contain
e264,e244,contain
e264,e254,contain
e264,e243,contain
e264,e247,contain
e264,e258,contain
e264,e263,contain
e264,e248,contain
e264,e235,contain
e264,e220,contain
e264,e237,contain
e264,e266,contain
e2997,e3000,contain
e285,e281,contain
e285,e275,contain
e285,e283,contain
e285,e270,contain
e285,e284,contain
e285,e274,contain
e285,e268,contain
e285,e272,contain
e285,e286,contain
e7657,e7654,contain
e135,e1108,contain
e4739,e4738,contain
e4741,e4740,contain
e4749,e4747,contain
e4749,e4745,contain
e4749,e4746,contain
e4749,e4748,contain
e4763,e4759,contain
e4763,e4761,contain
e4763,e4762,contain
e4763,e4760,contain
e5386,e5385,contain
e5386,e5384,contain
e6249,e6248,contain
e6249,e6245,contain
e6249,e6242,contain
e6249,e6250,contain
e6249,e6243,contain
e6249,e6241,contain
e6249,e6244,contain
e6249,e6247,contain
e6249,e6246,contain
e7152,e7186,contain
e7152,e7150,contain
e7152,e7151,contain
e7152,e7153,contain
e7215,e7214,contain
e9160,e9123,contain
e9160,e9108,contain
e9160,e9105,contain
e9160,e9107,contain
e9160,e9109,contain
e9160,e9122,contain
e9160,e9119,contain
e9160,e9139,contain
e9161,e9106,contain
e9162,e9102,contain
e9162,e9103,contain
e9162,e9104,contain
e9162,e9138,contain
e9162,e9118,contain
e9162,e9115,contain
e9162,e9114,contain
e9162,e9124,contain
e9162,e9121,contain
e9162,e9110,contain
e9162,e9130,contain
e9162,e9156,contain
e9162,e9157,contain
e6256,e6257,contain
e6256,e6251,contain
e6256,e6253,contain
e6256,e6252,contain
e6256,e6255,contain
e6256,e6254,contain
e6299,e6296,contain
e6299,e6298,contain
e6299,e6297,contain
e6299,e6300,contain
e1256,e1251,contain
e1256,e1254,contain
e1256,e1252,contain
e1256,e1253,contain
e1256,e1255,contain
e1277,e1274,contain
e1277,e1275,contain
e1277,e1273,contain
e1277,e1276,contain
e1277,e1272,contain
e4258,e4154,contain
e4258,e4081,contain
e4258,e4089,contain
e4258,e4035,contain
e4254,e4200,contain
e4254,e3981,contain
e4254,e4247,contain
e4254,e4007,contain
e4254,e4139,contain
e4254,e4156,contain
e4254,e4159,contain
e4254,e4074,contain
e5237,e5230,contain
e5237,e5233,contain
e5237,e5232,contain
e5237,e5234,contain
e5237,e5236,contain
e5237,e5229,contain
e5237,e5231,contain
e5237,e5235,contain
e7201,e7198,contain
e7201,e7199,contain
e7201,e7200,contain
e9777,e9769,contain
e586,e578,contain
e586,e577,contain
e1213,e1212,contain
e1213,e1210,contain
e1213,e1211,contain
e3063,e3054,contain
e3579,e3582,contain
e3369,e6129,contain
e6078,e6047,contain
e6078,e6061,contain
e6080,e6052,contain
e6080,e6055,contain
e6080,e6044,contain
e7673,e7671,contain
e7673,e7672,contain
e7673,e7670,contain
e10784,e10783,contain
e10784,e10785,contain
e10787,e10786,contain
e10789,e10788,contain
e10794,e10793,contain
e11256,e11254,contain
e11256,e11253,contain
e11256,e11255,contain
e1085,e1086,contain
e1085,e1084,contain
e8459,e8461,contain
e8459,e8458,contain
e8459,e8455,contain
e8459,e8451,contain
e8459,e8460,contain
e2984,e2982,contain
e2984,e2985,contain
e2984,e2983,contain
e3008,e3009,contain
e3008,e3002,contain
e3008,e3007,contain
e3008,e3003,contain
e3008,e3004,contain
e3008,e3005,contain
e3008,e3006,contain
e3008,e3001,contain
e8480,e8482,contain
e8480,e8476,contain
e8480,e8477,contain
e8480,e8478,contain
e8480,e8479,contain
e8480,e8481,contain
e3487,e3485,contain
e3487,e3488,contain
e3487,e3486,contain
e3487,e3452,contain
e3487,e3481,contain
e3487,e3483,contain
e9200,e9199,contain
e9200,e9198,contain
e5032,e5027,contain
e5032,e5003,contain
e5032,e5026,contain
e5032,e5034,contain
e5032,e5000,contain
e5032,e5002,contain
e5032,e5029,contain
e5032,e5031,contain
e5032,e4985,contain
e5032,e5033,contain
e5032,e5021,contain
e5032,e4987,contain
e5032,e4988,contain
e5032,e4982,contain
e5032,e4989,contain
e5032,e5018,contain
e5032,e5005,contain
e5032,e5008,contain
e5032,e5001,contain
e5032,e5015,contain
e5032,e5009,contain
e5032,e4983,contain
e5032,e4984,contain
e5032,e5019,contain
e5032,e4990,contain
e5032,e5020,contain
e5032,e5016,contain
e5032,e5010,contain
e5032,e4998,contain
e5032,e5030,contain
e5032,e4999,contain
e5032,e4991,contain
e5032,e5011,contain
e5032,e5007,contain
e5032,e5017,contain
e5032,e4992,contain
e5032,e4986,contain
e5032,e5012,contain
e5032,e4995,contain
e5032,e4997,contain
e5032,e5023,contain
e5032,e4993,contain
e5032,e4994,contain
e5032,e5024,contain
e5032,e5013,contain
e6431,e6429,contain
e6431,e6428,contain
e6431,e6430,contain
e8754,e8755,contain
e8754,e8750,contain
e8754,e8753,contain
e8754,e8752,contain
e2926,e2928,contain
e2926,e2922,contain
e2926,e2923,contain
e2926,e2921,contain
e2926,e2925,contain
e2926,e2915,contain
e2926,e2924,contain
e2926,e2903,contain
e2926,e2927,contain
e10078,e10081,contain
e10078,e10080,contain
e10078,e10070,contain
e10078,e10074,contain
e10078,e10077,contain
e10078,e10075,contain
e10078,e10051,contain
e10078,e10079,contain
e10078,e10053,contain
e10078,e10039,contain
e10078,e10055,contain
e10078,e10076,contain
e10078,e10064,contain
e10078,e10058,contain
e4953,e4952,contain
e138,e73,contain
e138,e47,contain
e138,e109,contain
e138,e103,contain
e138,e89,contain
e138,e105,contain
e138,e42,contain
e138,e19,contain
e138,e104,contain
e138,e111,contain
e138,e72,contain
e138,e83,contain
e138,e62,contain
e138,e120,contain
e138,e32,contain
e138,e61,contain
e138,e54,contain
e138,e102,contain
e138,e21,contain
e138,e23,contain
e138,e136,contain
e138,e137,contain
e138,e78,contain
e138,e118,contain
e138,e119,contain
e138,e97,contain
e138,e110,contain
e138,e134,contain
e138,e139,contain
e143,e140,contain
e143,e142,contain
e9188,e9191,contain
e9188,e9173,contain
e9188,e9185,contain
e9188,e9186,contain
e9188,e9180,contain
e9188,e9178,contain
e9188,e9175,contain
e9188,e9187,contain
e9188,e9179,contain
e9188,e9189,contain
e9188,e9176,contain
e9188,e9177,contain
e9188,e9181,contain
e9188,e9174,contain
e9188,e9190,contain
e3401,e3398,contain
e3401,e3388,contain
e3401,e3389,contain
e3401,e3390,contain
e3401,e3391,contain
e3401,e3383,contain
e3401,e3399,contain
e3401,e3382,contain
e3401,e3400,contain
e3401,e3384,contain
e3401,e3387,contain
e3401,e3402,contain
e3554,e3552,contain
e3554,e3553,contain
e3554,e3548,contain
e3554,e3549,contain
e3554,e3555,contain
e145,e144,contain
e584,e587,contain
e584,e588,contain
e584,e579,contain
e584,e585,contain
e584,e581,contain
e584,e583,contain
e584,e582,contain
e1140,e1139,contain
e1140,e1141,contain
e4864,e4865,contain
e4864,e4862,contain
e4864,e4863,contain
e4864,e4857,contain
e4864,e4856,contain
e4878,e4877,contain
e4878,e4879,contain
e4878,e4876,contain
e4883,e4882,contain
e4883,e4881,contain
e4886,e4887,contain
e4886,e4885,contain
e6437,e6436,contain
e7701,e7702,contain
e8524,e8523,contain
e8524,e8525,contain
e10211,e10184,contain
e10211,e10209,contain
e10211,e10210,contain
e10211,e10174,contain
e10211,e10175,contain
e10211,e10212,contain
e10215,e10214,contain
e10924,e10923,contain
e12815,e12816,contain
e12853,e12852,contain
e12853,e12851,contain
e892,e893,contain
e892,e890,contain
e892,e891,contain
e3071,e3069,contain
e3071,e3072,contain
e3071,e3070,contain
e7683,e7682,contain
e7683,e7680,contain
e9602,e9598,contain
e9602,e9599,contain
e9602,e9600,contain
e9602,e9601,contain
e10251,e10253,contain
e10251,e10250,contain
e10251,e10225,contain
e10251,e10252,contain
e10251,e10230,contain
e10251,e10249,contain
e10251,e10229,contain
e10660,e10659,contain
e10660,e10658,contain
e4705,e4704,contain
e4705,e4706,contain
e5726,e5725,contain
e7638,e7639,contain
e8091,e7761,contain
e8091,e8088,contain
e8091,e8090,contain
e8091,e7707,contain
e8091,e8092,contain
e8091,e7711,contain
e8091,e7866,contain
e8091,e8089,contain
e8091,e7798,contain
e8091,e7928,contain
e8091,e7869,contain
e8091,e7739,contain
e8091,e7789,contain
e8091,e8036,contain
e8091,e8093,contain
e8308,e8205,contain
e8308,e8236,contain
e8308,e8278,contain
e8308,e8235,contain
e8308,e8305,contain
e8308,e8307,contain
e8308,e8151,contain
e8308,e8306,contain
e8308,e8257,contain
e8308,e8309,contain
e8308,e8280,contain
e8308,e8228,contain
e8308,e8229,contain
e8308,e8310,contain
e9594,e9592,contain
e9594,e9593,contain
e9594,e9524,contain
e9594,e9595,contain
e9594,e9533,contain
e9594,e9537,contain
e9594,e9558,contain
e9594,e9532,contain
e9594,e9587,contain
e9594,e9540,contain
e9594,e9548,contain
e9594,e9585,contain
e9594,e9531,contain
e9594,e9596,contain
e189,e6434,contain
e291,e293,contain
e291,e290,contain
e291,e292,contain
e5343,e5344,contain
e5343,e5341,contain
e5343,e5342,contain
e8605,e8607,contain
e8605,e8602,contain
e8605,e8604,contain
e8605,e8597,contain
e8605,e8606,contain
e8605,e8600,contain
e8605,e8592,contain
e8605,e8603,contain
e8893,e8885,contain
e8893,e8891,contain
e8893,e8886,contain
e8893,e8894,contain
e8893,e8892,contain
e8893,e8895,contain
e10524,e10523,contain
e10524,e10518,contain
e10524,e10516,contain
e10524,e10517,contain
e10524,e10525,contain
e12341,e12340,contain
e12341,e12326,contain
e12341,e12343,contain
e12341,e12337,contain
e12341,e12331,contain
e12341,e12319,contain
e12341,e12342,contain
e12341,e12333,contain
e12341,e12324,contain
e12341,e12339,contain
e12341,e12328,contain
e12341,e12314,contain
e12341,e12315,contain
e12341,e12332,contain
e12341,e12330,contain
e12341,e12313,contain
e12341,e12327,contain
e12440,e12442,contain
e12440,e12437,contain
e12440,e12439,contain
e12440,e12392,contain
e12440,e12441,contain
e12440,e12353,contain
e12440,e12415,contain
e12440,e12427,contain
e12440,e12399,contain
e12440,e12356,contain
e12440,e12352,contain
e12440,e12438,contain
e12440,e12416,contain
e12440,e12346,contain
e12440,e12357,contain
e12440,e12368,contain
e12440,e12381,contain
e12440,e12363,contain
e12440,e12364,contain
e12440,e12365,contain
e12440,e12391,contain
e12440,e12348,contain
e12440,e12417,contain
e12440,e12383,contain
e12440,e12434,contain
e12440,e12420,contain
e12440,e12421,contain
e12440,e12422,contain
e12440,e12384,contain
e12440,e12408,contain
e12440,e12385,contain
e12440,e12386,contain
e12440,e12409,contain
e12440,e12387,contain
e12440,e12410,contain
e12440,e12423,contain
e12440,e12382,contain
e12440,e12354,contain
e12440,e12355,contain
e12440,e12397,contain
e12440,e12426,contain
e12440,e12351,contain
e12440,e12390,contain
e12440,e12367,contain
e12440,e12414,contain
e5926,e5923,contain
e5926,e5928,contain
e5926,e5921,contain
e5926,e5925,contain
e5926,e5924,contain
e5926,e5919,contain
e5926,e5927,contain
e7081,e7078,contain
e7081,e7020,contain
e7081,e7079,contain
e7081,e6958,contain
e7081,e6959,contain
e7081,e6960,contain
e7081,e6961,contain
e7081,e6962,contain
e7081,e6963,contain
e7081,e6964,contain
e7081,e6965,contain
e7081,e6966,contain
e7081,e6967,contain
e7081,e6968,contain
e7081,e6969,contain
e7081,e6946,contain
e7081,e6932,contain
e7081,e6917,contain
e7081,e7045,contain
e7081,e7046,contain
e7081,e7047,contain
e7081,e7048,contain
e7081,e7049,contain
e7081,e7050,contain
e7081,e7051,contain
e7081,e7052,contain
e7081,e7053,contain
e7081,e7054,contain
e7081,e7055,contain
e7081,e7056,contain
e7081,e7057,contain
e7081,e7058,contain
e7081,e7059,contain
e7081,e6947,contain
e7081,e6948,contain
e7081,e6949,contain
e7081,e6950,contain
e7081,e6951,contain
e7081,e6952,contain
e7081,e6953,contain
e7081,e6954,contain
e7081,e6994,contain
e7081,e7039,contain
e7081,e6919,contain
e7081,e6920,contain
e7081,e7060,contain
e7081,e7061,contain
e7081,e6928,contain
e7081,e7040,contain
e7081,e7041,contain
e7081,e7042,contain
e7081,e6985,contain
e7081,e6975,contain
e7081,e6976,contain
e7081,e6977,contain
e7081,e6978,contain
e7081,e6979,contain
e7081,e6980,contain
e7081,e6981,contain
e7081,e6982,contain
e7081,e6983,contain
e7081,e6984,contain
e7081,e7024,contain
e7081,e7025,contain
e7081,e7026,contain
e7081,e6996,contain
e7081,e6997,contain
e7081,e6998,contain
e7081,e6999,contain
e7081,e7000,contain
e7081,e7001,contain
e7081,e7002,contain
e7081,e7003,contain
e7081,e7004,contain
e7081,e7005,contain
e7081,e7006,contain
e7081,e7007,contain
e7081,e7008,contain
e7081,e7009,contain
e7081,e7010,contain
e7081,e6941,contain
e7081,e6942,contain
e7081,e6943,contain
e7081,e6944,contain
e7081,e6933,contain
e7081,e6934,contain
e7081,e7018,contain
e7081,e7062,contain
e7081,e7063,contain
e7081,e7064,contain
e7081,e7065,contain
e7081,e7066,contain
e7081,e7067,contain
e7081,e7068,contain
e7081,e7069,contain
e7081,e7070,contain
e7081,e7071,contain
e7081,e7072,contain
e7081,e7073,contain
e7081,e7074,contain
e7081,e7075,contain
e7081,e7076,contain
e7081,e6921,contain
e7081,e6922,contain
e7081,e6923,contain
e7081,e7022,contain
e7081,e7029,contain
e7081,e7030,contain
e7081,e7031,contain
e7081,e7032,contain
e7081,e7033,contain
e7081,e7034,contain
e7081,e7035,contain
e7081,e7036,contain
e7081,e7037,contain
e7081,e7038,contain
e7081,e6988,contain
e7081,e6935,contain
e7081,e6936,contain
e7081,e6937,contain
e7081,e6938,contain
e7081,e6939,contain
e7081,e6989,contain
e7081,e6990,contain
e7081,e6991,contain
e7081,e6992,contain
e7081,e6993,contain
e7081,e6940,contain
e7081,e7019,contain
e7081,e6995,contain
e7081,e6924,contain
e7081,e6955,contain
e7081,e6956,contain
e7081,e6957,contain
e7081,e7011,contain
e7081,e7012,contain
e7081,e7013,contain
e7081,e7014,contain
e7081,e7015,contain
e7081,e7016,contain
e7081,e7017,contain
e7081,e7027,contain
e7081,e6925,contain
e7081,e6918,contain
e7081,e7023,contain
e7081,e6986,contain
e7081,e6987,contain
e7081,e6945,contain
e7081,e7028,contain
e7081,e7080,contain
e7081,e7043,contain
e7081,e7021,contain
e7081,e7044,contain
e7081,e6926,contain
e7081,e6927,contain
e7081,e6929,contain
e7081,e6931,contain
e7081,e6970,contain
e7081,e6971,contain
e7081,e6972,contain
e7081,e6973,contain
e7081,e6974,contain
e7081,e7082,contain
e10566,e10565,contain
e11245,e11244,contain
e3089,e3086,contain
e3089,e3090,contain
e3089,e3085,contain
e3089,e3088,contain
e3089,e3084,contain
e3089,e3087,contain
e3099,e3096,contain
e3099,e3100,contain
e3099,e3095,contain
e3099,e3098,contain
e3099,e3094,contain
e3099,e3097,contain
e328,e325,contain
e328,e323,contain
e328,e324,contain
e328,e326,contain
e328,e327,contain
e339,e338,contain
e359,e357,contain
e359,e358,contain
e390,e389,contain
e10635,e10625,contain
e10635,e10627,contain
e10635,e10626,contain
e10635,e10633,contain
e10635,e10624,contain
e10635,e10634,contain
e10635,e10618,contain
e10635,e10619,contain
e10635,e10636,contain
e929,e928,contain
e929,e930,contain
e1155,e1154,contain
e1155,e1156,contain
e3602,e3586,contain
e3602,e3600,contain
e3602,e3601,contain
e3602,e3598,contain
e3602,e3603,contain
e3602,e3599,contain
e3602,e3594,contain
e3602,e3604,contain
e4340,e4338,contain
e4340,e4339,contain
e5327,e5324,contain
e5327,e5326,contain
e5327,e5321,contain
e5327,e5325,contain
e5327,e5316,contain
e5327,e5322,contain
e5327,e5314,contain
e5327,e5323,contain
e5327,e5315,contain
e5327,e5328,contain
e5785,e5782,contain
e5785,e5784,contain
e5785,e5783,contain
e7138,e7134,contain
e7138,e7137,contain
e7138,e7132,contain
e7138,e7129,contain
e7138,e7136,contain
e7138,e7130,contain
e7138,e7127,contain
e7138,e7128,contain
e7138,e7133,contain
e7138,e7139,contain
e7239,e7237,contain
e7239,e7238,contain
e7239,e7240,contain
e7633,e7632,contain
e7633,e7628,contain
e7633,e7605,contain
e7633,e7470,contain
e7633,e7600,contain
e7633,e7441,contain
e7633,e7526,contain
e7633,e7465,contain
e7633,e7259,contain
e7633,e7373,contain
e7633,e7348,contain
e7633,e7266,contain
e7633,e7447,contain
e7633,e7627,contain
e7633,e7631,contain
e7633,e7335,contain
e7633,e7630,contain
e7633,e7629,contain
e7633,e7248,contain
e7633,e7288,contain
e7633,e7521,contain
e7633,e7634,contain
e7633,e7365,contain
e7633,e7529,contain
e7633,e7301,contain
e7633,e7602,contain
e7633,e7425,contain
e7633,e7430,contain
e7633,e7451,contain
e7633,e7477,contain
e7633,e7398,contain
e7633,e7400,contain
e7633,e7508,contain
e7633,e7610,contain
e7633,e7546,contain
e7633,e7282,contain
e7633,e7547,contain
e7633,e7635,contain
e8098,e8099,contain
e8098,e8096,contain
e8098,e8097,contain
e8435,e8434,contain
e8435,e8426,contain
e8435,e8432,contain
e8435,e8417,contain
e8435,e8420,contain
e8435,e8424,contain
e8435,e8405,contain
e8435,e8409,contain
e8435,e8402,contain
e8435,e8436,contain
e8858,e8857,contain
e9212,e9211,contain
e10408,e10407,contain
e10599,e10600,contain
e10599,e10598,contain
e10748,e10745,contain
e10748,e10747,contain
e10748,e10746,contain
e10748,e10749,contain
e10748,e10727,contain
e10748,e10750,contain
e10757,e10756,contain
e10757,e10752,contain
e10757,e10755,contain
e10757,e10758,contain
e10766,e10764,contain
e10766,e10765,contain
e10766,e10767,contain
e7213,e7183,contain
e7213,e7212,contain
e7213,e7215,contain
e7213,e7201,contain
e7213,e7185,contain
e7213,e7184,contain
e7213,e7188,contain
e7213,e7149,contain
e7213,e7197,contain
e7213,e7182,contain
e8874,e8876,contain
e8874,e8865,contain
e8874,e8861,contain
e8874,e8871,contain
e8874,e8872,contain
e8874,e8860,contain
e8874,e8863,contain
e8874,e8868,contain
e8874,e8873,contain
e8874,e8875,contain
e8883,e8881,contain
e8883,e8877,contain
e8883,e8882,contain
e8883,e8878,contain
e8883,e8884,contain
e8883,e8879,contain
e6174,e6166,contain
e6174,e6165,contain
e6174,e6171,contain
e6174,e6172,contain
e6174,e6169,contain
e6174,e6159,contain
e6174,e6160,contain
e6174,e6162,contain
e6174,e6161,contain
e6174,e6168,contain
e6174,e6164,contain
e6174,e6173,contain
e6174,e6167,contain
e6174,e6175,contain
e12523,e12521,contain
e12523,e12522,contain
e5439,e5438,contain
e4728,e4727,contain
e6422,e6423,contain
e7243,e7242,contain
e7243,e7244,contain
e9083,e9082,contain
e556,e552,contain
e556,e553,contain
e556,e557,contain
e556,e554,contain
e556,e545,contain
e556,e547,contain
e556,e540,contain
e556,e555,contain
e556,e541,contain
e556,e542,contain
e556,e543,contain
e556,e546,contain
e10316,e10299,contain
e10316,e10318,contain
e10316,e10290,contain
e10316,e10296,contain
e10316,e10319,contain
e10316,e10314,contain
e10316,e10292,contain
e10316,e10305,contain
e10316,e10317,contain
e10316,e10297,contain
e10316,e10298,contain
e10316,e10289,contain
e10316,e10309,contain
e10316,e10286,contain
e10316,e10315,contain
e10316,e10294,contain
e10316,e10288,contain
e10316,e10287,contain
e10316,e10310,contain
e10316,e10300,contain
e10316,e10293,contain
e11179,e11178,contain
e11179,e11163,contain
e11179,e11180,contain
e11179,e11164,contain
e11179,e11168,contain
e11179,e11174,contain
e11179,e11173,contain
e11179,e11167,contain
e11179,e11169,contain
e11179,e11170,contain
e11179,e11175,contain
e11179,e11181,contain
e3372,e3374,contain
e3372,e3368,contain
e3372,e3371,contain
e3372,e3370,contain
e3372,e3373,contain
e3372,e3354,contain
e3372,e3365,contain
e3372,e3358,contain
e3372,e3360,contain
e591,e589,contain
e591,e590,contain
e594,e593,contain
e10278,e10279,contain
e3525,e3523,contain
e3525,e3524,contain
e4320,e4321,contain
e4320,e4315,contain
e4320,e4319,contain
e4320,e4317,contain
e4320,e4305,contain
e4320,e4307,contain
e4320,e4318,contain
e1107,e1106,contain
e12918,e12919,contain
e12918,e12917,contain
e7115,e7114,contain
e6088,e6091,contain
e6088,e6090,contain
e6088,e6081,contain
e6088,e6082,contain
e6088,e6083,contain
e6088,e6085,contain
e6088,e6049,contain
e6088,e6089,contain
e6088,e6050,contain
e6088,e6086,contain
e6088,e6063,contain
e6088,e6058,contain
e6088,e6051,contain
e6088,e6076,contain
e6088,e6060,contain
e6088,e6053,contain
e6088,e6054,contain
e6088,e6045,contain
e6088,e6087,contain
e6088,e6068,contain
e6088,e6057,contain
e6088,e6073,contain
e6088,e6069,contain
e6088,e6074,contain
e6088,e6075,contain
e6088,e6046,contain
e6088,e6071,contain
e6088,e6062,contain
e12828,e12823,contain
e12828,e12824,contain
e12828,e12830,contain
e12828,e12826,contain
e12828,e12827,contain
e12828,e12819,contain
e12828,e12829,contain
e12828,e12822,contain
e12828,e12820,contain
e10799,e10796,contain
e10799,e10800,contain
e10799,e10798,contain
e10799,e10797,contain
e946,e947,contain
e946,e944,contain
e946,e945,contain
e946,e938,contain
e946,e939,contain
e946,e940,contain
e946,e941,contain
e946,e942,contain
e1073,e1072,contain
e1077,e1075,contain
e1077,e1074,contain
e1077,e1076,contain
e182,e181,contain
e8760,e8759,contain
e8760,e8758,contain
e10394,e10395,contain
e12859,e12857,contain
e12859,e12858,contain
e12859,e12860,contain
e9514,e9513,contain
e9514,e9515,contain
e12849,e12844,contain
e12849,e12848,contain
e12849,e12847,contain
e12849,e12846,contain
e12849,e12850,contain
e10922,e10920,contain
e10922,e10919,contain
e10922,e10921,contain
e5717,e5718,contain
e8441,e8442,contain
e8441,e8440,contain
e8445,e8446,contain
e8445,e8444,contain
e7229,e7228,contain
e7229,e7230,contain
e11489,e11477,contain
e11489,e11486,contain
e11489,e11481,contain
e11489,e11487,contain
e11489,e11480,contain
e11489,e11488,contain
e11489,e11483,contain
e11489,e11490,contain
e12495,e12494,contain
e12495,e12492,contain
e12495,e12493,contain
e920,e918,contain
e920,e922,contain
e920,e916,contain
e920,e919,contain
e920,e921,contain
e937,e934,contain
e937,e935,contain
e937,e932,contain
e937,e936,contain
e7147,e7148,contain
e7147,e7145,contain
e7147,e7143,contain
e7147,e7146,contain
e7147,e7141,contain
e7147,e7142,contain
e5352,e5353,contain
e5352,e5351,contain
e5352,e5350,contain
e2990,e2988,contain
e2990,e2989,contain
e1027,e1028,contain
e8740,e8741,contain
e8740,e8739,contain
e1103,e1102,contain
e1103,e1098,contain
e1103,e1101,contain
e1103,e1100,contain
e11249,e11248,contain
e11249,e11250,contain
e1122,e1124,contain
e1122,e1120,contain
e1122,e1121,contain
e1122,e1117,contain
e1122,e1123,contain
e1122,e1113,contain
e1122,e1115,contain
e1122,e1116,contain
e1122,e1110,contain
e1122,e1109,contain
e1122,e1114,contain
e1122,e1111,contain
e1122,e1118,contain
e1122,e1119,contain
e1122,e1112,contain
e1372,e1225,contain
e1372,e1209,contain
e1372,e1213,contain
e1372,e1218,contain
e1372,e1369,contain
e1372,e1366,contain
e1372,e1194,contain
e1372,e1349,contain
e1372,e1316,contain
e1372,e1317,contain
e1372,e1242,contain
e1372,e1328,contain
e1372,e1329,contain
e1372,e1204,contain
e1372,e1226,contain
e1372,e1338,contain
e1372,e1350,contain
e1372,e1227,contain
e1372,e1315,contain
e1218,e1217,contain
e1218,e1214,contain
e1218,e1215,contain
e1218,e1216,contain
e1298,e1296,contain
e1298,e1294,contain
e1298,e1295,contain
e1298,e1297,contain
e1298,e1299,contain
e6851,e6853,contain
e6851,e6844,contain
e6851,e6845,contain
e6851,e6846,contain
e6851,e6848,contain
e6851,e6849,contain
e6851,e6688,contain
e6851,e6852,contain
e6851,e6847,contain
e6851,e6850,contain
e6851,e6835,contain
e6851,e6797,contain
e6851,e6698,contain
e6851,e6722,contain
e6851,e6764,contain
e6851,e6765,contain
e6851,e6768,contain
e6851,e6769,contain
e6851,e6683,contain
e6851,e6837,contain
e6851,e6799,contain
e6851,e6819,contain
e6851,e6820,contain
e6851,e6725,contain
e6851,e6745,contain
e6851,e6770,contain
e6851,e6704,contain
e6851,e6802,contain
e6851,e6803,contain
e6851,e6831,contain
e6851,e6726,contain
e6851,e6771,contain
e6851,e6705,contain
e6851,e6689,contain
e6851,e6821,contain
e6851,e6787,contain
e6851,e6804,contain
e6890,e6892,contain
e6890,e6858,contain
e6890,e6876,contain
e6890,e6869,contain
e6890,e6856,contain
e6890,e6863,contain
e6890,e6879,contain
e6890,e6888,contain
e6890,e6872,contain
e6890,e6885,contain
e6890,e6867,contain
e6890,e6889,contain
e6890,e6866,contain
e6890,e6854,contain
e6890,e6891,contain
e6890,e6865,contain
e6890,e6864,contain
e6890,e6886,contain
e6890,e6887,contain
e6890,e6873,contain
e6890,e6881,contain
e6890,e6870,contain
e6890,e6882,contain
e6890,e6883,contain
e6890,e6880,contain
e6890,e6877,contain
e12915,e12916,contain
e12915,e12913,contain
e12915,e12914,contain
e10335,e10334,contain
e10335,e10333,contain
e10335,e10336,contain
e4699,e4669,contain
e4699,e4701,contain
e4699,e4697,contain
e4699,e4698,contain
e4699,e4691,contain
e4699,e4671,contain
e4699,e4685,contain
e4699,e4687,contain
e4699,e4694,contain
e4699,e4661,contain
e4699,e4662,contain
e4699,e4692,contain
e4699,e4684,contain
e4699,e4676,contain
e4699,e4700,contain
e4699,e4677,contain
e4699,e4653,contain
e4699,e4678,contain
e4699,e4674,contain
e4699,e4688,contain
e4699,e4658,contain
e4699,e4680,contain
e4699,e4660,contain
e4699,e4664,contain
e4699,e4668,contain
e4699,e4666,contain
e4699,e4667,contain
e4699,e4683,contain
e4699,e4675,contain
e4699,e4696,contain
e4714,e4715,contain
e4714,e4712,contain
e4714,e4713,contain
e4717,e4718,contain
e10411,e10410,contain
e9042,e9043,contain
e9042,e9040,contain
e9042,e9041,contain
e2727,e2726,contain
e2955,e2951,contain
e2955,e2957,contain
e2955,e2953,contain
e2955,e2942,contain
e2955,e2939,contain
e2955,e2941,contain
e2955,e2940,contain
e2955,e2948,contain
e2955,e2954,contain
e2955,e2956,contain
e5942,e5941,contain
e11111,e11114,contain
e11111,e11109,contain
e11111,e11112,contain
e11111,e11108,contain
e11111,e11110,contain
e11111,e11103,contain
e11111,e11104,contain
e11111,e11105,contain
e11111,e11106,contain
e11111,e11107,contain
e2976,e2977,contain
e2976,e2975,contain
e4648,e4647,contain
e4648,e4651,contain
e4648,e4649,contain
e4648,e4646,contain
e4648,e4650,contain
e6211,e6209,contain
e6211,e6210,contain
e6211,e6203,contain
e6211,e6181,contain
e6211,e6207,contain
e6211,e6204,contain
e6211,e6212,contain
e6211,e6195,contain
e6211,e6177,contain
e6211,e6193,contain
e6211,e6194,contain
e6211,e6206,contain
e6211,e6186,contain
e6211,e6178,contain
e6211,e6187,contain
e6211,e6200,contain
e6211,e6201,contain
e6211,e6180,contain
e6211,e6191,contain
e6211,e6202,contain
e6211,e6192,contain
e6211,e6182,contain
e6211,e6213,contain
e8470,e8469,contain
e8470,e8471,contain
e2808,e2807,contain
e2808,e2804,contain
e2808,e2806,contain
e2808,e2809,contain
e2808,e2805,contain
e2826,e2827,contain
e4335,e4337,contain
e4335,e4334,contain
e4335,e4328,contain
e4335,e4332,contain
e4335,e4336,contain
e5741,e5742,contain
e5741,e5740,contain
e2833,e2831,contain
e2833,e2832,contain
e7678,e7679,contain
e7678,e7675,contain
e7678,e7676,contain
e7678,e7668,contain
e7678,e7677,contain
e7678,e7664,contain
e7678,e7665,contain
e7678,e7661,contain
e7678,e7669,contain
e7678,e7663,contain
e7678,e7674,contain
e2922,e2919,contain
e2922,e2897,contain
e2922,e2912,contain
e2922,e2920,contain
e2922,e2906,contain
e2922,e2900,contain
e2922,e2914,contain
e2922,e2896,contain
e2922,e2904,contain
e2922,e2899,contain
e2922,e2916,contain
e2922,e2908,contain
e2922,e2898,contain
e2922,e2901,contain
e2922,e2902,contain
e2922,e2905,contain
e2923,e2909,contain
e2923,e2913,contain
e2923,e2910,contain
e2923,e2917,contain
e2923,e2907,contain
e5555,e5556,contain
e5555,e5554,contain
e5836,e5811,contain
e5836,e5820,contain
e5836,e5787,contain
e5836,e5788,contain
e5836,e5814,contain
e5836,e5813,contain
e5836,e5821,contain
e5836,e5825,contain
e5836,e5793,contain
e5836,e5824,contain
e5914,e5905,contain
e5914,e5912,contain
e6081,e6078,contain
e6081,e6079,contain
e6081,e6080,contain
e6082,e6072,contain
e6082,e6059,contain
e6082,e6043,contain
e6082,e6056,contain
e6083,e6048,contain
e6083,e6064,contain
e6083,e6065,contain
e6083,e6066,contain
e6083,e6067,contain
e6844,e6806,contain
e6844,e6808,contain
e6844,e6753,contain
e6844,e6691,contain
e6844,e6715,contain
e6844,e6754,contain
e6844,e6752,contain
e6844,e6833,contain
e6844,e6751,contain
e6844,e6772,contain
e6844,e6706,contain
e6844,e6707,contain
e6844,e6773,contain
e6844,e6774,contain
e6844,e6708,contain
e6844,e6709,contain
e6844,e6822,contain
e6844,e6823,contain
e6844,e6824,contain
e6844,e6775,contain
e6844,e6710,contain
e6844,e6684,contain
e6844,e6713,contain
e6844,e6714,contain
e6844,e6716,contain
e6844,e6717,contain
e6844,e6718,contain
e6844,e6719,contain
e6844,e6834,contain
e6844,e6807,contain
e6844,e6756,contain
e6844,e6755,contain
e6844,e6809,contain
e6844,e6810,contain
e6844,e6757,contain
e6844,e6838,contain
e6844,e6839,contain
e6844,e6776,contain
e6844,e6690,contain
e6844,e6832,contain
e6844,e6685,contain
e6844,e6825,contain
e6844,e6826,contain
e6844,e6758,contain
e6845,e6686,contain
e6845,e6796,contain
e6845,e6746,contain
e6845,e6763,contain
e6845,e6720,contain
e6845,e6711,contain
e6845,e6733,contain
e6845,e6749,contain
e6845,e6737,contain
e6845,e6729,contain
e6845,e6695,contain
e6845,e6712,contain
e6845,e6740,contain
e6845,e6779,contain
e6845,e6777,contain
e6845,e6778,contain
e6845,e6780,contain
e6845,e6747,contain
e6845,e6748,contain
e6845,e6728,contain
e6845,e6727,contain
e6845,e6760,contain
e6845,e6692,contain
e6845,e6732,contain
e6845,e6734,contain
e6845,e6750,contain
e6845,e6788,contain
e6845,e6789,contain
e6845,e6790,contain
e6845,e6791,contain
e6845,e6680,contain
e6845,e6681,contain
e6845,e6735,contain
e6845,e6811,contain
e6845,e6812,contain
e6845,e6784,contain
e6845,e6785,contain
e6845,e6805,contain
e6845,e6736,contain
e6845,e6738,contain
e6845,e6739,contain
e6845,e6741,contain
e6845,e6742,contain
e6845,e6813,contain
e6845,e6693,contain
e6845,e6694,contain
e6845,e6730,contain
e6845,e6731,contain
e6845,e6696,contain
e6845,e6786,contain
e6845,e6827,contain
e6845,e6828,contain
e6845,e6721,contain
e6845,e6840,contain
e6845,e6841,contain
e6845,e6842,contain
e6845,e6682,contain
e6845,e6697,contain
e6845,e6781,contain
e6845,e6782,contain
e6845,e6783,contain
e6846,e6836,contain
e6846,e6767,contain
e6846,e6700,contain
e6846,e6798,contain
e6846,e6814,contain
e6846,e6815,contain
e6846,e6816,contain
e6846,e6817,contain
e6846,e6699,contain
e6846,e6701,contain
e6846,e6702,contain
e6846,e6703,contain
e6846,e6743,contain
e6846,e6744,contain
e6846,e6766,contain
e6846,e6723,contain
e6846,e6724,contain
e6846,e6829,contain
e6846,e6830,contain
e6846,e6818,contain
e7675,e7673,contain
e7675,e7667,contain
e7675,e7666,contain
e8477,e8474,contain
e8477,e8475,contain
e8478,e8472,contain
e8478,e8473,contain
e8724,e8678,contain
e8724,e8694,contain
e8724,e8714,contain
e8724,e8715,contain
e8724,e8681,contain
e8724,e8695,contain
e8724,e8707,contain
e8724,e8696,contain
e8724,e8708,contain
e8724,e8697,contain
e8724,e8716,contain
e8724,e8709,contain
e8724,e8690,contain
e8724,e8691,contain
e8724,e8717,contain
e8725,e8718,contain
e8725,e8698,contain
e8725,e8692,contain
e8725,e8674,contain
e8725,e8693,contain
e9159,e9143,contain
e9159,e9163,contain
e9159,e9092,contain
e9159,e9093,contain
e9159,e9137,contain
e9159,e9113,contain
e9208,e9209,contain
e9208,e9207,contain
e9208,e9204,contain
e9208,e9205,contain
e9208,e9206,contain
e10690,e10671,contain
e10690,e10688,contain
e10690,e10674,contain
e10690,e10666,contain
e10690,e10662,contain
e10690,e10685,contain
e10690,e10667,contain
e10690,e10668,contain
e10690,e10673,contain
e10690,e10669,contain
e10690,e10670,contain
e10690,e10687,contain
e10690,e10663,contain
e10690,e10678,contain
e10690,e10679,contain
e10690,e10664,contain
e10690,e10665,contain
e10690,e10672,contain
e10690,e10680,contain
e10690,e10681,contain
e10690,e10682,contain
e10690,e10683,contain
e10690,e10686,contain
e10690,e10684,contain
e10690,e10677,contain
e10690,e10676,contain
e10690,e10675,contain
e10859,e10815,contain
e10859,e10858,contain
e10859,e10853,contain
e10859,e10845,contain
e10859,e10823,contain
e10859,e10855,contain
e10859,e10832,contain
e10859,e10840,contain
e10859,e10856,contain
e10859,e10825,contain
e10859,e10817,contain
e10859,e10844,contain
e10859,e10819,contain
e10859,e10826,contain
e10859,e10812,contain
e10859,e10824,contain
e10859,e10833,contain
e11264,e11256,contain
e11264,e11258,contain
e11264,e11262,contain
e11264,e11263,contain
e11264,e11260,contain
e11264,e11261,contain
e11264,e11257,contain
e11264,e11251,contain
e11264,e11259,contain
e11264,e11252,contain
e11317,e11315,contain
e11317,e11307,contain
e11317,e11305,contain
e11317,e11306,contain
e11317,e11311,contain
e11317,e11316,contain
e11317,e11314,contain
e11317,e11313,contain
e11317,e11303,contain
e11317,e11304,contain
e12477,e12475,contain
e12477,e12466,contain
e12477,e12467,contain
e12478,e12473,contain
e12478,e12470,contain
e12478,e12465,contain
e10643,e10640,contain
e10643,e10642,contain
e10643,e10641,contain
e10648,e10644,contain
e10648,e10647,contain
e10648,e10645,contain
e10648,e10649,contain
e2961,e2962,contain
e2961,e2959,contain
e2961,e2960,contain
e2972,e2971,contain
e2972,e2968,contain
e2972,e2973,contain
e3078,e3080,contain
e3078,e3075,contain
e3078,e3079,contain
e3078,e3076,contain
e3078,e3073,contain
e3078,e3077,contain
e3199,e3198,contain
e3199,e3193,contain
e3199,e3195,contain
e3199,e3200,contain
e3199,e3196,contain
e3199,e3197,contain
e3204,e3205,contain
e3204,e3202,contain
e3204,e3203,contain
e9055,e9048,contain
e9055,e9053,contain
e9055,e9051,contain
e9055,e9054,contain
e9055,e9049,contain
e4972,e4973,contain
e4972,e4971,contain
e4978,e4977,contain
e4981,e4980,contain
e7106,e7104,contain
e7106,e7105,contain
e7111,e7109,contain
e7111,e7110,contain
e7111,e7112,contain
e3380,e3379,contain
e3380,e3381,contain
e4261,e4128,contain
e4261,e4180,contain
e4261,e4124,contain
e4261,e3983,contain
e4261,e4143,contain
e4261,e4123,contain
e4261,e4215,contain
e4261,e4243,contain
e4261,e4039,contain
e4261,e4133,contain
e4261,e4144,contain
e4261,e4239,contain
e4261,e4145,contain
e4261,e3982,contain
e4261,e4217,contain
e4261,e4122,contain
e4261,e4076,contain
e4261,e4241,contain
e4261,e4121,contain
e4261,e4240,contain
e4261,e4181,contain
e4261,e4125,contain
e4261,e4162,contain
e4261,e4242,contain
e4261,e4082,contain
e4261,e4216,contain
e4261,e4218,contain
e4261,e4063,contain
e4261,e4064,contain
e4261,e4127,contain
e4261,e4094,contain
e4261,e4065,contain
e4261,e4037,contain
e4261,e4038,contain
e4261,e4077,contain
e4261,e3984,contain
e4261,e4009,contain
e4261,e4126,contain
e3434,e3433,contain
e3434,e3435,contain
e3434,e3432,contain
e4975,e4974,contain
e5310,e5286,contain
e5310,e5304,contain
e5310,e5307,contain
e5310,e5295,contain
e5310,e5309,contain
e5310,e5298,contain
e5310,e5281,contain
e5310,e5287,contain
e5310,e5288,contain
e5310,e5278,contain
e5310,e5308,contain
e5310,e5283,contain
e5310,e5289,contain
e5310,e5279,contain
e5310,e5290,contain
e5310,e5299,contain
e5310,e5311,contain
e5310,e5291,contain
e5310,e5292,contain
e5310,e5293,contain
e5310,e5276,contain
e5310,e5294,contain
e5310,e5300,contain
e5310,e5296,contain
e5310,e5282,contain
e5310,e5284,contain
e5310,e5297,contain
e5310,e5277,contain
e5310,e5312,contain
e9081,e9080,contain
e8855,e8856,contain
e6039,e6041,contain
e6039,e6040,contain
e6039,e6031,contain
e6039,e6038,contain
e6039,e6037,contain
e6039,e6022,contain
e4372,e4371,contain
e5961,e5962,contain
e5961,e5960,contain
e5961,e5959,contain
e5961,e5958,contain
e6110,e6112,contain
e6110,e6101,contain
e6110,e6111,contain
e6110,e6102,contain
e6110,e6109,contain
e6110,e6105,contain
e6110,e6095,contain
e10086,e10085,contain
e10880,e10881,contain
e10880,e10876,contain
e10880,e10879,contain
e10880,e10874,contain
e10880,e10875,contain
e10880,e10878,contain
e11325,e11327,contain
e11325,e11323,contain
e11325,e11324,contain
e11325,e11321,contain
e11325,e11322,contain
e11325,e11326,contain
e3412,e3413,contain
e11319,e11320,contain
e11319,e11317,contain
e11319,e11318,contain
e11319,e11301,contain
e11319,e11302,contain
e3507,e3505,contain
e3507,e3508,contain
e3507,e3506,contain
e3507,e3502,contain
e3507,e3501,contain
e3507,e3503,contain
e3567,e3566,contain
e3567,e3565,contain
e3567,e3561,contain
e3567,e3556,contain
e3567,e3564,contain
e3567,e3558,contain
e3567,e3559,contain
e3567,e3563,contain
e3567,e3560,contain
e3567,e3557,contain
e3567,e3562,contain
e3990,e3989,contain
e3990,e3991,contain
e3990,e3988,contain
e4101,e4100,contain
e4101,e4099,contain
e4255,e4055,contain
e4255,e4256,contain
e4255,e4054,contain
e4255,e4196,contain
e4255,e4176,contain
e4255,e4021,contain
e4255,e4101,contain
e4255,e4015,contain
e4255,e4016,contain
e4255,e4017,contain
e4255,e4018,contain
e4255,e4097,contain
e4255,e4226,contain
e4255,e4098,contain
e4255,e4085,contain
e4255,e4019,contain
e4255,e4020,contain
e4255,e4042,contain
e4255,e4212,contain
e12252,e12008,contain
e12252,e12009,contain
e12252,e12158,contain
e12252,e12012,contain
e12252,e12011,contain
e12252,e11756,contain
e12252,e11906,contain
e12252,e11820,contain
e12252,e11666,contain
e12252,e12119,contain
e12252,e11783,contain
e12252,e11784,contain
e12252,e11785,contain
e12252,e11786,contain
e12252,e11787,contain
e12252,e12218,contain
e12252,e11757,contain
e12252,e11758,contain
e12252,e11759,contain
e12252,e11760,contain
e12252,e12028,contain
e12252,e12029,contain
e12252,e12030,contain
e12252,e12031,contain
e12252,e11903,contain
e12252,e11904,contain
e12252,e11905,contain
e12252,e11761,contain
e12252,e11762,contain
e12252,e11763,contain
e12252,e11764,contain
e12252,e11765,contain
e12252,e11819,contain
e12252,e11884,contain
e12252,e11885,contain
e12252,e11886,contain
e12252,e11887,contain
e12252,e11888,contain
e12252,e12121,contain
e12252,e12122,contain
e12252,e12123,contain
e12252,e12124,contain
e12252,e12152,contain
e12252,e12153,contain
e12252,e12154,contain
e12252,e12155,contain
e12252,e12156,contain
e12252,e12157,contain
e12252,e12167,contain
e12252,e11883,contain
e12252,e11766,contain
e12252,e12032,contain
e12252,e12120,contain
e12252,e12217,contain
e12252,e12013,contain
e12252,e12151,contain
e12252,e12213,contain
e12252,e12150,contain
e12252,e12010,contain
e12252,e12212,contain
e12252,e12216,contain
e12252,e11755,contain
e12252,e12149,contain
e12252,e12027,contain
e12252,e11936,contain
e12253,e12069,contain
e12253,e12070,contain
e12253,e12078,contain
e12253,e11806,contain
e12253,e11803,contain
e12253,e11799,contain
e12253,e11699,contain
e12253,e11942,contain
e12253,e12240,contain
e12253,e11693,contain
e12253,e12142,contain
e12253,e11995,contain
e12253,e11721,contain
e12253,e12249,contain
e12253,e11918,contain
e12253,e11737,contain
e12253,e12242,contain
e12253,e12164,contain
e12253,e11961,contain
e12253,e12145,contain
e12253,e11947,contain
e12253,e11919,contain
e12253,e11686,contain
e12253,e11862,contain
e12253,e11863,contain
e12253,e11864,contain
e12253,e11865,contain
e12253,e11851,contain
e12253,e12241,contain
e12253,e12243,contain
e12253,e12244,contain
e12253,e11956,contain
e12253,e12245,contain
e12253,e12246,contain
e12253,e12247,contain
e12253,e12248,contain
e12253,e11943,contain
e12253,e11944,contain
e12253,e11688,contain
e12253,e11689,contain
e12253,e11690,contain
e12253,e11691,contain
e12253,e11692,contain
e12253,e11958,contain
e12253,e11959,contain
e12253,e11960,contain
e12253,e11962,contain
e12253,e12139,contain
e12253,e12140,contain
e12253,e12141,contain
e12253,e12143,contain
e12253,e12146,contain
e12253,e11694,contain
e12253,e11695,contain
e12253,e11696,contain
e12253,e11697,contain
e12253,e11698,contain
e12253,e11793,contain
e12253,e11795,contain
e12253,e11796,contain
e12253,e11797,contain
e12253,e11798,contain
e12253,e11800,contain
e12253,e11801,contain
e12253,e11802,contain
e12253,e11804,contain
e12253,e11805,contain
e12253,e11807,contain
e12253,e11945,contain
e12253,e11946,contain
e12253,e11948,contain
e12253,e11949,contain
e12253,e11950,contain
e12253,e11963,contain
e12253,e12065,contain
e12253,e12066,contain
e12253,e12067,contain
e12253,e12068,contain
e12253,e11996,contain
e12253,e11866,contain
e12253,e11869,contain
e12253,e11870,contain
e12253,e11871,contain
e12253,e11872,contain
e12253,e11873,contain
e12253,e11874,contain
e12253,e11875,contain
e12253,e11876,contain
e12253,e11877,contain
e12253,e11878,contain
e12253,e11879,contain
e12253,e11880,contain
e12253,e11881,contain
e12253,e11882,contain
e12253,e11920,contain
e12253,e11921,contain
e12253,e11923,contain
e12253,e11734,contain
e12253,e11735,contain
e12253,e11736,contain
e12253,e11738,contain
e12253,e11739,contain
e12253,e11719,contain
e12253,e11720,contain
e12253,e11722,contain
e12253,e11922,contain
e12253,e11867,contain
e12253,e11868,contain
e12253,e11794,contain
e12253,e12144,contain
e12253,e12250,contain
e12253,e11957,contain
e12253,e11850,contain
e12253,e11685,contain
e12253,e11687,contain
e12253,e12138,contain
e4345,e4346,contain
e4345,e4344,contain
e9736,e9735,contain
e10717,e10716,contain
e10717,e10718,contain
e10722,e10721,contain
e10722,e10723,contain
e4566,e4398,contain
e4566,e4400,contain
e4566,e4474,contain
e4566,e4399,contain
e4566,e4455,contain
e4566,e4472,contain
e4566,e4396,contain
e4566,e4547,contain
e4566,e4454,contain
e4566,e4456,contain
e4566,e4473,contain
e4566,e4527,contain
e4566,e4452,contain
e4566,e4397,contain
e4568,e4560,contain
e4568,e4431,contain
e4568,e4442,contain
e4568,e4548,contain
e4568,e4536,contain
e4568,e4535,contain
e4568,e4567,contain
e4568,e4430,contain
e4568,e4432,contain
e4568,e4553,contain
e4568,e4549,contain
e4568,e4382,contain
e4568,e4433,contain
e4568,e4434,contain
e4568,e4492,contain
e4568,e4529,contain
e4568,e4513,contain
e4568,e4475,contain
e4568,e4530,contain
e4568,e4555,contain
e4568,e4561,contain
e4568,e4401,contain
e4568,e4416,contain
e4568,e4402,contain
e4568,e4554,contain
e4568,e4476,contain
e5575,e5576,contain
e5575,e5573,contain
e5575,e5572,contain
e5575,e5574,contain
e8822,e8819,contain
e8822,e8821,contain
e11453,e11452,contain
e11651,e11649,contain
e11651,e11650,contain
e3518,e3517,contain
e9265,e9262,contain
e9265,e9263,contain
e9265,e9259,contain
e9265,e9261,contain
e9265,e9260,contain
e9265,e9264,contain
e9293,e9292,contain
e9293,e9294,contain
e9293,e9291,contain
e9293,e9290,contain
e9339,e9335,contain
e9339,e9334,contain
e9339,e9338,contain
e9339,e9337,contain
e9339,e9336,contain
e12884,e12883,contain
e4802,e4803,contain
e4802,e4801,contain
e4802,e4800,contain
e4802,e4793,contain
e4802,e4799,contain
e4901,e4902,contain
e4901,e4899,contain
e4901,e4900,contain
e6570,e6568,contain
e6570,e6569,contain
e6574,e6572,contain
e6574,e6573,contain
e5738,e5736,contain
e5738,e5739,contain
e5738,e5737,contain
e5474,e5472,contain
e5474,e5471,contain
e5474,e5473,contain
e5474,e5453,contain
e5474,e5461,contain
e5474,e5476,contain
e5474,e5462,contain
e5474,e5444,contain
e5474,e5450,contain
e5474,e5451,contain
e5474,e5452,contain
e5474,e5466,contain
e5474,e5458,contain
e5474,e5445,contain
e5474,e5468,contain
e5474,e5469,contain
e5474,e5463,contain
e5474,e5464,contain
e5474,e5465,contain
e5474,e5446,contain
e5474,e5447,contain
e5474,e5475,contain
e5585,e5583,contain
e5585,e5584,contain
e5585,e5586,contain
e5589,e5588,contain
e11427,e11426,contain
e11427,e11422,contain
e11427,e11428,contain
e11427,e11421,contain
e11427,e11423,contain
e11427,e11420,contain
e11427,e11424,contain
e11427,e11425,contain
e5719,e5720,contain
e5811,e5809,contain
e5811,e5794,contain
e5811,e5795,contain
e5811,e5796,contain
e5811,e5797,contain
e5811,e5798,contain
e5811,e5799,contain
e5811,e5800,contain
e5811,e5801,contain
e5811,e5802,contain
e5811,e5803,contain
e5811,e5804,contain
e5811,e5805,contain
e5811,e5806,contain
e5811,e5807,contain
e5811,e5808,contain
e5811,e5810,contain
e5811,e5812,contain
e5820,e5816,contain
e5820,e5818,contain
e5820,e5819,contain
e5820,e5815,contain
e5820,e5817,contain
e8792,e8787,contain
e8792,e8789,contain
e8792,e8791,contain
e8792,e8786,contain
e8792,e8788,contain
e8792,e8785,contain
e8792,e8790,contain
e5949,e5947,contain
e5949,e5948,contain
e6378,e6287,contain
e6378,e6265,contain
e6378,e6330,contain
e6383,e6227,contain
e6384,e6228,contain
e8912,e8911,contain
e8912,e8910,contain
e6454,e6453,contain
e6454,e6455,contain
e6454,e6451,contain
e6454,e6446,contain
e6454,e6447,contain
e6454,e6449,contain
e6454,e6452,contain
e6454,e6448,contain
e6454,e6450,contain
e6580,e6579,contain
e6626,e6613,contain
e6626,e6625,contain
e6626,e6618,contain
e6626,e6620,contain
e6626,e6610,contain
e6626,e6622,contain
e6626,e6624,contain
e6626,e6611,contain
e6626,e6619,contain
e6626,e6621,contain
e6626,e6623,contain
e6626,e6614,contain
e6626,e6615,contain
e6626,e6617,contain
e6626,e6616,contain
e6626,e6612,contain
e6858,e6857,contain
e6876,e6875,contain
e6869,e6868,contain
e6856,e6855,contain
e6863,e6860,contain
e6863,e6861,contain
e6863,e6862,contain
e6879,e6878,contain
e9661,e9662,contain
e9661,e9660,contain
e8915,e8914,contain
e8492,e8491,contain
e8492,e8493,contain
e8743,e8742,contain
e10168,e10166,contain
e10168,e10167,contain
e9468,e9471,contain
e9468,e9466,contain
e9468,e9467,contain
e9468,e9458,contain
e9468,e9469,contain
e9468,e9464,contain
e9468,e9462,contain
e9468,e9459,contain
e9468,e9470,contain
e9406,e9408,contain
e9406,e9405,contain
e9406,e9397,contain
e9406,e9398,contain
e9406,e9392,contain
e9406,e9407,contain
e9406,e9391,contain
e10327,e10325,contain
e10327,e10323,contain
e10327,e10326,contain
e10804,e10805,contain
e10804,e10802,contain
e10804,e10803,contain
e10815,e10813,contain
e10815,e10814,contain
e10858,e10857,contain
e10853,e10847,contain
e10853,e10848,contain
e10853,e10849,contain
e10853,e10850,contain
e10853,e10851,contain
e10853,e10852,contain
e10845,e10846,contain
e10823,e10820,contain
e10823,e10821,contain
e10823,e10822,contain
e10832,e10829,contain
e10832,e10828,contain
e10832,e10830,contain
e10832,e10831,contain
e10832,e10827,contain
e10840,e10834,contain
e10840,e10838,contain
e10840,e10836,contain
e10840,e10835,contain
e10840,e10839,contain
e10840,e10837,contain
e10817,e10816,contain
e10844,e10841,contain
e10844,e10842,contain
e10844,e10843,contain
e10819,e10818,contain
e10812,e10811,contain
e12475,e12476,contain
e12475,e12474,contain
e12473,e12471,contain
e12473,e12472,contain
e12470,e12468,contain
e12470,e12469,contain
e11441,e11442,contain
e11441,e11440,contain
e11465,e11464,contain
e11527,e11526,contain
e11646,e11642,contain
e11646,e11643,contain
e11646,e11626,contain
e11646,e11644,contain
e11646,e11627,contain
e11646,e11634,contain
e11646,e11628,contain
e11646,e11645,contain
e11646,e11624,contain
e11646,e11633,contain
e11646,e11622,contain
e11646,e11623,contain
e11646,e11631,contain
e11646,e11647,contain
e11646,e11635,contain
e11646,e11621,contain
e11646,e11625,contain
e11646,e11629,contain
e11646,e11632,contain
e11646,e11640,contain
e11646,e11636,contain
e11646,e11637,contain
e11646,e11638,contain
e11646,e11639,contain
e11646,e11630,contain
e12458,e12457,contain
e12458,e12451,contain
e12458,e12454,contain
e12458,e12453,contain
e12458,e12459,contain
e12458,e12455,contain
e12458,e12450,contain
e12458,e12452,contain
e4266,e4257,contain
e4266,e4021,contain
e4266,e3980,contain
e8774,e8783,contain
e8784,e8792,contain
e8769,e8770,contain
e8769,e8771,contain
e8798,e8806,contain
e8798,e8799,contain
e8794,e8795,contain
e8764,e8765,contain
e8764,e8766,contain
e8764,e8767,contain
e6492,e6502,contain
e6503,e6511,contain
e6796,e6795,contain
e6796,e6792,contain
e6796,e6793,contain
e6796,e6794,contain
e6763,e6761,contain
e6763,e6762,contain
e4267,e4260,contain
e4267,e4258,contain
e4571,e4474,contain
e4571,e4473,contain
e4520,e4519,contain
e4520,e4521,contain
e4472,e4470,contain
e4472,e4471,contain
e4472,e4469,contain
e4472,e4468,contain
e4553,e4551,contain
e4553,e4550,contain
e4553,e4552,contain
e4758,e4763,contain
e4737,e4739,contain
e4815,e4821,contain
e4815,e4820,contain
e4815,e4824,contain
e4815,e4822,contain
e4815,e4823,contain
e4814,e4810,contain
e5102,e5126,contain
e5102,e5127,contain
e5102,e5128,contain
e5102,e5125,contain
e5286,e5285,contain
e5304,e5301,contain
e5304,e5302,contain
e5304,e5303,contain
e5380,e5379,contain
e5398,e5396,contain
e5398,e5395,contain
e5398,e5397,contain
e5960,e5956,contain
e6388,e6325,contain
e6388,e6269,contain
e6388,e6323,contain
e6388,e6324,contain
e6388,e6363,contain
e6388,e6234,contain
e6388,e6379,contain
e6389,e6364,contain
e6389,e6282,contain
e6389,e6230,contain
e6389,e6237,contain
e6389,e6327,contain
e6389,e6374,contain
e6227,e6375,contain
e6227,e6233,contain
e6227,e6249,contain
e6227,e6256,contain
e6227,e6299,contain
e6227,e6317,contain
e6227,e6352,contain
e6228,e6231,contain
e6228,e6286,contain
e6228,e6312,contain
e6228,e6262,contain
e6228,e6353,contain
e6224,e6284,contain
e6224,e6347,contain
e6224,e6275,contain
e6224,e6272,contain
e6224,e6358,contain
e6224,e6279,contain
e6224,e6335,contain
e6224,e6343,contain
e6224,e6345,contain
e6224,e6238,contain
e6224,e6302,contain
e6224,e6282,contain
e6224,e6346,contain
e6224,e6332,contain
e6224,e6273,contain
e6224,e6285,contain
e6224,e6311,contain
e6224,e6333,contain
e6224,e6355,contain
e6224,e6356,contain
e6224,e6367,contain
e6224,e6339,contain
e6224,e6237,contain
e6224,e6369,contain
e6224,e6259,contain
e6224,e6260,contain
e6224,e6276,contain
e6224,e6280,contain
e6224,e6289,contain
e6224,e6308,contain
e6224,e6337,contain
e6224,e6340,contain
e6224,e6357,contain
e6224,e6361,contain
e6224,e6362,contain
e6224,e6366,contain
e6224,e6338,contain
e6224,e6274,contain
e6224,e6303,contain
e6224,e6304,contain
e6224,e6305,contain
e6224,e6288,contain
e6224,e6368,contain
e6224,e6261,contain
e6224,e6331,contain
e6224,e6313,contain
e6224,e6354,contain
e6224,e6359,contain
e6224,e6360,contain
e6224,e6277,contain
e6224,e6281,contain
e6224,e6278,contain
e6224,e6334,contain
e6224,e6341,contain
e6224,e6336,contain
e6224,e6342,contain
e6224,e6344,contain
e6224,e6267,contain
e6224,e6292,contain
e6224,e6370,contain
e6224,e6349,contain
e6224,e6371,contain
e6224,e6236,contain
e6224,e6306,contain
e6224,e6307,contain
e6224,e6327,contain
e6224,e6326,contain
e6224,e6314,contain
e6224,e6310,contain
e6224,e6309,contain
e6224,e6372,contain
e6224,e6373,contain
e6224,e6374,contain
e6224,e6271,contain
e6224,e6365,contain
e6224,e6293,contain
e6224,e6348,contain
e6225,e6381,contain
e6474,e6475,contain
e6474,e6476,contain
e6474,e6477,contain
e6534,e6542,contain
e6518,e6519,contain
e6518,e6520,contain
e6468,e6472,contain
e6848,e6808,contain
e6848,e6706,contain
e6848,e6707,contain
e6848,e6774,contain
e6848,e6710,contain
e6848,e6718,contain
e6848,e6719,contain
e6848,e6807,contain
e6848,e6756,contain
e6848,e6755,contain
e6848,e6810,contain
e6848,e6757,contain
e6848,e6685,contain
e6848,e6826,contain
e6848,e6759,contain
e6848,e6779,contain
e6848,e6777,contain
e6848,e6778,contain
e6848,e6780,contain
e6848,e6747,contain
e6848,e6748,contain
e6848,e6728,contain
e6848,e6727,contain
e6848,e6760,contain
e6848,e6692,contain
e6848,e6734,contain
e6848,e6750,contain
e6848,e6788,contain
e6848,e6789,contain
e6848,e6790,contain
e6848,e6791,contain
e6848,e6681,contain
e6848,e6735,contain
e6848,e6812,contain
e6848,e6784,contain
e6848,e6785,contain
e6848,e6805,contain
e6848,e6741,contain
e6848,e6742,contain
e6848,e6813,contain
e6848,e6694,contain
e6848,e6687,contain
e6848,e6817,contain
e7216,e7170,contain
e7216,e7169,contain
e7216,e7192,contain
e7216,e7191,contain
e7216,e7165,contain
e7216,e7166,contain
e7216,e7167,contain
e7216,e7179,contain
e7216,e7168,contain
e7216,e7190,contain
e7216,e7171,contain
e6226,e6382,contain
e6223,e6385,contain
e6329,e6328,contain
e4118,e4117,contain
e4118,e4116,contain
e8733,e8706,contain
e8726,e8719,contain
e8726,e8711,contain
e8726,e8704,contain
e8726,e8705,contain
e5427,e5425,contain
e5427,e5426,contain
e9092,e9147,contain
e9092,e9133,contain
e9092,e9148,contain
e9092,e9155,contain
e9092,e9152,contain
e9092,e9136,contain
e9092,e9149,contain
e9092,e9120,contain
e9092,e9141,contain
e9092,e9101,contain
e9092,e9116,contain
e9092,e9134,contain
e9092,e9142,contain
e9093,e9150,contain
e9093,e9095,contain
e9093,e9096,contain
e9093,e9117,contain
e9093,e9126,contain
e9093,e9127,contain
e9093,e9128,contain
e9093,e9129,contain
e9094,e9102,contain
e9094,e9103,contain
e9094,e9104,contain
e9094,e9123,contain
e9094,e9108,contain
e9094,e9138,contain
e9094,e9118,contain
e9094,e9115,contain
e9094,e9105,contain
e9094,e9114,contain
e9094,e9124,contain
e9094,e9121,contain
e9094,e9107,contain
e9094,e9109,contain
e9094,e9106,contain
e9094,e9122,contain
e9094,e9119,contain
e9094,e9110,contain
e9094,e9130,contain
e9094,e9156,contain
e9094,e9157,contain
e9094,e9139,contain
e9603,e9616,contain
e9603,e9624,contain
e9603,e9621,contain
e9603,e9605,contain
e9603,e9613,contain
e9603,e9614,contain
e9603,e9615,contain
e9603,e9617,contain
e9603,e9611,contain
e9603,e9619,contain
e9603,e9620,contain
e9603,e9607,contain
e9603,e9608,contain
e9603,e9606,contain
e9603,e9625,contain
e9603,e9609,contain
e9603,e9610,contain
e9603,e9618,contain
e9603,e9612,contain
e9603,e9604,contain
e9603,e9623,contain
e9603,e9622,contain
e10445,e10446,contain
e10445,e10447,contain
e10448,e10449,contain
e10451,e10454,contain
e10451,e10452,contain
e10451,e10453,contain
e10451,e10455,contain
e10465,e10466,contain
e10497,e10498,contain
e10489,e10490,contain
e10479,e10480,contain
e10479,e10481,contain
e500,e474,contain
e500,e442,contain
e500,e494,contain
e500,e445,contain
e500,e424,contain
e500,e470,contain
e500,e471,contain
e500,e473,contain
e500,e431,contain
e500,e475,contain
e500,e476,contain
e500,e432,contain
e500,e425,contain
e500,e477,contain
e500,e462,contain
e500,e487,contain
e500,e441,contain
e500,e478,contain
e500,e488,contain
e500,e491,contain
e500,e489,contain
e500,e479,contain
e500,e446,contain
e500,e463,contain
e500,e447,contain
e500,e464,contain
e500,e481,contain
e500,e419,contain
e500,e426,contain
e500,e482,contain
e500,e418,contain
e500,e427,contain
e500,e492,contain
e500,e493,contain
e500,e428,contain
e500,e438,contain
e500,e433,contain
e500,e452,contain
e500,e453,contain
e500,e483,contain
e500,e443,contain
e500,e465,contain
e500,e420,contain
e500,e466,contain
e500,e451,contain
e500,e490,contain
e500,e484,contain
e500,e434,contain
e500,e444,contain
e500,e421,contain
e500,e436,contain
e500,e422,contain
e500,e439,contain
e500,e454,contain
e500,e455,contain
e500,e456,contain
e500,e457,contain
e500,e423,contain
e500,e485,contain
e500,e458,contain
e500,e459,contain
e500,e468,contain
e500,e430,contain
e500,e416,contain
e500,e460,contain
e500,e437,contain
e500,e440,contain
e500,e461,contain
e500,e449,contain
e500,e469,contain
e500,e450,contain
e500,e486,contain
e500,e417,contain
e500,e472,contain
e576,e569,contain
e624,e618,contain
e870,e810,contain
e870,e710,contain
e870,e662,contain
e870,e713,contain
e870,e659,contain
e870,e797,contain
e870,e799,contain
e870,e692,contain
e870,e776,contain
e870,e684,contain
e870,e851,contain
e870,e714,contain
e870,e779,contain
e870,e855,contain
e870,e650,contain
e870,e836,contain
e870,e804,contain
e870,e857,contain
e870,e766,contain
e870,e687,contain
e870,e673,contain
e870,e786,contain
e870,e861,contain
e870,e667,contain
e870,e697,contain
e870,e862,contain
e870,e711,contain
e870,e850,contain
e870,e830,contain
e870,e648,contain
e870,e775,contain
e870,e800,contain
e870,e831,contain
e870,e712,contain
e870,e820,contain
e870,e668,contain
e870,e852,contain
e870,e777,contain
e870,e778,contain
e870,e832,contain
e870,e739,contain
e870,e822,contain
e870,e843,contain
e870,e669,contain
e870,e744,contain
e870,e649,contain
e870,e678,contain
e870,e740,contain
e870,e741,contain
e870,e844,contain
e870,e715,contain
e870,e833,contain
e870,e761,contain
e870,e845,contain
e870,e685,contain
e870,e679,contain
e870,e762,contain
e870,e854,contain
e870,e853,contain
e870,e763,contain
e870,e680,contain
e870,e716,contain
e870,e672,contain
e870,e671,contain
e870,e717,contain
e870,e856,contain
e870,e834,contain
e870,e693,contain
e870,e835,contain
e870,e846,contain
e870,e635,contain
e870,e636,contain
e870,e764,contain
e870,e719,contain
e870,e720,contain
e870,e765,contain
e870,e753,contain
e870,e699,contain
e870,e802,contain
e870,e694,contain
e870,e722,contain
e870,e681,contain
e870,e724,contain
e870,e781,contain
e870,e700,contain
e870,e837,contain
e870,e725,contain
e870,e806,contain
e870,e807,contain
e870,e808,contain
e870,e754,contain
e870,e638,contain
e870,e702,contain
e870,e703,contain
e870,e767,contain
e870,e658,contain
e870,e783,contain
e870,e728,contain
e870,e847,contain
e870,e785,contain
e870,e661,contain
e870,e809,contain
e870,e642,contain
e870,e826,contain
e870,e860,contain
e870,e663,contain
e870,e787,contain
e870,e813,contain
e870,e755,contain
e870,e848,contain
e870,e768,contain
e870,e743,contain
e870,e769,contain
e870,e646,contain
e870,e828,contain
e870,e707,contain
e870,e849,contain
e870,e708,contain
e870,e675,contain
e870,e771,contain
e870,e709,contain
e870,e817,contain
e870,e772,contain
e870,e747,contain
e870,e647,contain
e870,e734,contain
e870,e735,contain
e870,e691,contain
e870,e794,contain
e870,e773,contain
e870,e774,contain
e894,e889,contain
e931,e927,contain
e948,e943,contain
e987,e981,contain
e987,e970,contain
e987,e972,contain
e987,e973,contain
e987,e974,contain
e987,e975,contain
e987,e977,contain
e987,e978,contain
e1024,e1016,contain
e1024,e996,contain
e1024,e1007,contain
e1024,e1002,contain
e1024,e989,contain
e1024,e1010,contain
e1024,e995,contain
e1024,e1006,contain
e1024,e1014,contain
e1024,e1015,contain
e1024,e1018,contain
e1024,e1013,contain
e1024,e1012,contain
e1024,e998,contain
e1024,e993,contain
e1024,e1005,contain
e1024,e1001,contain
e1024,e997,contain
e1024,e994,contain
e1024,e1017,contain
e1024,e1004,contain
e1024,e1009,contain
e1024,e1008,contain
e1024,e1003,contain
e1050,e1033,contain
e1050,e1042,contain
e1050,e1034,contain
e1050,e1041,contain
e1050,e1035,contain
e1050,e1038,contain
e1050,e1037,contain
e1050,e1036,contain
e1142,e1133,contain
e1142,e1137,contain
e1142,e1134,contain
e1142,e1138,contain
e1142,e1136,contain
e1142,e1135,contain
e1157,e1147,contain
e1157,e1148,contain
e1157,e1146,contain
e1157,e1145,contain
e1157,e1143,contain
e1157,e1153,contain
e1157,e1149,contain
e1157,e1150,contain
e1157,e1144,contain
e1157,e1151,contain
e1157,e1152,contain
e1969,e1717,contain
e1969,e1737,contain
e1969,e1492,contain
e1969,e1746,contain
e1969,e1952,contain
e1969,e1953,contain
e1969,e1789,contain
e1969,e1537,contain
e1969,e1557,contain
e1969,e1933,contain
e1969,e1833,contain
e1969,e1834,contain
e1969,e1748,contain
e1969,e1931,contain
e1969,e1747,contain
e1969,e1684,contain
e1969,e1705,contain
e1969,e1436,contain
e1969,e1745,contain
e1969,e1783,contain
e1969,e1581,contain
e1969,e1782,contain
e1969,e1927,contain
e1969,e1926,contain
e1969,e1899,contain
e1969,e1948,contain
e1969,e1621,contain
e1969,e1580,contain
e1969,e1486,contain
e1969,e1620,contain
e1969,e1867,contain
e1969,e1619,contain
e1969,e1894,contain
e1969,e1481,contain
e1969,e1740,contain
e1969,e1615,contain
e1969,e1947,contain
e1969,e1525,contain
e1969,e1946,contain
e1969,e1945,contain
e1969,e1739,contain
e1969,e1738,contain
e1969,e1478,contain
e1969,e1925,contain
e1969,e1819,contain
e1969,e1524,contain
e1969,e1680,contain
e1969,e1700,contain
e1969,e1944,contain
e1969,e1815,contain
e1969,e1736,contain
e1969,e1577,contain
e1969,e1735,contain
e1969,e1769,contain
e1969,e1891,contain
e1969,e1612,contain
e1969,e1733,contain
e1969,e1732,contain
e1969,e1812,contain
e1969,e1731,contain
e1969,e1811,contain
e1969,e1810,contain
e1969,e1475,contain
e1969,e1474,contain
e1969,e1678,contain
e1969,e1523,contain
e1969,e1768,contain
e1969,e1473,contain
e1969,e1471,contain
e1969,e1730,contain
e1969,e1729,contain
e1969,e1610,contain
e1969,e1727,contain
e1969,e1808,contain
e1969,e1806,contain
e1969,e1805,contain
e1969,e1726,contain
e1969,e1725,contain
e1969,e1469,contain
e1969,e1864,contain
e1969,e1676,contain
e1969,e1576,contain
e1969,e1575,contain
e1969,e1804,contain
e1969,e1467,contain
e1969,e1724,contain
e1969,e1552,contain
e1969,e1889,contain
e1969,e1398,contain
e1969,e1397,contain
e1969,e1466,contain
e1969,e1465,contain
e1969,e1425,contain
e1969,e1803,contain
e1969,e1463,contain
e1969,e1608,contain
e1969,e1574,contain
e1969,e1766,contain
e1969,e1723,contain
e1969,e1863,contain
e1969,e1512,contain
e1969,e1462,contain
e1969,e1424,contain
e1969,e1573,contain
e1969,e1461,contain
e1969,e1460,contain
e1969,e1459,contain
e1969,e1862,contain
e1969,e1722,contain
e1969,e1721,contain
e1969,e1720,contain
e1969,e1551,contain
e1969,e1942,contain
e1969,e1607,contain
e1969,e1522,contain
e1969,e1456,contain
e1969,e1455,contain
e1969,e1673,contain
e1969,e1454,contain
e1969,e1571,contain
e1969,e1887,contain
e1969,e1672,contain
e1969,e1671,contain
e1969,e1698,contain
e1969,e1511,contain
e1969,e1670,contain
e1969,e1645,contain
e1969,e1697,contain
e1969,e1860,contain
e1969,e1719,contain
e1969,e1718,contain
e1969,e1570,contain
e1969,e1960,contain
e1969,e1644,contain
e1969,e1886,contain
e1969,e1859,contain
e1969,e1858,contain
e1969,e1857,contain
e1969,e1452,contain
e1969,e1924,contain
e1969,e1765,contain
e1969,e1856,contain
e1969,e1696,contain
e1969,e1695,contain
e1969,e1510,contain
e1969,e1423,contain
e1969,e1855,contain
e1969,e1764,contain
e1969,e1606,contain
e1969,e1605,contain
e1969,e1853,contain
e1969,e1854,contain
e1969,e1509,contain
e1969,e1694,contain
e1969,e1852,contain
e1969,e1604,contain
e1969,e1851,contain
e1969,e1508,contain
e1969,e1550,contain
e1969,e1451,contain
e1969,e1450,contain
e1969,e1603,contain
e1969,e1762,contain
e1969,e1763,contain
e1969,e1923,contain
e1969,e1602,contain
e1969,e1506,contain
e1969,e1507,contain
e1969,e1505,contain
e1969,e1761,contain
e1969,e1883,contain
e1969,e1958,contain
e1969,e1922,contain
e1969,e1850,contain
e1969,e1504,contain
e1969,e1642,contain
e1969,e1601,contain
e1969,e1600,contain
e1969,e1882,contain
e1969,e1503,contain
e1969,e1502,contain
e1969,e1848,contain
e1969,e1599,contain
e1969,e1692,contain
e1969,e1795,contain
e1969,e1794,contain
e1969,e1501,contain
e1969,e1691,contain
e1969,e1598,contain
e1969,e1500,contain
e1969,e1499,contain
e1969,e1760,contain
e1969,e1956,contain
e1969,e1595,contain
e1969,e1596,contain
e1969,e1957,contain
e1969,e1594,contain
e1969,e1593,contain
e1969,e1564,contain
e1969,e1639,contain
e1969,e1921,contain
e1969,e1549,contain
e1969,e1592,contain
e1969,e1396,contain
e1969,e1637,contain
e1969,e1498,contain
e1969,e1715,contain
e1969,e1758,contain
e1969,e1756,contain
e1969,e1590,contain
e1969,e1520,contain
e1969,e1793,contain
e1969,e1792,contain
e1969,e1635,contain
e1969,e1634,contain
e1969,e1563,contain
e1969,e1755,contain
e1969,e1562,contain
e1969,e1689,contain
e1969,e1881,contain
e1969,e1844,contain
e1969,e1920,contain
e1969,e1447,contain
e1969,e1446,contain
e1969,e1445,contain
e1969,e1444,contain
e1969,e1687,contain
e1969,e1939,contain
e1969,e1843,contain
e1969,e1754,contain
e1969,e1496,contain
e1969,e1583,contain
e1969,e1919,contain
e1969,e1408,contain
e1969,e1938,contain
e1969,e1632,contain
e1969,e1753,contain
e1969,e1918,contain
e1969,e1631,contain
e1969,e1752,contain
e1969,e1841,contain
e1969,e1879,contain
e1969,e1840,contain
e1969,e1955,contain
e1969,e1493,contain
e1969,e1628,contain
e1969,e1916,contain
e1969,e1839,contain
e1969,e1404,contain
e1969,e1742,contain
e1969,e1743,contain
e1969,e1741,contain
e1969,e1866,contain
e1969,e1775,contain
e1969,e1893,contain
e1969,e1823,contain
e1969,e1476,contain
e1969,e1813,contain
e1969,e1943,contain
e1969,e1674,contain
e1969,e1458,contain
e1969,e1940,contain
e1969,e1566,contain
e1969,e1419,contain
e1969,e1638,contain
e1969,e1757,contain
e1969,e1669,contain
e1969,e1410,contain
e1969,e1491,contain
e1969,e1490,contain
e1969,e1682,contain
e1969,e1679,contain
e2799,e2774,contain
e2799,e2746,contain
e2799,e2783,contain
e2799,e2752,contain
e2799,e2756,contain
e2799,e2767,contain
e2799,e2786,contain
e2799,e2791,contain
e2799,e2766,contain
e2799,e2730,contain
e2799,e2744,contain
e2799,e2750,contain
e2799,e2754,contain
e2799,e2739,contain
e2799,e2777,contain
e2799,e2760,contain
e2799,e2790,contain
e2799,e2736,contain
e2799,e2785,contain
e2799,e2764,contain
e2799,e2781,contain
e2799,e2772,contain
e2799,e2748,contain
e2799,e2763,contain
e2799,e2753,contain
e2799,e2732,contain
e2799,e2771,contain
e2799,e2784,contain
e2799,e2747,contain
e2799,e2789,contain
e2799,e2762,contain
e2799,e2768,contain
e2799,e2761,contain
e2799,e2788,contain
e2799,e2787,contain
e2799,e2779,contain
e2799,e2734,contain
e2799,e2758,contain
e2799,e2780,contain
e2799,e2735,contain
e2929,e2918,contain
e3016,e3010,contain
e3016,e3011,contain
e3046,e3039,contain
e3046,e3024,contain
e3046,e3040,contain
e3046,e3031,contain
e3046,e3036,contain
e3046,e3025,contain
e3046,e3034,contain
e3046,e3029,contain
e3046,e3032,contain
e3046,e3033,contain
e3046,e3023,contain
e3046,e3030,contain
e3046,e3020,contain
e3046,e3026,contain
e3046,e3027,contain
e3189,e3128,contain
e3189,e3160,contain
e3189,e3180,contain
e3189,e3157,contain
e3189,e3168,contain
e3189,e3126,contain
e3189,e3125,contain
e3189,e3167,contain
e3189,e3135,contain
e3189,e3104,contain
e3189,e3143,contain
e3201,e3192,contain
e3218,e3214,contain
e3218,e3210,contain
e3284,e3264,contain
e3284,e3241,contain
e3284,e3232,contain
e3284,e3240,contain
e3284,e3239,contain
e3284,e3272,contain
e3284,e3268,contain
e3284,e3244,contain
e3284,e3276,contain
e3284,e3270,contain
e3284,e3275,contain
e3284,e3237,contain
e3284,e3251,contain
e3284,e3236,contain
e3284,e3252,contain
e3284,e3235,contain
e3284,e3271,contain
e3284,e3266,contain
e3284,e3245,contain
e3284,e3243,contain
e3284,e3258,contain
e3284,e3249,contain
e3284,e3233,contain
e3284,e3265,contain
e3284,e3273,contain
e3284,e3274,contain
e3284,e3256,contain
e3284,e3277,contain
e3284,e3255,contain
e3284,e3254,contain
e3345,e3339,contain
e3345,e3341,contain
e3486,e3484,contain
e3926,e3920,contain
e3926,e3922,contain
e4322,e4313,contain
e4570,e4564,contain
e4702,e4663,contain
e4702,e4686,contain
e4707,e4703,contain
e4726,e5532,contain
e4733,e4729,contain
e4835,e4832,contain
e4880,e4874,contain
e4880,e4867,contain
e4880,e4870,contain
e4880,e4873,contain
e4880,e4869,contain
e4880,e4875,contain
e4880,e4871,contain
e4880,e4868,contain
e4880,e4872,contain
e4951,e4939,contain
e5329,e5320,contain
e5329,e5313,contain
e5329,e5317,contain
e5345,e5334,contain
e5345,e5340,contain
e5345,e5335,contain
e5345,e5339,contain
e5345,e5337,contain
e5345,e5333,contain
e5345,e5336,contain
e5477,e5459,contain
e5477,e5460,contain
e5477,e5454,contain
e5477,e5467,contain
e5781,e5773,contain
e5781,e5771,contain
e6042,e6027,contain
e6126,e6129,contain
e6150,e6146,contain
e6379,e6347,contain
e6379,e6275,contain
e6379,e6272,contain
e6379,e6358,contain
e6379,e6279,contain
e6379,e6238,contain
e6379,e6302,contain
e6379,e6346,contain
e6379,e6332,contain
e6379,e6273,contain
e6379,e6285,contain
e6379,e6311,contain
e6379,e6367,contain
e6379,e6339,contain
e6379,e6369,contain
e6379,e6259,contain
e6379,e6260,contain
e6379,e6276,contain
e6379,e6280,contain
e6379,e6289,contain
e6379,e6308,contain
e6379,e6340,contain
e6379,e6357,contain
e6379,e6361,contain
e6379,e6362,contain
e6379,e6274,contain
e6379,e6303,contain
e6379,e6304,contain
e6379,e6305,contain
e6379,e6288,contain
e6379,e6368,contain
e6379,e6261,contain
e6379,e6331,contain
e6379,e6313,contain
e6379,e6359,contain
e6379,e6360,contain
e6379,e6281,contain
e6379,e6278,contain
e6379,e6341,contain
e6379,e6267,contain
e6379,e6292,contain
e6379,e6370,contain
e6379,e6349,contain
e6379,e6307,contain
e6379,e6326,contain
e6379,e6310,contain
e6908,e6901,contain
e6916,e6912,contain
e7095,e7084,contain
e7095,e7090,contain
e7113,e10639,contain
e7140,e7135,contain
e7140,e7131,contain
e7636,e7287,contain
e7636,e7346,contain
e7636,e7544,contain
e7636,e7515,contain
e7636,e7498,contain
e7636,e7281,contain
e7636,e7594,contain
e7636,e7483,contain
e7636,e7522,contain
e7636,e7475,contain
e7636,e7551,contain
e7636,e7327,contain
e7636,e7353,contain
e7636,e7379,contain
e7636,e7404,contain
e7636,e7284,contain
e7636,e7285,contain
e7636,e7286,contain
e7636,e7581,contain
e7636,e7592,contain
e7636,e7519,contain
e7636,e7253,contain
e7636,e7292,contain
e7636,e7293,contain
e7636,e7595,contain
e7636,e7368,contain
e7636,e7484,contain
e7636,e7486,contain
e7636,e7485,contain
e7636,e7257,contain
e7636,e7297,contain
e7636,e7443,contain
e7636,e7300,contain
e7636,e7415,contain
e7636,e7587,contain
e7636,e7500,contain
e7636,e7603,contain
e7636,e7393,contain
e7636,e7394,contain
e7636,e7395,contain
e7636,e7310,contain
e7636,e7309,contain
e7636,e7344,contain
e7636,e7345,contain
e7636,e7370,contain
e7636,e7505,contain
e7636,e7469,contain
e7636,e7468,contain
e7636,e7588,contain
e7636,e7351,contain
e7636,e7374,contain
e7636,e7545,contain
e7636,e7323,contain
e7636,e7268,contain
e7636,e7324,contain
e7636,e7591,contain
e7636,e7514,contain
e7636,e7334,contain
e7636,e7325,contain
e7636,e7576,contain
e7636,e7578,contain
e7636,e7577,contain
e7636,e7580,contain
e7636,e7380,contain
e7636,e7249,contain
e7636,e7617,contain
e7636,e7618,contain
e7636,e7251,contain
e7636,e7548,contain
e7636,e7620,contain
e7636,e7619,contain
e7636,e7549,contain
e7636,e7336,contain
e7636,e7405,contain
e7636,e7381,contain
e7636,e7337,contain
e7636,e7482,contain
e7636,e7326,contain
e7636,e7516,contain
e7636,e7407,contain
e7636,e7408,contain
e7636,e7453,contain
e7636,e7452,contain
e7636,e7289,contain
e7636,e7382,contain
e7636,e7290,contain
e7636,e7550,contain
e7636,e7383,contain
e7636,e7384,contain
e7636,e7291,contain
e7636,e7552,contain
e7636,e7520,contain
e7636,e7455,contain
e7636,e7454,contain
e7636,e7553,contain
e7636,e7524,contain
e7636,e7366,contain
e7636,e7367,contain
e7636,e7456,contain
e7636,e7338,contain
e7636,e7254,contain
e7636,e7555,contain
e7636,e7556,contain
e7636,e7582,contain
e7636,e7557,contain
e7636,e7369,contain
e7636,e7621,contain
e7636,e7411,contain
e7636,e7385,contain
e7636,e7457,contain
e7636,e7459,contain
e7636,e7458,contain
e7636,e7354,contain
e7636,e7472,contain
e7636,e7413,contain
e7636,e7295,contain
e7636,e7294,contain
e7636,e7487,contain
e7636,e7488,contain
e7636,e7355,contain
e7636,e7583,contain
e7636,e7356,contain
e7636,e7596,contain
e7636,e7357,contain
e7636,e7296,contain
e7636,e7528,contain
e7636,e7489,contain
e7636,e7358,contain
e7636,e7561,contain
e7636,e7340,contain
e7636,e7460,contain
e7636,e7461,contain
e7636,e7562,contain
e7636,e7442,contain
e7636,e7622,contain
e7636,e7473,contain
e7636,e7341,contain
e7636,e7342,contain
e7636,e7298,contain
e7636,e7299,contain
e7636,e7563,contain
e7636,e7386,contain
e7636,e7597,contain
e7636,e7446,contain
e7636,e7599,contain
e7636,e7492,contain
e7636,e7414,contain
e7636,e7493,contain
e7636,e7417,contain
e7636,e7416,contain
e7636,e7496,contain
e7636,e7494,contain
e7636,e7495,contain
e7636,e7271,contain
e7636,e7564,contain
e7636,e7497,contain
e7636,e7474,contain
e7636,e7499,contain
e7636,e7302,contain
e7636,e7273,contain
e7636,e7584,contain
e7636,e7586,contain
e7636,e7585,contain
e7636,e7304,contain
e7636,e7303,contain
e7636,e7388,contain
e7636,e7387,contain
e7636,e7566,contain
e7636,e7567,contain
e7636,e7389,contain
e7636,e7530,contain
e7636,e7531,contain
e7636,e7532,contain
e7636,e7274,contain
e7636,e7533,contain
e7636,e7390,contain
e7636,e7392,contain
e7636,e7391,contain
e7636,e7534,contain
e7636,e7535,contain
e7636,e7536,contain
e7636,e7418,contain
e7636,e7419,contain
e7636,e7501,contain
e7636,e7305,contain
e7636,e7306,contain
e7636,e7343,contain
e7636,e7361,contain
e7636,e7360,contain
e7636,e7307,contain
e7636,e7308,contain
e7636,e7448,contain
e7636,e7421,contain
e7636,e7420,contain
e7636,e7604,contain
e7636,e7502,contain
e7636,e7612,contain
e7636,e7422,contain
e7636,e7260,contain
e7636,e7503,contain
e7636,e7424,contain
e7636,e7423,contain
e7636,e7623,contain
e7636,e7426,contain
e7636,e7569,contain
e7636,e7311,contain
e7636,e7312,contain
e7636,e7624,contain
e7636,e7504,contain
e7636,e7429,contain
e7636,e7428,contain
e7636,e7606,contain
e7636,e7537,contain
e7636,e7432,contain
e7636,e7329,contain
e7636,e7330,contain
e7636,e7449,contain
e7636,e7450,contain
e7636,e7261,contain
e7636,e7433,contain
e7636,e7275,contain
e7636,e7476,contain
e7636,e7571,contain
e7636,e7613,contain
e7636,e7396,contain
e7636,e7313,contain
e7636,e7262,contain
e7636,e7607,contain
e7636,e7371,contain
e7636,e7397,contain
e7636,e7399,contain
e7636,e7263,contain
e7636,e7314,contain
e7636,e7264,contain
e7636,e7625,contain
e7636,e7332,contain
e7636,e7331,contain
e7636,e7572,contain
e7636,e7435,contain
e7636,e7276,contain
e7636,e7277,contain
e7636,e7467,contain
e7636,e7466,contain
e7636,e7347,contain
e7636,e7372,contain
e7636,e7436,contain
e7636,e7437,contain
e7636,e7279,contain
e7636,e7480,contain
e7636,e7316,contain
e7636,e7438,contain
e7636,e7538,contain
e7636,e7542,contain
e7636,e7541,contain
e7636,e7318,contain
e7636,e7614,contain
e7636,e7280,contain
e7636,e7319,contain
e7636,e7402,contain
e7636,e7320,contain
e7636,e7321,contain
e7636,e7267,contain
e7636,e7506,contain
e7636,e7507,contain
e7636,e7322,contain
e7636,e7573,contain
e7636,e7575,contain
e7636,e7574,contain
e7636,e7509,contain
e7636,e7608,contain
e7636,e7615,contain
e7636,e7616,contain
e7636,e7609,contain
e7636,e7375,contain
e7636,e7376,contain
e7636,e7611,contain
e7636,e7626,contain
e7636,e7362,contain
e7636,e7377,contain
e7636,e7403,contain
e7636,e7363,contain
e7636,e7378,contain
e7636,e7512,contain
e7636,e7511,contain
e7636,e7513,contain
e7636,e7246,contain
e7636,e7245,contain
e7684,e7681,contain
e8094,e8002,contain
e8094,e8054,contain
e8094,e7752,contain
e8094,e7833,contain
e8094,e7931,contain
e8094,e7772,contain
e8094,e8051,contain
e8094,e7936,contain
e8094,e7855,contain
e8094,e7743,contain
e8094,e7948,contain
e8094,e7896,contain
e8094,e7796,contain
e8094,e7750,contain
e8094,e7751,contain
e8094,e8040,contain
e8094,e7785,contain
e8094,e7800,contain
e8094,e7786,contain
e8094,e8079,contain
e8094,e7763,contain
e8094,e7758,contain
e8094,e7735,contain
e8094,e7736,contain
e8094,e7877,contain
e8094,e8010,contain
e8094,e7765,contain
e8094,e7769,contain
e8094,e7981,contain
e8094,e8064,contain
e8094,e8062,contain
e8094,e8063,contain
e8094,e7935,contain
e8094,e7885,contain
e8094,e7986,contain
e8094,e8034,contain
e8094,e7854,contain
e8094,e7924,contain
e8094,e7791,contain
e8094,e7776,contain
e8094,e7792,contain
e8094,e8069,contain
e8094,e7890,contain
e8094,e7993,contain
e8094,e7742,contain
e8094,e7904,contain
e8094,e7730,contain
e8094,e8073,contain
e8094,e8074,contain
e8094,e7703,contain
e8094,e7905,contain
e8094,e7937,contain
e8094,e7731,contain
e8094,e7780,contain
e8094,e7906,contain
e8094,e7891,contain
e8094,e8017,contain
e8094,e7892,contain
e8094,e7938,contain
e8094,e7939,contain
e8094,e7819,contain
e8094,e7940,contain
e8094,e7834,contain
e8094,e7856,contain
e8094,e7721,contain
e8094,e7744,contain
e8094,e7745,contain
e8094,e7941,contain
e8094,e7781,contain
e8094,e7942,contain
e8094,e7925,contain
e8094,e7746,contain
e8094,e7747,contain
e8094,e7795,contain
e8094,e7748,contain
e8094,e8037,contain
e8094,e7860,contain
e8094,e7944,contain
e8094,e7943,contain
e8094,e7820,contain
e8094,e7945,contain
e8094,e7749,contain
e8094,e7994,contain
e8094,e7835,contain
e8094,e7836,contain
e8094,e7704,contain
e8094,e7705,contain
e8094,e7732,contain
e8094,e8018,contain
e8094,e7837,contain
e8094,e7733,contain
e8094,e8075,contain
e8094,e7946,contain
e8094,e7947,contain
e8094,e7907,contain
e8094,e7839,contain
e8094,e7838,contain
e8094,e7840,contain
e8094,e7949,contain
e8094,e7893,contain
e8094,e7894,contain
e8094,e7908,contain
e8094,e8019,contain
e8094,e8053,contain
e8094,e7895,contain
e8094,e7909,contain
e8094,e7706,contain
e8094,e8020,contain
e8094,e8021,contain
e8094,e7861,contain
e8094,e7862,contain
e8094,e7863,contain
e8094,e8022,contain
e8094,e7910,contain
e8094,e7797,contain
e8094,e7952,contain
e8094,e7950,contain
e8094,e7951,contain
e8094,e7753,contain
e8094,e8038,contain
e8094,e7782,contain
e8094,e7783,contain
e8094,e7953,contain
e8094,e7897,contain
e8094,e7841,contain
e8094,e7864,contain
e8094,e7709,contain
e8094,e7710,contain
e8094,e7995,contain
e8094,e7911,contain
e8094,e8039,contain
e8094,e7955,contain
e8094,e7956,contain
e8094,e8023,contain
e8094,e7842,contain
e8094,e7926,contain
e8094,e7957,contain
e8094,e7997,contain
e8094,e7996,contain
e8094,e7958,contain
e8094,e8070,contain
e8094,e7843,contain
e8094,e7912,contain
e8094,e7998,contain
e8094,e7784,contain
e8094,e8055,contain
e8094,e7712,contain
e8094,e8000,contain
e8094,e7959,contain
e8094,e7867,contain
e8094,e7961,contain
e8094,e7960,contain
e8094,e7868,contain
e8094,e8001,contain
e8094,e7734,contain
e8094,e8003,contain
e8094,e7962,contain
e8094,e7963,contain
e8094,e7713,contain
e8094,e7913,contain
e8094,e7966,contain
e8094,e7964,contain
e8094,e7965,contain
e8094,e7723,contain
e8094,e8076,contain
e8094,e8004,contain
e8094,e7870,contain
e8094,e8078,contain
e8094,e8077,contain
e8094,e7967,contain
e8094,e7929,contain
e8094,e8057,contain
e8094,e8056,contain
e8094,e7968,contain
e8094,e7754,contain
e8094,e7813,contain
e8094,e7969,contain
e8094,e7845,contain
e8094,e7844,contain
e8094,e7871,contain
e8094,e7873,contain
e8094,e8041,contain
e8094,e7787,contain
e8094,e7846,contain
e8094,e7847,contain
e8094,e7970,contain
e8094,e7971,contain
e8094,e7755,contain
e8094,e7874,contain
e8094,e7756,contain
e8094,e7757,contain
e8094,e8058,contain
e8094,e8024,contain
e8094,e7759,contain
e8094,e7875,contain
e8094,e8005,contain
e8094,e8006,contain
e8094,e8007,contain
e8094,e8008,contain
e8094,e7760,contain
e8094,e7762,contain
e8094,e7915,contain
e8094,e7914,contain
e8094,e7972,contain
e8094,e7876,contain
e8094,e7714,contain
e8094,e7715,contain
e8094,e8009,contain
e8094,e7848,contain
e8094,e7973,contain
e8094,e7974,contain
e8094,e7975,contain
e8094,e8080,contain
e8094,e8042,contain
e8094,e7724,contain
e8094,e7764,contain
e8094,e8059,contain
e8094,e7737,contain
e8094,e7916,contain
e8094,e7849,contain
e8094,e7879,contain
e8094,e7878,contain
e8094,e7880,contain
e8094,e7766,contain
e8094,e8081,contain
e8094,e7850,contain
e8094,e7917,contain
e8094,e7918,contain
e8094,e7851,contain
e8094,e7852,contain
e8094,e8043,contain
e8094,e7767,contain
e8094,e7768,contain
e8094,e8082,contain
e8094,e7716,contain
e8094,e7976,contain
e8094,e7977,contain
e8094,e7770,contain
e8094,e8060,contain
e8094,e8083,contain
e8094,e7930,contain
e8094,e7978,contain
e8094,e7979,contain
e8094,e7881,contain
e8094,e7919,contain
e8094,e7920,contain
e8094,e8061,contain
e8094,e7980,contain
e8094,e7883,contain
e8094,e7738,contain
e8094,e7814,contain
e8094,e8028,contain
e8094,e7932,contain
e8094,e8084,contain
e8094,e8012,contain
e8094,e8011,contain
e8094,e7982,contain
e8094,e7802,contain
e8094,e7821,contain
e8094,e8013,contain
e8094,e7815,contain
e8094,e8065,contain
e8094,e7788,contain
e8094,e8085,contain
e8094,e7741,contain
e8094,e7853,contain
e8094,e7983,contain
e8094,e7984,contain
e8094,e7900,contain
e8094,e7822,contain
e8094,e7922,contain
e8094,e7901,contain
e8094,e7804,contain
e8094,e7823,contain
e8094,e8014,contain
e8094,e8066,contain
e8094,e7824,contain
e8094,e7807,contain
e8094,e7725,contain
e8094,e8029,contain
e8094,e8067,contain
e8094,e8015,contain
e8094,e7808,contain
e8094,e7809,contain
e8094,e7985,contain
e8094,e7810,contain
e8094,e8031,contain
e8094,e7771,contain
e8094,e7825,contain
e8094,e8032,contain
e8094,e8033,contain
e8094,e7884,contain
e8094,e7826,contain
e8094,e7827,contain
e8094,e8044,contain
e8094,e7812,contain
e8094,e7886,contain
e8094,e8072,contain
e8094,e8071,contain
e8094,e7718,contain
e8094,e7828,contain
e8094,e8086,contain
e8094,e7728,contain
e8094,e7903,contain
e8094,e7817,contain
e8094,e8045,contain
e8094,e8047,contain
e8094,e8046,contain
e8094,e8068,contain
e8094,e8048,contain
e8094,e8049,contain
e8094,e7773,contain
e8094,e8050,contain
e8094,e7887,contain
e8094,e7987,contain
e8094,e7729,contain
e8094,e7988,contain
e8094,e7719,contain
e8094,e7818,contain
e8094,e7923,contain
e8094,e7790,contain
e8094,e7829,contain
e8094,e7774,contain
e8094,e7720,contain
e8094,e7989,contain
e8094,e7888,contain
e8094,e7775,contain
e8094,e8035,contain
e8094,e7990,contain
e8094,e7830,contain
e8094,e8087,contain
e8094,e7777,contain
e8094,e7991,contain
e8094,e7831,contain
e8094,e7832,contain
e8094,e7992,contain
e8094,e7889,contain
e8094,e7779,contain
e8094,e8016,contain
e8100,e8095,contain
e8311,e8162,contain
e8311,e8140,contain
e8311,e8219,contain
e8311,e8147,contain
e8311,e8286,contain
e8311,e8258,contain
e8311,e8127,contain
e8311,e8241,contain
e8311,e8170,contain
e8311,e8186,contain
e8311,e8259,contain
e8311,e8128,contain
e8311,e8293,contain
e8311,e8172,contain
e8311,e8171,contain
e8311,e8215,contain
e8311,e8173,contain
e8311,e8216,contain
e8311,e8150,contain
e8311,e8242,contain
e8311,e8217,contain
e8311,e8174,contain
e8311,e8243,contain
e8311,e8244,contain
e8311,e8260,contain
e8311,e8261,contain
e8311,e8129,contain
e8311,e8114,contain
e8311,e8245,contain
e8311,e8262,contain
e8311,e8218,contain
e8311,e8263,contain
e8311,e8206,contain
e8311,e8157,contain
e8311,e8187,contain
e8311,e8247,contain
e8311,e8115,contain
e8311,e8294,contain
e8311,e8287,contain
e8311,e8288,contain
e8311,e8105,contain
e8311,e8175,contain
e8311,e8295,contain
e8311,e8296,contain
e8311,e8220,contain
e8311,e8248,contain
e8311,e8130,contain
e8311,e8249,contain
e8311,e8297,contain
e8311,e8189,contain
e8311,e8264,contain
e8311,e8131,contain
e8311,e8176,contain
e8311,e8298,contain
e8311,e8177,contain
e8311,e8178,contain
e8311,e8179,contain
e8311,e8132,contain
e8311,e8250,contain
e8311,e8207,contain
e8311,e8190,contain
e8311,e8265,contain
e8311,e8133,contain
e8311,e8273,contain
e8311,e8266,contain
e8311,e8106,contain
e8311,e8152,contain
e8311,e8192,contain
e8311,e8191,contain
e8311,e8198,contain
e8311,e8267,contain
e8311,e8153,contain
e8311,e8107,contain
e8311,e8281,contain
e8311,e8108,contain
e8311,e8116,contain
e8311,e8268,contain
e8311,e8301,contain
e8311,e8300,contain
e8311,e8274,contain
e8311,e8282,contain
e8311,e8221,contain
e8311,e8251,contain
e8311,e8134,contain
e8311,e8289,contain
e8311,e8109,contain
e8311,e8102,contain
e8311,e8222,contain
e8311,e8135,contain
e8311,e8302,contain
e8311,e8117,contain
e8311,e8160,contain
e8311,e8180,contain
e8311,e8161,contain
e8311,e8193,contain
e8311,e8283,contain
e8311,e8252,contain
e8311,e8253,contain
e8311,e8254,contain
e8311,e8275,contain
e8311,e8163,contain
e8311,e8223,contain
e8311,e8164,contain
e8311,e8194,contain
e8311,e8303,contain
e8311,e8304,contain
e8311,e8224,contain
e8311,e8208,contain
e8311,e8203,contain
e8311,e8136,contain
e8311,e8137,contain
e8311,e8138,contain
e8311,e8225,contain
e8311,e8284,contain
e8311,e8285,contain
e8311,e8165,contain
e8311,e8181,contain
e8311,e8118,contain
e8311,e8226,contain
e8311,e8139,contain
e8311,e8209,contain
e8311,e8119,contain
e8311,e8182,contain
e8311,e8199,contain
e8311,e8290,contain
e8311,e8256,contain
e8311,e8227,contain
e8311,e8195,contain
e8311,e8204,contain
e8311,e8141,contain
e8311,e8121,contain
e8311,e8183,contain
e8311,e8120,contain
e8311,e8166,contain
e8311,e8143,contain
e8311,e8142,contain
e8311,e8148,contain
e8311,e8110,contain
e8311,e8158,contain
e8311,e8200,contain
e8311,e8184,contain
e8311,e8122,contain
e8311,e8123,contain
e8311,e8149,contain
e8311,e8167,contain
e8311,e8230,contain
e8311,e8210,contain
e8311,e8291,contain
e8311,e8124,contain
e8311,e8111,contain
e8311,e8112,contain
e8311,e8231,contain
e8311,e8233,contain
e8311,e8232,contain
e8311,e8144,contain
e8311,e8269,contain
e8311,e8234,contain
e8311,e8270,contain
e8311,e8154,contain
e8311,e8113,contain
e8311,e8276,contain
e8311,e8168,contain
e8311,e8237,contain
e8311,e8145,contain
e8311,e8155,contain
e8311,e8156,contain
e8311,e8277,contain
e8311,e8292,contain
e8311,e8211,contain
e8311,e8196,contain
e8311,e8103,contain
e8311,e8104,contain
e8311,e8212,contain
e8311,e8125,contain
e8311,e8272,contain
e8311,e8169,contain
e8311,e8201,contain
e8311,e8126,contain
e8311,e8159,contain
e8311,e8213,contain
e8311,e8214,contain
e8311,e8101,contain
e8311,e8146,contain
e8311,e8197,contain
e8311,e8202,contain
e8311,e8185,contain
e8311,e8238,contain
e8311,e8239,contain
e8437,e8398,contain
e8437,e8399,contain
e8437,e8407,contain
e8437,e8401,contain
e8437,e8411,contain
e8437,e8397,contain
e8437,e8425,contain
e8437,e8415,contain
e8437,e8414,contain
e8437,e8413,contain
e8437,e8423,contain
e8437,e8429,contain
e8437,e8400,contain
e8437,e8431,contain
e8437,e8428,contain
e8437,e8427,contain
e8437,e8396,contain
e8437,e8419,contain
e8526,e8522,contain
e8526,e8516,contain
e8526,e8518,contain
e8526,e8506,contain
e8526,e8521,contain
e8526,e8505,contain
e8526,e8502,contain
e8526,e8509,contain
e8526,e8512,contain
e8526,e8514,contain
e8526,e8511,contain
e8526,e8513,contain
e8526,e8507,contain
e8526,e8519,contain
e8526,e8520,contain
e8526,e8504,contain
e8526,e8503,contain
e8526,e8510,contain
e8526,e8501,contain
e8526,e8500,contain
e8526,e8499,contain
e8526,e8515,contain
e8526,e8517,contain
e8526,e8508,contain
e8585,e8583,contain
e8588,e8566,contain
e8588,e8541,contain
e8588,e8536,contain
e8588,e8555,contain
e8588,e8578,contain
e8588,e8569,contain
e8588,e8557,contain
e8588,e8574,contain
e8588,e8546,contain
e8588,e8571,contain
e8588,e8580,contain
e8588,e8572,contain
e8588,e8554,contain
e8588,e8549,contain
e8588,e8560,contain
e8588,e8544,contain
e8588,e8537,contain
e8588,e8576,contain
e8588,e8542,contain
e8588,e8543,contain
e8588,e8577,contain
e8588,e8567,contain
e8588,e8539,contain
e8588,e8568,contain
e8588,e8556,contain
e8608,e8601,contain
e8608,e8591,contain
e8608,e8599,contain
e8620,e8611,contain
e8665,e8657,contain
e8728,e8720,contain
e8756,e8749,contain
e8756,e8745,contain
e8756,e8746,contain
e8756,e8747,contain
e8756,e8748,contain
e9036,e8980,contain
e9036,e9026,contain
e9036,e9022,contain
e9036,e8991,contain
e9036,e8973,contain
e9036,e8971,contain
e9036,e8955,contain
e9036,e9025,contain
e9036,e8953,contain
e9036,e9001,contain
e9036,e8987,contain
e9036,e9021,contain
e9036,e8952,contain
e9036,e8990,contain
e9036,e8945,contain
e9036,e8951,contain
e9036,e9020,contain
e9036,e9000,contain
e9036,e9019,contain
e9036,e8970,contain
e9036,e8969,contain
e9036,e9017,contain
e9036,e9024,contain
e9036,e8968,contain
e9036,e8958,contain
e9036,e8942,contain
e9036,e8943,contain
e9036,e8999,contain
e9036,e8957,contain
e9036,e9011,contain
e9036,e8998,contain
e9036,e9009,contain
e9036,e9028,contain
e9036,e8941,contain
e9036,e8986,contain
e9036,e9008,contain
e9036,e8992,contain
e9036,e9007,contain
e9036,e8982,contain
e9036,e8950,contain
e9036,e8981,contain
e9036,e8956,contain
e9036,e8985,contain
e9036,e9023,contain
e9036,e8995,contain
e9036,e8960,contain
e9036,e8949,contain
e9036,e8989,contain
e9036,e8979,contain
e9036,e9006,contain
e9036,e9016,contain
e9036,e8978,contain
e9036,e8954,contain
e9036,e8959,contain
e9036,e8994,contain
e9036,e9005,contain
e9036,e8977,contain
e9036,e8967,contain
e9036,e8966,contain
e9036,e9015,contain
e9036,e8965,contain
e9036,e9014,contain
e9036,e8993,contain
e9036,e9013,contain
e9036,e8948,contain
e9036,e9010,contain
e9036,e8975,contain
e9036,e8947,contain
e9036,e9018,contain
e9036,e8944,contain
e9036,e8974,contain
e9036,e9002,contain
e9036,e8962,contain
e9036,e8961,contain
e9036,e8997,contain
e9036,e8996,contain
e9036,e9003,contain
e9036,e8946,contain
e9036,e8984,contain
e9074,e9069,contain
e9074,e9068,contain
e9074,e9067,contain
e9090,e9123,contain
e9090,e9108,contain
e9090,e9105,contain
e9090,e9111,contain
e9090,e9154,contain
e9090,e9098,contain
e9090,e9099,contain
e9090,e9152,contain
e9090,e9141,contain
e9090,e9107,contain
e9090,e9109,contain
e9090,e9122,contain
e9090,e9119,contain
e9090,e9139,contain
e9091,e9097,contain
e9091,e9146,contain
e9091,e9136,contain
e9091,e9149,contain
e9091,e9106,contain
e9456,e9422,contain
e9456,e9440,contain
e9456,e9423,contain
e9456,e9442,contain
e9456,e9432,contain
e9456,e9445,contain
e9456,e9443,contain
e9516,e9512,contain
e9597,e9545,contain
e9597,e9573,contain
e9597,e9527,contain
e9597,e9555,contain
e9597,e9579,contain
e9597,e9528,contain
e9597,e9546,contain
e9597,e9551,contain
e9597,e9550,contain
e9597,e9567,contain
e9597,e9544,contain
e9597,e9525,contain
e9597,e9543,contain
e9597,e9566,contain
e9597,e9578,contain
e9597,e9549,contain
e9597,e9542,contain
e9597,e9535,contain
e9597,e9534,contain
e9597,e9541,contain
e9597,e9577,contain
e9597,e9576,contain
e9597,e9584,contain
e9597,e9521,contain
e9597,e9565,contain
e9597,e9581,contain
e9597,e9539,contain
e9597,e9575,contain
e9597,e9520,contain
e9597,e9586,contain
e9597,e9554,contain
e9597,e9556,contain
e9597,e9547,contain
e9597,e9538,contain
e9597,e9574,contain
e9597,e9564,contain
e9597,e9562,contain
e9597,e9519,contain
e9597,e9572,contain
e9597,e9561,contain
e9597,e9580,contain
e9597,e9590,contain
e9597,e9518,contain
e9597,e9589,contain
e9597,e9517,contain
e9597,e9557,contain
e9597,e9560,contain
e9597,e9559,contain
e9597,e9570,contain
e9597,e9588,contain
e9597,e9569,contain
e9597,e9522,contain
e9597,e9530,contain
e9597,e9591,contain
e9597,e9563,contain
e10027,e9960,contain
e10027,e9988,contain
e10027,e9943,contain
e10027,e9962,contain
e10027,e9831,contain
e10027,e9953,contain
e10027,e10003,contain
e10027,e10000,contain
e10027,e9934,contain
e10027,e9938,contain
e10027,e9881,contain
e10027,e10013,contain
e10027,e9830,contain
e10027,e10014,contain
e10027,e9866,contain
e10027,e9942,contain
e10027,e9806,contain
e10027,e9950,contain
e10027,e9797,contain
e10027,e9903,contain
e10027,e9826,contain
e10027,e9891,contain
e10027,e9849,contain
e10027,e9935,contain
e10027,e10008,contain
e10027,e9892,contain
e10027,e10009,contain
e10027,e9863,contain
e10027,e9800,contain
e10027,e9810,contain
e10027,e9939,contain
e10027,e9906,contain
e10027,e9925,contain
e10027,e9880,contain
e10027,e9835,contain
e10027,e9893,contain
e10027,e9995,contain
e10027,e9828,contain
e10027,e9919,contain
e10027,e9801,contain
e10027,e9940,contain
e10027,e9941,contain
e10027,e9829,contain
e10027,e9816,contain
e10027,e9981,contain
e10027,e9895,contain
e10027,e9920,contain
e10038,e10033,contain
e10038,e10034,contain
e10213,e10185,contain
e10213,e10208,contain
e10213,e10206,contain
e10213,e10207,contain
e10213,e10172,contain
e10213,e10201,contain
e10213,e10203,contain
e10213,e10191,contain
e10213,e10204,contain
e10213,e10177,contain
e10213,e10186,contain
e10213,e10178,contain
e10213,e10192,contain
e10213,e10193,contain
e10213,e10187,contain
e10213,e10183,contain
e10213,e10194,contain
e10213,e10173,contain
e10213,e10195,contain
e10213,e10205,contain
e10213,e10179,contain
e10213,e10189,contain
e10213,e10196,contain
e10213,e10188,contain
e10213,e10176,contain
e10213,e10202,contain
e10213,e10182,contain
e10213,e10197,contain
e10213,e10180,contain
e10213,e10181,contain
e10213,e10190,contain
e10213,e10198,contain
e10213,e10199,contain
e10213,e10200,contain
e10224,e10217,contain
e10254,e10228,contain
e10254,e10234,contain
e10254,e10245,contain
e10254,e10232,contain
e10254,e10235,contain
e10254,e10233,contain
e10254,e10248,contain
e10254,e10246,contain
e10254,e10237,contain
e10254,e10236,contain
e10254,e10238,contain
e10254,e10247,contain
e10254,e10227,contain
e10254,e10244,contain
e10254,e10241,contain
e10254,e10243,contain
e10275,e10263,contain
e10275,e10265,contain
e10275,e10259,contain
e10275,e10264,contain
e10275,e10269,contain
e10275,e10262,contain
e10275,e10261,contain
e10275,e10255,contain
e10275,e10266,contain
e10275,e10257,contain
e10275,e10260,contain
e10275,e10256,contain
e10275,e10270,contain
e10391,e10358,contain
e10391,e10361,contain
e10391,e10379,contain
e10391,e10342,contain
e10391,e10377,contain
e10391,e10382,contain
e10391,e10343,contain
e10391,e10354,contain
e10391,e10365,contain
e10391,e10359,contain
e10391,e10344,contain
e10391,e10366,contain
e10391,e10367,contain
e10391,e10362,contain
e10391,e10355,contain
e10391,e10368,contain
e10391,e10369,contain
e10391,e10370,contain
e10391,e10371,contain
e10391,e10381,contain
e10391,e10363,contain
e10391,e10372,contain
e10391,e10345,contain
e10391,e10364,contain
e10391,e10357,contain
e10391,e10352,contain
e10391,e10346,contain
e10391,e10353,contain
e10391,e10347,contain
e10391,e10383,contain
e10391,e10376,contain
e10391,e10348,contain
e10597,e10593,contain
e10698,e10688,contain
e10698,e10674,contain
e10698,e10685,contain
e10698,e10687,contain
e10698,e10663,contain
e10698,e10680,contain
e10698,e10682,contain
e10698,e10686,contain
e10698,e10684,contain
e10719,e10715,contain
e10719,e10714,contain
e10751,e10743,contain
e10751,e10728,contain
e10751,e10742,contain
e10751,e10731,contain
e10751,e10732,contain
e10751,e10739,contain
e10751,e10733,contain
e10751,e10738,contain
e10751,e10730,contain
e10759,e10753,contain
e10759,e10754,contain
e10768,e10762,contain
e10768,e10763,contain
e10882,e10873,contain
e11066,e11004,contain
e11066,e11023,contain
e11066,e11049,contain
e11066,e11009,contain
e11066,e11014,contain
e11066,e10997,contain
e11066,e11050,contain
e11066,e11011,contain
e11066,e11024,contain
e11066,e11046,contain
e11066,e11055,contain
e11066,e11056,contain
e11066,e10992,contain
e11066,e10991,contain
e11066,e10984,contain
e11066,e11038,contain
e11066,e11028,contain
e11066,e11029,contain
e11066,e10985,contain
e11066,e11042,contain
e11097,e11096,contain
e11101,e11091,contain
e11101,e11085,contain
e11101,e11087,contain
e11101,e11079,contain
e11101,e11084,contain
e11101,e11093,contain
e11410,e11394,contain
e11410,e11402,contain
e11410,e11400,contain
e11410,e11382,contain
e11410,e11345,contain
e11410,e11334,contain
e11410,e11365,contain
e11410,e11332,contain
e11410,e11333,contain
e11410,e11380,contain
e11410,e11381,contain
e11410,e11360,contain
e11410,e11341,contain
e11410,e11392,contain
e11410,e11378,contain
e11410,e11368,contain
e11410,e11344,contain
e11410,e11361,contain
e11410,e11340,contain
e11410,e11399,contain
e11564,e11550,contain
e11598,e11594,contain
e11598,e11593,contain
e12344,e12338,contain
e12344,e12325,contain
e12344,e12335,contain
e12443,e12393,contain
e12443,e12433,contain
e12804,e12554,contain
e12804,e12553,contain
e12804,e12530,contain
e12804,e12639,contain
e12804,e12638,contain
e12804,e12664,contain
e12804,e12788,contain
e12804,e12767,contain
e12804,e12549,contain
e12804,e12552,contain
e12804,e12683,contain
e12804,e12674,contain
e12804,e12721,contain
e12804,e12772,contain
e12804,e12611,contain
e12804,e12647,contain
e12804,e12660,contain
e12804,e12546,contain
e12804,e12705,contain
e12804,e12619,contain
e12804,e12722,contain
e12804,e12557,contain
e12804,e12655,contain
e12804,e12693,contain
e12804,e12644,contain
e12804,e12615,contain
e12804,e12697,contain
e12804,e12784,contain
e12804,e12682,contain
e12804,e12723,contain
e12804,e12733,contain
e12804,e12706,contain
e12804,e12555,contain
e12804,e12605,contain
e12804,e12739,contain
e12804,e12541,contain
e12804,e12679,contain
e12804,e12755,contain
e12804,e12686,contain
e12804,e12577,contain
e12804,e12548,contain
e12804,e12598,contain
e12804,e12677,contain
e12804,e12640,contain
e12804,e12567,contain
e12804,e12612,contain
e12804,e12707,contain
e12804,e12768,contain
e12804,e12566,contain
e12804,e12599,contain
e12804,e12540,contain
e12804,e12545,contain
e12804,e12780,contain
e12804,e12713,contain
e12804,e12579,contain
e12804,e12666,contain
e12804,e12592,contain
e12804,e12613,contain
e12804,e12710,contain
e12804,e12776,contain
e12804,e12756,contain
e12804,e12675,contain
e12804,e12610,contain
e12804,e12665,contain
e12804,e12528,contain
e12804,e12766,contain
e12804,e12535,contain
e12804,e12771,contain
e12804,e12685,contain
e12804,e12658,contain
e12804,e12589,contain
e12804,e12654,contain
e12804,e12662,contain
e12804,e12740,contain
e12804,e12742,contain
e12804,e12558,contain
e12804,e12729,contain
e12804,e12537,contain
e12804,e12576,contain
e12804,e12590,contain
e12804,e12631,contain
e12804,e12600,contain
e12804,e12542,contain
e12804,e12743,contain
e12804,e12694,contain
e12804,e12763,contain
e12804,e12758,contain
e12804,e12574,contain
e12804,e12737,contain
e12804,e12563,contain
e12804,e12757,contain
e12804,e12696,contain
e12804,e12663,contain
e12804,e12550,contain
e12804,e12727,contain
e12804,e12684,contain
e12804,e12544,contain
e12804,e12709,contain
e12831,e12817,contain
e12861,e12855,contain
e12861,e12854,contain
e12894,e12888,contain
e4312,e4310,contain
e4312,e4311,contain
e3,e2,contain
e3,e0,contain
e3,e1,contain
e3,e4,contain
e5,e6,contain
e9,e8,contain
e11,e10,contain
e161,e159,contain
e161,e160,contain
e161,e150,contain
e161,e152,contain
e161,e153,contain
e161,e154,contain
e161,e147,contain
e161,e155,contain
e161,e156,contain
e161,e148,contain
e161,e151,contain
e161,e149,contain
e161,e157,contain
e164,e163,contain
e167,e166,contain
e169,e168,contain
e185,e184,contain
e188,e187,contain
e191,e190,contain
e194,e192,contain
e194,e193,contain
e197,e196,contain
e200,e199,contain
e208,e206,contain
e208,e201,contain
e208,e207,contain
e208,e202,contain
e208,e203,contain
e208,e204,contain
e210,e209,contain
e212,e211,contain
e216,e215,contain
e295,e294,contain
e296,e297,contain
e296,e298,contain
e301,e300,contain
e305,e303,contain
e305,e304,contain
e305,e302,contain
e403,e402,contain
e405,e404,contain
e409,e407,contain
e409,e408,contain
e413,e412,contain
e414,e415,contain
e506,e504,contain
e506,e505,contain
e506,e501,contain
e506,e503,contain
e506,e502,contain
e509,e508,contain
e561,e559,contain
e561,e560,contain
e563,e564,contain
e575,e574,contain
e575,e572,contain
e575,e568,contain
e575,e565,contain
e575,e573,contain
e575,e571,contain
e575,e570,contain
e575,e567,contain
e575,e566,contain
e601,e600,contain
e601,e597,contain
e601,e598,contain
e601,e596,contain
e601,e599,contain
e604,e603,contain
e607,e606,contain
e610,e609,contain
e614,e613,contain
e617,e616,contain
e627,e625,contain
e627,e626,contain
e631,e630,contain
e634,e633,contain
e880,e878,contain
e880,e873,contain
e880,e879,contain
e880,e874,contain
e880,e875,contain
e880,e876,contain
e880,e872,contain
e883,e882,contain
e887,e886,contain
e887,e885,contain
e887,e884,contain
e897,e895,contain
e897,e896,contain
e905,e904,contain
e914,e913,contain
e914,e909,contain
e914,e912,contain
e914,e910,contain
e914,e907,contain
e914,e908,contain
e925,e923,contain
e925,e924,contain
e949,e950,contain
e953,e952,contain
e960,e959,contain
e960,e955,contain
e960,e957,contain
e960,e961,contain
e960,e956,contain
e960,e954,contain
e960,e958,contain
e1031,e1029,contain
e1031,e1030,contain
e1048,e1044,contain
e1048,e1047,contain
e1048,e1046,contain
e1048,e1040,contain
e1048,e1049,contain
e1054,e1052,contain
e1054,e1053,contain
e1054,e1051,contain
e1081,e1080,contain
e1089,e1088,contain
e1127,e1126,contain
e1127,e1128,contain
e1131,e1130,contain
e1167,e1168,contain
e1167,e1164,contain
e1167,e1166,contain
e1167,e1165,contain
e2802,e2800,contain
e2802,e2801,contain
e2830,e2829,contain
e2865,e2866,contain
e2865,e2863,contain
e2865,e2837,contain
e2865,e2855,contain
e2865,e2849,contain
e2865,e2858,contain
e2865,e2856,contain
e2865,e2846,contain
e2865,e2859,contain
e2865,e2860,contain
e2865,e2850,contain
e2865,e2852,contain
e2865,e2847,contain
e2865,e2848,contain
e2865,e2843,contain
e2865,e2853,contain
e2865,e2864,contain
e2873,e2867,contain
e2873,e2872,contain
e2873,e2868,contain
e2873,e2871,contain
e2873,e2869,contain
e2873,e2870,contain
e2877,e2878,contain
e2885,e2886,contain
e2885,e2879,contain
e2885,e2882,contain
e2885,e2884,contain
e2885,e2881,contain
e2885,e2880,contain
e2885,e2883,contain
e2890,e2889,contain
e2894,e2893,contain
e2894,e2892,contain
e2931,e2930,contain
e2934,e2933,contain
e2937,e2936,contain
e2979,e2978,contain
e2987,e2986,contain
e2992,e2993,contain
e2996,e2995,contain
e2999,e2998,contain
e3014,e3012,contain
e3014,e3013,contain
e3014,e3015,contain
e3083,e3082,contain
e3208,e3207,contain
e3221,e3220,contain
e3223,e3222,contain
e3226,e3225,contain
e3287,e3285,contain
e3287,e3286,contain
e3309,e3308,contain
e3309,e3305,contain
e3309,e3290,contain
e3309,e3298,contain
e3309,e3299,contain
e3309,e3300,contain
e3309,e3301,contain
e3309,e3302,contain
e3309,e3294,contain
e3309,e3289,contain
e3309,e3304,contain
e3309,e3303,contain
e3309,e3292,contain
e3309,e3291,contain
e3309,e3288,contain
e3309,e3295,contain
e3309,e3296,contain
e3309,e3297,contain
e3309,e3293,contain
e3309,e3307,contain
e3319,e3318,contain
e3319,e3315,contain
e3319,e3313,contain
e3319,e3320,contain
e3319,e3312,contain
e3319,e3314,contain
e3319,e3311,contain
e3319,e3317,contain
e3323,e3322,contain
e3323,e3324,contain
e3327,e3326,contain
e3332,e3329,contain
e3332,e3331,contain
e3332,e3328,contain
e3332,e3330,contain
e3335,e3334,contain
e3338,e3336,contain
e3338,e3337,contain
e3349,e3348,contain
e3414,e3415,contain
e3426,e3419,contain
e3426,e3424,contain
e3426,e3425,contain
e3426,e3423,contain
e3426,e3427,contain
e3426,e3428,contain
e3494,e3492,contain
e3494,e3495,contain
e3494,e3490,contain
e3494,e3493,contain
e3494,e3491,contain
e3494,e3489,contain
e3499,e3498,contain
e3499,e3497,contain
e3510,e3509,contain
e3513,e3512,contain
e3516,e3515,contain
e3521,e3520,contain
e3521,e3522,contain
e3530,e3529,contain
e3530,e3531,contain
e3534,e3533,contain
e3537,e3535,contain
e3537,e3536,contain
e3540,e3539,contain
e3573,e3569,contain
e3573,e3572,contain
e3573,e3570,contain
e3573,e3571,contain
e3575,e3576,contain
e3578,e3577,contain
e3581,e3580,contain
e3608,e3607,contain
e3608,e3609,contain
e3618,e3616,contain
e3618,e3615,contain
e3618,e3617,contain
e3618,e3614,contain
e3618,e3619,contain
e3618,e3613,contain
e3618,e3611,contain
e3618,e3612,contain
e3621,e3622,contain
e3625,e3624,contain
e3627,e3626,contain
e3901,e3899,contain
e3901,e3898,contain
e3901,e3900,contain
e3907,e3906,contain
e3907,e3908,contain
e3907,e3905,contain
e3907,e3904,contain
e3907,e3903,contain
e3924,e3923,contain
e3924,e3919,contain
e3924,e3925,contain
e3924,e3913,contain
e3924,e3911,contain
e3924,e3916,contain
e3924,e3917,contain
e3924,e3918,contain
e3924,e3912,contain
e3924,e3909,contain
e3924,e3915,contain
e3924,e3910,contain
e3924,e3921,contain
e3924,e3914,contain
e3930,e3929,contain
e3930,e3928,contain
e3935,e3932,contain
e3935,e3933,contain
e3935,e3934,contain
e3938,e3937,contain
e3941,e3940,contain
e3944,e3943,contain
e3946,e3945,contain
e3951,e3950,contain
e3951,e3948,contain
e3951,e3947,contain
e3954,e3955,contain
e3954,e3952,contain
e3954,e3953,contain
e3959,e3960,contain
e3959,e3957,contain
e3959,e3958,contain
e3963,e3962,contain
e4276,e4275,contain
e4297,e4296,contain
e4297,e4294,contain
e4297,e4298,contain
e4297,e4292,contain
e4297,e4295,contain
e4297,e4299,contain
e4303,e4302,contain
e4324,e4323,contain
e4351,e4348,contain
e4351,e4350,contain
e4351,e4349,contain
e4354,e4353,contain
e4361,e4358,contain
e4361,e4362,contain
e4361,e4359,contain
e4361,e4357,contain
e4361,e4360,contain
e4361,e4356,contain
e4366,e4367,contain
e4369,e4368,contain
e4722,e4720,contain
e4722,e4721,contain
e4724,e4723,contain
e4732,e4730,contain
e4732,e4731,contain
e4735,e4734,contain
e4779,e4780,contain
e4779,e4775,contain
e4779,e4778,contain
e4779,e4776,contain
e4779,e4774,contain
e4779,e4777,contain
e4784,e4783,contain
e4787,e4788,contain
e4787,e4786,contain
e4791,e4790,contain
e4806,e4805,contain
e4809,e4807,contain
e4809,e4808,contain
e4846,e4843,contain
e4846,e4845,contain
e4846,e4842,contain
e4846,e4844,contain
e4850,e4851,contain
e4893,e4892,contain
e4893,e4894,contain
e4905,e4904,contain
e4913,e4907,contain
e4913,e4914,contain
e4913,e4910,contain
e4913,e4912,contain
e4913,e4909,contain
e4913,e4908,contain
e4913,e4911,contain
e4955,e4954,contain
e4957,e4956,contain
e4959,e4958,contain
e4963,e4960,contain
e4963,e4962,contain
e4963,e4961,contain
e4963,e4964,contain
e4967,e4966,contain
e4969,e4968,contain
e5038,e5037,contain
e5332,e5331,contain
e5348,e5347,contain
e5442,e5443,contain
e5442,e5441,contain
e5480,e5478,contain
e5480,e5479,contain
e5483,e5482,contain
e5483,e5484,contain
e5506,e5504,contain
e5506,e5505,contain
e5506,e5494,contain
e5506,e5499,contain
e5506,e5501,contain
e5506,e5486,contain
e5506,e5490,contain
e5506,e5491,contain
e5506,e5488,contain
e5506,e5498,contain
e5506,e5489,contain
e5506,e5497,contain
e5506,e5487,contain
e5506,e5495,contain
e5506,e5496,contain
e5506,e5492,contain
e5506,e5493,contain
e5506,e5507,contain
e5506,e5508,contain
e5506,e5503,contain
e5515,e5513,contain
e5515,e5514,contain
e5515,e5516,contain
e5519,e5518,contain
e5520,e5521,contain
e5524,e5523,contain
e5526,e5525,contain
e5531,e5530,contain
e5537,e5535,contain
e5537,e5534,contain
e5537,e5536,contain
e5542,e5541,contain
e5542,e5539,contain
e5542,e5540,contain
e5542,e5538,contain
e5546,e5544,contain
e5546,e5545,contain
e5546,e5543,contain
e5549,e5548,contain
e5551,e5550,contain
e5568,e5565,contain
e5568,e5570,contain
e5568,e5563,contain
e5568,e5564,contain
e5568,e5560,contain
e5568,e5569,contain
e5568,e5557,contain
e5568,e5567,contain
e5568,e5558,contain
e5568,e5566,contain
e5568,e5559,contain
e5579,e5580,contain
e5612,e5602,contain
e5612,e5611,contain
e5612,e5605,contain
e5612,e5606,contain
e5612,e5608,contain
e5612,e5610,contain
e5612,e5601,contain
e5612,e5600,contain
e5612,e5607,contain
e5612,e5604,contain
e5612,e5603,contain
e5612,e5609,contain
e5615,e5616,contain
e5640,e5637,contain
e5640,e5633,contain
e5640,e5639,contain
e5640,e5638,contain
e5640,e5641,contain
e5662,e5642,contain
e5662,e5661,contain
e5662,e5646,contain
e5662,e5663,contain
e5662,e5648,contain
e5662,e5652,contain
e5662,e5653,contain
e5662,e5644,contain
e5662,e5650,contain
e5662,e5651,contain
e5662,e5654,contain
e5662,e5643,contain
e5662,e5656,contain
e5662,e5647,contain
e5662,e5655,contain
e5662,e5657,contain
e5662,e5649,contain
e5662,e5645,contain
e5662,e5658,contain
e5662,e5659,contain
e5662,e5660,contain
e5666,e5665,contain
e5669,e5668,contain
e5672,e5671,contain
e5675,e5674,contain
e5678,e5679,contain
e5681,e5680,contain
e5689,e5688,contain
e5689,e5683,contain
e5689,e5687,contain
e5689,e5684,contain
e5689,e5685,contain
e5689,e5686,contain
e5693,e5692,contain
e5693,e5691,contain
e5696,e5694,contain
e5696,e5695,contain
e5698,e5697,contain
e5701,e5700,contain
e5711,e5710,contain
e5713,e5712,contain
e5724,e5721,contain
e5724,e5723,contain
e5724,e5722,contain
e5730,e5731,contain
e5734,e5733,contain
e5745,e5744,contain
e5747,e5748,contain
e5750,e5749,contain
e5753,e5752,contain
e5756,e5757,contain
e5756,e5755,contain
e5760,e5759,contain
e5764,e5763,contain
e5768,e5767,contain
e5770,e5769,contain
e5778,e5775,contain
e5778,e5777,contain
e5778,e5772,contain
e5778,e5776,contain
e5778,e5774,contain
e5778,e5779,contain
e5778,e5780,contain
e5844,e5843,contain
e5844,e5841,contain
e5844,e5842,contain
e5844,e5845,contain
e5848,e5847,contain
e5850,e5849,contain
e5852,e5851,contain
e5855,e5854,contain
e5855,e5853,contain
e5858,e5856,contain
e5858,e5857,contain
e5862,e5861,contain
e5866,e5867,contain
e5866,e5865,contain
e5866,e5864,contain
e5866,e5863,contain
e5931,e5932,contain
e5931,e5930,contain
e5935,e5936,contain
e5939,e5938,contain
e5952,e5951,contain
e5953,e5954,contain
e5966,e5967,contain
e5969,e5968,contain
e5973,e5974,contain
e5973,e5971,contain
e5973,e5972,contain
e5977,e5976,contain
e5981,e5980,contain
e5984,e5982,contain
e5984,e5983,contain
e5987,e5986,contain
e5990,e5989,contain
e5990,e5991,contain
e5995,e5994,contain
e5999,e5998,contain
e5999,e5997,contain
e5999,e5996,contain
e6003,e6002,contain
e6006,e6005,contain
e6015,e6016,contain
e6114,e6113,contain
e6118,e6119,contain
e6118,e6117,contain
e6122,e6121,contain
e6125,e6124,contain
e6128,e6127,contain
e6132,e6131,contain
e6136,e6133,contain
e6136,e6135,contain
e6136,e6134,contain
e6138,e6139,contain
e6142,e6141,contain
e6148,e6147,contain
e6148,e6144,contain
e6148,e6149,contain
e6153,e6154,contain
e6153,e6151,contain
e6153,e6152,contain
e6217,e6216,contain
e6219,e6218,contain
e6222,e6221,contain
e6398,e6400,contain
e6398,e6397,contain
e6398,e6396,contain
e6398,e6395,contain
e6398,e6399,contain
e6405,e6404,contain
e6405,e6403,contain
e6405,e6406,contain
e6415,e6409,contain
e6415,e6410,contain
e6415,e6411,contain
e6415,e6414,contain
e6415,e6413,contain
e6415,e6412,contain
e6415,e6408,contain
e6425,e6424,contain
e6465,e6464,contain
e6465,e6462,contain
e6465,e6463,contain
e6465,e6466,contain
e6566,e6567,contain
e6576,e6577,contain
e6583,e6582,contain
e6586,e6585,contain
e6589,e6588,contain
e6595,e6591,contain
e6595,e6596,contain
e6595,e6594,contain
e6595,e6590,contain
e6595,e6593,contain
e6608,e6607,contain
e6608,e6599,contain
e6608,e6606,contain
e6608,e6603,contain
e6608,e6601,contain
e6608,e6602,contain
e6608,e6605,contain
e6608,e6598,contain
e6608,e6604,contain
e6608,e6600,contain
e6629,e6628,contain
e6632,e6631,contain
e6633,e6634,contain
e6652,e6651,contain
e6652,e6649,contain
e6652,e6650,contain
e6652,e6644,contain
e6652,e6639,contain
e6652,e6645,contain
e6652,e6635,contain
e6652,e6640,contain
e6652,e6637,contain
e6652,e6647,contain
e6652,e6636,contain
e6652,e6648,contain
e6652,e6641,contain
e6652,e6638,contain
e6652,e6642,contain
e6652,e6643,contain
e6652,e6646,contain
e6656,e6657,contain
e6660,e6659,contain
e6663,e6664,contain
e6667,e6666,contain
e6670,e6669,contain
e6672,e6671,contain
e6674,e6673,contain
e6679,e6677,contain
e6679,e6678,contain
e6905,e6904,contain
e6905,e6906,contain
e6905,e6898,contain
e6905,e6907,contain
e6910,e6909,contain
e6914,e6913,contain
e6914,e6911,contain
e6914,e6915,contain
e7093,e7091,contain
e7093,e7092,contain
e7093,e7083,contain
e7093,e7085,contain
e7093,e7086,contain
e7093,e7087,contain
e7093,e7088,contain
e7093,e7089,contain
e7093,e7094,contain
e7097,e7096,contain
e7101,e7102,contain
e7121,e7119,contain
e7121,e7120,contain
e7121,e7122,contain
e7126,e7125,contain
e7226,e7224,contain
e7226,e7225,contain
e7232,e7231,contain
e7232,e7233,contain
e7642,e7641,contain
e7643,e7644,contain
e7646,e7647,contain
e7650,e7649,contain
e7653,e7652,contain
e7656,e7657,contain
e7656,e7655,contain
e7660,e7659,contain
e8313,e8312,contain
e8317,e8318,contain
e8317,e8315,contain
e8317,e8316,contain
e8320,e8319,contain
e8466,e8463,contain
e8466,e8465,contain
e8488,e8487,contain
e8488,e8484,contain
e8488,e8486,contain
e8488,e8485,contain
e8488,e8483,contain
e8496,e8494,contain
e8496,e8495,contain
e8498,e8497,contain
e8529,e8530,contain
e8529,e8528,contain
e8532,e8531,contain
e8535,e8534,contain
e8619,e8616,contain
e8619,e8612,contain
e8619,e8613,contain
e8619,e8617,contain
e8619,e8614,contain
e8619,e8609,contain
e8619,e8618,contain
e8619,e8615,contain
e8619,e8610,contain
e8664,e8663,contain
e8664,e8662,contain
e8664,e8660,contain
e8664,e8658,contain
e8664,e8661,contain
e8664,e8659,contain
e8670,e8669,contain
e8670,e8666,contain
e8672,e8671,contain
e8763,e8762,contain
e8818,e8817,contain
e8824,e8823,contain
e8828,e8826,contain
e8828,e8827,contain
e8832,e8831,contain
e8832,e8830,contain
e8898,e8897,contain
e8901,e8900,contain
e8907,e8902,contain
e8907,e8906,contain
e8907,e8904,contain
e8907,e8908,contain
e8918,e8917,contain
e8920,e8921,contain
e8923,e8924,contain
e8927,e8926,contain
e8939,e8929,contain
e8939,e8940,contain
e8939,e8931,contain
e8939,e8930,contain
e8939,e8932,contain
e8939,e8938,contain
e8939,e8933,contain
e8939,e8928,contain
e8939,e8936,contain
e8939,e8935,contain
e8939,e8934,contain
e8939,e8937,contain
e9039,e9038,contain
e9047,e9046,contain
e9059,e9058,contain
e9063,e9060,contain
e9063,e9062,contain
e9065,e9066,contain
e9065,e9064,contain
e9078,e9077,contain
e9086,e9085,contain
e9089,e9088,contain
e9193,e9194,contain
e9197,e9196,contain
e9203,e9202,contain
e9216,e9214,contain
e9216,e9215,contain
e9416,e9412,contain
e9416,e9415,contain
e9416,e9409,contain
e9416,e9413,contain
e9416,e9417,contain
e9474,e9473,contain
e9491,e9487,contain
e9491,e9481,contain
e9491,e9485,contain
e9491,e9488,contain
e9491,e9486,contain
e9491,e9489,contain
e9491,e9490,contain
e9491,e9482,contain
e9491,e9483,contain
e9491,e9492,contain
e9491,e9476,contain
e9491,e9477,contain
e9491,e9478,contain
e9491,e9493,contain
e9498,e9495,contain
e9498,e9497,contain
e9498,e9496,contain
e9498,e9494,contain
e9505,e9504,contain
e9511,e9507,contain
e9511,e9508,contain
e9511,e9510,contain
e9643,e9642,contain
e9645,e9644,contain
e9651,e9650,contain
e9651,e9652,contain
e9655,e9654,contain
e9658,e9657,contain
e9680,e9679,contain
e9680,e9678,contain
e9680,e9677,contain
e9680,e9670,contain
e9680,e9671,contain
e9680,e9681,contain
e9696,e9695,contain
e9696,e9687,contain
e9696,e9689,contain
e9696,e9691,contain
e9696,e9693,contain
e9696,e9697,contain
e9722,e9715,contain
e9722,e9711,contain
e9722,e9720,contain
e9722,e9706,contain
e9722,e9723,contain
e9722,e9707,contain
e9722,e9709,contain
e9722,e9710,contain
e9722,e9721,contain
e9722,e9705,contain
e9722,e9708,contain
e9722,e9717,contain
e9722,e9713,contain
e9722,e9718,contain
e9722,e9716,contain
e9722,e9712,contain
e9722,e9704,contain
e9722,e9703,contain
e9722,e9714,contain
e9722,e9719,contain
e9726,e9725,contain
e9728,e9727,contain
e9731,e9730,contain
e9733,e9732,contain
e9745,e9744,contain
e9745,e9737,contain
e9745,e9746,contain
e9745,e9743,contain
e9745,e9739,contain
e9745,e9742,contain
e9745,e9738,contain
e9745,e9740,contain
e9745,e9741,contain
e9766,e9765,contain
e9768,e9767,contain
e10028,e10029,contain
e10037,e10036,contain
e10037,e10030,contain
e10037,e10032,contain
e10037,e10035,contain
e10037,e10031,contain
e10083,e10084,contain
e10089,e10088,contain
e10102,e10103,contain
e10105,e10104,contain
e10135,e10133,contain
e10135,e10134,contain
e10135,e10128,contain
e10135,e10111,contain
e10135,e10120,contain
e10135,e10129,contain
e10135,e10107,contain
e10135,e10121,contain
e10135,e10117,contain
e10135,e10122,contain
e10135,e10123,contain
e10135,e10126,contain
e10135,e10136,contain
e10139,e10138,contain
e10141,e10142,contain
e10145,e10144,contain
e10149,e10148,contain
e10149,e10150,contain
e10160,e10159,contain
e10160,e10156,contain
e10160,e10151,contain
e10160,e10161,contain
e10164,e10162,contain
e10164,e10163,contain
e10171,e10170,contain
e10322,e10321,contain
e10399,e10397,contain
e10399,e10398,contain
e10399,e10396,contain
e10403,e10402,contain
e10406,e10405,contain
e10415,e10414,contain
e10418,e10417,contain
e10425,e10426,contain
e10425,e10423,contain
e10425,e10424,contain
e10425,e10419,contain
e10425,e10420,contain
e10425,e10421,contain
e10425,e10422,contain
e10436,e10435,contain
e10436,e10428,contain
e10436,e10437,contain
e10436,e10433,contain
e10436,e10432,contain
e10436,e10429,contain
e10436,e10431,contain
e10436,e10434,contain
e10436,e10427,contain
e10436,e10430,contain
e10512,e10510,contain
e10512,e10509,contain
e10512,e10511,contain
e10515,e10514,contain
e10592,e10590,contain
e10592,e10588,contain
e10592,e10591,contain
e10592,e10586,contain
e10592,e10587,contain
e10596,e10594,contain
e10596,e10595,contain
e10605,e10606,contain
e10611,e10607,contain
e10611,e10612,contain
e10611,e10608,contain
e10611,e10610,contain
e10611,e10609,contain
e10614,e10613,contain
e10638,e10637,contain
e10650,e10651,contain
e10650,e10652,contain
e10653,e10654,contain
e10657,e10656,contain
e10700,e10699,contain
e10707,e10705,contain
e10707,e10706,contain
e10707,e10702,contain
e10707,e10704,contain
e10707,e10703,contain
e10710,e10709,contain
e10713,e10712,contain
e10769,e10770,contain
e10772,e10771,contain
e10775,e10774,contain
e10778,e10777,contain
e10782,e10781,contain
e10810,e10809,contain
e10810,e10807,contain
e10867,e10866,contain
e10870,e10868,contain
e10870,e10869,contain
e10871,e10872,contain
e10893,e10892,contain
e10893,e10891,contain
e10893,e10887,contain
e10893,e10886,contain
e10893,e10883,contain
e10893,e10888,contain
e10893,e10889,contain
e10893,e10885,contain
e10893,e10884,contain
e10893,e10890,contain
e10898,e10897,contain
e10898,e10899,contain
e10902,e10900,contain
e10902,e10901,contain
e10904,e10905,contain
e10906,e10908,contain
e10906,e10907,contain
e10911,e10910,contain
e10912,e10913,contain
e10916,e10915,contain
e10918,e10917,contain
e10950,e10947,contain
e10950,e10949,contain
e10950,e10930,contain
e10950,e10951,contain
e10950,e10944,contain
e10950,e10931,contain
e10950,e10948,contain
e10950,e10933,contain
e10950,e10945,contain
e10950,e10937,contain
e10950,e10939,contain
e10950,e10940,contain
e10950,e10941,contain
e10950,e10952,contain
e10980,e10978,contain
e10980,e10979,contain
e10980,e10973,contain
e10980,e10981,contain
e10980,e10963,contain
e10980,e10968,contain
e10980,e10982,contain
e11068,e11069,contain
e11073,e11071,contain
e11073,e11070,contain
e11073,e11072,contain
e11151,e11150,contain
e11154,e11153,contain
e11157,e11156,contain
e11160,e11161,contain
e11160,e11159,contain
e11160,e11158,contain
e11186,e11184,contain
e11186,e11185,contain
e11186,e11182,contain
e11186,e11187,contain
e11186,e11183,contain
e11195,e11192,contain
e11195,e11194,contain
e11195,e11193,contain
e11195,e11196,contain
e11199,e11198,contain
e11201,e11202,contain
e11231,e11230,contain
e11231,e11208,contain
e11231,e11209,contain
e11231,e11225,contain
e11231,e11232,contain
e11231,e11227,contain
e11231,e11211,contain
e11231,e11233,contain
e11236,e11235,contain
e11241,e11240,contain
e11241,e11238,contain
e11241,e11239,contain
e11271,e11270,contain
e11274,e11273,contain
e11276,e11275,contain
e11282,e11283,contain
e11297,e11284,contain
e11297,e11296,contain
e11297,e11285,contain
e11297,e11290,contain
e11297,e11295,contain
e11297,e11287,contain
e11297,e11286,contain
e11297,e11291,contain
e11297,e11292,contain
e11297,e11293,contain
e11297,e11289,contain
e11297,e11288,contain
e11297,e11294,contain
e11300,e11298,contain
e11300,e11299,contain
e11413,e11412,contain
e11416,e11415,contain
e11419,e11418,contain
e11436,e11437,contain
e11436,e11434,contain
e11436,e11435,contain
e11436,e11433,contain
e11436,e11430,contain
e11436,e11431,contain
e11436,e11432,contain
e11445,e11444,contain
e11446,e11447,contain
e11451,e11448,contain
e11451,e11450,contain
e11461,e11462,contain
e11461,e11459,contain
e11461,e11460,contain
e11461,e11456,contain
e11461,e11457,contain
e11461,e11455,contain
e11470,e11469,contain
e11473,e11472,contain
e11476,e11475,contain
e11495,e11491,contain
e11495,e11494,contain
e11495,e11493,contain
e11530,e11529,contain
e11532,e11531,contain
e11535,e11534,contain
e11537,e11536,contain
e11547,e11545,contain
e11547,e11546,contain
e11547,e11548,contain
e11562,e11559,contain
e11562,e11561,contain
e11562,e11551,contain
e11562,e11558,contain
e11562,e11555,contain
e11562,e11553,contain
e11562,e11556,contain
e11562,e11560,contain
e11562,e11563,contain
e11565,e11566,contain
e11569,e11568,contain
e11570,e11571,contain
e11580,e11578,contain
e11580,e11579,contain
e11580,e11572,contain
e11580,e11573,contain
e11580,e11574,contain
e11580,e11575,contain
e11580,e11576,contain
e11580,e11577,contain
e11583,e11581,contain
e11583,e11582,contain
e11586,e11585,contain
e11589,e11588,contain
e11592,e11591,contain
e11596,e11595,contain
e11596,e11597,contain
e11603,e11599,contain
e11603,e11602,contain
e11603,e11601,contain
e11606,e11607,contain
e11606,e11604,contain
e11606,e11605,contain
e11610,e11611,contain
e11610,e11609,contain
e11617,e11615,contain
e11617,e11613,contain
e11617,e11616,contain
e11620,e11619,contain
e12265,e12263,contain
e12265,e12264,contain
e12272,e12269,contain
e12272,e12271,contain
e12272,e12267,contain
e12272,e12270,contain
e12276,e12275,contain
e12282,e12283,contain
e12282,e12281,contain
e12282,e12279,contain
e12282,e12280,contain
e12282,e12277,contain
e12282,e12278,contain
e12286,e12285,contain
e12289,e12288,contain
e12292,e12291,contain
e12295,e12294,contain
e12298,e12297,contain
e12301,e12300,contain
e12304,e12303,contain
e12307,e12306,contain
e12310,e12308,contain
e12310,e12309,contain
e12446,e12445,contain
e12448,e12447,contain
e12448,e12449,contain
e12462,e12463,contain
e12462,e12464,contain
e12462,e12461,contain
e12486,e12485,contain
e12489,e12488,contain
e12491,e12490,contain
e12498,e12497,contain
e12505,e12502,contain
e12505,e12503,contain
e12505,e12501,contain
e12505,e12500,contain
e12505,e12499,contain
e12505,e12504,contain
e12515,e12514,contain
e12515,e12506,contain
e12515,e12516,contain
e12515,e12508,contain
e12515,e12509,contain
e12515,e12511,contain
e12515,e12510,contain
e12515,e12507,contain
e12515,e12512,contain
e12519,e12518,contain
e12805,e12806,contain
e12808,e12809,contain
e12813,e12812,contain
e12813,e12811,contain
e12833,e12834,contain
e12837,e12836,contain
e12842,e12843,contain
e12866,e12865,contain
e12866,e12862,contain
e12869,e12868,contain
e12872,e12871,contain
e12875,e12874,contain
e12876,e12877,contain
e12882,e12880,contain
e12882,e12881,contain
e12882,e12879,contain
e12882,e12878,contain
e12886,e12885,contain
e12893,e12891,contain
e12893,e12890,contain
e12893,e12892,contain
e12897,e12896,contain
e12900,e12899,contain
e12903,e12902,contain
e12906,e12905,contain
e12909,e12908,contain
e12912,e12911,contain
e8739,e8737,contain
e139,e24,contain
e139,e95,contain
e139,e77,contain
e139,e96,contain
e139,e82,contain
e139,e84,contain
e139,e71,contain
e139,e70,contain
e139,e108,contain
e139,e107,contain
e139,e130,contain
e139,e129,contain
e139,e25,contain
e139,e26,contain
e139,e27,contain
e139,e128,contain
e139,e85,contain
e139,e28,contain
e139,e29,contain
e139,e20,contain
e139,e115,contain
e139,e30,contain
e139,e121,contain
e139,e31,contain
e139,e55,contain
e139,e124,contain
e139,e123,contain
e139,e122,contain
e139,e33,contain
e139,e34,contain
e139,e79,contain
e139,e86,contain
e139,e125,contain
e139,e56,contain
e139,e57,contain
e139,e116,contain
e139,e117,contain
e139,e59,contain
e139,e63,contain
e139,e58,contain
e139,e60,contain
e139,e131,contain
e139,e87,contain
e139,e132,contain
e139,e98,contain
e139,e12,contain
e139,e13,contain
e139,e99,contain
e139,e35,contain
e139,e37,contain
e139,e36,contain
e139,e65,contain
e139,e66,contain
e139,e67,contain
e139,e64,contain
e139,e22,contain
e139,e88,contain
e139,e14,contain
e139,e15,contain
e139,e90,contain
e139,e126,contain
e139,e38,contain
e139,e127,contain
e139,e16,contain
e139,e68,contain
e139,e91,contain
e139,e93,contain
e139,e94,contain
e139,e92,contain
e139,e100,contain
e139,e133,contain
e139,e74,contain
e139,e75,contain
e139,e76,contain
e139,e17,contain
e139,e113,contain
e139,e112,contain
e139,e81,contain
e139,e80,contain
e139,e18,contain
e139,e114,contain
e139,e41,contain
e139,e39,contain
e139,e40,contain
e139,e43,contain
e139,e46,contain
e139,e44,contain
e139,e45,contain
e139,e48,contain
e139,e51,contain
e139,e49,contain
e139,e50,contain
e139,e52,contain
e139,e101,contain
e139,e106,contain
e139,e69,contain
e139,e53,contain
e179,e174,contain
e179,e172,contain
e179,e171,contain
e179,e175,contain
e179,e176,contain
e266,e251,contain
e266,e250,contain
e266,e221,contain
e266,e219,contain
e266,e236,contain
e266,e230,contain
e266,e256,contain
e266,e255,contain
e266,e225,contain
e266,e231,contain
e266,e252,contain
e266,e224,contain
e266,e233,contain
e266,e232,contain
e266,e257,contain
e266,e245,contain
e266,e246,contain
e266,e239,contain
e266,e217,contain
e266,e240,contain
e266,e238,contain
e266,e227,contain
e266,e226,contain
e266,e249,contain
e266,e223,contain
e286,e278,contain
e286,e277,contain
e286,e271,contain
e286,e279,contain
e286,e273,contain
e286,e276,contain
e286,e269,contain
e292,e287,contain
e400,e322,contain
e400,e321,contain
e400,e365,contain
e400,e392,contain
e400,e372,contain
e400,e373,contain
e400,e341,contain
e400,e340,contain
e400,e330,contain
e400,e329,contain
e400,e331,contain
e400,e363,contain
e400,e315,contain
e400,e319,contain
e400,e378,contain
e400,e381,contain
e400,e380,contain
e400,e314,contain
e400,e338,contain
e400,e337,contain
e400,e361,contain
e400,e360,contain
e400,e358,contain
e400,e357,contain
e400,e370,contain
e400,e389,contain
e400,e366,contain
e400,e325,contain
e400,e323,contain
e400,e326,contain
e400,e327,contain
e400,e324,contain
e400,e348,contain
e400,e349,contain
e400,e347,contain
e400,e346,contain
e400,e345,contain
e400,e364,contain
e400,e311,contain
e400,e312,contain
e400,e356,contain
e400,e355,contain
e400,e386,contain
e400,e367,contain
e400,e336,contain
e400,e335,contain
e400,e333,contain
e400,e334,contain
e400,e354,contain
e400,e313,contain
e400,e368,contain
e400,e353,contain
e400,e343,contain
e400,e332,contain
e400,e344,contain
e400,e391,contain
e400,e310,contain
e499,e474,contain
e499,e442,contain
e499,e494,contain
e499,e467,contain
e499,e445,contain
e499,e424,contain
e499,e470,contain
e499,e471,contain
e499,e473,contain
e499,e431,contain
e499,e475,contain
e499,e476,contain
e499,e432,contain
e499,e425,contain
e499,e477,contain
e499,e462,contain
e499,e487,contain
e499,e441,contain
e499,e478,contain
e499,e488,contain
e499,e491,contain
e499,e489,contain
e499,e479,contain
e499,e446,contain
e499,e480,contain
e499,e463,contain
e499,e447,contain
e499,e464,contain
e499,e481,contain
e499,e419,contain
e499,e426,contain
e499,e482,contain
e499,e418,contain
e499,e427,contain
e499,e492,contain
e499,e493,contain
e499,e428,contain
e499,e448,contain
e499,e438,contain
e499,e433,contain
e499,e452,contain
e499,e453,contain
e499,e483,contain
e499,e443,contain
e499,e465,contain
e499,e429,contain
e499,e420,contain
e499,e466,contain
e499,e451,contain
e499,e490,contain
e499,e484,contain
e499,e434,contain
e499,e444,contain
e499,e421,contain
e499,e435,contain
e499,e436,contain
e499,e422,contain
e499,e439,contain
e499,e454,contain
e499,e455,contain
e499,e456,contain
e499,e457,contain
e499,e423,contain
e499,e485,contain
e499,e458,contain
e499,e459,contain
e499,e468,contain
e499,e430,contain
e499,e416,contain
e499,e460,contain
e499,e437,contain
e499,e440,contain
e499,e461,contain
e499,e449,contain
e499,e469,contain
e499,e450,contain
e499,e486,contain
e499,e417,contain
e499,e472,contain
e536,e520,contain
e536,e528,contain
e536,e527,contain
e536,e515,contain
e536,e512,contain
e536,e525,contain
e536,e526,contain
e557,e551,contain
e557,e548,contain
e557,e549,contain
e557,e550,contain
e557,e544,contain
e557,e539,contain
e557,e538,contain
e564,e562,contain
e869,e742,contain
e869,e799,contain
e869,e692,contain
e869,e776,contain
e869,e684,contain
e869,e851,contain
e869,e714,contain
e869,e779,contain
e869,e855,contain
e869,e650,contain
e869,e836,contain
e869,e804,contain
e869,e857,contain
e869,e766,contain
e869,e687,contain
e869,e673,contain
e869,e786,contain
e869,e861,contain
e869,e667,contain
e869,e697,contain
e869,e862,contain
e869,e711,contain
e869,e850,contain
e869,e830,contain
e869,e648,contain
e869,e775,contain
e869,e800,contain
e869,e831,contain
e869,e712,contain
e869,e820,contain
e869,e668,contain
e869,e852,contain
e869,e777,contain
e869,e778,contain
e869,e832,contain
e869,e739,contain
e869,e822,contain
e869,e843,contain
e869,e669,contain
e869,e744,contain
e869,e649,contain
e869,e678,contain
e869,e740,contain
e869,e741,contain
e869,e844,contain
e869,e715,contain
e869,e833,contain
e869,e761,contain
e869,e845,contain
e869,e685,contain
e869,e679,contain
e869,e762,contain
e869,e854,contain
e869,e853,contain
e869,e763,contain
e869,e680,contain
e869,e716,contain
e869,e698,contain
e869,e672,contain
e869,e671,contain
e869,e717,contain
e869,e856,contain
e869,e834,contain
e869,e693,contain
e869,e835,contain
e869,e846,contain
e869,e635,contain
e869,e636,contain
e869,e764,contain
e869,e719,contain
e869,e720,contain
e869,e765,contain
e869,e753,contain
e869,e699,contain
e869,e802,contain
e869,e694,contain
e869,e722,contain
e869,e681,contain
e869,e724,contain
e869,e781,contain
e869,e700,contain
e869,e651,contain
e869,e837,contain
e869,e725,contain
e869,e806,contain
e869,e807,contain
e869,e808,contain
e869,e754,contain
e869,e638,contain
e869,e702,contain
e869,e703,contain
e869,e767,contain
e869,e658,contain
e869,e659,contain
e869,e782,contain
e869,e783,contain
e869,e728,contain
e869,e847,contain
e869,e785,contain
e869,e661,contain
e869,e809,contain
e869,e642,contain
e869,e826,contain
e869,e860,contain
e869,e663,contain
e869,e840,contain
e869,e787,contain
e869,e813,contain
e869,e665,contain
e869,e755,contain
e869,e848,contain
e869,e768,contain
e869,e743,contain
e869,e841,contain
e869,e769,contain
e869,e646,contain
e869,e828,contain
e869,e707,contain
e869,e849,contain
e869,e708,contain
e869,e675,contain
e869,e771,contain
e869,e709,contain
e869,e817,contain
e869,e772,contain
e869,e747,contain
e869,e793,contain
e869,e647,contain
e869,e657,contain
e869,e749,contain
e869,e734,contain
e869,e735,contain
e869,e691,contain
e869,e794,contain
e869,e773,contain
e869,e795,contain
e869,e774,contain
e921,e915,contain
e930,e927,contain
e986,e966,contain
e986,e969,contain
e986,e967,contain
e986,e963,contain
e986,e964,contain
e986,e965,contain
e986,e968,contain
e986,e971,contain
e1023,e1016,contain
e1023,e996,contain
e1023,e1007,contain
e1023,e1002,contain
e1023,e989,contain
e1023,e1010,contain
e1023,e995,contain
e1023,e1006,contain
e1023,e1014,contain
e1023,e1015,contain
e1023,e1018,contain
e1023,e1013,contain
e1023,e1012,contain
e1023,e998,contain
e1023,e993,contain
e1023,e1005,contain
e1023,e1001,contain
e1023,e997,contain
e1023,e994,contain
e1023,e1017,contain
e1023,e1004,contain
e1023,e1009,contain
e1023,e1008,contain
e1023,e1003,contain
e1023,e1000,contain
e1028,e1025,contain
e1028,e1026,contain
e1049,e1042,contain
e1049,e1043,contain
e1049,e1034,contain
e1049,e1041,contain
e1049,e1035,contain
e1049,e1038,contain
e1049,e1039,contain
e1049,e1037,contain
e1049,e1036,contain
e1069,e1059,contain
e1141,e1133,contain
e1141,e1137,contain
e1141,e1134,contain
e1141,e1138,contain
e1141,e1136,contain
e1141,e1135,contain
e1141,e1132,contain
e1156,e1147,contain
e1156,e1148,contain
e1156,e1146,contain
e1156,e1145,contain
e1156,e1143,contain
e1156,e1153,contain
e1156,e1149,contain
e1156,e1150,contain
e1156,e1144,contain
e1156,e1151,contain
e1156,e1152,contain
e1380,e1177,contain
e1380,e1321,contain
e1380,e1310,contain
e1380,e1331,contain
e1380,e1330,contain
e1380,e1252,contain
e1380,e1257,contain
e1380,e1254,contain
e1380,e1255,contain
e1380,e1251,contain
e1380,e1253,contain
e1380,e1354,contain
e1380,e1356,contain
e1380,e1353,contain
e1380,e1355,contain
e1380,e1360,contain
e1380,e1357,contain
e1380,e1358,contain
e1380,e1359,contain
e1380,e1344,contain
e1380,e1345,contain
e1380,e1174,contain
e1380,e1274,contain
e1380,e1273,contain
e1380,e1275,contain
e1380,e1276,contain
e1380,e1234,contain
e1380,e1231,contain
e1380,e1232,contain
e1380,e1206,contain
e1380,e1205,contain
e1380,e1185,contain
e1380,e1190,contain
e1380,e1186,contain
e1380,e1184,contain
e1380,e1191,contain
e1380,e1187,contain
e1380,e1189,contain
e1380,e1244,contain
e1380,e1245,contain
e1380,e1183,contain
e1380,e1182,contain
e1380,e1198,contain
e1380,e1295,contain
e1380,e1296,contain
e1380,e1299,contain
e1380,e1294,contain
e1380,e1239,contain
e1380,e1269,contain
e1380,e1250,contain
e1380,e1260,contain
e1380,e1262,contain
e1380,e1249,contain
e1380,e1248,contain
e1380,e1227,contain
e1380,e1369,contain
e1380,e1350,contain
e1380,e1224,contain
e1380,e1219,contain
e1380,e1220,contain
e1380,e1221,contain
e1380,e1223,contain
e1380,e1222,contain
e1380,e1204,contain
e1380,e1329,contain
e1380,e1328,contain
e1380,e1217,contain
e1380,e1214,contain
e1380,e1215,contain
e1380,e1216,contain
e1380,e1212,contain
e1380,e1211,contain
e1380,e1316,contain
e1380,e1349,contain
e1380,e1315,contain
e1380,e1302,contain
e1380,e1180,contain
e1380,e1193,contain
e1380,e1309,contain
e1380,e1169,contain
e1380,e1334,contain
e1380,e1324,contain
e1968,e1626,contain
e1968,e1952,contain
e1968,e1954,contain
e1968,e1953,contain
e1968,e1394,contain
e1968,e1395,contain
e1968,e1837,contain
e1968,e1836,contain
e1968,e1835,contain
e1968,e1913,contain
e1968,e1935,contain
e1968,e1936,contain
e1968,e1937,contain
e1968,e1489,contain
e1968,e1790,contain
e1968,e1789,contain
e1968,e1911,contain
e1968,e1912,contain
e1968,e1537,contain
e1968,e1557,contain
e1968,e1441,contain
e1968,e1933,contain
e1968,e1709,contain
e1968,e1750,contain
e1968,e1910,contain
e1968,e1909,contain
e1968,e1556,contain
e1968,e1536,contain
e1968,e1833,contain
e1968,e1834,contain
e1968,e1391,contain
e1968,e1535,contain
e1968,e1534,contain
e1968,e1402,contain
e1968,e1748,contain
e1968,e1931,contain
e1968,e1624,contain
e1968,e1747,contain
e1968,e1660,contain
e1968,e1659,contain
e1968,e1658,contain
e1968,e1875,contain
e1968,e1684,contain
e1968,e1705,contain
e1968,e1533,contain
e1968,e1555,contain
e1968,e1623,contain
e1968,e1532,contain
e1968,e1519,contain
e1968,e1518,contain
e1968,e1436,contain
e1968,e1744,contain
e1968,e1745,contain
e1968,e1787,contain
e1968,e1389,contain
e1968,e1388,contain
e1968,e1784,contain
e1968,e1783,contain
e1968,e1703,contain
e1968,e1544,contain
e1968,e1531,contain
e1968,e1904,contain
e1968,e1432,contain
e1968,e1434,contain
e1968,e1433,contain
e1968,e1435,contain
e1968,e1529,contain
e1968,e1530,contain
e1968,e1903,contain
e1968,e1902,contain
e1968,e1517,contain
e1968,e1516,contain
e1968,e1581,contain
e1968,e1782,contain
e1968,e1832,contain
e1968,e1928,contain
e1968,e1929,contain
e1968,e1930,contain
e1968,e1927,contain
e1968,e1831,contain
e1968,e1830,contain
e1968,e1829,contain
e1968,e1901,contain
e1968,e1900,contain
e1968,e1926,contain
e1968,e1899,contain
e1968,e1386,contain
e1968,e1385,contain
e1968,e1528,contain
e1968,e1622,contain
e1968,e1515,contain
e1968,e1948,contain
e1968,e1621,contain
e1968,e1950,contain
e1968,e1949,contain
e1968,e1579,contain
e1968,e1580,contain
e1968,e1872,contain
e1968,e1776,contain
e1968,e1777,contain
e1968,e1778,contain
e1968,e1399,contain
e1968,e1898,contain
e1968,e1486,contain
e1968,e1430,contain
e1968,e1428,contain
e1968,e1870,contain
e1968,e1871,contain
e1968,e1656,contain
e1968,e1657,contain
e1968,e1897,contain
e1968,e1542,contain
e1968,e1543,contain
e1968,e1869,contain
e1968,e1868,contain
e1968,e1620,contain
e1968,e1867,contain
e1968,e1619,contain
e1968,e1483,contain
e1968,e1616,contain
e1968,e1526,contain
e1968,e1828,contain
e1968,e1895,contain
e1968,e1652,contain
e1968,e1894,contain
e1968,e1481,contain
e1968,e1650,contain
e1968,e1383,contain
e1968,e1740,contain
e1968,e1615,contain
e1968,e1614,contain
e1968,e1947,contain
e1968,e1525,contain
e1968,e1479,contain
e1968,e1946,contain
e1968,e1945,contain
e1968,e1739,contain
e1968,e1738,contain
e1968,e1478,contain
e1968,e1925,contain
e1968,e1819,contain
e1968,e1772,contain
e1968,e1771,contain
e1968,e1524,contain
e1968,e1578,contain
e1968,e1680,contain
e1968,e1700,contain
e1968,e1944,contain
e1968,e1815,contain
e1968,e1736,contain
e1968,e1577,contain
e1968,e1735,contain
e1968,e1769,contain
e1968,e1891,contain
e1968,e1612,contain
e1968,e1733,contain
e1968,e1611,contain
e1968,e1732,contain
e1968,e1812,contain
e1968,e1731,contain
e1968,e1811,contain
e1968,e1810,contain
e1968,e1475,contain
e1968,e1474,contain
e1968,e1678,contain
e1968,e1523,contain
e1968,e1768,contain
e1968,e1473,contain
e1968,e1471,contain
e1968,e1730,contain
e1968,e1729,contain
e1968,e1610,contain
e1968,e1727,contain
e1968,e1808,contain
e1968,e1806,contain
e1968,e1805,contain
e1968,e1726,contain
e1968,e1725,contain
e1968,e1469,contain
e1968,e1864,contain
e1968,e1676,contain
e1968,e1576,contain
e1968,e1575,contain
e1968,e1804,contain
e1968,e1467,contain
e1968,e1724,contain
e1968,e1552,contain
e1968,e1889,contain
e1968,e1398,contain
e1968,e1397,contain
e1968,e1466,contain
e1968,e1465,contain
e1968,e1425,contain
e1968,e1803,contain
e1968,e1463,contain
e1968,e1608,contain
e1968,e1574,contain
e1968,e1766,contain
e1968,e1723,contain
e1968,e1863,contain
e1968,e1512,contain
e1968,e1802,contain
e1968,e1462,contain
e1968,e1424,contain
e1968,e1573,contain
e1968,e1461,contain
e1968,e1460,contain
e1968,e1459,contain
e1968,e1862,contain
e1968,e1722,contain
e1968,e1721,contain
e1968,e1720,contain
e1968,e1551,contain
e1968,e1942,contain
e1968,e1607,contain
e1968,e1522,contain
e1968,e1456,contain
e1968,e1455,contain
e1968,e1673,contain
e1968,e1454,contain
e1968,e1571,contain
e1968,e1887,contain
e1968,e1672,contain
e1968,e1671,contain
e1968,e1698,contain
e1968,e1511,contain
e1968,e1670,contain
e1968,e1645,contain
e1968,e1697,contain
e1968,e1860,contain
e1968,e1719,contain
e1968,e1718,contain
e1968,e1570,contain
e1968,e1960,contain
e1968,e1644,contain
e1968,e1886,contain
e1968,e1859,contain
e1968,e1858,contain
e1968,e1857,contain
e1968,e1452,contain
e1968,e1924,contain
e1968,e1765,contain
e1968,e1856,contain
e1968,e1696,contain
e1968,e1695,contain
e1968,e1510,contain
e1968,e1423,contain
e1968,e1855,contain
e1968,e1764,contain
e1968,e1606,contain
e1968,e1605,contain
e1968,e1853,contain
e1968,e1854,contain
e1968,e1509,contain
e1968,e1694,contain
e1968,e1852,contain
e1968,e1604,contain
e1968,e1851,contain
e1968,e1508,contain
e1968,e1550,contain
e1968,e1451,contain
e1968,e1450,contain
e1968,e1603,contain
e1968,e1762,contain
e1968,e1763,contain
e1968,e1923,contain
e1968,e1602,contain
e1968,e1506,contain
e1968,e1507,contain
e1968,e1505,contain
e1968,e1761,contain
e1968,e1883,contain
e1968,e1958,contain
e1968,e1922,contain
e1968,e1850,contain
e1968,e1504,contain
e1968,e1642,contain
e1968,e1601,contain
e1968,e1600,contain
e1968,e1882,contain
e1968,e1503,contain
e1968,e1502,contain
e1968,e1848,contain
e1968,e1599,contain
e1968,e1692,contain
e1968,e1795,contain
e1968,e1794,contain
e1968,e1501,contain
e1968,e1691,contain
e1968,e1598,contain
e1968,e1500,contain
e1968,e1499,contain
e1968,e1760,contain
e1968,e1956,contain
e1968,e1595,contain
e1968,e1596,contain
e1968,e1957,contain
e1968,e1594,contain
e1968,e1593,contain
e1968,e1564,contain
e1968,e1639,contain
e1968,e1921,contain
e1968,e1549,contain
e1968,e1592,contain
e1968,e1396,contain
e1968,e1637,contain
e1968,e1498,contain
e1968,e1715,contain
e1968,e1758,contain
e1968,e1756,contain
e1968,e1590,contain
e1968,e1520,contain
e1968,e1793,contain
e1968,e1792,contain
e1968,e1635,contain
e1968,e1634,contain
e1968,e1563,contain
e1968,e1755,contain
e1968,e1562,contain
e1968,e1689,contain
e1968,e1881,contain
e1968,e1844,contain
e1968,e1920,contain
e1968,e1447,contain
e1968,e1446,contain
e1968,e1445,contain
e1968,e1444,contain
e1968,e1687,contain
e1968,e1939,contain
e1968,e1843,contain
e1968,e1754,contain
e1968,e1496,contain
e1968,e1583,contain
e1968,e1919,contain
e1968,e1408,contain
e1968,e1938,contain
e1968,e1632,contain
e1968,e1753,contain
e1968,e1918,contain
e1968,e1631,contain
e1968,e1752,contain
e1968,e1841,contain
e1968,e1879,contain
e1968,e1840,contain
e1968,e1955,contain
e1968,e1493,contain
e1968,e1628,contain
e1968,e1916,contain
e1968,e1839,contain
e1968,e1404,contain
e1968,e1742,contain
e1968,e1743,contain
e1968,e1741,contain
e1968,e1866,contain
e1968,e1775,contain
e1968,e1893,contain
e1968,e1823,contain
e1968,e1476,contain
e1968,e1813,contain
e1968,e1943,contain
e1968,e1674,contain
e1968,e1458,contain
e1968,e1940,contain
e1968,e1796,contain
e1968,e1566,contain
e1968,e1419,contain
e1968,e1422,contain
e1968,e1420,contain
e1968,e1421,contain
e1968,e1638,contain
e1968,e1418,contain
e1968,e1757,contain
e1968,e1669,contain
e1968,e1417,contain
e1968,e1414,contain
e1968,e1415,contain
e1968,e1548,contain
e1968,e1413,contain
e1968,e1410,contain
e1968,e1880,contain
e1968,e1495,contain
e1968,e1406,contain
e1968,e1405,contain
e1968,e1491,contain
e1968,e1490,contain
e1968,e1666,contain
e1968,e1682,contain
e1968,e1679,contain
e1968,e1667,contain
e2722,e2322,contain
e2722,e2321,contain
e2722,e2320,contain
e2722,e2406,contain
e2722,e2466,contain
e2722,e2279,contain
e2722,e2110,contain
e2722,e2458,contain
e2722,e2460,contain
e2722,e2314,contain
e2722,e2461,contain
e2722,e2115,contain
e2722,e2338,contain
e2722,e2528,contain
e2722,e2639,contain
e2722,e2215,contain
e2722,e2137,contain
e2722,e2464,contain
e2722,e2031,contain
e2722,e2319,contain
e2722,e2550,contain
e2722,e2270,contain
e2722,e2556,contain
e2722,e2557,contain
e2722,e2654,contain
e2722,e2656,contain
e2722,e2616,contain
e2722,e2360,contain
e2722,e2035,contain
e2722,e2034,contain
e2722,e2619,contain
e2722,e2362,contain
e2722,e2433,contain
e2722,e2087,contain
e2722,e2151,contain
e2722,e2626,contain
e2722,e2016,contain
e2722,e2368,contain
e2722,e2245,contain
e2722,e2711,contain
e2722,e2589,contain
e2722,e2590,contain
e2722,e2592,contain
e2722,e2451,contain
e2722,e2166,contain
e2722,e2452,contain
e2722,e2307,contain
e2722,e2020,contain
e2722,e2453,contain
e2722,e2371,contain
e2722,e2372,contain
e2722,e2247,contain
e2722,e2246,contain
e2722,e2670,contain
e2722,e2248,contain
e2722,e2109,contain
e2722,e2177,contain
e2722,e1998,contain
e2722,e2454,contain
e2722,e1999,contain
e2722,e2327,contain
e2722,e2455,contain
e2722,e2593,contain
e2722,e2308,contain
e2722,e2309,contain
e2722,e2251,contain
e2722,e2250,contain
e2722,e2376,contain
e2722,e2200,contain
e2722,e2594,contain
e2722,e2713,contain
e2722,e2202,contain
e2722,e2201,contain
e2722,e2404,contain
e2722,e2595,contain
e2722,e2456,contain
e2722,e2457,contain
e2722,e2516,contain
e2722,e2111,contain
e2722,e2054,contain
e2722,e2311,contain
e2722,e2022,contain
e2722,e2459,contain
e2722,e2312,contain
e2722,e2055,contain
e2722,e2596,contain
e2722,e2714,contain
e2722,e2329,contain
e2722,e2715,contain
e2722,e2313,contain
e2722,e2377,contain
e2722,e2378,contain
e2722,e2112,contain
e2722,e2716,contain
e2722,e2517,contain
e2722,e2635,contain
e2722,e2598,contain
e2722,e2057,contain
e2722,e2518,contain
e2722,e2001,contain
e2722,e2002,contain
e2722,e2254,contain
e2722,e2462,contain
e2722,e2255,contain
e2722,e2059,contain
e2722,e2316,contain
e2722,e2599,contain
e2722,e2380,contain
e2722,e2379,contain
e2722,e2687,contain
e2722,e2168,contain
e2722,e2519,contain
e2722,e2203,contain
e2722,e2060,contain
e2722,e2407,contain
e2722,e2257,contain
e2722,e2023,contain
e2722,e2408,contain
e2722,e2409,contain
e2722,e2204,contain
e2722,e2205,contain
e2722,e2258,contain
e2722,e2332,contain
e2722,e2331,contain
e2722,e2636,contain
e2722,e2410,contain
e2722,e2520,contain
e2722,e2411,contain
e2722,e2259,contain
e2722,e2260,contain
e2722,e2061,contain
e2722,e2521,contain
e2722,e2134,contain
e2722,e2413,contain
e2722,e2412,contain
e2722,e2116,contain
e2722,e2003,contain
e2722,e2261,contain
e2722,e2523,contain
e2722,e1972,contain
e2722,e2206,contain
e2722,e2524,contain
e2722,e2601,contain
e2722,e2525,contain
e2722,e2207,contain
e2722,e2335,contain
e2722,e2637,contain
e2722,e2336,contain
e2722,e2337,contain
e2722,e2062,contain
e2722,e2208,contain
e2722,e1973,contain
e2722,e2262,contain
e2722,e2063,contain
e2722,e2179,contain
e2722,e2414,contain
e2722,e2117,contain
e2722,e2209,contain
e2722,e2604,contain
e2722,e2263,contain
e2722,e1974,contain
e2722,e2065,contain
e2722,e2526,contain
e2722,e2416,contain
e2722,e2026,contain
e2722,e2605,contain
e2722,e2606,contain
e2722,e2417,contain
e2722,e2529,contain
e2722,e2264,contain
e2722,e2028,contain
e2722,e2029,contain
e2722,e2640,contain
e2722,e2265,contain
e2722,e2066,contain
e2722,e2067,contain
e2722,e2118,contain
e2722,e2211,contain
e2722,e2068,contain
e2722,e2213,contain
e2722,e2212,contain
e2722,e2340,contain
e2722,e2339,contain
e2722,e2120,contain
e2722,e2214,contain
e2722,e2607,contain
e2722,e2069,contain
e2722,e2317,contain
e2722,e2070,contain
e2722,e2642,contain
e2722,e2341,contain
e2722,e2530,contain
e2722,e2643,contain
e2722,e2071,contain
e2722,e2072,contain
e2722,e2608,contain
e2722,e2382,contain
e2722,e2688,contain
e2722,e2609,contain
e2722,e2217,contain
e2722,e2672,contain
e2722,e2342,contain
e2722,e2689,contain
e2722,e2690,contain
e2722,e2532,contain
e2722,e2531,contain
e2722,e1975,contain
e2722,e2266,contain
e2722,e2691,contain
e2722,e2534,contain
e2722,e2535,contain
e2722,e2343,contain
e2722,e2536,contain
e2722,e2267,contain
e2722,e2344,contain
e2722,e2345,contain
e2722,e2611,contain
e2722,e2538,contain
e2722,e2219,contain
e2722,e2030,contain
e2722,e2646,contain
e2722,e2180,contain
e2722,e2073,contain
e2722,e2647,contain
e2722,e2006,contain
e2722,e2346,contain
e2722,e2347,contain
e2722,e2220,contain
e2722,e2348,contain
e2722,e2541,contain
e2722,e2007,contain
e2722,e2649,contain
e2722,e2074,contain
e2722,e2181,contain
e2722,e2221,contain
e2722,e2650,contain
e2722,e2652,contain
e2722,e2651,contain
e2722,e2121,contain
e2722,e2222,contain
e2722,e2223,contain
e2722,e2182,contain
e2722,e2075,contain
e2722,e2349,contain
e2722,e2076,contain
e2722,e2224,contain
e2722,e2545,contain
e2722,e2544,contain
e2722,e2008,contain
e2722,e2418,contain
e2722,e2693,contain
e2722,e2692,contain
e2722,e2351,contain
e2722,e2269,contain
e2722,e2122,contain
e2722,e2077,contain
e2722,e2419,contain
e2722,e2170,contain
e2722,e2352,contain
e2722,e2546,contain
e2722,e2547,contain
e2722,e2078,contain
e2722,e2549,contain
e2722,e2548,contain
e2722,e2551,contain
e2722,e2009,contain
e2722,e2552,contain
e2722,e2553,contain
e2722,e2225,contain
e2722,e2421,contain
e2722,e2554,contain
e2722,e2226,contain
e2722,e2032,contain
e2722,e2422,contain
e2722,e2467,contain
e2722,e2079,contain
e2722,e2613,contain
e2722,e2469,contain
e2722,e2423,contain
e2722,e2555,contain
e2722,e2184,contain
e2722,e2271,contain
e2722,e2653,contain
e2722,e2080,contain
e2722,e2558,contain
e2722,e2272,contain
e2722,e2559,contain
e2722,e2227,contain
e2722,e2010,contain
e2722,e2228,contain
e2722,e2614,contain
e2722,e2229,contain
e2722,e2355,contain
e2722,e2356,contain
e2722,e2186,contain
e2722,e2185,contain
e2722,e2230,contain
e2722,e2385,contain
e2722,e2424,contain
e2722,e2425,contain
e2722,e2231,contain
e2722,e2187,contain
e2722,e2081,contain
e2722,e2357,contain
e2722,e2082,contain
e2722,e2560,contain
e2722,e2561,contain
e2722,e2011,contain
e2722,e2694,contain
e2722,e2695,contain
e2722,e2358,contain
e2722,e2083,contain
e2722,e2123,contain
e2722,e2323,contain
e2722,e2275,contain
e2722,e2139,contain
e2722,e2188,contain
e2722,e2276,contain
e2722,e2190,contain
e2722,e2471,contain
e2722,e2473,contain
e2722,e2474,contain
e2722,e2426,contain
e2722,e2084,contain
e2722,e2277,contain
e2722,e2617,contain
e2722,e2428,contain
e2722,e2475,contain
e2722,e2173,contain
e2722,e2233,contain
e2722,e2361,contain
e2722,e2235,contain
e2722,e2429,contain
e2722,e2479,contain
e2722,e2483,contain
e2722,e2430,contain
e2722,e2085,contain
e2722,e2174,contain
e2722,e2281,contain
e2722,e2673,contain
e2722,e2146,contain
e2722,e2487,contain
e2722,e2675,contain
e2722,e2674,contain
e2722,e2696,contain
e2722,e2676,contain
e2722,e2193,contain
e2722,e2128,contain
e2722,e2490,contain
e2722,e2285,contain
e2722,e2390,contain
e2722,e2286,contain
e2722,e2492,contain
e2722,e2493,contain
e2722,e2088,contain
e2722,e2195,contain
e2722,e2089,contain
e2722,e2569,contain
e2722,e2238,contain
e2722,e2624,contain
e2722,e2044,contain
e2722,e2042,contain
e2722,e2043,contain
e2722,e2679,contain
e2722,e2680,contain
e2722,e2153,contain
e2722,e2240,contain
e2722,e2625,contain
e2722,e2092,contain
e2722,e2363,contain
e2722,e2496,contain
e2722,e2156,contain
e2722,e2499,contain
e2722,e2575,contain
e2722,e1990,contain
e2722,e2684,contain
e2722,e2578,contain
e2722,e2501,contain
e2722,e2093,contain
e2722,e2438,contain
e2722,e2439,contain
e2722,e2504,contain
e2722,e2096,contain
e2722,e2295,contain
e2722,e2440,contain
e2722,e2298,contain
e2722,e2097,contain
e2722,e2098,contain
e2722,e2444,contain
e2722,e2664,contain
e2722,e2666,contain
e2722,e2685,contain
e2722,e2581,contain
e2722,e2300,contain
e2722,e2101,contain
e2722,e2699,contain
e2722,e2701,contain
e2722,e2582,contain
e2722,e2445,contain
e2722,e2629,contain
e2722,e2400,contain
e2722,e2102,contain
e2722,e2513,contain
e2722,e2302,contain
e2722,e2132,contain
e2722,e2448,contain
e2722,e2630,contain
e2722,e1995,contain
e2722,e2050,contain
e2722,e2707,contain
e2722,e2105,contain
e2722,e2326,contain
e2722,e2364,contain
e2722,e2449,contain
e2722,e2686,contain
e2722,e2514,contain
e2722,e2306,contain
e2722,e2587,contain
e2722,e2367,contain
e2722,e2018,contain
e2722,e2709,contain
e2722,e2019,contain
e2722,e2402,contain
e2722,e2243,contain
e2722,e2450,contain
e2722,e2710,contain
e2722,e2107,contain
e2798,e2746,contain
e2798,e2783,contain
e2798,e2752,contain
e2798,e2756,contain
e2798,e2767,contain
e2798,e2786,contain
e2798,e2791,contain
e2798,e2774,contain
e2798,e2766,contain
e2798,e2730,contain
e2798,e2744,contain
e2798,e2750,contain
e2798,e2754,contain
e2798,e2739,contain
e2798,e2777,contain
e2798,e2760,contain
e2798,e2790,contain
e2798,e2736,contain
e2798,e2785,contain
e2798,e2764,contain
e2798,e2781,contain
e2798,e2772,contain
e2798,e2748,contain
e2798,e2763,contain
e2798,e2753,contain
e2798,e2732,contain
e2798,e2771,contain
e2798,e2728,contain
e2798,e2784,contain
e2798,e2747,contain
e2798,e2789,contain
e2798,e2762,contain
e2798,e2769,contain
e2798,e2768,contain
e2798,e2761,contain
e2798,e2788,contain
e2798,e2787,contain
e2798,e2779,contain
e2798,e2734,contain
e2798,e2758,contain
e2798,e2749,contain
e2798,e2759,contain
e2798,e2780,contain
e2798,e2735,contain
e2825,e2816,contain
e2825,e2807,contain
e6466,e6460,contain
e6466,e6461,contain
e6466,e6458,contain
e6466,e6459,contain
e6466,e6457,contain
e2866,e2844,contain
e2866,e2842,contain
e2866,e2841,contain
e2866,e2861,contain
e2866,e2840,contain
e2866,e2854,contain
e2866,e2857,contain
e2866,e2839,contain
e2866,e2851,contain
e2866,e2845,contain
e2866,e2838,contain
e2878,e2875,contain
e2878,e2876,contain
e2878,e2874,contain
e2928,e2911,contain
e2928,e2912,contain
e2928,e2919,contain
e2928,e2920,contain
e2928,e2900,contain
e2928,e2914,contain
e2928,e2896,contain
e2928,e2904,contain
e2928,e2897,contain
e2928,e2899,contain
e2928,e2916,contain
e2928,e2908,contain
e2928,e2898,contain
e2928,e2902,contain
e2928,e2901,contain
e2928,e2905,contain
e2928,e2909,contain
e2928,e2913,contain
e2928,e2918,contain
e2956,e2949,contain
e2956,e2938,contain
e2956,e2946,contain
e2956,e2947,contain
e2956,e2945,contain
e2956,e2943,contain
e2956,e2944,contain
e2973,e2964,contain
e2973,e2963,contain
e2973,e2965,contain
e2973,e2967,contain
e2973,e2966,contain
e3015,e3010,contain
e3015,e3011,contain
e3045,e3039,contain
e3045,e3024,contain
e3045,e3040,contain
e3045,e3031,contain
e3045,e3036,contain
e3045,e3021,contain
e3045,e3022,contain
e3045,e3025,contain
e3045,e3017,contain
e3045,e3034,contain
e3045,e3037,contain
e3045,e3029,contain
e3045,e3038,contain
e3045,e3032,contain
e3045,e3018,contain
e3045,e3019,contain
e3045,e3033,contain
e3045,e3023,contain
e3045,e3030,contain
e3045,e3020,contain
e3045,e3035,contain
e3045,e3026,contain
e3045,e3027,contain
e3062,e3054,contain
e3062,e3053,contain
e3062,e3055,contain
e3062,e3049,contain
e3062,e3052,contain
e3072,e3064,contain
e3072,e3067,contain
e3072,e3066,contain
e3072,e3065,contain
e3100,e3092,contain
e3100,e3093,contain
e3188,e3116,contain
e3188,e3178,contain
e3188,e3152,contain
e3188,e3153,contain
e3188,e3165,contain
e3188,e3164,contain
e3188,e3180,contain
e3188,e3114,contain
e3188,e3111,contain
e3188,e3112,contain
e3188,e3130,contain
e3188,e3174,contain
e3188,e3146,contain
e3188,e3128,contain
e3188,e3129,contain
e3188,e3171,contain
e3188,e3172,contain
e3188,e3173,contain
e3188,e3123,contain
e3188,e3120,contain
e3188,e3157,contain
e3188,e3124,contain
e3188,e3121,contain
e3188,e3122,contain
e3188,e3139,contain
e3188,e3138,contain
e3188,e3158,contain
e3188,e3159,contain
e3188,e3169,contain
e3188,e3170,contain
e3188,e3168,contain
e3188,e3177,contain
e3188,e3118,contain
e3188,e3117,contain
e3188,e3150,contain
e3188,e3149,contain
e3188,e3151,contain
e3188,e3127,contain
e3188,e3126,contain
e3188,e3109,contain
e3188,e3136,contain
e3188,e3137,contain
e3188,e3125,contain
e3188,e3108,contain
e3188,e3107,contain
e3188,e3167,contain
e3188,e3106,contain
e3188,e3176,contain
e3188,e3175,contain
e3188,e3148,contain
e3188,e3147,contain
e3188,e3162,contain
e3188,e3160,contain
e3188,e3140,contain
e3188,e3155,contain
e3188,e3156,contain
e3188,e3135,contain
e3188,e3105,contain
e3188,e3134,contain
e3188,e3132,contain
e3188,e3133,contain
e3188,e3104,contain
e3188,e3144,contain
e3188,e3166,contain
e3188,e3131,contain
e3188,e3103,contain
e3188,e3142,contain
e3188,e3143,contain
e3188,e3154,contain
e3200,e3191,contain
e3200,e3194,contain
e3200,e3192,contain
e3200,e3190,contain
e3217,e3211,contain
e3217,e3209,contain
e3217,e3210,contain
e3283,e3264,contain
e3283,e3241,contain
e3283,e3232,contain
e3283,e3240,contain
e3283,e3239,contain
e3283,e3272,contain
e3283,e3269,contain
e3283,e3268,contain
e3283,e3244,contain
e3283,e3276,contain
e3283,e3250,contain
e3283,e3246,contain
e3283,e3270,contain
e3283,e3275,contain
e3283,e3238,contain
e3283,e3237,contain
e3283,e3251,contain
e3283,e3236,contain
e3283,e3252,contain
e3283,e3235,contain
e3283,e3271,contain
e3283,e3266,contain
e3283,e3245,contain
e3283,e3243,contain
e3283,e3258,contain
e3283,e3249,contain
e3283,e3233,contain
e3283,e3257,contain
e3283,e3265,contain
e3283,e3273,contain
e3283,e3274,contain
e3283,e3256,contain
e3283,e3277,contain
e3283,e3255,contain
e3283,e3254,contain
e3344,e3340,contain
e3344,e3339,contain
e3374,e3366,contain
e3374,e3367,contain
e3374,e3362,contain
e3374,e3361,contain
e3374,e3352,contain
e3374,e3364,contain
e3374,e3363,contain
e3374,e3357,contain
e3374,e3355,contain
e3374,e3356,contain
e3374,e3359,contain
e3374,e3350,contain
e3374,e3351,contain
e3374,e3353,contain
e3381,e3376,contain
e3402,e3393,contain
e3402,e3395,contain
e3402,e3394,contain
e3402,e3396,contain
e3402,e3392,contain
e3402,e3386,contain
e3402,e3385,contain
e3411,e3408,contain
e3411,e3407,contain
e3411,e3405,contain
e3428,e3416,contain
e3428,e3418,contain
e3428,e3417,contain
e3428,e3421,contain
e3428,e3422,contain
e3428,e3420,contain
e3435,e3430,contain
e3488,e3436,contain
e3488,e3437,contain
e3488,e3478,contain
e3488,e3479,contain
e3488,e3455,contain
e3488,e3480,contain
e3488,e3441,contain
e3488,e3440,contain
e3488,e3443,contain
e3488,e3438,contain
e3488,e3439,contain
e3488,e3442,contain
e3488,e3456,contain
e3488,e3460,contain
e3488,e3457,contain
e3488,e3458,contain
e3488,e3446,contain
e3488,e3445,contain
e3488,e3444,contain
e3488,e3447,contain
e3488,e3450,contain
e3488,e3449,contain
e3488,e3448,contain
e3488,e3464,contain
e3488,e3461,contain
e3488,e3465,contain
e3488,e3462,contain
e3488,e3463,contain
e3488,e3474,contain
e3488,e3472,contain
e3488,e3475,contain
e3488,e3473,contain
e3488,e3476,contain
e3488,e3454,contain
e3488,e3469,contain
e3488,e3466,contain
e3488,e3470,contain
e3488,e3467,contain
e3488,e3468,contain
e3488,e3451,contain
e3488,e3482,contain
e3488,e3453,contain
e3522,e3519,contain
e3531,e3527,contain
e3531,e3528,contain
e3555,e3546,contain
e3555,e3545,contain
e3555,e3541,contain
e3555,e3542,contain
e3555,e3544,contain
e3555,e3547,contain
e3555,e3543,contain
e3604,e3593,contain
e3604,e3595,contain
e3604,e3588,contain
e3604,e3589,contain
e3604,e3596,contain
e3604,e3597,contain
e3604,e3585,contain
e3604,e3584,contain
e3604,e3587,contain
e3604,e3591,contain
e3604,e3592,contain
e3604,e3590,contain
e3604,e3583,contain
e3609,e3606,contain
e3622,e3620,contain
e3895,e3831,contain
e3895,e3832,contain
e3895,e3830,contain
e3895,e3828,contain
e3895,e3829,contain
e3895,e3833,contain
e4272,e4167,contain
e4272,e4208,contain
e4272,e3967,contain
e4272,e3968,contain
e4272,e4172,contain
e4272,e4012,contain
e4272,e4173,contain
e4272,e4044,contain
e4272,e4079,contain
e4272,e4190,contain
e4272,e4191,contain
e4272,e4148,contain
e4272,e3995,contain
e4272,e4047,contain
e4272,e3985,contain
e4272,e3986,contain
e4272,e4193,contain
e4272,e4097,contain
e4272,e4015,contain
e4272,e4018,contain
e4272,e4016,contain
e4272,e4017,contain
e4272,e4053,contain
e4272,e4051,contain
e4272,e4052,contain
e4272,e4050,contain
e4272,e4055,contain
e4272,e4212,contain
e4272,e4246,contain
e4272,e4245,contain
e4272,e4152,contain
e4272,e4022,contain
e4272,e4023,contain
e4272,e4056,contain
e4272,e4227,contain
e4272,e4087,contain
e4272,e4025,contain
e4272,e4024,contain
e4272,e4102,contain
e4272,e4103,contain
e4272,e3972,contain
e4272,e4197,contain
e4272,e4153,contain
e4272,e4092,contain
e4272,e3996,contain
e4272,e3997,contain
e4272,e4198,contain
e4272,e4230,contain
e4272,e4140,contain
e4272,e4070,contain
e4272,e4069,contain
e4272,e4178,contain
e4272,e4177,contain
e4272,e4179,contain
e4272,e4203,contain
e4272,e4213,contain
e4272,e4214,contain
e4272,e4060,contain
e4272,e3989,contain
e4272,e3991,contain
e4272,e4119,contain
e4272,e4249,contain
e4272,e4036,contain
e4272,e4062,contain
e4272,e4061,contain
e4272,e4143,contain
e4272,e4122,contain
e4272,e4240,contain
e4272,e4009,contain
e4272,e4124,contain
e4272,e4123,contain
e4272,e4241,contain
e4272,e4063,contain
e4272,e4126,contain
e4272,e4128,contain
e4272,e4127,contain
e4272,e4131,contain
e4272,e4130,contain
e4272,e4132,contain
e4272,e4065,contain
e4272,e3983,contain
e4272,e4039,contain
e4272,e4040,contain
e4272,e4041,contain
e4272,e4244,contain
e4272,e4207,contain
e4299,e4291,contain
e4299,e4290,contain
e4299,e4293,contain
e4321,e4313,contain
e4321,e4304,contain
e4321,e4306,contain
e4321,e4314,contain
e4321,e4308,contain
e4321,e4312,contain
e4321,e4309,contain
e4336,e4326,contain
e4336,e4327,contain
e4336,e4329,contain
e4336,e4331,contain
e4336,e4330,contain
e4336,e4333,contain
e4346,e4342,contain
e4367,e4363,contain
e4367,e4364,contain
e4367,e4365,contain
e4576,e4406,contain
e4576,e4393,contain
e4576,e4423,contain
e4576,e4425,contain
e4576,e4424,contain
e4576,e4521,contain
e4576,e4519,contain
e4576,e4388,contain
e4576,e4407,contain
e4576,e4389,contain
e4576,e4522,contain
e4576,e4525,contain
e4576,e4448,contain
e4576,e4542,contain
e4576,e4427,contain
e4576,e4510,contain
e4576,e4412,contain
e4576,e4413,contain
e4576,e4467,contain
e4576,e4466,contain
e4576,e4534,contain
e4576,e4455,contain
e4576,e4469,contain
e4576,e4470,contain
e4576,e4474,contain
e4576,e4452,contain
e4576,e4398,contain
e4576,e4400,contain
e4576,e4397,contain
e4576,e4560,contain
e4576,e4548,contain
e4576,e4383,contain
e4576,e4433,contain
e4576,e4431,contain
e4576,e4554,contain
e4576,e4552,contain
e4576,e4551,contain
e4576,e4550,contain
e4576,e4442,contain
e4576,e4492,contain
e4576,e4529,contain
e4576,e4475,contain
e4576,e4476,contain
e4576,e4555,contain
e4576,e4535,contain
e4576,e4536,contain
e4576,e4561,contain
e4576,e4401,contain
e4576,e4416,contain
e4576,e4402,contain
e4576,e4556,contain
e4576,e4557,contain
e4576,e4484,contain
e4576,e4537,contain
e4576,e4478,contain
e4576,e4479,contain
e4576,e4445,contain
e4576,e4514,contain
e4576,e4480,contain
e4608,e4591,contain
e4608,e4598,contain
e4608,e4597,contain
e4608,e4580,contain
e4608,e4589,contain
e4608,e4584,contain
e4608,e4596,contain
e4608,e4590,contain
e4608,e4594,contain
e4608,e4583,contain
e4644,e4626,contain
e4644,e4622,contain
e4644,e4612,contain
e4644,e4618,contain
e4644,e4617,contain
e4644,e4621,contain
e4644,e4610,contain
e4644,e4616,contain
e4644,e4629,contain
e4644,e4615,contain
e4644,e4614,contain
e4644,e4628,contain
e4644,e4613,contain
e4644,e4627,contain
e4644,e4636,contain
e4701,e4652,contain
e4701,e4665,contain
e4701,e4682,contain
e4701,e4656,contain
e4701,e4657,contain
e4701,e4659,contain
e4701,e4681,contain
e4701,e4690,contain
e4701,e4655,contain
e4701,e4679,contain
e4701,e4673,contain
e4701,e4670,contain
e4701,e4654,contain
e4701,e4689,contain
e4701,e4672,contain
e4701,e4693,contain
e4706,e4703,contain
e4715,e4709,contain
e4715,e4710,contain
e4715,e4711,contain
e4715,e4708,contain
e4772,e4740,contain
e4772,e4742,contain
e4772,e4755,contain
e4772,e4744,contain
e4772,e4753,contain
e4772,e4745,contain
e4772,e4746,contain
e4772,e4748,contain
e4772,e4747,contain
e4772,e4761,contain
e4772,e4762,contain
e4772,e4759,contain
e4772,e4738,contain
e4772,e4752,contain
e4772,e4751,contain
e4803,e4792,contain
e4803,e4794,contain
e4803,e4796,contain
e4803,e4795,contain
e4803,e4797,contain
e4839,e4810,contain
e4839,e4821,contain
e4839,e4820,contain
e4839,e4824,contain
e4839,e4822,contain
e4839,e4823,contain
e4851,e4849,contain
e4851,e4847,contain
e4851,e4848,contain
e4865,e4858,contain
e4865,e4855,contain
e4865,e4859,contain
e4865,e4861,contain
e4865,e4852,contain
e4865,e4854,contain
e4865,e4853,contain
e4865,e4860,contain
e4879,e4874,contain
e4879,e4867,contain
e4879,e4870,contain
e4879,e4873,contain
e4879,e4869,contain
e4879,e4875,contain
e4879,e4871,contain
e4879,e4868,contain
e4879,e4872,contain
e4894,e4890,contain
e4894,e4889,contain
e4894,e4891,contain
e4902,e4898,contain
e4902,e4896,contain
e4902,e4897,contain
e4950,e4932,contain
e4950,e4931,contain
e4950,e4917,contain
e4950,e4930,contain
e4950,e4929,contain
e4950,e4925,contain
e4950,e4926,contain
e4950,e4928,contain
e4950,e4923,contain
e4950,e4922,contain
e4950,e4918,contain
e4950,e4934,contain
e4950,e4921,contain
e5034,e4996,contain
e5034,e5022,contain
e5034,e5004,contain
e5034,e5006,contain
e5034,e5014,contain
e5194,e5068,contain
e5194,e5151,contain
e5194,e5100,contain
e5194,e5099,contain
e5194,e5044,contain
e5194,e5087,contain
e5194,e5094,contain
e5194,e5095,contain
e5194,e5129,contain
e5194,e5107,contain
e5194,e5108,contain
e5194,e5062,contain
e5194,e5172,contain
e5194,e5173,contain
e5194,e5126,contain
e5194,e5127,contain
e5194,e5128,contain
e5194,e5125,contain
e5194,e5085,contain
e5194,e5117,contain
e5194,e5115,contain
e5194,e5055,contain
e5194,e5091,contain
e5194,e5113,contain
e5194,e5050,contain
e5194,e5183,contain
e5194,e5184,contain
e5194,e5181,contain
e5194,e5158,contain
e5194,e5156,contain
e5194,e5176,contain
e5194,e5177,contain
e5194,e5046,contain
e5194,e5071,contain
e5194,e5154,contain
e5194,e5132,contain
e5194,e5153,contain
e5194,e5143,contain
e5194,e5058,contain
e5194,e5140,contain
e5194,e5052,contain
e5274,e5249,contain
e5274,e5256,contain
e5274,e5208,contain
e5274,e5214,contain
e5274,e5257,contain
e5274,e5266,contain
e5274,e5215,contain
e5274,e5217,contain
e5274,e5218,contain
e5274,e5198,contain
e5274,e5240,contain
e5274,e5226,contain
e5274,e5242,contain
e5274,e5241,contain
e5274,e5261,contain
e5274,e5263,contain
e5274,e5204,contain
e5274,e5203,contain
e5274,e5267,contain
e5274,e5234,contain
e5274,e5230,contain
e5274,e5236,contain
e5274,e5235,contain
e5274,e5232,contain
e5274,e5233,contain
e5274,e5255,contain
e5274,e5221,contain
e5312,e5280,contain
e5312,e5305,contain
e5312,e5285,contain
e5312,e5301,contain
e5328,e5320,contain
e5328,e5313,contain
e5328,e5319,contain
e5328,e5318,contain
e5328,e5317,contain
e5344,e5334,contain
e5344,e5340,contain
e5344,e5335,contain
e5344,e5339,contain
e5344,e5337,contain
e5344,e5333,contain
e5344,e5336,contain
e5344,e5338,contain
e5435,e5388,contain
e5435,e5425,contain
e5435,e5426,contain
e5435,e5399,contain
e5435,e5369,contain
e5435,e5385,contain
e5435,e5387,contain
e5435,e5384,contain
e5435,e5360,contain
e5435,e5368,contain
e5435,e5365,contain
e5435,e5359,contain
e5435,e5361,contain
e5435,e5367,contain
e5435,e5362,contain
e5435,e5364,contain
e5435,e5402,contain
e5435,e5379,contain
e5435,e5383,contain
e5435,e5396,contain
e5435,e5397,contain
e5435,e5395,contain
e5435,e5393,contain
e5435,e5358,contain
e5435,e5354,contain
e5435,e5381,contain
e5435,e5375,contain
e5435,e5414,contain
e5435,e5413,contain
e5435,e5417,contain
e5435,e5374,contain
e5435,e5412,contain
e5435,e5416,contain
e5435,e5403,contain
e5435,e5404,contain
e5475,e5456,contain
e5475,e5448,contain
e5475,e5455,contain
e5475,e5457,contain
e5475,e5449,contain
e5484,e5481,contain
e5508,e5500,contain
e5516,e5510,contain
e5556,e5552,contain
e5570,e5561,contain
e5570,e5562,contain
e5580,e5578,contain
e5586,e5581,contain
e5599,e5595,contain
e5599,e5593,contain
e5599,e5592,contain
e5616,e5613,contain
e5616,e5614,contain
e5630,e5622,contain
e5630,e5621,contain
e5630,e5620,contain
e5630,e5624,contain
e5641,e5634,contain
e5641,e5635,contain
e5641,e5636,contain
e5641,e5632,contain
e5641,e5631,contain
e5679,e5676,contain
e5679,e5677,contain
e5718,e5716,contain
e5718,e5714,contain
e5718,e5715,contain
e5731,e5729,contain
e5731,e5728,contain
e5731,e5727,contain
e5748,e5746,contain
e5780,e5771,contain
e5840,e5790,contain
e5840,e5789,contain
e5840,e5822,contain
e5840,e5823,contain
e5840,e5833,contain
e5840,e5826,contain
e5840,e5830,contain
e5840,e5828,contain
e5840,e5829,contain
e5840,e5827,contain
e5840,e5791,contain
e5840,e5792,contain
e5840,e5832,contain
e5840,e5824,contain
e5840,e5793,contain
e5840,e5825,contain
e5840,e5819,contain
e5840,e5816,contain
e5840,e5815,contain
e5840,e5817,contain
e5840,e5818,contain
e5840,e5809,contain
e5840,e5794,contain
e5840,e5796,contain
e5840,e5795,contain
e5840,e5806,contain
e5840,e5807,contain
e5896,e5891,contain
e5896,e5885,contain
e5896,e5883,contain
e5896,e5884,contain
e5896,e5882,contain
e5896,e5879,contain
e5896,e5881,contain
e5896,e5886,contain
e5896,e5878,contain
e5896,e5873,contain
e5917,e5909,contain
e5917,e5908,contain
e5917,e5907,contain
e5917,e5906,contain
e5917,e5902,contain
e5917,e5903,contain
e5917,e5901,contain
e5917,e5904,contain
e5927,e5920,contain
e5936,e5933,contain
e5936,e5934,contain
e5962,e5955,contain
e5967,e5963,contain
e5967,e5964,contain
e5967,e5965,contain
e5991,e5988,contain
e6016,e6010,contain
e6016,e6013,contain
e6016,e6008,contain
e6016,e6012,contain
e6016,e6007,contain
e6016,e6009,contain
e6016,e6014,contain
e6016,e6011,contain
e6040,e6035,contain
e6040,e6023,contain
e6040,e6019,contain
e6040,e6020,contain
e6040,e6021,contain
e6040,e6026,contain
e6040,e6029,contain
e6040,e6025,contain
e6040,e6033,contain
e6040,e6028,contain
e6040,e6018,contain
e6040,e6032,contain
e6040,e6034,contain
e6040,e6036,contain
e6040,e6024,contain
e6040,e6030,contain
e6040,e6017,contain
e6090,e6052,contain
e6090,e6055,contain
e6090,e6056,contain
e6090,e6059,contain
e6090,e6072,contain
e6090,e6043,contain
e6090,e6064,contain
e6090,e6065,contain
e6090,e6067,contain
e6090,e6066,contain
e6090,e6070,contain
e6112,e6097,contain
e6112,e6108,contain
e6112,e6107,contain
e6112,e6106,contain
e6112,e6103,contain
e6112,e6104,contain
e6112,e6094,contain
e6112,e6093,contain
e6112,e6092,contain
e6112,e6098,contain
e6112,e6100,contain
e6112,e6099,contain
e6112,e6096,contain
e6139,e6137,contain
e6149,e6145,contain
e6149,e6143,contain
e6175,e6156,contain
e6175,e6158,contain
e6175,e6157,contain
e6175,e6163,contain
e6213,e6190,contain
e6213,e6199,contain
e6213,e6189,contain
e6213,e6188,contain
e6213,e6179,contain
e6213,e6198,contain
e6213,e6184,contain
e6213,e6185,contain
e6213,e6197,contain
e6213,e6196,contain
e6213,e6205,contain
e6213,e6183,contain
e6213,e6208,contain
e6213,e6176,contain
e6393,e6235,contain
e6393,e6239,contain
e6393,e6232,contain
e6393,e6290,contain
e6393,e6319,contain
e6393,e6258,contain
e6393,e6263,contain
e6393,e6291,contain
e6393,e6270,contain
e6393,e6265,contain
e6393,e6330,contain
e6393,e6287,contain
e6393,e6271,contain
e6393,e6366,contain
e6393,e6365,contain
e6393,e6356,contain
e6393,e6355,contain
e6393,e6354,contain
e6393,e6277,contain
e6393,e6338,contain
e6393,e6334,contain
e6393,e6335,contain
e6393,e6333,contain
e6393,e6337,contain
e6393,e6343,contain
e6393,e6342,contain
e6393,e6345,contain
e6393,e6344,contain
e6393,e6347,contain
e6393,e6293,contain
e6393,e6348,contain
e6393,e6371,contain
e6393,e6236,contain
e6393,e6284,contain
e6393,e6308,contain
e6393,e6372,contain
e6393,e6316,contain
e6393,e6283,contain
e6393,e6268,contain
e6393,e6351,contain
e6393,e6350,contain
e6393,e6295,contain
e6393,e6294,contain
e6393,e6328,contain
e6393,e6266,contain
e6393,e6322,contain
e6393,e6233,contain
e6393,e6247,contain
e6393,e6245,contain
e6393,e6250,contain
e6393,e6246,contain
e6393,e6243,contain
e6393,e6241,contain
e6393,e6244,contain
e6393,e6248,contain
e6393,e6242,contain
e6393,e6254,contain
e6393,e6257,contain
e6393,e6251,contain
e6393,e6253,contain
e6393,e6255,contain
e6393,e6252,contain
e6393,e6296,contain
e6393,e6300,contain
e6393,e6297,contain
e6393,e6298,contain
e6393,e6375,contain
e6393,e6352,contain
e6393,e6231,contain
e6393,e6312,contain
e6393,e6353,contain
e6406,e6402,contain
e6423,e6417,contain
e6423,e6420,contain
e6423,e6419,contain
e6423,e6416,contain
e6423,e6418,contain
e6423,e6421,contain
e6564,e6488,contain
e6564,e6550,contain
e6564,e6521,contain
e6564,e6471,contain
e6564,e6469,contain
e6564,e6470,contain
e6564,e6479,contain
e6564,e6480,contain
e6564,e6478,contain
e6564,e6520,contain
e6564,e6548,contain
e6564,e6555,contain
e6564,e6546,contain
e6564,e6553,contain
e6564,e6485,contain
e6564,e6537,contain
e6564,e6539,contain
e6564,e6541,contain
e6564,e6540,contain
e6564,e6536,contain
e6564,e6538,contain
e6564,e6516,contain
e6564,e6512,contain
e6564,e6515,contain
e6564,e6476,contain
e6564,e6477,contain
e6564,e6547,contain
e6564,e6527,contain
e6564,e6528,contain
e6564,e6482,contain
e6564,e6551,contain
e6564,e6489,contain
e6564,e6532,contain
e6564,e6530,contain
e6564,e6531,contain
e6564,e6523,contain
e6564,e6473,contain
e6564,e6545,contain
e6564,e6549,contain
e6564,e6507,contain
e6564,e6510,contain
e6564,e6504,contain
e6564,e6506,contain
e6564,e6505,contain
e6564,e6508,contain
e6564,e6509,contain
e6564,e6500,contain
e6564,e6493,contain
e6564,e6495,contain
e6564,e6496,contain
e6564,e6494,contain
e6564,e6498,contain
e6564,e6499,contain
e6564,e6491,contain
e6564,e6522,contain
e6657,e6654,contain
e6657,e6655,contain
e6664,e6662,contain
e6664,e6661,contain
e6853,e6833,contain
e6853,e6772,contain
e6853,e6822,contain
e6853,e6824,contain
e6853,e6715,contain
e6853,e6716,contain
e6853,e6713,contain
e6853,e6806,contain
e6853,e6752,contain
e6853,e6754,contain
e6853,e6753,contain
e6853,e6839,contain
e6853,e6838,contain
e6853,e6691,contain
e6853,e6746,contain
e6853,e6733,contain
e6853,e6738,contain
e6853,e6736,contain
e6853,e6737,contain
e6853,e6740,contain
e6853,e6739,contain
e6853,e6761,contain
e6853,e6729,contain
e6853,e6695,contain
e6853,e6686,contain
e6853,e6828,contain
e6853,e6795,contain
e6853,e6793,contain
e6853,e6792,contain
e6853,e6720,contain
e6853,e6721,contain
e6853,e6711,contain
e6853,e6840,contain
e6853,e6697,contain
e6853,e6700,contain
e6853,e6744,contain
e6853,e6836,contain
e6853,e6767,contain
e6853,e6829,contain
e6853,e6830,contain
e6853,e6800,contain
e6853,e6801,contain
e6892,e6859,contain
e6892,e6874,contain
e6892,e6855,contain
e6892,e6878,contain
e6892,e6860,contain
e6892,e6862,contain
e6892,e6861,contain
e6892,e6871,contain
e6892,e6884,contain
e6907,e6894,contain
e6907,e6897,contain
e6907,e6899,contain
e6907,e6900,contain
e6907,e6895,contain
e6907,e6902,contain
e6907,e6893,contain
e6907,e6901,contain
e6907,e6903,contain
e6907,e6896,contain
e7082,e6930,contain
e7094,e7084,contain
e7094,e7090,contain
e7102,e7099,contain
e7102,e7100,contain
e7112,e7107,contain
e7122,e7117,contain
e7122,e7116,contain
e7122,e7118,contain
e1168,e1158,contain
e1168,e1161,contain
e1168,e1159,contain
e1168,e1162,contain
e1168,e1160,contain
e7139,e7131,contain
e7221,e7162,contain
e7221,e7185,contain
e7221,e7186,contain
e7221,e7203,contain
e7221,e7204,contain
e7221,e7202,contain
e7221,e7155,contain
e7221,e7154,contain
e7221,e7156,contain
e7221,e7190,contain
e7221,e7192,contain
e7221,e7171,contain
e7221,e7170,contain
e7221,e7169,contain
e7221,e7180,contain
e7221,e7172,contain
e7221,e7187,contain
e7221,e7194,contain
e7221,e7175,contain
e7221,e7164,contain
e7221,e7196,contain
e7221,e7160,contain
e7221,e7161,contain
e7221,e7209,contain
e7221,e7208,contain
e7221,e7210,contain
e7221,e7173,contain
e7221,e7178,contain
e7221,e7177,contain
e7240,e7234,contain
e7635,e7440,contain
e7635,e7551,contain
e7635,e7327,contain
e7635,e7353,contain
e7635,e7379,contain
e7635,e7404,contain
e7635,e7284,contain
e7635,e7285,contain
e7635,e7286,contain
e7635,e7581,contain
e7635,e7592,contain
e7635,e7519,contain
e7635,e7253,contain
e7635,e7252,contain
e7635,e7292,contain
e7635,e7293,contain
e7635,e7595,contain
e7635,e7368,contain
e7635,e7484,contain
e7635,e7486,contain
e7635,e7485,contain
e7635,e7471,contain
e7635,e7257,contain
e7635,e7258,contain
e7635,e7256,contain
e7635,e7297,contain
e7635,e7443,contain
e7635,e7445,contain
e7635,e7444,contain
e7635,e7300,contain
e7635,e7462,contain
e7635,e7464,contain
e7635,e7463,contain
e7635,e7415,contain
e7635,e7272,contain
e7635,e7587,contain
e7635,e7565,contain
e7635,e7500,contain
e7635,e7601,contain
e7635,e7603,contain
e7635,e7393,contain
e7635,e7394,contain
e7635,e7395,contain
e7635,e7310,contain
e7635,e7309,contain
e7635,e7344,contain
e7635,e7345,contain
e7635,e7370,contain
e7635,e7505,contain
e7635,e7278,contain
e7635,e7469,contain
e7635,e7468,contain
e7635,e7588,contain
e7635,e7351,contain
e7635,e7350,contain
e7635,e7352,contain
e7635,e7349,contain
e7635,e7374,contain
e7635,e7545,contain
e7635,e7323,contain
e7635,e7269,contain
e7635,e7270,contain
e7635,e7268,contain
e7635,e7324,contain
e7635,e7333,contain
e7635,e7589,contain
e7635,e7591,contain
e7635,e7590,contain
e7635,e7514,contain
e7635,e7334,contain
e7635,e7325,contain
e7635,e7515,contain
e7635,e7283,contain
e7635,e7364,contain
e7635,e7247,contain
e7635,e7576,contain
e7635,e7578,contain
e7635,e7577,contain
e7635,e7579,contain
e7635,e7580,contain
e7635,e7380,contain
e7635,e7249,contain
e7635,e7617,contain
e7635,e7618,contain
e7635,e7250,contain
e7635,e7251,contain
e7635,e7548,contain
e7635,e7620,contain
e7635,e7619,contain
e7635,e7549,contain
e7635,e7336,contain
e7635,e7405,contain
e7635,e7381,contain
e7635,e7337,contain
e7635,e7482,contain
e7635,e7483,contain
e7635,e7406,contain
e7635,e7326,contain
e7635,e7516,contain
e7635,e7407,contain
e7635,e7408,contain
e7635,e7453,contain
e7635,e7452,contain
e7635,e7289,contain
e7635,e7382,contain
e7635,e7290,contain
e7635,e7409,contain
e7635,e7517,contain
e7635,e7518,contain
e7635,e7593,contain
e7635,e7550,contain
e7635,e7383,contain
e7635,e7384,contain
e7635,e7291,contain
e7635,e7552,contain
e7635,e7520,contain
e7635,e7455,contain
e7635,e7454,contain
e7635,e7553,contain
e7635,e7522,contain
e7635,e7523,contain
e7635,e7524,contain
e7635,e7366,contain
e7635,e7367,contain
e7635,e7456,contain
e7635,e7339,contain
e7635,e7338,contain
e7635,e7554,contain
e7635,e7254,contain
e7635,e7555,contain
e7635,e7410,contain
e7635,e7527,contain
e7635,e7525,contain
e7635,e7556,contain
e7635,e7582,contain
e7635,e7557,contain
e7635,e7369,contain
e7635,e7621,contain
e7635,e7255,contain
e7635,e7411,contain
e7635,e7385,contain
e7635,e7457,contain
e7635,e7459,contain
e7635,e7458,contain
e7635,e7354,contain
e7635,e7472,contain
e7635,e7412,contain
e7635,e7560,contain
e7635,e7558,contain
e7635,e7559,contain
e7635,e7413,contain
e7635,e7295,contain
e7635,e7294,contain
e7635,e7487,contain
e7635,e7488,contain
e7635,e7355,contain
e7635,e7583,contain
e7635,e7356,contain
e7635,e7596,contain
e7635,e7357,contain
e7635,e7296,contain
e7635,e7528,contain
e7635,e7489,contain
e7635,e7358,contain
e7635,e7359,contain
e7635,e7561,contain
e7635,e7340,contain
e7635,e7460,contain
e7635,e7461,contain
e7635,e7562,contain
e7635,e7442,contain
e7635,e7622,contain
e7635,e7491,contain
e7635,e7490,contain
e7635,e7473,contain
e7635,e7341,contain
e7635,e7342,contain
e7635,e7298,contain
e7635,e7299,contain
e7635,e7563,contain
e7635,e7386,contain
e7635,e7597,contain
e7635,e7446,contain
e7635,e7599,contain
e7635,e7598,contain
e7635,e7492,contain
e7635,e7414,contain
e7635,e7493,contain
e7635,e7417,contain
e7635,e7416,contain
e7635,e7496,contain
e7635,e7494,contain
e7635,e7495,contain
e7635,e7271,contain
e7635,e7564,contain
e7635,e7497,contain
e7635,e7474,contain
e7635,e7499,contain
e7635,e7302,contain
e7635,e7273,contain
e7635,e7584,contain
e7635,e7586,contain
e7635,e7585,contain
e7635,e7304,contain
e7635,e7303,contain
e7635,e7388,contain
e7635,e7387,contain
e7635,e7566,contain
e7635,e7567,contain
e7635,e7389,contain
e7635,e7530,contain
e7635,e7531,contain
e7635,e7532,contain
e7635,e7274,contain
e7635,e7533,contain
e7635,e7390,contain
e7635,e7392,contain
e7635,e7391,contain
e7635,e7534,contain
e7635,e7535,contain
e7635,e7536,contain
e7635,e7418,contain
e7635,e7419,contain
e7635,e7501,contain
e7635,e7305,contain
e7635,e7306,contain
e7635,e7343,contain
e7635,e7361,contain
e7635,e7360,contain
e7635,e7307,contain
e7635,e7308,contain
e7635,e7448,contain
e7635,e7421,contain
e7635,e7420,contain
e7635,e7328,contain
e7635,e7604,contain
e7635,e7502,contain
e7635,e7612,contain
e7635,e7422,contain
e7635,e7260,contain
e7635,e7503,contain
e7635,e7424,contain
e7635,e7423,contain
e7635,e7623,contain
e7635,e7426,contain
e7635,e7568,contain
e7635,e7569,contain
e7635,e7311,contain
e7635,e7312,contain
e7635,e7427,contain
e7635,e7624,contain
e7635,e7504,contain
e7635,e7429,contain
e7635,e7428,contain
e7635,e7606,contain
e7635,e7537,contain
e7635,e7570,contain
e7635,e7431,contain
e7635,e7432,contain
e7635,e7329,contain
e7635,e7330,contain
e7635,e7449,contain
e7635,e7450,contain
e7635,e7261,contain
e7635,e7433,contain
e7635,e7275,contain
e7635,e7476,contain
e7635,e7571,contain
e7635,e7613,contain
e7635,e7396,contain
e7635,e7313,contain
e7635,e7262,contain
e7635,e7607,contain
e7635,e7371,contain
e7635,e7397,contain
e7635,e7401,contain
e7635,e7399,contain
e7635,e7263,contain
e7635,e7314,contain
e7635,e7434,contain
e7635,e7264,contain
e7635,e7625,contain
e7635,e7332,contain
e7635,e7331,contain
e7635,e7572,contain
e7635,e7435,contain
e7635,e7276,contain
e7635,e7277,contain
e7635,e7315,contain
e7635,e7467,contain
e7635,e7466,contain
e7635,e7347,contain
e7635,e7372,contain
e7635,e7436,contain
e7635,e7437,contain
e7635,e7279,contain
e7635,e7479,contain
e7635,e7478,contain
e7635,e7480,contain
e7635,e7316,contain
e7635,e7481,contain
e7635,e7438,contain
e7635,e7538,contain
e7635,e7542,contain
e7635,e7540,contain
e7635,e7539,contain
e7635,e7541,contain
e7635,e7318,contain
e7635,e7317,contain
e7635,e7614,contain
e7635,e7280,contain
e7635,e7319,contain
e7635,e7402,contain
e7635,e7320,contain
e7635,e7321,contain
e7635,e7267,contain
e7635,e7265,contain
e7635,e7543,contain
e7635,e7506,contain
e7635,e7507,contain
e7635,e7322,contain
e7635,e7573,contain
e7635,e7575,contain
e7635,e7574,contain
e7635,e7509,contain
e7635,e7510,contain
e7635,e7608,contain
e7635,e7615,contain
e7635,e7616,contain
e7635,e7609,contain
e7635,e7375,contain
e7635,e7376,contain
e7635,e7611,contain
e7635,e7626,contain
e7635,e7362,contain
e7635,e7377,contain
e7635,e7403,contain
e7635,e7363,contain
e7635,e7378,contain
e7635,e7512,contain
e7635,e7511,contain
e7635,e7513,contain
e7635,e7439,contain
e7635,e7246,contain
e7635,e7245,contain
e7639,e7637,contain
e7647,e7645,contain
e7679,e7662,contain
e7679,e7666,contain
e7679,e7667,contain
e7679,e7671,contain
e7679,e7672,contain
e7679,e7670,contain
e7702,e7697,contain
e7702,e7696,contain
e7702,e7685,contain
e7702,e7694,contain
e7702,e7699,contain
e7702,e7691,contain
e7702,e7698,contain
e7702,e7686,contain
e7702,e7690,contain
e7702,e7695,contain
e7702,e7692,contain
e7702,e7689,contain
e7702,e7687,contain
e7702,e7700,contain
e7702,e7688,contain
e7702,e7693,contain
e8093,e7708,contain
e8093,e7931,contain
e8093,e7772,contain
e8093,e8051,contain
e8093,e7936,contain
e8093,e7855,contain
e8093,e7743,contain
e8093,e7948,contain
e8093,e7896,contain
e8093,e7796,contain
e8093,e7750,contain
e8093,e7751,contain
e8093,e8040,contain
e8093,e7785,contain
e8093,e7800,contain
e8093,e7786,contain
e8093,e8079,contain
e8093,e7763,contain
e8093,e7758,contain
e8093,e7735,contain
e8093,e7736,contain
e8093,e7877,contain
e8093,e8010,contain
e8093,e7765,contain
e8093,e7769,contain
e8093,e7981,contain
e8093,e8064,contain
e8093,e8062,contain
e8093,e8063,contain
e8093,e7935,contain
e8093,e7885,contain
e8093,e7986,contain
e8093,e8034,contain
e8093,e7854,contain
e8093,e7924,contain
e8093,e7791,contain
e8093,e7776,contain
e8093,e7792,contain
e8093,e8069,contain
e8093,e7890,contain
e8093,e7993,contain
e8093,e7742,contain
e8093,e7904,contain
e8093,e7730,contain
e8093,e8073,contain
e8093,e8074,contain
e8093,e7703,contain
e8093,e7905,contain
e8093,e7937,contain
e8093,e7731,contain
e8093,e7780,contain
e8093,e7906,contain
e8093,e7891,contain
e8093,e8017,contain
e8093,e7892,contain
e8093,e7938,contain
e8093,e7939,contain
e8093,e7793,contain
e8093,e8052,contain
e8093,e7794,contain
e8093,e7819,contain
e8093,e7940,contain
e8093,e7834,contain
e8093,e7856,contain
e8093,e7721,contain
e8093,e7744,contain
e8093,e7745,contain
e8093,e7941,contain
e8093,e7781,contain
e8093,e7857,contain
e8093,e7858,contain
e8093,e7859,contain
e8093,e7942,contain
e8093,e7925,contain
e8093,e7746,contain
e8093,e7747,contain
e8093,e7722,contain
e8093,e7795,contain
e8093,e7748,contain
e8093,e8037,contain
e8093,e7860,contain
e8093,e7944,contain
e8093,e7943,contain
e8093,e7820,contain
e8093,e7945,contain
e8093,e7749,contain
e8093,e7994,contain
e8093,e7835,contain
e8093,e7836,contain
e8093,e7704,contain
e8093,e7705,contain
e8093,e7732,contain
e8093,e8018,contain
e8093,e7837,contain
e8093,e7733,contain
e8093,e8075,contain
e8093,e7946,contain
e8093,e7947,contain
e8093,e7907,contain
e8093,e7839,contain
e8093,e7838,contain
e8093,e7840,contain
e8093,e7949,contain
e8093,e7893,contain
e8093,e7894,contain
e8093,e7908,contain
e8093,e8019,contain
e8093,e8053,contain
e8093,e7895,contain
e8093,e7909,contain
e8093,e7706,contain
e8093,e8020,contain
e8093,e8021,contain
e8093,e7861,contain
e8093,e7862,contain
e8093,e7863,contain
e8093,e8022,contain
e8093,e7910,contain
e8093,e7797,contain
e8093,e7952,contain
e8093,e7950,contain
e8093,e7951,contain
e8093,e7753,contain
e8093,e8038,contain
e8093,e7782,contain
e8093,e7783,contain
e8093,e7953,contain
e8093,e7897,contain
e8093,e7841,contain
e8093,e7864,contain
e8093,e7709,contain
e8093,e7710,contain
e8093,e7995,contain
e8093,e7865,contain
e8093,e7911,contain
e8093,e7954,contain
e8093,e8039,contain
e8093,e7955,contain
e8093,e7956,contain
e8093,e8023,contain
e8093,e7842,contain
e8093,e7926,contain
e8093,e7957,contain
e8093,e7799,contain
e8093,e7997,contain
e8093,e7996,contain
e8093,e7958,contain
e8093,e8070,contain
e8093,e7843,contain
e8093,e7927,contain
e8093,e7912,contain
e8093,e7998,contain
e8093,e7999,contain
e8093,e7784,contain
e8093,e8055,contain
e8093,e7712,contain
e8093,e8000,contain
e8093,e7959,contain
e8093,e7867,contain
e8093,e7961,contain
e8093,e7960,contain
e8093,e7868,contain
e8093,e8001,contain
e8093,e8002,contain
e8093,e7734,contain
e8093,e8003,contain
e8093,e7962,contain
e8093,e7963,contain
e8093,e7713,contain
e8093,e7913,contain
e8093,e7966,contain
e8093,e7964,contain
e8093,e7965,contain
e8093,e7723,contain
e8093,e8076,contain
e8093,e8004,contain
e8093,e7870,contain
e8093,e8078,contain
e8093,e8077,contain
e8093,e7967,contain
e8093,e7929,contain
e8093,e8057,contain
e8093,e8056,contain
e8093,e7968,contain
e8093,e7754,contain
e8093,e7813,contain
e8093,e7969,contain
e8093,e7845,contain
e8093,e7844,contain
e8093,e7871,contain
e8093,e7873,contain
e8093,e7872,contain
e8093,e8041,contain
e8093,e7787,contain
e8093,e7846,contain
e8093,e7847,contain
e8093,e7970,contain
e8093,e7971,contain
e8093,e7755,contain
e8093,e7898,contain
e8093,e7874,contain
e8093,e7756,contain
e8093,e7757,contain
e8093,e8058,contain
e8093,e8024,contain
e8093,e7759,contain
e8093,e7875,contain
e8093,e8005,contain
e8093,e8006,contain
e8093,e8007,contain
e8093,e8008,contain
e8093,e7760,contain
e8093,e7762,contain
e8093,e7915,contain
e8093,e7914,contain
e8093,e7899,contain
e8093,e7972,contain
e8093,e7876,contain
e8093,e7714,contain
e8093,e7715,contain
e8093,e8009,contain
e8093,e7848,contain
e8093,e7973,contain
e8093,e7974,contain
e8093,e7975,contain
e8093,e8080,contain
e8093,e8042,contain
e8093,e7724,contain
e8093,e7764,contain
e8093,e8059,contain
e8093,e7737,contain
e8093,e7916,contain
e8093,e8026,contain
e8093,e8025,contain
e8093,e8027,contain
e8093,e7849,contain
e8093,e7879,contain
e8093,e7878,contain
e8093,e7880,contain
e8093,e7766,contain
e8093,e8081,contain
e8093,e7850,contain
e8093,e7917,contain
e8093,e7918,contain
e8093,e7851,contain
e8093,e7852,contain
e8093,e8043,contain
e8093,e7767,contain
e8093,e7768,contain
e8093,e8082,contain
e8093,e7716,contain
e8093,e7976,contain
e8093,e7977,contain
e8093,e7770,contain
e8093,e8060,contain
e8093,e7801,contain
e8093,e8083,contain
e8093,e7930,contain
e8093,e7978,contain
e8093,e7979,contain
e8093,e7881,contain
e8093,e7882,contain
e8093,e7921,contain
e8093,e7919,contain
e8093,e7920,contain
e8093,e8061,contain
e8093,e7980,contain
e8093,e7883,contain
e8093,e7740,contain
e8093,e7738,contain
e8093,e7814,contain
e8093,e8028,contain
e8093,e7932,contain
e8093,e8084,contain
e8093,e8012,contain
e8093,e8011,contain
e8093,e7933,contain
e8093,e7982,contain
e8093,e7802,contain
e8093,e7821,contain
e8093,e7717,contain
e8093,e8013,contain
e8093,e7816,contain
e8093,e7815,contain
e8093,e8065,contain
e8093,e7788,contain
e8093,e8085,contain
e8093,e7741,contain
e8093,e7853,contain
e8093,e7983,contain
e8093,e7984,contain
e8093,e7900,contain
e8093,e7822,contain
e8093,e7803,contain
e8093,e7922,contain
e8093,e7901,contain
e8093,e7805,contain
e8093,e7804,contain
e8093,e7823,contain
e8093,e8014,contain
e8093,e8066,contain
e8093,e7806,contain
e8093,e7902,contain
e8093,e7824,contain
e8093,e7807,contain
e8093,e7934,contain
e8093,e7727,contain
e8093,e7726,contain
e8093,e7725,contain
e8093,e8029,contain
e8093,e8067,contain
e8093,e8015,contain
e8093,e7808,contain
e8093,e7809,contain
e8093,e7985,contain
e8093,e7810,contain
e8093,e8031,contain
e8093,e8030,contain
e8093,e7771,contain
e8093,e7825,contain
e8093,e8032,contain
e8093,e8033,contain
e8093,e7884,contain
e8093,e7826,contain
e8093,e7827,contain
e8093,e7811,contain
e8093,e8044,contain
e8093,e7812,contain
e8093,e7886,contain
e8093,e8072,contain
e8093,e8071,contain
e8093,e7718,contain
e8093,e7828,contain
e8093,e8086,contain
e8093,e7728,contain
e8093,e7903,contain
e8093,e7817,contain
e8093,e8045,contain
e8093,e8047,contain
e8093,e8046,contain
e8093,e8068,contain
e8093,e8048,contain
e8093,e8049,contain
e8093,e7773,contain
e8093,e8050,contain
e8093,e7887,contain
e8093,e7987,contain
e8093,e7729,contain
e8093,e7988,contain
e8093,e7719,contain
e8093,e7818,contain
e8093,e7923,contain
e8093,e7790,contain
e8093,e7829,contain
e8093,e7774,contain
e8093,e7720,contain
e8093,e7989,contain
e8093,e7888,contain
e8093,e7775,contain
e8093,e8035,contain
e8093,e7990,contain
e8093,e7830,contain
e8093,e8087,contain
e8093,e7777,contain
e8093,e7778,contain
e8093,e7991,contain
e8093,e7831,contain
e8093,e7832,contain
e8093,e7992,contain
e8093,e7889,contain
e8093,e7779,contain
e8093,e8016,contain
e8310,e8219,contain
e8310,e8147,contain
e8310,e8286,contain
e8310,e8258,contain
e8310,e8127,contain
e8310,e8241,contain
e8310,e8170,contain
e8310,e8186,contain
e8310,e8259,contain
e8310,e8128,contain
e8310,e8293,contain
e8310,e8172,contain
e8310,e8171,contain
e8310,e8215,contain
e8310,e8173,contain
e8310,e8216,contain
e8310,e8150,contain
e8310,e8242,contain
e8310,e8217,contain
e8310,e8174,contain
e8310,e8243,contain
e8310,e8244,contain
e8310,e8260,contain
e8310,e8261,contain
e8310,e8129,contain
e8310,e8114,contain
e8310,e8245,contain
e8310,e8262,contain
e8310,e8218,contain
e8310,e8263,contain
e8310,e8246,contain
e8310,e8206,contain
e8310,e8157,contain
e8310,e8187,contain
e8310,e8247,contain
e8310,e8115,contain
e8310,e8294,contain
e8310,e8279,contain
e8310,e8287,contain
e8310,e8288,contain
e8310,e8105,contain
e8310,e8175,contain
e8310,e8295,contain
e8310,e8188,contain
e8310,e8296,contain
e8310,e8220,contain
e8310,e8248,contain
e8310,e8130,contain
e8310,e8249,contain
e8310,e8297,contain
e8310,e8189,contain
e8310,e8264,contain
e8310,e8131,contain
e8310,e8176,contain
e8310,e8299,contain
e8310,e8298,contain
e8310,e8177,contain
e8310,e8178,contain
e8310,e8179,contain
e8310,e8132,contain
e8310,e8250,contain
e8310,e8207,contain
e8310,e8190,contain
e8310,e8265,contain
e8310,e8133,contain
e8310,e8273,contain
e8310,e8266,contain
e8310,e8106,contain
e8310,e8152,contain
e8310,e8192,contain
e8310,e8191,contain
e8310,e8198,contain
e8310,e8267,contain
e8310,e8153,contain
e8310,e8107,contain
e8310,e8281,contain
e8310,e8108,contain
e8310,e8116,contain
e8310,e8268,contain
e8310,e8301,contain
e8310,e8300,contain
e8310,e8274,contain
e8310,e8282,contain
e8310,e8221,contain
e8310,e8251,contain
e8310,e8134,contain
e8310,e8289,contain
e8310,e8109,contain
e8310,e8102,contain
e8310,e8222,contain
e8310,e8135,contain
e8310,e8302,contain
e8310,e8117,contain
e8310,e8160,contain
e8310,e8180,contain
e8310,e8161,contain
e8310,e8193,contain
e8310,e8283,contain
e8310,e8252,contain
e8310,e8253,contain
e8310,e8254,contain
e8310,e8275,contain
e8310,e8163,contain
e8310,e8223,contain
e8310,e8164,contain
e8310,e8194,contain
e8310,e8303,contain
e8310,e8255,contain
e8310,e8304,contain
e8310,e8224,contain
e8310,e8208,contain
e8310,e8203,contain
e8310,e8136,contain
e8310,e8137,contain
e8310,e8138,contain
e8310,e8225,contain
e8310,e8284,contain
e8310,e8285,contain
e8310,e8165,contain
e8310,e8181,contain
e8310,e8118,contain
e8310,e8226,contain
e8310,e8139,contain
e8310,e8209,contain
e8310,e8119,contain
e8310,e8182,contain
e8310,e8199,contain
e8310,e8290,contain
e8310,e8256,contain
e8310,e8227,contain
e8310,e8195,contain
e8310,e8204,contain
e8310,e8141,contain
e8310,e8140,contain
e8310,e8121,contain
e8310,e8183,contain
e8310,e8120,contain
e8310,e8166,contain
e8310,e8143,contain
e8310,e8142,contain
e8310,e8148,contain
e8310,e8110,contain
e8310,e8158,contain
e8310,e8200,contain
e8310,e8184,contain
e8310,e8122,contain
e8310,e8123,contain
e8310,e8149,contain
e8310,e8167,contain
e8310,e8230,contain
e8310,e8210,contain
e8310,e8291,contain
e8310,e8124,contain
e8310,e8111,contain
e8310,e8112,contain
e8310,e8231,contain
e8310,e8233,contain
e8310,e8232,contain
e8310,e8144,contain
e8310,e8269,contain
e8310,e8234,contain
e8310,e8270,contain
e8310,e8154,contain
e8310,e8113,contain
e8310,e8271,contain
e8310,e8276,contain
e8310,e8168,contain
e8310,e8237,contain
e8310,e8145,contain
e8310,e8155,contain
e8310,e8156,contain
e8310,e8277,contain
e8310,e8292,contain
e8310,e8211,contain
e8310,e8196,contain
e8310,e8103,contain
e8310,e8104,contain
e8310,e8212,contain
e8310,e8125,contain
e8310,e8272,contain
e8310,e8169,contain
e8310,e8201,contain
e8310,e8126,contain
e8310,e8159,contain
e8310,e8213,contain
e8310,e8214,contain
e8310,e8101,contain
e8310,e8146,contain
e8310,e8197,contain
e8310,e8202,contain
e8310,e8185,contain
e8310,e8238,contain
e8310,e8239,contain
e8310,e8240,contain
e8395,e8336,contain
e8395,e8373,contain
e8395,e8349,contain
e8395,e8348,contain
e8395,e8362,contain
e8395,e8361,contain
e8395,e8341,contain
e8395,e8363,contain
e8395,e8340,contain
e8395,e8366,contain
e8395,e8358,contain
e8395,e8368,contain
e8395,e8375,contain
e8395,e8378,contain
e8395,e8339,contain
e8395,e8387,contain
e8395,e8386,contain
e8395,e8380,contain
e8395,e8382,contain
e8395,e8381,contain
e8395,e8347,contain
e8395,e8343,contain
e8395,e8342,contain
e8395,e8338,contain
e8395,e8351,contain
e8395,e8323,contain
e8395,e8333,contain
e8395,e8331,contain
e8395,e8334,contain
e8395,e8332,contain
e8395,e8390,contain
e8395,e8353,contain
e8395,e8322,contain
e8395,e8388,contain
e8395,e8350,contain
e8395,e8352,contain
e8395,e8364,contain
e8436,e8398,contain
e8436,e8399,contain
e8436,e8407,contain
e8436,e8403,contain
e8436,e8416,contain
e8436,e8401,contain
e8436,e8411,contain
e8436,e8410,contain
e8436,e8412,contain
e8436,e8406,contain
e8436,e8397,contain
e8436,e8425,contain
e8436,e8415,contain
e8436,e8414,contain
e8436,e8408,contain
e8436,e8404,contain
e8436,e8413,contain
e8436,e8423,contain
e8436,e8422,contain
e8436,e8421,contain
e8436,e8418,contain
e8436,e8433,contain
e8436,e8429,contain
e8436,e8430,contain
e8436,e8400,contain
e8436,e8431,contain
e8436,e8428,contain
e8436,e8427,contain
e8436,e8396,contain
e8436,e8419,contain
e8460,e8450,contain
e8460,e8447,contain
e8460,e8453,contain
e8460,e8454,contain
e8460,e8452,contain
e8460,e8448,contain
e8460,e8449,contain
e8471,e8467,contain
e8481,e8472,contain
e8493,e8490,contain
e8525,e8522,contain
e8525,e8516,contain
e8525,e8518,contain
e8525,e8506,contain
e8525,e8521,contain
e8525,e8505,contain
e8525,e8502,contain
e8525,e8509,contain
e8525,e8512,contain
e8525,e8514,contain
e8525,e8511,contain
e8525,e8513,contain
e8525,e8507,contain
e8525,e8519,contain
e8525,e8520,contain
e8525,e8504,contain
e8525,e8503,contain
e8525,e8510,contain
e8525,e8501,contain
e8525,e8500,contain
e8525,e8499,contain
e8525,e8515,contain
e8525,e8517,contain
e8525,e8508,contain
e8587,e8541,contain
e8587,e8536,contain
e8587,e8555,contain
e8587,e8578,contain
e8587,e8569,contain
e8587,e8579,contain
e8587,e8557,contain
e8587,e8574,contain
e8587,e8545,contain
e8587,e8546,contain
e8587,e8571,contain
e8587,e8551,contain
e8587,e8580,contain
e8587,e8572,contain
e8587,e8554,contain
e8587,e8549,contain
e8587,e8558,contain
e8587,e8559,contain
e8587,e8560,contain
e8587,e8544,contain
e8587,e8562,contain
e8587,e8561,contain
e8587,e8550,contain
e8587,e8537,contain
e8587,e8573,contain
e8587,e8540,contain
e8587,e8576,contain
e8587,e8538,contain
e8587,e8565,contain
e8587,e8542,contain
e8587,e8543,contain
e8587,e8577,contain
e8587,e8567,contain
e8587,e8539,contain
e8587,e8568,contain
e8587,e8556,contain
e8607,e8594,contain
e8607,e8599,contain
e8607,e8596,contain
e8607,e8593,contain
e8607,e8590,contain
e8607,e8589,contain
e8607,e8595,contain
e8607,e8598,contain
e8656,e8628,contain
e8656,e8630,contain
e8656,e8629,contain
e8656,e8634,contain
e8656,e8635,contain
e8656,e8636,contain
e8656,e8647,contain
e8656,e8646,contain
e8656,e8645,contain
e8656,e8627,contain
e8656,e8626,contain
e8656,e8624,contain
e8656,e8648,contain
e8656,e8633,contain
e8656,e8631,contain
e8656,e8632,contain
e8656,e8638,contain
e8656,e8623,contain
e8656,e8621,contain
e8656,e8622,contain
e8656,e8637,contain
e8656,e8649,contain
e8656,e8651,contain
e8656,e8650,contain
e8734,e8685,contain
e8734,e8699,contain
e8734,e8689,contain
e8734,e8675,contain
e8734,e8684,contain
e8734,e8703,contain
e8734,e8706,contain
e8734,e8701,contain
e8734,e8693,contain
e8734,e8674,contain
e8734,e8692,contain
e8734,e8698,contain
e8734,e8718,contain
e8734,e8717,contain
e8734,e8691,contain
e8734,e8690,contain
e8734,e8697,contain
e8734,e8708,contain
e8734,e8696,contain
e8734,e8707,contain
e8734,e8695,contain
e8734,e8681,contain
e8734,e8714,contain
e8734,e8694,contain
e8755,e8745,contain
e8755,e8746,contain
e8755,e8747,contain
e8755,e8748,contain
e8814,e8801,contain
e8814,e8803,contain
e8814,e8805,contain
e8814,e8804,contain
e8814,e8799,contain
e8814,e8800,contain
e8814,e8802,contain
e8814,e8793,contain
e8814,e8808,contain
e8814,e8807,contain
e8814,e8768,contain
e8814,e8791,contain
e8814,e8785,contain
e8814,e8787,contain
e8814,e8786,contain
e8814,e8789,contain
e8814,e8790,contain
e8814,e8781,contain
e8814,e8775,contain
e8814,e8777,contain
e8814,e8776,contain
e8814,e8779,contain
e8814,e8780,contain
e8875,e8867,contain
e8875,e8866,contain
e8875,e8862,contain
e8875,e8864,contain
e8895,e8888,contain
e8895,e8887,contain
e8908,e8903,contain
e8908,e8905,contain
e8921,e8919,contain
e8924,e8922,contain
e9035,e9026,contain
e9035,e9022,contain
e9035,e8991,contain
e9035,e8972,contain
e9035,e8973,contain
e9035,e8971,contain
e9035,e8955,contain
e9035,e9025,contain
e9035,e8953,contain
e9035,e9001,contain
e9035,e8987,contain
e9035,e9021,contain
e9035,e9012,contain
e9035,e8952,contain
e9035,e8990,contain
e9035,e8945,contain
e9035,e8951,contain
e9035,e9020,contain
e9035,e9000,contain
e9035,e9019,contain
e9035,e8970,contain
e9035,e8969,contain
e9035,e8983,contain
e9035,e9017,contain
e9035,e9024,contain
e9035,e8968,contain
e9035,e8958,contain
e9035,e8942,contain
e9035,e8943,contain
e9035,e8999,contain
e9035,e8957,contain
e9035,e9011,contain
e9035,e8998,contain
e9035,e9009,contain
e9035,e9028,contain
e9035,e8941,contain
e9035,e8986,contain
e9035,e9008,contain
e9035,e8992,contain
e9035,e9007,contain
e9035,e8982,contain
e9035,e8950,contain
e9035,e8981,contain
e9035,e8956,contain
e9035,e8985,contain
e9035,e9023,contain
e9035,e8995,contain
e9035,e8960,contain
e9035,e8949,contain
e9035,e8989,contain
e9035,e8979,contain
e9035,e9006,contain
e9035,e9016,contain
e9035,e8978,contain
e9035,e8954,contain
e9035,e8959,contain
e9035,e8994,contain
e9035,e9005,contain
e9035,e8977,contain
e9035,e8967,contain
e9035,e8966,contain
e9035,e9015,contain
e9035,e8965,contain
e9035,e9014,contain
e9035,e8993,contain
e9035,e9013,contain
e9035,e8948,contain
e9035,e9010,contain
e9035,e8975,contain
e9035,e8947,contain
e9035,e9018,contain
e9035,e8944,contain
e9035,e8974,contain
e9035,e9002,contain
e9035,e8962,contain
e9035,e8961,contain
e9035,e8997,contain
e9035,e8996,contain
e9035,e8976,contain
e9035,e9027,contain
e9035,e9003,contain
e9035,e8946,contain
e9035,e8984,contain
e9170,e9144,contain
e9170,e9145,contain
e9170,e9155,contain
e9170,e9148,contain
e9170,e9147,contain
e9170,e9101,contain
e9170,e9133,contain
e9170,e9134,contain
e9170,e9142,contain
e9170,e9095,contain
e9170,e9117,contain
e9170,e9150,contain
e9170,e9128,contain
e9170,e9127,contain
e9170,e9126,contain
e9170,e9143,contain
e9170,e9137,contain
e9170,e9138,contain
e9170,e9139,contain
e9170,e9104,contain
e9170,e9102,contain
e9170,e9109,contain
e9170,e9103,contain
e9170,e9122,contain
e9170,e9118,contain
e9170,e9110,contain
e9170,e9130,contain
e9170,e9157,contain
e9170,e9156,contain
e9170,e9115,contain
e9190,e9182,contain
e9194,e9192,contain
e9389,e9351,contain
e9389,e9271,contain
e9389,e9355,contain
e9389,e9358,contain
e9389,e9357,contain
e9389,e9280,contain
e9389,e9279,contain
e9389,e9281,contain
e9389,e9344,contain
e9389,e9240,contain
e9389,e9301,contain
e9389,e9302,contain
e9389,e9284,contain
e9389,e9326,contain
e9389,e9369,contain
e9389,e9370,contain
e9389,e9320,contain
e9389,e9321,contain
e9389,e9231,contain
e9389,e9245,contain
e9389,e9220,contain
e9389,e9223,contain
e9389,e9329,contain
e9389,e9250,contain
e9389,e9251,contain
e9389,e9249,contain
e9389,e9333,contain
e9389,e9255,contain
e9389,e9256,contain
e9389,e9257,contain
e9389,e9262,contain
e9389,e9263,contain
e9389,e9258,contain
e9389,e9259,contain
e9389,e9261,contain
e9389,e9264,contain
e9389,e9260,contain
e9389,e9335,contain
e9389,e9334,contain
e9389,e9337,contain
e9389,e9338,contain
e9389,e9336,contain
e9389,e9233,contain
e9389,e9267,contain
e9389,e9341,contain
e9389,e9289,contain
e9389,e9227,contain
e9389,e9378,contain
e9389,e9363,contain
e9389,e9365,contain
e9389,e9228,contain
e9389,e9315,contain
e9389,e9313,contain
e9389,e9317,contain
e9389,e9294,contain
e9389,e9292,contain
e9389,e9291,contain
e9389,e9277,contain
e9389,e9276,contain
e9389,e9318,contain
e9408,e9394,contain
e9408,e9393,contain
e9408,e9395,contain
e9408,e9396,contain
e9408,e9400,contain
e9408,e9401,contain
e9408,e9399,contain
e9408,e9402,contain
e9417,e9414,contain
e9417,e9411,contain
e9417,e9410,contain
e9455,e9421,contain
e9455,e9422,contain
e9455,e9440,contain
e9455,e9423,contain
e9455,e9441,contain
e9455,e9427,contain
e9455,e9442,contain
e9455,e9425,contain
e9455,e9428,contain
e9455,e9424,contain
e9455,e9443,contain
e9455,e9444,contain
e9455,e9419,contain
e9455,e9420,contain
e9455,e9436,contain
e9455,e9437,contain
e9455,e9446,contain
e9470,e9457,contain
e9470,e9461,contain
e9470,e9460,contain
e9470,e9463,contain
e9493,e9479,contain
e9493,e9484,contain
e9493,e9480,contain
e9503,e9500,contain
e9503,e9499,contain
e9515,e9512,contain
e9596,e9527,contain
e9596,e9555,contain
e9596,e9579,contain
e9596,e9528,contain
e9596,e9546,contain
e9596,e9551,contain
e9596,e9550,contain
e9596,e9567,contain
e9596,e9544,contain
e9596,e9526,contain
e9596,e9536,contain
e9596,e9525,contain
e9596,e9543,contain
e9596,e9566,contain
e9596,e9578,contain
e9596,e9549,contain
e9596,e9542,contain
e9596,e9535,contain
e9596,e9534,contain
e9596,e9541,contain
e9596,e9577,contain
e9596,e9576,contain
e9596,e9584,contain
e9596,e9521,contain
e9596,e9565,contain
e9596,e9581,contain
e9596,e9539,contain
e9596,e9575,contain
e9596,e9520,contain
e9596,e9586,contain
e9596,e9554,contain
e9596,e9556,contain
e9596,e9547,contain
e9596,e9538,contain
e9596,e9574,contain
e9596,e9564,contain
e9596,e9573,contain
e9596,e9562,contain
e9596,e9519,contain
e9596,e9572,contain
e9596,e9561,contain
e9596,e9580,contain
e9596,e9590,contain
e9596,e9518,contain
e9596,e9589,contain
e9596,e9517,contain
e9596,e9557,contain
e9596,e9560,contain
e9596,e9559,contain
e9596,e9529,contain
e9596,e9570,contain
e9596,e9588,contain
e9596,e9569,contain
e9596,e9522,contain
e9596,e9568,contain
e9596,e9530,contain
e9596,e9591,contain
e9596,e9582,contain
e9596,e9583,contain
e9596,e9523,contain
e9596,e9563,contain
e9596,e9571,contain
e9596,e9553,contain
e9596,e9552,contain
e9629,e9621,contain
e9629,e9610,contain
e9629,e9609,contain
e9629,e9624,contain
e9629,e9607,contain
e9629,e9619,contain
e9629,e9616,contain
e9629,e9614,contain
e9629,e9617,contain
e9652,e9647,contain
e9652,e9648,contain
e9652,e9646,contain
e9681,e9664,contain
e9681,e9663,contain
e9681,e9665,contain
e9681,e9666,contain
e9681,e9669,contain
e9681,e9668,contain
e9681,e9667,contain
e9681,e9674,contain
e9681,e9672,contain
e9681,e9673,contain
e9681,e9676,contain
e9681,e9675,contain
e9697,e9694,contain
e9697,e9692,contain
e9697,e9690,contain
e9697,e9688,contain
e9776,e9770,contain
e10026,e9831,contain
e10026,e9965,contain
e10026,e9953,contain
e10026,e9954,contain
e10026,e9955,contain
e10026,e10003,contain
e10026,e10001,contain
e10026,e10000,contain
e10026,e9934,contain
e10026,e9938,contain
e10026,e9809,contain
e10026,e9853,contain
e10026,e9833,contain
e10026,e9905,contain
e10026,e9812,contain
e10026,e9811,contain
e10026,e9813,contain
e10026,e10011,contain
e10026,e10012,contain
e10026,e9881,contain
e10026,e10013,contain
e10026,e9788,contain
e10026,e9916,contain
e10026,e9917,contain
e10026,e9857,contain
e10026,e9928,contain
e10026,e9790,contain
e10026,e9830,contain
e10026,e9910,contain
e10026,e9858,contain
e10026,e10014,contain
e10026,e9964,contain
e10026,e9921,contain
e10026,e9864,contain
e10026,e9865,contain
e10026,e9897,contain
e10026,e10015,contain
e10026,e10017,contain
e10026,e10016,contain
e10026,e9911,contain
e10026,e9802,contain
e10026,e9866,contain
e10026,e9791,contain
e10026,e9823,contain
e10026,e9822,contain
e10026,e9819,contain
e10026,e9821,contain
e10026,e9824,contain
e10026,e9820,contain
e10026,e9867,contain
e10026,e9872,contain
e10026,e9871,contain
e10026,e9870,contain
e10026,e9922,contain
e10026,e9930,contain
e10026,e9929,contain
e10026,e9932,contain
e10026,e9931,contain
e10026,e9942,contain
e10026,e9873,contain
e10026,e9792,contain
e10026,e9805,contain
e10026,e9803,contain
e10026,e9806,contain
e10026,e9900,contain
e10026,e9901,contain
e10026,e9902,contain
e10026,e9859,contain
e10026,e9780,contain
e10026,e9778,contain
e10026,e9779,contain
e10026,e9875,contain
e10026,e9876,contain
e10026,e9860,contain
e10026,e9862,contain
e10026,e9861,contain
e10026,e9796,contain
e10026,e9795,contain
e10026,e9794,contain
e10026,e9883,contain
e10026,e9884,contain
e10026,e9885,contain
e10026,e9785,contain
e10026,e9782,contain
e10026,e9783,contain
e10026,e9786,contain
e10026,e9839,contain
e10026,e9838,contain
e10026,e9888,contain
e10026,e9890,contain
e10026,e9889,contain
e10026,e9887,contain
e10026,e9844,contain
e10026,e9843,contain
e10026,e9841,contain
e10026,e9842,contain
e10026,e9945,contain
e10026,e9943,contain
e10026,e9946,contain
e10026,e9944,contain
e10026,e9949,contain
e10026,e9947,contain
e10026,e9950,contain
e10026,e9971,contain
e10026,e9974,contain
e10026,e9973,contain
e10026,e9972,contain
e10026,e9984,contain
e10026,e9913,contain
e10026,e9878,contain
e10026,e9797,contain
e10026,e9798,contain
e10026,e9799,contain
e10026,e9903,contain
e10026,e9826,contain
e10026,e9832,contain
e10026,e9999,contain
e10026,e9997,contain
e10026,e9827,contain
e10026,e9951,contain
e10026,e9952,contain
e10026,e9975,contain
e10026,e9956,contain
e10026,e9808,contain
e10026,e9807,contain
e10026,e9891,contain
e10026,e9851,contain
e10026,e9849,contain
e10026,e9850,contain
e10026,e9852,contain
e10026,e9976,contain
e10026,e9879,contain
e10026,e9923,contain
e10026,e9967,contain
e10026,e9968,contain
e10026,e9935,contain
e10026,e9937,contain
e10026,e9957,contain
e10026,e9958,contain
e10026,e9959,contain
e10026,e10004,contain
e10026,e10005,contain
e10026,e10008,contain
e10026,e9904,contain
e10026,e9892,contain
e10026,e10009,contain
e10026,e9863,contain
e10026,e9800,contain
e10026,e9986,contain
e10026,e9985,contain
e10026,e9969,contain
e10026,e9960,contain
e10026,e9961,contain
e10026,e9810,contain
e10026,e9834,contain
e10026,e9939,contain
e10026,e9924,contain
e10026,e9906,contain
e10026,e9925,contain
e10026,e9854,contain
e10026,e9814,contain
e10026,e9880,contain
e10026,e9835,contain
e10026,e9893,contain
e10026,e9995,contain
e10026,e9918,contain
e10026,e9828,contain
e10026,e9894,contain
e10026,e9919,contain
e10026,e9801,contain
e10026,e9940,contain
e10026,e9941,contain
e10026,e9829,contain
e10026,e9816,contain
e10026,e9980,contain
e10026,e9981,contain
e10026,e9895,contain
e10026,e9908,contain
e10026,e9817,contain
e10026,e9920,contain
e10026,e9818,contain
e10026,e9962,contain
e10026,e9963,contain
e10026,e9836,contain
e10026,e9896,contain
e10026,e9990,contain
e10026,e9989,contain
e10026,e9909,contain
e10026,e9837,contain
e10026,e9983,contain
e10080,e10071,contain
e10080,e10044,contain
e10080,e10045,contain
e10080,e10043,contain
e10080,e10072,contain
e10080,e10073,contain
e10080,e10047,contain
e10080,e10054,contain
e10080,e10040,contain
e10080,e10041,contain
e10080,e10069,contain
e10080,e10050,contain
e10080,e10048,contain
e10080,e10049,contain
e10080,e10052,contain
e10080,e10063,contain
e10080,e10042,contain
e10080,e10046,contain
e10080,e10057,contain
e10080,e10060,contain
e10080,e10067,contain
e10080,e10061,contain
e10080,e10065,contain
e10080,e10066,contain
e10080,e10056,contain
e10080,e10059,contain
e10080,e10068,contain
e10080,e10062,contain
e10084,e10082,contain
e10098,e10093,contain
e10098,e10091,contain
e10098,e10092,contain
e10098,e10090,contain
e10103,e10101,contain
e10103,e10100,contain
e10136,e10110,contain
e10136,e10116,contain
e10136,e10109,contain
e10136,e10130,contain
e10136,e10127,contain
e10136,e10118,contain
e10136,e10125,contain
e10136,e10119,contain
e10136,e10124,contain
e10136,e10132,contain
e10136,e10114,contain
e10136,e10131,contain
e10136,e10112,contain
e10136,e10115,contain
e10136,e10108,contain
e10136,e10113,contain
e10150,e10147,contain
e10150,e10146,contain
e10161,e10153,contain
e10161,e10152,contain
e10161,e10155,contain
e10161,e10154,contain
e10161,e10157,contain
e10212,e10208,contain
e10212,e10206,contain
e10212,e10207,contain
e10212,e10172,contain
e10212,e10201,contain
e10212,e10203,contain
e10212,e10191,contain
e10212,e10204,contain
e10212,e10177,contain
e10212,e10186,contain
e10212,e10178,contain
e10212,e10192,contain
e10212,e10193,contain
e10212,e10187,contain
e10212,e10183,contain
e10212,e10194,contain
e10212,e10173,contain
e10212,e10195,contain
e10212,e10205,contain
e10212,e10179,contain
e10212,e10189,contain
e10212,e10196,contain
e10212,e10188,contain
e10212,e10176,contain
e10212,e10202,contain
e10212,e10182,contain
e10212,e10197,contain
e10212,e10180,contain
e10212,e10181,contain
e10212,e10190,contain
e10212,e10198,contain
e10212,e10199,contain
e10212,e10200,contain
e10253,e10228,contain
e10253,e10234,contain
e10253,e10245,contain
e10253,e10232,contain
e10253,e10235,contain
e10253,e10233,contain
e10253,e10248,contain
e10253,e10246,contain
e10253,e10231,contain
e10253,e10226,contain
e10253,e10237,contain
e10253,e10236,contain
e10253,e10238,contain
e10253,e10240,contain
e10253,e10239,contain
e10253,e10247,contain
e10253,e10227,contain
e10253,e10244,contain
e10253,e10241,contain
e10253,e10242,contain
e10253,e10243,contain
e10274,e10265,contain
e10274,e10259,contain
e10274,e10264,contain
e10274,e10258,contain
e10274,e10269,contain
e10274,e10263,contain
e10274,e10262,contain
e10274,e10261,contain
e10274,e10255,contain
e10274,e10266,contain
e10274,e10257,contain
e10274,e10260,contain
e10274,e10256,contain
e10274,e10270,contain
e10279,e10277,contain
e10279,e10276,contain
e10285,e10281,contain
e10285,e10280,contain
e10285,e10282,contain
e10318,e10291,contain
e10318,e10308,contain
e10318,e10311,contain
e10318,e10295,contain
e10318,e10306,contain
e10318,e10304,contain
e10318,e10307,contain
e10318,e10301,contain
e10318,e10303,contain
e10318,e10302,contain
e10336,e10331,contain
e10336,e10329,contain
e10336,e10328,contain
e10336,e10332,contain
e10336,e10330,contain
e10389,e10361,contain
e10389,e10379,contain
e10389,e10342,contain
e10389,e10377,contain
e10389,e10382,contain
e10389,e10343,contain
e10389,e10354,contain
e10389,e10365,contain
e10389,e10359,contain
e10389,e10344,contain
e10389,e10366,contain
e10389,e10367,contain
e10389,e10362,contain
e10389,e10355,contain
e10389,e10349,contain
e10389,e10368,contain
e10389,e10369,contain
e10389,e10370,contain
e10389,e10371,contain
e10389,e10381,contain
e10389,e10378,contain
e10389,e10363,contain
e10389,e10372,contain
e10389,e10345,contain
e10389,e10356,contain
e10389,e10373,contain
e10389,e10364,contain
e10389,e10357,contain
e10389,e10351,contain
e10389,e10380,contain
e10389,e10338,contain
e10389,e10374,contain
e10389,e10375,contain
e10389,e10341,contain
e10389,e10339,contain
e10389,e10352,contain
e10389,e10350,contain
e10389,e10346,contain
e10389,e10353,contain
e10389,e10347,contain
e10389,e10383,contain
e10389,e10376,contain
e10389,e10348,contain
e10395,e10393,contain
e10506,e10463,contain
e10506,e10475,contain
e10506,e10443,contain
e10506,e10444,contain
e10506,e10468,contain
e10506,e10446,contain
e10506,e10447,contain
e10506,e10449,contain
e10506,e10450,contain
e10506,e10459,contain
e10506,e10464,contain
e10506,e10453,contain
e10506,e10452,contain
e10506,e10455,contain
e10506,e10454,contain
e10506,e10466,contain
e10506,e10473,contain
e10506,e10477,contain
e10506,e10498,contain
e10506,e10496,contain
e10506,e10495,contain
e10506,e10499,contain
e10506,e10483,contain
e10506,e10478,contain
e10506,e10474,contain
e10506,e10440,contain
e10506,e10439,contain
e10506,e10485,contain
e10506,e10490,contain
e10506,e10461,contain
e10506,e10491,contain
e10506,e10481,contain
e10506,e10480,contain
e10506,e10442,contain
e10525,e10519,contain
e10525,e10520,contain
e10525,e10521,contain
e10563,e10544,contain
e10563,e10554,contain
e10563,e10533,contain
e10563,e10532,contain
e10563,e10536,contain
e10563,e10535,contain
e10563,e10534,contain
e10563,e10551,contain
e10563,e10550,contain
e10563,e10553,contain
e10563,e10552,contain
e10563,e10549,contain
e10563,e10541,contain
e10563,e10539,contain
e10563,e10540,contain
e10563,e10547,contain
e10584,e10576,contain
e10584,e10573,contain
e10584,e10572,contain
e10584,e10575,contain
e10584,e10569,contain
e10584,e10568,contain
e10584,e10570,contain
e10606,e10603,contain
e10606,e10602,contain
e10606,e10604,contain
e10636,e10622,contain
e10636,e10630,contain
e10636,e10615,contain
e10636,e10616,contain
e10636,e10621,contain
e10636,e10628,contain
e10636,e10629,contain
e10636,e10620,contain
e10636,e10623,contain
e10636,e10617,contain
e10649,e10646,contain
e10696,e10686,contain
e10696,e10681,contain
e10696,e10680,contain
e10696,e10679,contain
e10696,e10677,contain
e10696,e10676,contain
e10696,e10675,contain
e10718,e10715,contain
e10718,e10714,contain
e10723,e10720,contain
e10750,e10737,contain
e10750,e10736,contain
e10750,e10743,contain
e10750,e10735,contain
e10750,e10734,contain
e10750,e10728,contain
e10750,e10744,contain
e10750,e10726,contain
e10750,e10725,contain
e10750,e10729,contain
e10750,e10742,contain
e10750,e10731,contain
e10750,e10741,contain
e10750,e10732,contain
e10750,e10740,contain
e10750,e10739,contain
e10750,e10733,contain
e10750,e10738,contain
e10750,e10730,contain
e10758,e10754,contain
e10758,e10753,contain
e10767,e10760,contain
e10767,e10762,contain
e10767,e10761,contain
e10767,e10763,contain
e10805,e10801,contain
e10863,e10854,contain
e10863,e10818,contain
e10863,e10836,contain
e10863,e10835,contain
e10863,e10838,contain
e10863,e10839,contain
e10863,e10833,contain
e10863,e10834,contain
e10863,e10837,contain
e10863,e10829,contain
e10863,e10828,contain
e10863,e10830,contain
e10863,e10831,contain
e10863,e10827,contain
e10863,e10821,contain
e10863,e10822,contain
e10863,e10820,contain
e10863,e10846,contain
e10863,e10851,contain
e10863,e10852,contain
e10863,e10850,contain
e10863,e10848,contain
e10863,e10847,contain
e10863,e10849,contain
e10863,e10813,contain
e10863,e10814,contain
e10899,e10896,contain
e10899,e10895,contain
e10952,e10928,contain
e10952,e10929,contain
e10952,e10946,contain
e10952,e10932,contain
e10952,e10942,contain
e10952,e10936,contain
e10952,e10943,contain
e10952,e10935,contain
e10952,e10934,contain
e10952,e10926,contain
e10952,e10927,contain
e10952,e10938,contain
e10982,e10972,contain
e10982,e10974,contain
e10982,e10958,contain
e10982,e10961,contain
e10982,e10954,contain
e10982,e10962,contain
e10982,e10969,contain
e10982,e10964,contain
e10982,e10965,contain
e10982,e10975,contain
e10982,e10976,contain
e10982,e10960,contain
e10982,e10959,contain
e10982,e10970,contain
e10982,e10966,contain
e10982,e10967,contain
e10982,e10977,contain
e10982,e10971,contain
e10982,e10956,contain
e10982,e10957,contain
e10982,e10955,contain
e11065,e11025,contain
e11065,e10997,contain
e11065,e11030,contain
e11065,e11026,contain
e11065,e11027,contain
e11065,e11018,contain
e11065,e11050,contain
e11065,e10987,contain
e11065,e11007,contain
e11065,e11005,contain
e11065,e11006,contain
e11065,e10989,contain
e11065,e10988,contain
e11065,e11053,contain
e11065,e10990,contain
e11065,e11011,contain
e11065,e11034,contain
e11065,e11031,contain
e11065,e11033,contain
e11065,e11047,contain
e11065,e11035,contain
e11065,e11024,contain
e11065,e11046,contain
e11065,e11055,contain
e11065,e11056,contain
e11065,e10992,contain
e11065,e10991,contain
e11065,e11013,contain
e11065,e10984,contain
e11065,e11036,contain
e11065,e11020,contain
e11065,e11038,contain
e11065,e11028,contain
e11065,e11029,contain
e11065,e10985,contain
e11065,e10995,contain
e11065,e10993,contain
e11065,e11039,contain
e11065,e11040,contain
e11065,e11041,contain
e11065,e11019,contain
e11065,e11022,contain
e11065,e11021,contain
e11065,e11015,contain
e11065,e11044,contain
e11065,e11042,contain
e11065,e11043,contain
e11065,e10986,contain
e11065,e11003,contain
e11065,e10999,contain
e11100,e11092,contain
e11100,e11079,contain
e11100,e11091,contain
e11100,e11085,contain
e11100,e11084,contain
e11100,e11087,contain
e11100,e11081,contain
e11100,e11093,contain
e11148,e11131,contain
e11148,e11129,contain
e11148,e11126,contain
e11148,e11138,contain
e11148,e11141,contain
e11148,e11139,contain
e11148,e11117,contain
e11148,e11136,contain
e11148,e11127,contain
e11148,e11130,contain
e11148,e11140,contain
e11148,e11115,contain
e11148,e11124,contain
e11148,e11116,contain
e11148,e11119,contain
e11148,e11118,contain
e11148,e11134,contain
e11148,e11125,contain
e11148,e11142,contain
e11148,e11128,contain
e11148,e11135,contain
e11148,e11133,contain
e11181,e11165,contain
e11181,e11177,contain
e11181,e11176,contain
e11181,e11166,contain
e11181,e11171,contain
e11181,e11172,contain
e11196,e11191,contain
e11196,e11190,contain
e11196,e11189,contain
e11233,e11219,contain
e11233,e11204,contain
e11233,e11216,contain
e11233,e11213,contain
e11233,e11212,contain
e11233,e11224,contain
e11233,e11226,contain
e11233,e11203,contain
e11233,e11215,contain
e11233,e11210,contain
e11233,e11221,contain
e11233,e11222,contain
e11233,e11217,contain
e11233,e11218,contain
e11233,e11207,contain
e11233,e11220,contain
e11233,e11228,contain
e11233,e11229,contain
e11233,e11223,contain
e11233,e11214,contain
e11233,e11206,contain
e11233,e11205,contain
e11250,e11246,contain
e11268,e11253,contain
e11320,e11303,contain
e11320,e11304,contain
e11320,e11316,contain
e11320,e11315,contain
e11320,e11312,contain
e11320,e11310,contain
e11320,e11309,contain
e11320,e11308,contain
e11409,e11400,contain
e11409,e11382,contain
e11409,e11369,contain
e11409,e11401,contain
e11409,e11345,contain
e11409,e11370,contain
e11409,e11334,contain
e11409,e11363,contain
e11409,e11364,contain
e11409,e11365,contain
e11409,e11332,contain
e11409,e11333,contain
e11409,e11348,contain
e11409,e11371,contain
e11409,e11380,contain
e11409,e11352,contain
e11409,e11351,contain
e11409,e11381,contain
e11409,e11357,contain
e11409,e11335,contain
e11409,e11359,contain
e11409,e11372,contain
e11409,e11367,contain
e11409,e11360,contain
e11409,e11337,contain
e11409,e11339,contain
e11409,e11338,contain
e11409,e11336,contain
e11409,e11353,contain
e11409,e11342,contain
e11409,e11341,contain
e11409,e11328,contain
e11409,e11396,contain
e11409,e11392,contain
e11409,e11377,contain
e11409,e11378,contain
e11409,e11368,contain
e11409,e11344,contain
e11409,e11385,contain
e11409,e11387,contain
e11409,e11361,contain
e11409,e11388,contain
e11409,e11397,contain
e11409,e11340,contain
e11409,e11399,contain
e11490,e11479,contain
e11490,e11484,contain
e11490,e11482,contain
e11490,e11478,contain
e11523,e11514,contain
e11523,e11505,contain
e11523,e11509,contain
e11523,e11517,contain
e11523,e11501,contain
e11548,e11538,contain
e11548,e11540,contain
e11548,e11539,contain
e11548,e11541,contain
e11548,e11543,contain
e11548,e11544,contain
e11548,e11542,contain
e11563,e11552,contain
e11563,e11554,contain
e11563,e11557,contain
e11563,e11550,contain
e11597,e11594,contain
e11597,e11593,contain
e12259,e12026,contain
e12259,e12148,contain
e12259,e11853,contain
e12259,e12007,contain
e12259,e11934,contain
e12259,e11935,contain
e12259,e11664,contain
e12259,e11665,contain
e12259,e11933,contain
e12259,e11932,contain
e12259,e12118,contain
e12259,e12117,contain
e12259,e11782,contain
e12259,e11781,contain
e12259,e12114,contain
e12259,e12115,contain
e12259,e12113,contain
e12259,e12111,contain
e12259,e12110,contain
e12259,e12024,contain
e12259,e12025,contain
e12259,e11931,contain
e12259,e11930,contain
e12259,e11929,contain
e12259,e11780,contain
e12259,e11754,contain
e12259,e11816,contain
e12259,e11815,contain
e12259,e12005,contain
e12259,e12004,contain
e12259,e12109,contain
e12259,e11902,contain
e12259,e12147,contain
e12259,e11753,contain
e12259,e11752,contain
e12259,e11900,contain
e12259,e11901,contain
e12259,e11898,contain
e12259,e11899,contain
e12259,e12108,contain
e12259,e12107,contain
e12259,e12106,contain
e12259,e11751,contain
e12259,e11746,contain
e12259,e11748,contain
e12259,e11745,contain
e12259,e11743,contain
e12259,e12105,contain
e12259,e12165,contain
e12259,e12103,contain
e12259,e12101,contain
e12259,e12102,contain
e12259,e12098,contain
e12259,e12092,contain
e12259,e11729,contain
e12259,e11725,contain
e12259,e12097,contain
e12259,e12095,contain
e12259,e12091,contain
e12259,e12000,contain
e12259,e12001,contain
e12259,e12002,contain
e12259,e11997,contain
e12259,e11710,contain
e12259,e11708,contain
e12259,e11709,contain
e12259,e11700,contain
e12259,e11705,contain
e12259,e11703,contain
e12259,e12208,contain
e12259,e12087,contain
e12259,e12088,contain
e12259,e12086,contain
e12259,e12084,contain
e12259,e12085,contain
e12259,e12090,contain
e12259,e12200,contain
e12259,e11779,contain
e12259,e12204,contain
e12259,e12205,contain
e12259,e12081,contain
e12259,e12082,contain
e12259,e11810,contain
e12259,e11812,contain
e12259,e11925,contain
e12259,e11964,contain
e12259,e11739,contain
e12259,e11737,contain
e12259,e11920,contain
e12259,e11922,contain
e12259,e11879,contain
e12259,e11877,contain
e12259,e11867,contain
e12259,e11869,contain
e12259,e11871,contain
e12259,e11868,contain
e12259,e11995,contain
e12259,e12075,contain
e12259,e12074,contain
e12259,e12076,contain
e12259,e12077,contain
e12259,e12067,contain
e12259,e12069,contain
e12259,e12066,contain
e12259,e12070,contain
e12259,e11948,contain
e12259,e11950,contain
e12259,e11801,contain
e12259,e11803,contain
e12259,e11802,contain
e12259,e11806,contain
e12259,e11796,contain
e12259,e11798,contain
e12259,e11799,contain
e12259,e11794,contain
e12259,e11694,contain
e12259,e11699,contain
e12259,e11697,contain
e12259,e12142,contain
e12259,e12146,contain
e12259,e12145,contain
e12259,e12139,contain
e12259,e12144,contain
e12259,e11961,contain
e12259,e11688,contain
e12259,e11693,contain
e12259,e11689,contain
e12259,e11691,contain
e12259,e11942,contain
e12259,e11943,contain
e12259,e11944,contain
e12259,e12245,contain
e12259,e12249,contain
e12259,e12246,contain
e12259,e12250,contain
e12259,e11957,contain
e12259,e11956,contain
e12259,e12240,contain
e12259,e12242,contain
e12259,e11850,contain
e12259,e11851,contain
e12259,e11685,contain
e12259,e11687,contain
e12259,e11686,contain
e12259,e12138,contain
e12259,e11994,contain
e12259,e12235,contain
e12259,e12239,contain
e12259,e11993,contain
e12259,e12135,contain
e12259,e12130,contain
e12259,e12131,contain
e12259,e12137,contain
e12259,e11848,contain
e12259,e12059,contain
e12259,e11849,contain
e12259,e11846,contain
e12259,e12063,contain
e12259,e12064,contain
e12259,e12060,contain
e12259,e12061,contain
e12259,e11955,contain
e12259,e12058,contain
e12259,e11715,contain
e12259,e12228,contain
e12259,e12229,contain
e12259,e12057,contain
e12259,e11792,contain
e12259,e11791,contain
e12259,e12187,contain
e12259,e12189,contain
e12259,e12190,contain
e12259,e12056,contain
e12259,e12053,contain
e12259,e11861,contain
e12259,e11914,contain
e12259,e11843,contain
e12259,e11841,contain
e12259,e11844,contain
e12259,e11840,contain
e12259,e11990,contain
e12259,e11986,contain
e12259,e11713,contain
e12259,e11712,contain
e12259,e12051,contain
e12259,e12052,contain
e12259,e12050,contain
e12259,e12048,contain
e12259,e11731,contain
e12259,e11835,contain
e12259,e11832,contain
e12259,e11836,contain
e12259,e11837,contain
e12259,e11833,contain
e12259,e11826,contain
e12259,e11984,contain
e12259,e11830,contain
e12259,e11679,contain
e12259,e11681,contain
e12259,e12047,contain
e12259,e12046,contain
e12259,e12044,contain
e12259,e12045,contain
e12259,e12043,contain
e12259,e12183,contain
e12259,e12181,contain
e12259,e12182,contain
e12259,e12184,contain
e12259,e12185,contain
e12259,e12186,contain
e12259,e12179,contain
e12259,e11941,contain
e12259,e11824,contain
e12259,e11825,contain
e12259,e11822,contain
e12259,e12023,contain
e12259,e12224,contain
e12259,e12227,contain
e12259,e11855,contain
e12259,e11660,contain
e12259,e11661,contain
e12259,e12040,contain
e12259,e12039,contain
e12259,e12036,contain
e12259,e12038,contain
e12259,e12173,contain
e12259,e12174,contain
e12259,e12176,contain
e12259,e12034,contain
e12259,e12033,contain
e12259,e12162,contain
e12259,e11981,contain
e12259,e12159,contain
e12259,e11974,contain
e12259,e11968,contain
e12259,e11971,contain
e12259,e11966,contain
e12259,e11972,contain
e12259,e11980,contain
e12259,e11977,contain
e12259,e12160,contain
e12259,e12215,contain
e12259,e12214,contain
e12259,e11913,contain
e12259,e12020,contain
e12259,e12022,contain
e12259,e12021,contain
e12259,e12168,contain
e12259,e11678,contain
e12259,e11654,contain
e12259,e11653,contain
e12259,e11652,contain
e12259,e12014,contain
e12259,e11672,contain
e12259,e11669,contain
e12259,e11670,contain
e12259,e11772,contain
e12259,e11939,contain
e12259,e11940,contain
e12259,e11938,contain
e12259,e11889,contain
e12259,e11892,contain
e12259,e11951,contain
e12259,e11954,contain
e12259,e11907,contain
e12259,e12219,contain
e12259,e12158,contain
e12259,e12167,contain
e12259,e12123,contain
e12259,e11887,contain
e12259,e11886,contain
e12259,e11888,contain
e12259,e11884,contain
e12259,e11883,contain
e12259,e11885,contain
e12259,e11766,contain
e12259,e12030,contain
e12259,e12031,contain
e12259,e12029,contain
e12259,e12032,contain
e12259,e12120,contain
e12259,e11783,contain
e12259,e12217,contain
e12259,e12013,contain
e12259,e12151,contain
e12259,e12213,contain
e12259,e12150,contain
e12259,e12010,contain
e12259,e12212,contain
e12259,e12216,contain
e12259,e11755,contain
e12259,e12149,contain
e12259,e12027,contain
e12259,e11936,contain
e12259,e12211,contain
e12259,e11897,contain
e12343,e12336,contain
e12343,e12323,contain
e12343,e12334,contain
e12343,e12312,contain
e12343,e12317,contain
e12343,e12322,contain
e12343,e12321,contain
e12343,e12311,contain
e12343,e12320,contain
e12343,e12316,contain
e12343,e12318,contain
e12442,e12358,contain
e12442,e12359,contain
e12442,e12371,contain
e12442,e12428,contain
e12442,e12345,contain
e12442,e12373,contain
e12442,e12370,contain
e12442,e12374,contain
e12442,e12400,contain
e12442,e12376,contain
e12442,e12375,contain
e12442,e12401,contain
e12442,e12369,contain
e12442,e12436,contain
e12442,e12403,contain
e12442,e12402,contain
e12442,e12347,contain
e12442,e12360,contain
e12442,e12350,contain
e12442,e12430,contain
e12442,e12429,contain
e12442,e12431,contain
e12442,e12377,contain
e12442,e12378,contain
e12442,e12379,contain
e12442,e12380,contain
e12442,e12349,contain
e12442,e12404,contain
e12442,e12406,contain
e12442,e12405,contain
e12442,e12407,contain
e12442,e12393,contain
e12442,e12396,contain
e12442,e12418,contain
e12442,e12411,contain
e12442,e12394,contain
e12442,e12395,contain
e12442,e12361,contain
e12442,e12435,contain
e12442,e12372,contain
e12442,e12362,contain
e12442,e12432,contain
e12442,e12366,contain
e12442,e12419,contain
e12442,e12413,contain
e12442,e12412,contain
e12442,e12425,contain
e12442,e12424,contain
e12442,e12388,contain
e12442,e12389,contain
e12442,e12398,contain
e12483,e12469,contain
e12483,e12468,contain
e12483,e12474,contain
e12483,e12476,contain
e12800,e12550,contain
e12800,e12757,contain
e12800,e12633,contain
e12800,e12711,contain
e12800,e12727,contain
e12800,e12724,contain
e12800,e12728,contain
e12800,e12725,contain
e12800,e12731,contain
e12800,e12712,contain
e12800,e12556,contain
e12800,e12684,contain
e12800,e12564,contain
e12800,e12650,contain
e12800,e12668,contain
e12800,e12716,contain
e12800,e12634,contain
e12800,e12670,contain
e12800,e12671,contain
e12800,e12768,contain
e12800,e12635,contain
e12800,e12636,contain
e12800,e12653,contain
e12800,e12687,contain
e12800,e12787,contain
e12800,e12786,contain
e12800,e12718,contain
e12800,e12720,contain
e12800,e12775,contain
e12800,e12774,contain
e12800,e12572,contain
e12800,e12587,contain
e12800,e12586,contain
e12800,e12764,contain
e12800,e12603,contain
e12800,e12604,contain
e12800,e12560,contain
e12800,e12538,contain
e12800,e12525,contain
e12800,e12526,contain
e12800,e12645,contain
e12800,e12595,contain
e12800,e12745,contain
e12800,e12618,contain
e12800,e12617,contain
e12800,e12616,contain
e12800,e12544,contain
e12800,e12697,contain
e12800,e12700,contain
e12800,e12531,contain
e12800,e12681,contain
e12800,e12749,contain
e12800,e12704,contain
e12800,e12703,contain
e12800,e12780,contain
e12800,e12722,contain
e12800,e12630,contain
e12800,e12628,contain
e12800,e12591,contain
e12800,e12708,contain
e12800,e12709,contain
e12809,e12807,contain
e12816,e12814,contain
e12830,e12817,contain
e12834,e12832,contain
e12843,e12839,contain
e12843,e12841,contain
e12843,e12840,contain
e12850,e12845,contain
e12860,e12856,contain
e12860,e12855,contain
e12860,e12854,contain
e1106,e1105,contain
e4302,e4301,contain
e2953,e2950,contain
e7125,e7124,contain
e3624,e3623,contain
e5189,e5188,contain
e5269,e5268,contain
e9510,e9509,contain
e5513,e5511,contain
e10414,e10413,contain
e919,e917,contain
e215,e214,contain
e2975,e2974,contain
e4265,e4251,contain
e11601,e11600,contain
e8528,e8527,contain
e9062,e9061,contain
e9385,e9380,contain
e11486,e11485,contain
e12256,e12261,contain
e12445,e12444,contain
e1130,e1129,contain
e5029,e5025,contain
e7218,e7211,contain
e6221,e6220,contain
e199,e198,contain
e9038,e9037,contain
e12300,e12299,contain
e8469,e8468,contain
e4570,e4565,contain
e7078,e7077,contain
e8728,e8721,contain
e10656,e10655,contain
e11643,e11641,contain
e12461,e12460,contain
e8,e7,contain
e613,e612,contain
e8871,e8870,contain
e2892,e2891,contain
e6428,e6427,contain
e11270,e11269,contain
e396,e395,contain
e8752,e8751,contain
e10321,e10320,contain
e3326,e3325,contain
e3940,e3939,contain
e3943,e3942,contain
e3070,e3068,contain
e9165,e9164,contain
e9185,e9184,contain
e5029,e5028,contain
e9077,e9076,contain
e10565,e10564,contain
e5331,e5330,contain
e11534,e11533,contain
e6387,e6376,contain
e1121,e1125,contain
e10314,e10312,contain
e6559,e6557,contain
e3432,e3431,contain
e9657,e9656,contain
e6216,e6215,contain
e2933,e2932,contain
e5189,e5187,contain
e4977,e4976,contain
e283,e280,contain
e1375,e1374,contain
e12899,e12898,contain
e4805,e4804,contain
e2719,e2723,contain
e9165,e9158,contain
e5530,e5529,contain
e5441,e5440,contain
e12836,e12835,contain
e11619,e11618,contain
e166,e165,contain
e11244,e11243,contain
e4799,e4798,contain
e1375,e1370,contain
e8891,e8890,contain
e6582,e6581,contain
e8871,e8869,contain
e8891,e8889,contain
e10501,e10500,contain
e10910,e10909,contain
e882,e881,contain
e10712,e10711,contain
e4265,e4264,contain
e11415,e11414,contain
e6659,e6658,contain
e3497,e3496,contain
e11585,e11584,contain
e8821,e8820,contain
e9085,e9084,contain
e12306,e12305,contain
e3552,e3551,contain
e5671,e5670,contain
e196,e195,contain
e5733,e5732,contain
e9046,e9045,contain
e9058,e9057,contain
e8910,e8909,contain
e5430,e5428,contain
e2889,e2888,contain
e8881,e8880,contain
e8440,e8438,contain
e8900,e8899,contain
e11273,e11272,contain
e5938,e5937,contain
e11153,e11152,contain
e10405,e10404,contain
e5513,e5512,contain
e10633,e10632,contain
e5037,e5036,contain
e2960,e2958,contain
e2971,e2969,contain
e2829,e2828,contain
e5674,e5673,contain
e508,e507,contain
e633,e632,contain
e9654,e9653,contain
e11418,e11417,contain
e12285,e12284,contain
e9053,e9052,contain
e11475,e11474,contain
e12497,e12496,contain
e12908,e12907,contain
e10514,e10513,contain
e8817,e8816,contain
e7218,e7217,contain
e6588,e6587,contain
e5767,e5766,contain
e3334,e3333,contain
e8917,e8916,contain
e11150,e11149,contain
e11156,e11155,contain
e12911,e12910,contain
e12275,e12274,contain
e10692,e10691,contain
e6121,e6120,contain
e5668,e5667,contain
e1093,e1092,contain
e3307,e3306,contain
e12902,e12901,contain
e3220,e3219,contain
e8897,e8896,contain
e6628,e6627,contain
e10866,e10865,contain
e11450,e11449,contain
e616,e615,contain
e12518,e12517,contain
e187,e186,contain
e11526,e11525,contain
e10144,e10143,contain
e6124,e6123,contain
e10709,e10708,contain
e396,e393,contain
e8440,e8439,contain
e3225,e3224,contain
e5744,e5743,contain
e12905,e12904,contain
e12896,e12895,contain
e7655,e7654,contain
e12865,e12864,contain
e10915,e10914,contain
e11529,e11528,contain
e11459,e11458,contain
e2998,e2997,contain
e8914,e8913,contain
e2726,e2725,contain
e7659,e7658,contain
e2995,e2994,contain
e5665,e5664,contain
e412,e411,contain
e7237,e7236,contain
e12871,e12870,contain
e136,e135,contain
e9088,e9087,contain
e10325,e10324,contain
e6085,e6084,contain
e4767,e4766,contain
e9773,e9777,contain
e583,e586,contain
e3060,e3063,contain
e5347,e5346,contain
e7105,e7103,contain
e142,e141,contain
e3379,e3378,contain
e3580,e3579,contain
e4371,e4370,contain
e5951,e5950,contain
e5994,e5993,contain
e8458,e8457,contain
e10402,e10401,contain
e12457,e12456,contain
e1066,e1065,contain
e1084,e1083,contain
e2953,e2952,contain
e3370,e3369,contain
e5554,e5553,contain
e6585,e6584,contain
e11444,e11443,contain
e11469,e11468,contain
e11472,e11471,contain
e11588,e11587,contain
e11591,e11590,contain
e12288,e12287,contain
e12291,e12290,contain
e12294,e12293,contain
e12297,e12296,contain
e1046,e1045,contain
e2983,e2981,contain
e3317,e3316,contain
e6677,e6676,contain
e7649,e7648,contain
e9080,e9079,contain
e12269,e12268,contain
e3398,e3397,contain
e2971,e2970,contain
e6666,e6665,contain
e6669,e6668,contain
e3928,e3927,contain
e5430,e5429,contain
e10637,e10639,contain
e190,e189,contain
e5958,e5957,contain
e10878,e10877,contain
e3533,e3532,contain
e10138,e10140,contain
e6005,e6004,contain
e10417,e10416,contain
e290,e289,contain
e531,e530,contain
e4604,e4602,contain
e560,e558,contain
e5588,e5587,contain
e5930,e5929,contain
e1066,e1064,contain
e3058,e3056,contain
e3076,e3074,contain
e181,e180,contain
e7237,e7235,contain
e4344,e4343,contain
e4349,e4347,contain
e4639,e4638,contain
e4721,e4719,contain
e4980,e4979,contain
e5472,e5470,contain
e5523,e5522,contain
e6085,e6077,contain
e5924,e5922,contain
e7109,e7108,contain
e7641,e7640,contain
e8458,e8456,contain
e8728,e8727,contain
e8739,e8738,contain
e8926,e8925,contain
e9196,e9195,contain
e9730,e9729,contain
e10314,e10313,contain
e582,e580,contain
e5737,e5735,contain
e11440,e11439,contain
e11650,e11648,contain
e12522,e12520,contain
e144,e146,contain
e159,e158,contain
e160,e162,contain
e168,e170,contain
e184,e183,contain
e206,e205,contain
e211,e213,contain
e261,e259,contain
e261,e260,contain
e283,e282,contain
e290,e288,contain
e300,e299,contain
e304,e306,contain
e402,e401,contain
e404,e406,contain
e408,e410,contain
e497,e500,contain
e574,e576,contain
e590,e592,contain
e593,e595,contain
e600,e602,contain
e603,e605,contain
e606,e608,contain
e609,e611,contain
e621,e624,contain
e626,e628,contain
e630,e629,contain
e866,e870,contain
e878,e877,contain
e886,e888,contain
e891,e894,contain
e896,e898,contain
e900,e902,contain
e904,e906,contain
e912,e911,contain
e924,e926,contain
e928,e931,contain
e935,e933,contain
e945,e948,contain
e952,e951,contain
e959,e962,contain
e984,e987,contain
e1020,e1024,contain
e1030,e1032,contain
e1047,e1050,contain
e1053,e1055,contain
e1072,e1071,contain
e1076,e1078,contain
e1080,e1079,contain
e1084,e1082,contain
e1088,e1087,contain
e1094,e1097,contain
e1100,e1099,contain
e1102,e1104,contain
e1139,e1142,contain
e1154,e1157,contain
e1965,e1969,contain
e2726,e2724,contain
e2795,e2799,contain
e2801,e2803,contain
e2863,e2862,contain
e2884,e2887,contain
e2893,e2895,contain
e2925,e2929,contain
e2936,e2935,contain
e2978,e2980,contain
e2989,e2991,contain
e3013,e3016,contain
e3043,e3046,contain
e3082,e3081,contain
e3088,e3091,contain
e3098,e3101,contain
e3185,e3189,contain
e3197,e3201,contain
e3203,e3206,contain
e3215,e3218,contain
e3227,e3231,contain
e3280,e3284,contain
e3308,e3310,contain
e3318,e3321,contain
e3342,e3345,contain
e3348,e3347,contain
e3371,e3375,contain
e3379,e3377,contain
e3425,e3429,contain
e3498,e3500,contain
e3506,e3504,contain
e3509,e3511,contain
e3515,e3514,contain
e3524,e3526,contain
e3539,e3538,contain
e3552,e3550,contain
e3566,e3568,contain
e3572,e3574,contain
e3601,e3605,contain
e3607,e3610,contain
e3892,e3896,contain
e3899,e3897,contain
e3900,e3902,contain
e3923,e3926,contain
e3929,e3931,contain
e3934,e3936,contain
e3950,e3949,contain
e3953,e3956,contain
e3958,e3961,contain
e4275,e4277,contain
e4296,e4300,contain
e4317,e4316,contain
e4319,e4322,contain
e4323,e4325,contain
e4339,e4341,contain
e4350,e4352,contain
e4353,e4355,contain
e4696,e4695,contain
e4698,e4702,contain
e4704,e4707,contain
e4713,e4716,contain
e4723,e4725,contain
e4727,e4726,contain
e4731,e4733,contain
e4734,e4736,contain
e4767,e4765,contain
e4783,e4781,contain
e4783,e4782,contain
e4786,e4785,contain
e4790,e4789,contain
e4835,e4833,contain
e4836,e4841,contain
e4863,e4866,contain
e4877,e4880,contain
e4882,e4884,contain
e4885,e4888,contain
e4892,e4895,contain
e4900,e4903,contain
e4904,e4906,contain
e4947,e4951,contain
e4966,e4965,contain
e4971,e4970,contain
e5307,e5306,contain
e5326,e5329,contain
e5342,e5345,contain
e5350,e5349,contain
e5438,e5437,contain
e5473,e5477,contain
e5482,e5485,contain
e5503,e5502,contain
e5505,e5509,contain
e5514,e5517,contain
e5525,e5527,contain
e5530,e5528,contain
e5535,e5533,contain
e5548,e5547,contain
e5573,e5571,contain
e5574,e5577,contain
e5583,e5582,contain
e5680,e5682,contain
e5688,e5690,contain
e5697,e5699,contain
e5700,e5702,contain
e5749,e5751,contain
e5752,e5754,contain
e5755,e5758,contain
e5763,e5761,contain
e5763,e5762,contain
e5767,e5765,contain
e5777,e5781,contain
e5784,e5786,contain
e5837,e5834,contain
e5843,e5846,contain
e5857,e5859,contain
e5861,e5860,contain
e5865,e5868,contain
e5941,e5940,contain
e5968,e5970,contain
e5972,e5975,contain
e5976,e5978,contain
e5980,e5979,contain
e5986,e5985,contain
e5989,e5992,contain
e5998,e6000,contain
e6002,e6001,contain
e6038,e6042,contain
e6113,e6115,contain
e6117,e6116,contain
e6127,e6126,contain
e6131,e6130,contain
e6141,e6140,contain
e6147,e6150,contain
e6152,e6155,contain
e6171,e6170,contain
e6210,e6214,contain
e6397,e6401,contain
e6404,e6407,contain
e6428,e6426,contain
e6430,e6432,contain
e6436,e6438,contain
e6442,e6445,contain
e6453,e6456,contain
e6569,e6571,contain
e6573,e6575,contain
e6579,e6578,contain
e6594,e6597,contain
e6607,e6609,contain
e6631,e6630,contain
e6651,e6653,contain
e6673,e6675,contain
e6847,e6843,contain
e6904,e6908,contain
e6913,e6916,contain
e7092,e7095,contain
e7096,e7098,contain
e7114,e7113,contain
e7120,e7123,contain
e1164,e1163,contain
e7137,e7140,contain
e7145,e7144,contain
e7225,e7227,contain
e7238,e7241,contain
e7631,e7636,contain
e7652,e7651,contain
e7682,e7684,contain
e8090,e8094,contain
e8097,e8100,contain
e8307,e8311,contain
e8312,e8314,contain
e8434,e8437,contain
e8444,e8443,contain
e8465,e8462,contain
e8465,e8464,contain
e8487,e8489,contain
e8523,e8526,contain
e8531,e8533,contain
e8585,e8588,contain
e8604,e8608,contain
e8618,e8620,contain
e8663,e8665,contain
e8669,e8667,contain
e8669,e8668,contain
e8671,e8673,contain
e8742,e8744,contain
e8753,e8756,contain
e8762,e8761,contain
e8810,e8809,contain
e8823,e8825,contain
e8830,e8829,contain
e8857,e8859,contain
e9032,e9036,contain
e9041,e9044,contain
e9053,e9050,contain
e9054,e9056,contain
e9071,e9074,contain
e9185,e9183,contain
e9202,e9201,contain
e9207,e9210,contain
e9211,e9213,contain
e9405,e9404,contain
e9405,e9403,contain
e9453,e9456,contain
e9466,e9465,contain
e9467,e9472,contain
e9473,e9475,contain
e9504,e9506,contain
e9513,e9516,contain
e9593,e9597,contain
e9638,e9640,contain
e9642,e9641,contain
e9650,e9649,contain
e9660,e9659,contain
e9679,e9682,contain
e9695,e9698,contain
e9700,e9702,contain
e9725,e9724,contain
e9732,e9734,contain
e9744,e9747,contain
e9765,e9764,contain
e10023,e10027,contain
e10036,e10038,contain
e10085,e10087,contain
e10096,e10099,contain
e10104,e10106,contain
e10134,e10137,contain
e10159,e10158,contain
e10163,e10165,contain
e10167,e10169,contain
e10210,e10213,contain
e10214,e10216,contain
e10220,e10219,contain
e10221,e10224,contain
e10250,e10254,contain
e10272,e10275,contain
e10334,e10337,contain
e10386,e10391,contain
e10398,e10400,contain
e10407,e10409,contain
e10410,e10412,contain
e10435,e10438,contain
e10510,e10508,contain
e10523,e10522,contain
e10558,e10557,contain
e10590,e10589,contain
e10595,e10597,contain
e10598,e10601,contain
e10633,e10631,contain
e10659,e10661,contain
e10692,e10689,contain
e10694,e10698,contain
e10699,e10701,contain
e10716,e10719,contain
e10721,e10724,contain
e10747,e10751,contain
e10756,e10759,contain
e10765,e10768,contain
e10771,e10773,contain
e10774,e10776,contain
e10777,e10779,contain
e10781,e10780,contain
e10803,e10806,contain
e10809,e10808,contain
e10879,e10882,contain
e10892,e10894,contain
e10901,e10903,contain
e10923,e10925,contain
e10949,e10953,contain
e10979,e10983,contain
e11062,e11066,contain
e11072,e11074,contain
e11097,e11101,contain
e11110,e11113,contain
e11144,e11143,contain
e11159,e11162,contain
e11185,e11188,contain
e11194,e11197,contain
e11198,e11200,contain
e11230,e11234,contain
e11235,e11237,contain
e11240,e11242,contain
e11248,e11247,contain
e11277,e11280,contain
e11406,e11410,contain
e11426,e11429,contain
e11435,e11438,contain
e11452,e11454,contain
e11460,e11463,contain
e11464,e11466,contain
e11469,e11467,contain
e11493,e11492,contain
e11494,e11496,contain
e11520,e11524,contain
e11546,e11549,contain
e11561,e11564,contain
e11568,e11567,contain
e11595,e11598,contain
e11605,e11608,contain
e11609,e11612,contain
e11615,e11614,contain
e12264,e12266,contain
e12271,e12273,contain
e12303,e12302,contain
e12340,e12344,contain
e12439,e12443,contain
e12485,e12484,contain
e12488,e12487,contain
e12514,e12513,contain
e12797,e12804,contain
e12811,e12810,contain
e12826,e12825,contain
e12827,e12831,contain
e12858,e12861,contain
e12865,e12863,contain
e12868,e12867,contain
e12874,e12873,contain
e12885,e12887,contain
e12891,e12889,contain
e12892,e12894,contain
e12917,e12920,contain
