entity:ID,name,:LABEL
e0,ABCB1 I1145I,Entity
e1,ABCB1 S893A,Entity
e2,ABCB1 S893T,Entity
e3,ABCB1 mutation,Entity
e4,ABCB1 overexpression,Entity
e5,ABCC10 mutation,Entity
e6,ABCC10 overexpression,Entity
e7,ABCC3 amplification,Entity
e8,ABCC3 gain-of-function,Entity
e9,ABCC3 mutation,Entity
e10,ABCG2 Q141K,Entity
e11,ABCG2 mutation,Entity
e12,ABL1 A344V,Entity
e13,ABL1 A350V,Entity
e14,ABL1 A365V,Entity
e15,ABL1 A366G,Entity
e16,ABL1 A380T,Entity
e17,ABL1 A397P,Entity
e18,ABL1 A433T,Entity
e19,ABL1 C475V,Entity
e20,ABL1 D276G,Entity
e21,ABL1 D363G,Entity
e22,ABL1 D363Y,Entity
e23,ABL1 D421G,Entity
e24,ABL1 E236K,Entity
e25,ABL1 E255K,Entity
e26,ABL1 E255V,Entity
e27,ABL1 E258D,Entity
e28,ABL1 E275K,Entity
e29,ABL1 E275Q,Entity
e30,ABL1 E279K,Entity
e31,ABL1 E281K,Entity
e32,ABL1 E292L,Entity
e33,ABL1 E292Q,Entity
e34,ABL1 E292V,Entity
e35,ABL1 E355A,Entity
e36,ABL1 E355D,Entity
e37,ABL1 E355G,Entity
e38,ABL1 E373K,Entity
e39,ABL1 E450A,Entity
e40,ABL1 E450G,Entity
e41,ABL1 E450K,Entity
e42,ABL1 E450Q,Entity
e43,ABL1 E450V,Entity
e44,ABL1 E453A,Entity
e45,ABL1 E453G,Entity
e46,ABL1 E453K,Entity
e47,ABL1 E453Q,Entity
e48,ABL1 E453V,Entity
e49,ABL1 E459A,Entity
e50,ABL1 E459G,Entity
e51,ABL1 E459K,Entity
e52,ABL1 E459V,Entity
e53,ABL1 E507G,Entity
e54,ABL1 E98G,Entity
e55,ABL1 F283V,Entity
e56,ABL1 F311I,Entity
e57,ABL1 F311L,Entity
e58,ABL1 F317C,Entity
e59,ABL1 F317I,Entity
e60,ABL1 F317L,Entity
e61,ABL1 F317R,Entity
e62,ABL1 F317S,Entity
e63,ABL1 F317V,Entity
e64,ABL1 F359C,Entity
e65,ABL1 F359I,Entity
e66,ABL1 F359L,Entity
e67,ABL1 F359V,Entity
e68,ABL1 F382L,Entity
e69,ABL1 F486S,Entity
e70,ABL1 G250E,Entity
e71,ABL1 G250R,Entity
e72,ABL1 G340L,Entity
e73,ABL1 G398R,Entity
e74,ABL1 H396A,Entity
e75,ABL1 H396P,Entity
e76,ABL1 H396R,Entity
e77,ABL1 I242T,Entity
e78,ABL1 I293M,Entity
e79,ABL1 I293V,Entity
e80,ABL1 I418S,Entity
e81,ABL1 I418V,Entity
e82,ABL1 K247R,Entity
e83,ABL1 L248R,Entity
e84,ABL1 L248V,Entity
e85,ABL1 L273M,Entity
e86,ABL1 L298V,Entity
e87,ABL1 L324Q,Entity
e88,ABL1 L364I,Entity
e89,ABL1 L364P,Entity
e90,ABL1 L370P,Entity
e91,ABL1 L384M,Entity
e92,ABL1 L387F,Entity
e93,ABL1 L387M,Entity
e94,ABL1 L387V,Entity
e95,ABL1 M237V,Entity
e96,ABL1 M244V,Entity
e97,ABL1 M318T,Entity
e98,ABL1 M343T,Entity
e99,ABL1 M351T,Entity
e100,ABL1 M388L,Entity
e101,ABL1 M472I,Entity
e102,ABL1 N146S,Entity
e103,ABL1 N331S,Entity
e104,ABL1 N336S,Entity
e105,ABL1 P480A,Entity
e106,ABL1 P480L,Entity
e107,ABL1 Q252H,Entity
e108,ABL1 Q252R,Entity
e109,ABL1 Q300R,Entity
e110,ABL1 R332W,Entity
e111,ABL1 R351W,Entity
e112,ABL1 S417F,Entity
e113,ABL1 S417Y,Entity
e114,ABL1 S438C,Entity
e115,ABL1 T277A,Entity
e116,ABL1 T315A,Entity
e117,ABL1 T315I,Entity
e118,ABL1 T315L,Entity
e119,ABL1 T315N,Entity
e120,ABL1 T315V,Entity
e121,ABL1 V280A,Entity
e122,ABL1 V289A,Entity
e123,ABL1 V289F,Entity
e124,ABL1 V289I,Entity
e125,ABL1 V299L,Entity
e126,ABL1 V371A,Entity
e127,ABL1 V379I,Entity
e128,ABL1 W261L,Entity
e129,ABL1 Y253F,Entity
e130,ABL1 Y253H,Entity
e131,ABL1 Y320C,Entity
e132,ABL1 Y342H,Entity
e133,ABL1 Y393C,Entity
e134,ABL1 Y440H,Entity
e135,ABL1 fusion,Entity
e136,ABL1 gain-of-function,Entity
e137,ABL1 inconclusive mutation,Entity
e138,ABL1 mutation,Entity
e139,ABL1 oncogenic mutation,Entity
e140,ABL2 W469C,Entity
e141,ABL2 fusion,Entity
e142,ABL2 gain-of-function,Entity
e143,ABL2 mutation,Entity
e144,ABRAXAS1 loss-of-function,Entity
e145,ABRAXAS1 mutation,Entity
e146,ABRAXAS1 truncating mutation,Entity
e147,ACKR3 D141N,Entity
e148,ACKR3 D179N,Entity
e149,ACKR3 D275N,Entity
e150,ACKR3 D7N,Entity
e151,ACKR3 K206D,Entity
e152,ACKR3 N127D,Entity
e153,ACKR3 N127K,Entity
e154,ACKR3 N127S,Entity
e155,ACKR3 R142A,Entity
e156,ACKR3 Y143A,Entity
e157,ACKR3 Y315A,Entity
e158,ACKR3 amplification,Entity
e159,ACKR3 gain-of-function,Entity
e160,ACKR3 loss-of-function,Entity
e161,ACKR3 mutation,Entity
e162,ACKR3 truncating mutation,Entity
e163,ACTA1 expression,Entity
e164,ACTA1 mutation,Entity
e165,ACTB fusion,Entity
e166,ACTB gain-of-function,Entity
e167,ACTB mutation,Entity
e168,ACTG1 loss-of-function,Entity
e169,ACTG1 mutation,Entity
e170,ACTG1 truncating mutation,Entity
e171,ACVR1 G328E,Entity
e172,ACVR1 G328V,Entity
e173,ACVR1 G328W,Entity
e174,ACVR1 G356D,Entity
e175,ACVR1 Q207E,Entity
e176,ACVR1 R206H,Entity
e177,ACVR1 gain-of-function,Entity
e178,ACVR1 mutation,Entity
e179,ACVR1 oncogenic mutation,Entity
e180,ADAMTSL4-AS1 amplification,Entity
e181,ADAMTSL4-AS1 gain-of-function,Entity
e182,ADAMTSL4-AS1 mutation,Entity
e183,ADHFE1 amplification,Entity
e184,ADHFE1 gain-of-function,Entity
e185,ADHFE1 mutation,Entity
e186,AFAP1 fusion,Entity
e187,AFAP1 gain-of-function,Entity
e188,AFAP1 mutation,Entity
e189,AFDN fusion,Entity
e190,AFDN gain-of-function,Entity
e191,AFDN mutation,Entity
e192,AFF4 Y256C,Entity
e193,AFF4 inconclusive mutation,Entity
e194,AFF4 mutation,Entity
e195,AGGF1 fusion,Entity
e196,AGGF1 gain-of-function,Entity
e197,AGGF1 mutation,Entity
e198,AGK fusion,Entity
e199,AGK gain-of-function,Entity
e200,AGK mutation,Entity
e201,AGO2 Q545A,Entity
e202,AGO2 R583A,Entity
e203,AGO2 R647A,Entity
e204,AGO2 R812A,Entity
e205,AGO2 amplification,Entity
e206,AGO2 gain-of-function,Entity
e207,AGO2 loss-of-function,Entity
e208,AGO2 mutation,Entity
e209,AGR2 expression,Entity
e210,AGR2 mutation,Entity
e211,AJUBA loss-of-function,Entity
e212,AJUBA mutation,Entity
e213,AJUBA truncating mutation,Entity
e214,AKAP9 fusion,Entity
e215,AKAP9 gain-of-function,Entity
e216,AKAP9 mutation,Entity
e217,AKT1 C77F,Entity
e218,AKT1 D323G,Entity
e219,AKT1 D323H,Entity
e220,AKT1 D323Y,Entity
e221,AKT1 D325A,Entity
e222,AKT1 D32Y,Entity
e223,AKT1 E17K,Entity
e224,AKT1 E191A,Entity
e225,AKT1 E267G,Entity
e226,AKT1 E40K,Entity
e227,AKT1 E49K,Entity
e228,AKT1 F35L,Entity
e229,AKT1 F55Y,Entity
e230,AKT1 G311D,Entity
e231,AKT1 H238Y,Entity
e232,AKT1 K179M,Entity
e233,AKT1 K189N,Entity
e234,AKT1 K39N,Entity
e235,AKT1 L202F,Entity
e236,AKT1 L321A,Entity
e237,AKT1 L362R,Entity
e238,AKT1 L52R,Entity
e239,AKT1 L78T,Entity
e240,AKT1 N53A,Entity
e241,AKT1 N53H,Entity
e242,AKT1 P42T,Entity
e243,AKT1 P68_C77dup,Entity
e244,AKT1 Q59E,Entity
e245,AKT1 Q79E,Entity
e246,AKT1 Q79K,Entity
e247,AKT1 R121W,Entity
e248,AKT1 R200A,Entity
e249,AKT1 R23A,Entity
e250,AKT1 R328A,Entity
e251,AKT1 R370C,Entity
e252,AKT1 T195I,Entity
e253,AKT1 T34N,Entity
e254,AKT1 T65_I75dup,Entity
e255,AKT1 V270A,Entity
e256,AKT1 V271A,Entity
e257,AKT1 W80A,Entity
e258,AKT1 Y176F,Entity
e259,AKT1 amplification,Entity
e260,AKT1 fusion,Entity
e261,AKT1 gain-of-function,Entity
e262,AKT1 inconclusive mutation,Entity
e263,AKT1 loss-of-function,Entity
e264,AKT1 mutation,Entity
e265,AKT1 neutral mutation,Entity
e266,AKT1 oncogenic mutation,Entity
e267,AKT1 overexpression,Entity
e268,AKT2 D324N,Entity
e269,AKT2 E17K,Entity
e270,AKT2 G161V,Entity
e271,AKT2 H355M,Entity
e272,AKT2 H355Y,Entity
e273,AKT2 I289M,Entity
e274,AKT2 K181M,Entity
e275,AKT2 L78_Q79insHANTFVIRCL,Entity
e276,AKT2 R170W,Entity
e277,AKT2 R368C,Entity
e278,AKT2 R371H,Entity
e279,AKT2 S302G,Entity
e280,AKT2 amplification,Entity
e281,AKT2 expression,Entity
e282,AKT2 fusion,Entity
e283,AKT2 gain-of-function,Entity
e284,AKT2 inconclusive mutation,Entity
e285,AKT2 mutation,Entity
e286,AKT2 oncogenic mutation,Entity
e287,AKT3 E17K,Entity
e288,AKT3 amplification,Entity
e289,AKT3 fusion,Entity
e290,AKT3 gain-of-function,Entity
e291,AKT3 mutation,Entity
e292,AKT3 oncogenic mutation,Entity
e293,AKT3 overexpression,Entity
e294,ALCAM expression,Entity
e295,ALCAM mutation,Entity
e296,ALDH1A2 mutation,Entity
e297,ALDH1A2 overexpression,Entity
e298,ALDH1A2 underexpression,Entity
e299,ALDH1L2 amplification,Entity
e300,ALDH1L2 gain-of-function,Entity
e301,ALDH1L2 mutation,Entity
e302,ALDH2 E487K,Entity
e303,ALDH2 copy number deletion,Entity
e304,ALDH2 loss-of-function,Entity
e305,ALDH2 mutation,Entity
e306,ALDH2 truncating mutation,Entity
e307,ALK A1099T,Entity
e308,ALK A1200V,Entity
e309,ALK A1234T,Entity
e310,ALK A348D,Entity
e311,ALK C1156F,Entity
e312,ALK C1156Y,Entity
e313,ALK D1091N,Entity
e314,ALK D1203N,Entity
e315,ALK D1225N,Entity
e316,ALK D1270G,Entity
e317,ALK D1349H,Entity
e318,ALK E1197K,Entity
e319,ALK E1210K,Entity
e320,ALK E1242K,Entity
e321,ALK E1384K,Entity
e322,ALK E1408V,Entity
e323,ALK F1174C,Entity
e324,ALK F1174I,Entity
e325,ALK F1174L,Entity
e326,ALK F1174S,Entity
e327,ALK F1174V,Entity
e328,ALK F1174X,Entity
e329,ALK F1245C,Entity
e330,ALK F1245L,Entity
e331,ALK F1245V,Entity
e332,ALK F856S,Entity
e333,ALK G1123D,Entity
e334,ALK G1123S,Entity
e335,ALK G1128A,Entity
e336,ALK G1128S,Entity
e337,ALK G1201E,Entity
e338,ALK G1202R,Entity
e339,ALK G1202X,Entity
e340,ALK G1269A,Entity
e341,ALK G1269S,Entity
e342,ALK G1286R,Entity
e343,ALK G881D,Entity
e344,ALK H694R,Entity
e345,ALK I1170N,Entity
e346,ALK I1170S,Entity
e347,ALK I1171N,Entity
e348,ALK I1171S,Entity
e349,ALK I1171T,Entity
e350,ALK I1171X,Entity
e351,ALK I1183T,Entity
e352,ALK I1250T,Entity
e353,ALK K1062M,Entity
e354,ALK L1122V,Entity
e355,ALK L1152P,Entity
e356,ALK L1152R,Entity
e357,ALK L1196M,Entity
e358,ALK L1196Q,Entity
e359,ALK L1196X,Entity
e360,ALK L1198F,Entity
e361,ALK L1198P,Entity
e362,ALK L1204F,Entity
e363,ALK L1240V,Entity
e364,ALK M1166R,Entity
e365,ALK M1328I,Entity
e366,ALK N1178H,Entity
e367,ALK P1139S,Entity
e368,ALK Q1064R,Entity
e369,ALK R1060H,Entity
e370,ALK R1192P,Entity
e371,ALK R1231Q,Entity
e372,ALK R1275L,Entity
e373,ALK R1275Q,Entity
e374,ALK R1464*,Entity
e375,ALK R291C,Entity
e376,ALK R401L,Entity
e377,ALK R401Q,Entity
e378,ALK S1206C,Entity
e379,ALK S1206F,Entity
e380,ALK S1206R,Entity
e381,ALK S1206Y,Entity
e382,ALK T1087I,Entity
e383,ALK T1151 in-frame insertion,Entity
e384,ALK T1151K,Entity
e385,ALK T1151M,Entity
e386,ALK T1151R,Entity
e387,ALK T1151dup,Entity
e388,ALK T1343I,Entity
e389,ALK V1180L,Entity
e390,ALK V1180X,Entity
e391,ALK V597A,Entity
e392,ALK Y1278S,Entity
e393,ALK amplification,Entity
e394,ALK exon 4-11 deletion,Entity
e395,ALK fusion,Entity
e396,ALK gain-of-function,Entity
e397,ALK inconclusive mutation,Entity
e398,ALK mutation,Entity
e399,ALK neutral mutation,Entity
e400,ALK oncogenic mutation,Entity
e401,ALOX12B amplification,Entity
e402,ALOX12B gain-of-function,Entity
e403,ALOX12B mutation,Entity
e404,AMER1 loss-of-function,Entity
e405,AMER1 mutation,Entity
e406,AMER1 truncating mutation,Entity
e407,ANKRD11 copy number deletion,Entity
e408,ANKRD11 loss-of-function,Entity
e409,ANKRD11 mutation,Entity
e410,ANKRD11 truncating mutation,Entity
e411,ANO10 fusion,Entity
e412,ANO10 gain-of-function,Entity
e413,ANO10 mutation,Entity
e414,ANXA1 mutation,Entity
e415,ANXA1 overexpression,Entity
e416,APC A1492Cfs*22,Entity
e417,APC A2128Vfs*11,Entity
e418,APC A896Gfs*18,Entity
e419,APC D849Efs*11,Entity
e420,APC E1157Dfs*7,Entity
e421,APC E1306*,Entity
e422,APC E1309Dfs*4,Entity
e423,APC E1379*,Entity
e424,APC E152Kfs*18,Entity
e425,APC E313Gfs*14,Entity
e426,APC E855Tfs*56,Entity
e427,APC E911*,Entity
e428,APC E991*,Entity
e429,APC G1120E,Entity
e430,APC G1466*fs*1,Entity
e431,APC G265Efs*28,Entity
e432,APC G309*,Entity
e433,APC H1054Qfs*2,Entity
e434,APC I1269Mfs*6,Entity
e435,APC I1307K,Entity
e436,APC I1307Mfs*13,Entity
e437,APC I1557*fs*1,Entity
e438,APC K1030*,Entity
e439,APC K1310*fs*1,Entity
e440,APC K1608Nfs*42,Entity
e441,APC K398Efs*5,Entity
e442,APC K49Nfs*20,Entity
e443,APC L1087Qfs*31,Entity
e444,APC L1277*,Entity
e445,APC L143Afs*4,Entity
e446,APC L629Ffs*5,Entity
e447,APC L669*fs*1,Entity
e448,APC N1026S,Entity
e449,APC N1830Kfs*32,Entity
e450,APC N1979Tfs*64,Entity
e451,APC P1159Dfs*7,Entity
e452,APC Q1062*fs*1,Entity
e453,APC Q1067*,Entity
e454,APC Q1328*,Entity
e455,APC Q1338*,Entity
e456,APC Q1367*,Entity
e457,APC Q1378*,Entity
e458,APC Q1406*,Entity
e459,APC Q1429*,Entity
e460,APC Q1541*,Entity
e461,APC Q1625Hfs*25,Entity
e462,APC Q358*,Entity
e463,APC Q663*,Entity
e464,APC Q789*,Entity
e465,APC R1114*,Entity
e466,APC R1158*,Entity
e467,APC R141S,Entity
e468,APC R1450*,Entity
e469,APC R1920Efs*50,Entity
e470,APC R213*,Entity
e471,APC R216*,Entity
e472,APC R2237*,Entity
e473,APC R232*,Entity
e474,APC R24*,Entity
e475,APC R283*,Entity
e476,APC R302*,Entity
e477,APC R332*,Entity
e478,APC R405*,Entity
e479,APC R554*,Entity
e480,APC R640G,Entity
e481,APC R805*,Entity
e482,APC R876*,Entity
e483,APC S1068Gfs*57,Entity
e484,APC S1201*,Entity
e485,APC S1392*,Entity
e486,APC S2125Dfs*13,Entity
e487,APC V368Yfs*86,Entity
e488,APC W421*,Entity
e489,APC W553*,Entity
e490,APC Y1162*fs*1,Entity
e491,APC Y500*,Entity
e492,APC Y935*,Entity
e493,APC Y935*fs*1,Entity
e494,APC Y96*,Entity
e495,APC copy number deletion,Entity
e496,APC inconclusive mutation,Entity
e497,APC loss-of-function,Entity
e498,APC mutation,Entity
e499,APC oncogenic mutation,Entity
e500,APC truncating mutation,Entity
e501,APLNR C181S,Entity
e502,APLNR G349E,Entity
e503,APLNR P292L,Entity
e504,APLNR T44S,Entity
e505,APLNR inconclusive mutation,Entity
e506,APLNR mutation,Entity
e507,APP fusion,Entity
e508,APP gain-of-function,Entity
e509,APP mutation,Entity
e510,AR A159T,Entity
e511,AR F876L,Entity
e512,AR F877L,Entity
e513,AR G216R,Entity
e514,AR G248V,Entity
e515,AR H875Y,Entity
e516,AR L272F,Entity
e517,AR L57Q,Entity
e518,AR L57del,Entity
e519,AR L7 expression,Entity
e520,AR L702H,Entity
e521,AR N235K,Entity
e522,AR P380R,Entity
e523,AR Q120E,Entity
e524,AR Q58_Q59insL,Entity
e525,AR T878A,Entity
e526,AR T878S,Entity
e527,AR W742C,Entity
e528,AR W742L,Entity
e529,AR W742X,Entity
e530,AR amplification,Entity
e531,AR gain-of-function,Entity
e532,AR inconclusive mutation,Entity
e533,AR loss-of-function,Entity
e534,AR mutation,Entity
e535,AR neutral mutation,Entity
e536,AR oncogenic mutation,Entity
e537,AR overexpression,Entity
e538,ARAF F351L,Entity
e539,ARAF G322S,Entity
e540,ARAF G377R,Entity
e541,ARAF G387D,Entity
e542,ARAF G387N,Entity
e543,ARAF G387R,Entity
e544,ARAF N217I,Entity
e545,ARAF P216A,Entity
e546,ARAF P462L,Entity
e547,ARAF Q347_A348del,Entity
e548,ARAF S214A,Entity
e549,ARAF S214C,Entity
e550,ARAF S214F,Entity
e551,ARAF S214T,Entity
e552,ARAF S490T,Entity
e553,ARAF V145L,Entity
e554,ARAF gain-of-function,Entity
e555,ARAF inconclusive mutation,Entity
e556,ARAF mutation,Entity
e557,ARAF oncogenic mutation,Entity
e558,AREG amplification,Entity
e559,AREG expression,Entity
e560,AREG gain-of-function,Entity
e561,AREG mutation,Entity
e562,ARHGAP26 N417S,Entity
e563,ARHGAP26 mutation,Entity
e564,ARHGAP26 oncogenic mutation,Entity
e565,ARHGAP35 A865_L870del,Entity
e566,ARHGAP35 L1396Q,Entity
e567,ARHGAP35 R1284A,Entity
e568,ARHGAP35 R832Q,Entity
e569,ARHGAP35 R997*,Entity
e570,ARHGAP35 R997Q,Entity
e571,ARHGAP35 S866F,Entity
e572,ARHGAP35 Y742H,Entity
e573,ARHGAP35 gain-of-function,Entity
e574,ARHGAP35 loss-of-function,Entity
e575,ARHGAP35 mutation,Entity
e576,ARHGAP35 truncating mutation,Entity
e577,ARID1A P1175fs*5,Entity
e578,ARID1A Q456*,Entity
e579,ARID1A absent,Entity
e580,ARID1A amplification,Entity
e581,ARID1A copy number deletion,Entity
e582,ARID1A gain-of-function,Entity
e583,ARID1A loss-of-function,Entity
e584,ARID1A mutation,Entity
e585,ARID1A oncogenic mutation,Entity
e586,ARID1A truncating mutation,Entity
e587,ARID1A underexpression,Entity
e588,ARID1A wild type,Entity
e589,ARID1B copy number deletion,Entity
e590,ARID1B loss-of-function,Entity
e591,ARID1B mutation,Entity
e592,ARID1B truncating mutation,Entity
e593,ARID2 loss-of-function,Entity
e594,ARID2 mutation,Entity
e595,ARID2 truncating mutation,Entity
e596,ARID3A F317A,Entity
e597,ARID3A P268A,Entity
e598,ARID3A W299A,Entity
e599,ARID3A Y330A,Entity
e600,ARID3A loss-of-function,Entity
e601,ARID3A mutation,Entity
e602,ARID3A truncating mutation,Entity
e603,ARID4A loss-of-function,Entity
e604,ARID4A mutation,Entity
e605,ARID4A truncating mutation,Entity
e606,ARID4B loss-of-function,Entity
e607,ARID4B mutation,Entity
e608,ARID4B truncating mutation,Entity
e609,ARID5B loss-of-function,Entity
e610,ARID5B mutation,Entity
e611,ARID5B truncating mutation,Entity
e612,ASNS amplification,Entity
e613,ASNS gain-of-function,Entity
e614,ASNS mutation,Entity
e615,ASPSCR1 fusion,Entity
e616,ASPSCR1 gain-of-function,Entity
e617,ASPSCR1 mutation,Entity
e618,ASXL1 G646Wfs*12,Entity
e619,ASXL1 copy number deletion,Entity
e620,ASXL1 exon 12 mutation,Entity
e621,ASXL1 loss-of-function,Entity
e622,ASXL1 mutation,Entity
e623,ASXL1 oncogenic mutation,Entity
e624,ASXL1 truncating mutation,Entity
e625,ASXL2 copy number deletion,Entity
e626,ASXL2 loss-of-function,Entity
e627,ASXL2 mutation,Entity
e628,ASXL2 truncating mutation,Entity
e629,ATF1 fusion,Entity
e630,ATF1 gain-of-function,Entity
e631,ATF1 mutation,Entity
e632,ATF7IP fusion,Entity
e633,ATF7IP gain-of-function,Entity
e634,ATF7IP mutation,Entity
e635,ATM A1299Cfs*3,Entity
e636,ATM A1299Pfs*50,Entity
e637,ATM A1742P,Entity
e638,ATM A1931Pfs*7,Entity
e639,ATM A2062V,Entity
e640,ATM A2067D,Entity
e641,ATM A220V,Entity
e642,ATM A2225Gfs*24,Entity
e643,ATM A2274T,Entity
e644,ATM A59S,Entity
e645,ATM C2488Y,Entity
e646,ATM C2735*fs*1,Entity
e647,ATM C2835*,Entity
e648,ATM C430*fs*1,Entity
e649,ATM C907*fs*1,Entity
e650,ATM D126Efs*3,Entity
e651,ATM D1682H,Entity
e652,ATM D1682Y,Entity
e653,ATM D1853N,Entity
e654,ATM D1853V,Entity
e655,ATM D1930V,Entity
e656,ATM D2708N,Entity
e657,ATM D2870A,Entity
e658,ATM E1971Rfs*19,Entity
e659,ATM E1978*,Entity
e660,ATM E2039K,Entity
e661,ATM E2145Mfs*4,Entity
e662,ATM E2187*,Entity
e663,ATM E2366*,Entity
e664,ATM E2444K,Entity
e665,ATM E2596E,Entity
e666,ATM E2668G,Entity
e667,ATM E343Ifs*2,Entity
e668,ATM E522Ifs*43,Entity
e669,ATM E850*,Entity
e670,ATM F1025L,Entity
e671,ATM F1209Lfs*6,Entity
e672,ATM F1209Yfs*19,Entity
e673,ATM F239Lfs*15,Entity
e674,ATM F2732V,Entity
e675,ATM F2799Kfs*4,Entity
e676,ATM F2827C,Entity
e677,ATM F858L,Entity
e678,ATM F918Lfs*11,Entity
e679,ATM G1102*,Entity
e680,ATM G1130*,Entity
e681,ATM G1458Efs*15,Entity
e682,ATM G2718_K2756del,Entity
e683,ATM G2765S,Entity
e684,ATM G52*,Entity
e685,ATM H1082Lfs*14,Entity
e686,ATM H1380Y,Entity
e687,ATM H183Qfs*6,Entity
e688,ATM H2038Y,Entity
e689,ATM H2554D,Entity
e690,ATM H2872Q,Entity
e691,ATM H2981Pfs*4,Entity
e692,ATM H46Qfs*9,Entity
e693,ATM I1261Dfs*2,Entity
e694,ATM I1453Mfs*36,Entity
e695,ATM I1681V,Entity
e696,ATM I323V,Entity
e697,ATM I352Yfs*7,Entity
e698,ATM K1192K,Entity
e699,ATM K1400*,Entity
e700,ATM K1646Nfs*2,Entity
e701,ATM K1807E,Entity
e702,ATM K1964*,Entity
e703,ATM K1965Yfs*3,Entity
e704,ATM K1992T,Entity
e705,ATM K224E,Entity
e706,ATM K2749I,Entity
e707,ATM K2756*,Entity
e708,ATM K2789Nfs*2,Entity
e709,ATM K2811Sfs*46,Entity
e710,ATM K293*,Entity
e711,ATM K387Rfs*3,Entity
e712,ATM K468Efs*18,Entity
e713,ATM K468fs,Entity
e714,ATM K79Nfs*37,Entity
e715,ATM K971Tfs*11,Entity
e716,ATM L1176Cfs*5,Entity
e717,ATM L1238Kfs*6,Entity
e718,ATM L1322I,Entity
e719,ATM L1327*,Entity
e720,ATM L1351Yfs*35,Entity
e721,ATM L1420F,Entity
e722,ATM L1457*,Entity
e723,ATM L1465P,Entity
e724,ATM L1542Ffs*8,Entity
e725,ATM L1764Yfs*12,Entity
e726,ATM L1874F,Entity
e727,ATM L1956H,Entity
e728,ATM L2077Ffs*5,Entity
e729,ATM L2338P,Entity
e730,ATM L2427P,Entity
e731,ATM L2427_R2428del,Entity
e732,ATM L2452P,Entity
e733,ATM L2890V,Entity
e734,ATM L2945Vfs*10,Entity
e735,ATM L2946Nfs*9,Entity
e736,ATM L546V,Entity
e737,ATM L581V,Entity
e738,ATM L589R,Entity
e739,ATM L762Vfs*2,Entity
e740,ATM L930*,Entity
e741,ATM L961Cfs*10,Entity
e742,ATM M1T,Entity
e743,ATM M2667Yfs*4,Entity
e744,ATM M855Ifs*5,Entity
e745,ATM N1650S,Entity
e746,ATM N2326_K2363del,Entity
e747,ATM N2826Kfs*32,Entity
e748,ATM N2875H,Entity
e749,ATM N2875K,Entity
e750,ATM N2875S,Entity
e751,ATM N2875T,Entity
e752,ATM P1054R,Entity
e753,ATM P1382Sfs*6,Entity
e754,ATM P1922Lfs*15,Entity
e755,ATM P2614Dfs*18,Entity
e756,ATM P2699L,Entity
e757,ATM P292L,Entity
e758,ATM P2974L,Entity
e759,ATM P604S,Entity
e760,ATM P960H,Entity
e761,ATM Q1017*,Entity
e762,ATM Q1117*,Entity
e763,ATM Q1128Kfs*3,Entity
e764,ATM Q1311*,Entity
e765,ATM Q1361*,Entity
e766,ATM Q180*,Entity
e767,ATM Q1970*,Entity
e768,ATM Q2651*,Entity
e769,ATM Q2729*,Entity
e770,ATM Q2730P,Entity
e771,ATM Q2800Sfs*6,Entity
e772,ATM Q2825*,Entity
e773,ATM Q3000*,Entity
e774,ATM Q3038Rfs*3,Entity
e775,ATM Q445Nfs*28,Entity
e776,ATM Q51*,Entity
e777,ATM Q628Pfs*7,Entity
e778,ATM Q700*,Entity
e779,ATM Q95*,Entity
e780,ATM R1575H,Entity
e781,ATM R1618*,Entity
e782,ATM R2032K,Entity
e783,ATM R2034*,Entity
e784,ATM R2034P,Entity
e785,ATM R2136*fs*1,Entity
e786,ATM R248*,Entity
e787,ATM R2486*,Entity
e788,ATM R2486G,Entity
e789,ATM R2506_N2543del,Entity
e790,ATM R2547_S2549del,Entity
e791,ATM R2642S,Entity
e792,ATM R2691C,Entity
e793,ATM R2832C,Entity
e794,ATM R2993*,Entity
e795,ATM R3008C,Entity
e796,ATM R3008H,Entity
e797,ATM R3047*,Entity
e798,ATM R337S,Entity
e799,ATM R35*,Entity
e800,ATM R447*,Entity
e801,ATM R45Q,Entity
e802,ATM S1411Afs*40,Entity
e803,ATM S1455R,Entity
e804,ATM S160Afs*23,Entity
e805,ATM S1691R,Entity
e806,ATM S1770*,Entity
e807,ATM S1799Mfs*8,Entity
e808,ATM S1905Ifs*25,Entity
e809,ATM S2146Kfs*15,Entity
e810,ATM S2289*,Entity
e811,ATM S2394L,Entity
e812,ATM S2489F,Entity
e813,ATM S2489Pfs*4,Entity
e814,ATM S2592C,Entity
e815,ATM S2685T,Entity
e816,ATM S2707C,Entity
e817,ATM S2812Vfs*3,Entity
e818,ATM S2855_V2856delinsRI,Entity
e819,ATM S333F,Entity
e820,ATM S475*,Entity
e821,ATM S49C,Entity
e822,ATM S809*,Entity
e823,ATM S824F,Entity
e824,ATM T1743I,Entity
e825,ATM T2031I,Entity
e826,ATM T2333Nfs*40,Entity
e827,ATM T2666A,Entity
e828,ATM T2751Sfs*54,Entity
e829,ATM T2947S,Entity
e830,ATM T417Pfs*3,Entity
e831,ATM T452Nfs*21,Entity
e832,ATM T710Kfs*25,Entity
e833,ATM T989Lfs*3,Entity
e834,ATM V1254Ffs*2,Entity
e835,ATM V1268*fs*1,Entity
e836,ATM V128*fs*1,Entity
e837,ATM V1734Dfs*5,Entity
e838,ATM V1841I,Entity
e839,ATM V1941L,Entity
e840,ATM V2424G,Entity
e841,ATM V2716F,Entity
e842,ATM V519I,Entity
e843,ATM V835Sfs*7,Entity
e844,ATM V966Gfs*6,Entity
e845,ATM W1026*,Entity
e846,ATM W1279*,Entity
e847,ATM W2109*,Entity
e848,ATM W2638*,Entity
e849,ATM W2769Lfs*33,Entity
e850,ATM W412*,Entity
e851,ATM W57*,Entity
e852,ATM W579*,Entity
e853,ATM Y1124*,Entity
e854,ATM Y1124Tfs*2,Entity
e855,ATM Y123Lfs*6,Entity
e856,ATM Y1252Qfs*4,Entity
e857,ATM Y171*,Entity
e858,ATM Y1961C,Entity
e859,ATM Y2019C,Entity
e860,ATM Y2334Qfs*4,Entity
e861,ATM Y264Ifs*12,Entity
e862,ATM Y370*,Entity
e863,ATM biallelic inactivation,Entity
e864,ATM copy number deletion,Entity
e865,ATM inconclusive mutation,Entity
e866,ATM loss-of-function,Entity
e867,ATM mutation,Entity
e868,ATM neutral mutation,Entity
e869,ATM oncogenic mutation,Entity
e870,ATM truncating mutation,Entity
e871,ATM underexpression,Entity
e872,ATP1A1 E960_A963delinsS,Entity
e873,ATP1A1 G99R,Entity
e874,ATP1A1 L100_I104del,Entity
e875,ATP1A1 L104R,Entity
e876,ATP1A1 V332G,Entity
e877,ATP1A1 amplification,Entity
e878,ATP1A1 gain-of-function,Entity
e879,ATP1A1 loss-of-function,Entity
e880,ATP1A1 mutation,Entity
e881,ATP1B1 fusion,Entity
e882,ATP1B1 gain-of-function,Entity
e883,ATP1B1 mutation,Entity
e884,ATP6V1B2 R400Q,Entity
e885,ATP6V1B2 Y371C,Entity
e886,ATP6V1B2 loss-of-function,Entity
e887,ATP6V1B2 mutation,Entity
e888,ATP6V1B2 truncating mutation,Entity
e889,ATR I774fs,Entity
e890,ATR copy number deletion,Entity
e891,ATR loss-of-function,Entity
e892,ATR mutation,Entity
e893,ATR oncogenic mutation,Entity
e894,ATR truncating mutation,Entity
e895,ATRIP copy number deletion,Entity
e896,ATRIP loss-of-function,Entity
e897,ATRIP mutation,Entity
e898,ATRIP truncating mutation,Entity
e899,ATRX copy number deletion,Entity
e900,ATRX loss-of-function,Entity
e901,ATRX mutation,Entity
e902,ATRX truncating mutation,Entity
e903,ATRX underexpression,Entity
e904,ATXN2 loss-of-function,Entity
e905,ATXN2 mutation,Entity
e906,ATXN2 truncating mutation,Entity
e907,ATXN7 P40Q,Entity
e908,ATXN7 P42_P43insP,Entity
e909,ATXN7 Q30R,Entity
e910,ATXN7 Q39P,Entity
e911,ATXN7 fusion,Entity
e912,ATXN7 gain-of-function,Entity
e913,ATXN7 loss-of-function,Entity
e914,ATXN7 mutation,Entity
e915,AURKA F31I,Entity
e916,AURKA V57I,Entity
e917,AURKA amplification,Entity
e918,AURKA expression,Entity
e919,AURKA gain-of-function,Entity
e920,AURKA mutation,Entity
e921,AURKA oncogenic mutation,Entity
e922,AURKA overexpression,Entity
e923,AXIN1 copy number deletion,Entity
e924,AXIN1 loss-of-function,Entity
e925,AXIN1 mutation,Entity
e926,AXIN1 truncating mutation,Entity
e927,AXIN2 E706*,Entity
e928,AXIN2 loss-of-function,Entity
e929,AXIN2 mutation,Entity
e930,AXIN2 oncogenic mutation,Entity
e931,AXIN2 truncating mutation,Entity
e932,AXL A273V,Entity
e933,AXL amplification,Entity
e934,AXL expression,Entity
e935,AXL gain-of-function,Entity
e936,AXL inconclusive mutation,Entity
e937,AXL mutation,Entity
e938,B2M M1I,Entity
e939,B2M M1K,Entity
e940,B2M M1R,Entity
e941,B2M M1T,Entity
e942,B2M M1V,Entity
e943,B2M S14fs,Entity
e944,B2M copy number deletion,Entity
e945,B2M loss-of-function,Entity
e946,B2M mutation,Entity
e947,B2M oncogenic mutation,Entity
e948,B2M truncating mutation,Entity
e949,B4GALT1 mutation,Entity
e950,B4GALT1 overexpression,Entity
e951,BAALC amplification,Entity
e952,BAALC gain-of-function,Entity
e953,BAALC mutation,Entity
e954,BACH2 E788K,Entity
e955,BACH2 L24P,Entity
e956,BACH2 S521A,Entity
e957,BACH2 T519A,Entity
e958,BACH2 T817A,Entity
e959,BACH2 loss-of-function,Entity
e960,BACH2 mutation,Entity
e961,BACH2 neutral mutation,Entity
e962,BACH2 truncating mutation,Entity
e963,BAP1 A95D,Entity
e964,BAP1 C91A,Entity
e965,BAP1 C91S,Entity
e966,BAP1 E685V,Entity
e967,BAP1 F170I,Entity
e968,BAP1 F81V,Entity
e969,BAP1 G178V,Entity
e970,BAP1 H669Qfs*41,Entity
e971,BAP1 I47F,Entity
e972,BAP1 M371Cfs*59,Entity
e973,BAP1 N89Pfs*4,Entity
e974,BAP1 Q410*,Entity
e975,BAP1 Q593*,Entity
e976,BAP1 R146K,Entity
e977,BAP1 R300Gfs*6,Entity
e978,BAP1 T254fs,Entity
e979,BAP1 W202L,Entity
e980,BAP1 copy number deletion,Entity
e981,BAP1 exon 3 frameshift mutation,Entity
e982,BAP1 expression,Entity
e983,BAP1 inconclusive mutation,Entity
e984,BAP1 loss-of-function,Entity
e985,BAP1 mutation,Entity
e986,BAP1 oncogenic mutation,Entity
e987,BAP1 truncating mutation,Entity
e988,BARD1 C53W,Entity
e989,BARD1 C645*fs*1,Entity
e990,BARD1 C71Y,Entity
e991,BARD1 C78S,Entity
e992,BARD1 C83R,Entity
e993,BARD1 E287Vfs*5,Entity
e994,BARD1 G203*,Entity
e995,BARD1 H606Rfs*6,Entity
e996,BARD1 I717Qfs*12,Entity
e997,BARD1 K209Efs*5,Entity
e998,BARD1 L316*,Entity
e999,BARD1 L44R,Entity
e1000,BARD1 M1I,Entity
e1001,BARD1 N219Kfs*35,Entity
e1002,BARD1 P657Hfs*57,Entity
e1003,BARD1 Q100*,Entity
e1004,BARD1 Q166*,Entity
e1005,BARD1 Q245*,Entity
e1006,BARD1 Q564*,Entity
e1007,BARD1 Q666*,Entity
e1008,BARD1 R112*,Entity
e1009,BARD1 R150*,Entity
e1010,BARD1 R641*,Entity
e1011,BARD1 R99E,Entity
e1012,BARD1 S354*,Entity
e1013,BARD1 S400Vfs*8,Entity
e1014,BARD1 S551*,Entity
e1015,BARD1 V422Mfs*53,Entity
e1016,BARD1 W756*,Entity
e1017,BARD1 Y180*fs*1,Entity
e1018,BARD1 Y404*,Entity
e1019,BARD1 copy number deletion,Entity
e1020,BARD1 loss-of-function,Entity
e1021,BARD1 mutation,Entity
e1022,BARD1 neutral mutation,Entity
e1023,BARD1 oncogenic mutation,Entity
e1024,BARD1 truncating mutation,Entity
e1025,BAX E41Gfs*33,Entity
e1026,BAX G67R,Entity
e1027,BAX mutation,Entity
e1028,BAX oncogenic mutation,Entity
e1029,BBC3 copy number deletion,Entity
e1030,BBC3 loss-of-function,Entity
e1031,BBC3 mutation,Entity
e1032,BBC3 truncating mutation,Entity
e1033,BCL10 E140*,Entity
e1034,BCL10 E145Lfs*4,Entity
e1035,BCL10 G78Rfs*7,Entity
e1036,BCL10 I46Nfs*4,Entity
e1037,BCL10 I55Nfs*8,Entity
e1038,BCL10 R58*,Entity
e1039,BCL10 R58G,Entity
e1040,BCL10 R58Q,Entity
e1041,BCL10 S134Lfs*7,Entity
e1042,BCL10 S167Ffs*3,Entity
e1043,BCL10 T163M,Entity
e1044,BCL10 copy number deletion,Entity
e1045,BCL10 fusion,Entity
e1046,BCL10 gain-of-function,Entity
e1047,BCL10 loss-of-function,Entity
e1048,BCL10 mutation,Entity
e1049,BCL10 oncogenic mutation,Entity
e1050,BCL10 truncating mutation,Entity
e1051,BCL11B N441K,Entity
e1052,BCL11B copy number deletion,Entity
e1053,BCL11B loss-of-function,Entity
e1054,BCL11B mutation,Entity
e1055,BCL11B truncating mutation,Entity
e1056,BCL2 A131T,Entity
e1057,BCL2 F104I,Entity
e1058,BCL2 G101V,Entity
e1059,BCL2 G33R,Entity
e1060,BCL2 K22R,Entity
e1061,BCL2 N172Q,Entity
e1062,BCL2 N172S,Entity
e1063,BCL2 P59S,Entity
e1064,BCL2 amplification,Entity
e1065,BCL2 fusion,Entity
e1066,BCL2 gain-of-function,Entity
e1067,BCL2 mutation,Entity
e1068,BCL2 neutral mutation,Entity
e1069,BCL2 oncogenic mutation,Entity
e1070,BCL2 overexpression,Entity
e1071,BCL2L1 amplification,Entity
e1072,BCL2L1 gain-of-function,Entity
e1073,BCL2L1 mutation,Entity
e1074,BCL2L11 copy number deletion,Entity
e1075,BCL2L11 deletion,Entity
e1076,BCL2L11 loss-of-function,Entity
e1077,BCL2L11 mutation,Entity
e1078,BCL2L11 truncating mutation,Entity
e1079,BCL3 fusion,Entity
e1080,BCL3 gain-of-function,Entity
e1081,BCL3 mutation,Entity
e1082,BCL6 amplification,Entity
e1083,BCL6 fusion,Entity
e1084,BCL6 gain-of-function,Entity
e1085,BCL6 mutation,Entity
e1086,BCL6 overexpression,Entity
e1087,BCL9 fusion,Entity
e1088,BCL9 gain-of-function,Entity
e1089,BCL9 mutation,Entity
e1090,BCOR ITD,Entity
e1091,BCOR copy number deletion,Entity
e1092,BCOR fusion,Entity
e1093,BCOR gain-of-function,Entity
e1094,BCOR loss-of-function,Entity
e1095,BCOR mutation,Entity
e1096,BCOR oncogenic mutation,Entity
e1097,BCOR truncating mutation,Entity
e1098,BCORL1 Q1076H,Entity
e1099,BCORL1 fusion,Entity
e1100,BCORL1 gain-of-function,Entity
e1101,BCORL1 inconclusive mutation,Entity
e1102,BCORL1 loss-of-function,Entity
e1103,BCORL1 mutation,Entity
e1104,BCORL1 truncating mutation,Entity
e1105,BCR fusion,Entity
e1106,BCR gain-of-function,Entity
e1107,BCR mutation,Entity
e1108,BCR::ABL1 fusion,Entity
e1109,BIRC3 C319Y,Entity
e1110,BIRC3 G297D,Entity
e1111,BIRC3 G472R,Entity
e1112,BIRC3 H574A,Entity
e1113,BIRC3 R172I,Entity
e1114,BIRC3 R448Q,Entity
e1115,BIRC3 S248C,Entity
e1116,BIRC3 S278R,Entity
e1117,BIRC3 S7I,Entity
e1118,BIRC3 T488M,Entity
e1119,BIRC3 T536R,Entity
e1120,BIRC3 copy number deletion,Entity
e1121,BIRC3 loss-of-function,Entity
e1122,BIRC3 mutation,Entity
e1123,BIRC3 neutral mutation,Entity
e1124,BIRC3 oncogenic mutation,Entity
e1125,BIRC3 truncating mutation,Entity
e1126,BIRC5 expression,Entity
e1127,BIRC5 mutation,Entity
e1128,BIRC5 overexpression,Entity
e1129,BIRC7 amplification,Entity
e1130,BIRC7 gain-of-function,Entity
e1131,BIRC7 mutation,Entity
e1132,BLM C1055S,Entity
e1133,BLM L453*,Entity
e1134,BLM Q548*,Entity
e1135,BLM Q975Kfs*24,Entity
e1136,BLM R899*,Entity
e1137,BLM S462Lfs*9,Entity
e1138,BLM Y736Lfs*5,Entity
e1139,BLM loss-of-function,Entity
e1140,BLM mutation,Entity
e1141,BLM oncogenic mutation,Entity
e1142,BLM truncating mutation,Entity
e1143,BMPR1A E123Dfs*21,Entity
e1144,BMPR1A E276Nfs*10,Entity
e1145,BMPR1A E88*,Entity
e1146,BMPR1A F83Hfs*6,Entity
e1147,BMPR1A L59*fs*1,Entity
e1148,BMPR1A N73*fs*1,Entity
e1149,BMPR1A R228*,Entity
e1150,BMPR1A R273*,Entity
e1151,BMPR1A R361*,Entity
e1152,BMPR1A R494*,Entity
e1153,BMPR1A V141Lfs*3,Entity
e1154,BMPR1A loss-of-function,Entity
e1155,BMPR1A mutation,Entity
e1156,BMPR1A oncogenic mutation,Entity
e1157,BMPR1A truncating mutation,Entity
e1158,BORCS8-MEF2B D83V,Entity
e1159,BORCS8-MEF2B E77K,Entity
e1160,BORCS8-MEF2B K4E,Entity
e1161,BORCS8-MEF2B N81Y,Entity
e1162,BORCS8-MEF2B Y69H,Entity
e1163,BORCS8-MEF2B amplification,Entity
e1164,BORCS8-MEF2B gain-of-function,Entity
e1165,BORCS8-MEF2B inconclusive mutation,Entity
e1166,BORCS8-MEF2B loss-of-function,Entity
e1167,BORCS8-MEF2B mutation,Entity
e1168,BORCS8-MEF2B oncogenic mutation,Entity
e1169,BRAF A246P,Entity
e1170,BRAF A320T,Entity
e1171,BRAF A33T,Entity
e1172,BRAF A489_P490del,Entity
e1173,BRAF A598T,Entity
e1174,BRAF A598V,Entity
e1175,BRAF A598_T599insV,Entity
e1176,BRAF A712T,Entity
e1177,BRAF A728V,Entity
e1178,BRAF A762E,Entity
e1179,BRAF A762V,Entity
e1180,BRAF D287H,Entity
e1181,BRAF D380H,Entity
e1182,BRAF D587A,Entity
e1183,BRAF D587E,Entity
e1184,BRAF D594A,Entity
e1185,BRAF D594E,Entity
e1186,BRAF D594G,Entity
e1187,BRAF D594H,Entity
e1188,BRAF D594K,Entity
e1189,BRAF D594N,Entity
e1190,BRAF D594V,Entity
e1191,BRAF D594Y,Entity
e1192,BRAF E228V,Entity
e1193,BRAF E275K,Entity
e1194,BRAF E451K,Entity
e1195,BRAF E46K,Entity
e1196,BRAF E501G,Entity
e1197,BRAF E501K,Entity
e1198,BRAF E586K,Entity
e1199,BRAF E648Q,Entity
e1200,BRAF E695K,Entity
e1201,BRAF F247L,Entity
e1202,BRAF F259L,Entity
e1203,BRAF F294L,Entity
e1204,BRAF F468C,Entity
e1205,BRAF F595L,Entity
e1206,BRAF F595S,Entity
e1207,BRAF G258V,Entity
e1208,BRAF G421V,Entity
e1209,BRAF G463E,Entity
e1210,BRAF G464E,Entity
e1211,BRAF G464R,Entity
e1212,BRAF G464V,Entity
e1213,BRAF G464X,Entity
e1214,BRAF G466A,Entity
e1215,BRAF G466E,Entity
e1216,BRAF G466R,Entity
e1217,BRAF G466V,Entity
e1218,BRAF G466X,Entity
e1219,BRAF G469A,Entity
e1220,BRAF G469E,Entity
e1221,BRAF G469L,Entity
e1222,BRAF G469R,Entity
e1223,BRAF G469S,Entity
e1224,BRAF G469V,Entity
e1225,BRAF G469X,Entity
e1226,BRAF G469del,Entity
e1227,BRAF G474R,Entity
e1228,BRAF G478C,Entity
e1229,BRAF G496A,Entity
e1230,BRAF G596C,Entity
e1231,BRAF G596D,Entity
e1232,BRAF G596R,Entity
e1233,BRAF G596S,Entity
e1234,BRAF G596V,Entity
e1235,BRAF G606E,Entity
e1236,BRAF G606W,Entity
e1237,BRAF G615R,Entity
e1238,BRAF H568D,Entity
e1239,BRAF H574Q,Entity
e1240,BRAF H725Y,Entity
e1241,BRAF I326V,Entity
e1242,BRAF I463S,Entity
e1243,BRAF I572F,Entity
e1244,BRAF I592M,Entity
e1245,BRAF I592V,Entity
e1246,BRAF I592_A598dup,Entity
e1247,BRAF K205Q,Entity
e1248,BRAF K483E,Entity
e1249,BRAF K483M,Entity
e1250,BRAF K499E,Entity
e1251,BRAF K601E,Entity
e1252,BRAF K601N,Entity
e1253,BRAF K601Q,Entity
e1254,BRAF K601R,Entity
e1255,BRAF K601T,Entity
e1256,BRAF K601X,Entity
e1257,BRAF K601del,Entity
e1258,BRAF K698R,Entity
e1259,BRAF L245F,Entity
e1260,BRAF L485F,Entity
e1261,BRAF L485S,Entity
e1262,BRAF L485W,Entity
e1263,BRAF L485Y,Entity
e1264,BRAF L485_P490del,Entity
e1265,BRAF L485_P490delinsF,Entity
e1266,BRAF L485_P490delinsY,Entity
e1267,BRAF L485_Q494del,Entity
e1268,BRAF L485del,Entity
e1269,BRAF L505H,Entity
e1270,BRAF L514V,Entity
e1271,BRAF L584F,Entity
e1272,BRAF L597P,Entity
e1273,BRAF L597Q,Entity
e1274,BRAF L597R,Entity
e1275,BRAF L597S,Entity
e1276,BRAF L597V,Entity
e1277,BRAF L597X,Entity
e1278,BRAF L613F,Entity
e1279,BRAF L64I,Entity
e1280,BRAF L678I,Entity
e1281,BRAF M117L,Entity
e1282,BRAF M517I,Entity
e1283,BRAF M517V,Entity
e1284,BRAF M620I,Entity
e1285,BRAF N412S,Entity
e1286,BRAF N486_A489del,Entity
e1287,BRAF N486_P490del,Entity
e1288,BRAF N486_T488del,Entity
e1289,BRAF N486_T491del,Entity
e1290,BRAF N486_T491delinsK,Entity
e1291,BRAF N486_V487del,Entity
e1292,BRAF N486del,Entity
e1293,BRAF N49I,Entity
e1294,BRAF N581D,Entity
e1295,BRAF N581I,Entity
e1296,BRAF N581S,Entity
e1297,BRAF N581T,Entity
e1298,BRAF N581X,Entity
e1299,BRAF N581Y,Entity
e1300,BRAF P162S,Entity
e1301,BRAF P348T,Entity
e1302,BRAF P367R,Entity
e1303,BRAF P367S,Entity
e1304,BRAF P490_Q494del,Entity
e1305,BRAF P490del,Entity
e1306,BRAF P731S,Entity
e1307,BRAF P731T,Entity
e1308,BRAF Q201H,Entity
e1309,BRAF Q257R,Entity
e1310,BRAF Q609H,Entity
e1311,BRAF R239L,Entity
e1312,BRAF R239Q,Entity
e1313,BRAF R271H,Entity
e1314,BRAF R389C,Entity
e1315,BRAF R444W,Entity
e1316,BRAF R462E,Entity
e1317,BRAF R462I,Entity
e1318,BRAF R506_K507insVLR,Entity
e1319,BRAF R509H,Entity
e1320,BRAF R558Q,Entity
e1321,BRAF R671Q,Entity
e1322,BRAF R682W,Entity
e1323,BRAF S122Y,Entity
e1324,BRAF S151A,Entity
e1325,BRAF S363F,Entity
e1326,BRAF S364L,Entity
e1327,BRAF S419Y,Entity
e1328,BRAF S467A,Entity
e1329,BRAF S467L,Entity
e1330,BRAF S605F,Entity
e1331,BRAF S605N,Entity
e1332,BRAF S607F,Entity
e1333,BRAF S616Y,Entity
e1334,BRAF T241P,Entity
e1335,BRAF T274A,Entity
e1336,BRAF T310I,Entity
e1337,BRAF T401I,Entity
e1338,BRAF T470P,Entity
e1339,BRAF T488_P490del,Entity
e1340,BRAF T488_P492del,Entity
e1341,BRAF T529I,Entity
e1342,BRAF T529M,Entity
e1343,BRAF T529N,Entity
e1344,BRAF T599I,Entity
e1345,BRAF T599R,Entity
e1346,BRAF T599_V600insV,Entity
e1347,BRAF T599dup,Entity
e1348,BRAF T599insTT,Entity
e1349,BRAF V459L,Entity
e1350,BRAF V471F,Entity
e1351,BRAF V487_P490del,Entity
e1352,BRAF V487_P492delinsA,Entity
e1353,BRAF V600A,Entity
e1354,BRAF V600D,Entity
e1355,BRAF V600E,Entity
e1356,BRAF V600G,Entity
e1357,BRAF V600K,Entity
e1358,BRAF V600L,Entity
e1359,BRAF V600M,Entity
e1360,BRAF V600R,Entity
e1361,BRAF V600X,Entity
e1362,BRAF V600_K601del,Entity
e1363,BRAF V600_K601insDFGLAT,Entity
e1364,BRAF V600delinsYM,Entity
e1365,BRAF V639I,Entity
e1366,BRAF W450L,Entity
e1367,BRAF W531C,Entity
e1368,BRAF W604C,Entity
e1369,BRAF Y472C,Entity
e1370,BRAF amplification,Entity
e1371,BRAF deletion,Entity
e1372,BRAF exon 11 mutation,Entity
e1373,BRAF exon 15 mutation,Entity
e1374,BRAF fusion,Entity
e1375,BRAF gain-of-function,Entity
e1376,BRAF inconclusive mutation,Entity
e1377,BRAF loss-of-function,Entity
e1378,BRAF mutation,Entity
e1379,BRAF neutral mutation,Entity
e1380,BRAF oncogenic mutation,Entity
e1381,BRAF rearrangement,Entity
e1382,BRAF wild type,Entity
e1383,BRCA1 A1623G,Entity
e1384,BRCA1 A1669S,Entity
e1385,BRCA1 A1708E,Entity
e1386,BRCA1 A1708V,Entity
e1387,BRCA1 A1752G,Entity
e1388,BRCA1 A1752P,Entity
e1389,BRCA1 A1752V,Entity
e1390,BRCA1 A1789S,Entity
e1391,BRCA1 A1789T,Entity
e1392,BRCA1 A1823T,Entity
e1393,BRCA1 A1830T,Entity
e1394,BRCA1 A1843P,Entity
e1395,BRCA1 A1843T,Entity
e1396,BRCA1 A605Hfs*7,Entity
e1397,BRCA1 C1225Afs*10,Entity
e1398,BRCA1 C1225Sfs*10,Entity
e1399,BRCA1 C1697R,Entity
e1400,BRCA1 C1767S,Entity
e1401,BRCA1 C1787S,Entity
e1402,BRCA1 C1787_G1788delinsSD,Entity
e1403,BRCA1 C197 splice variant,Entity
e1404,BRCA1 C226Vfs*8,Entity
e1405,BRCA1 C24R,Entity
e1406,BRCA1 C24Y,Entity
e1407,BRCA1 C27A,Entity
e1408,BRCA1 C328*fs*1,Entity
e1409,BRCA1 C360R,Entity
e1410,BRCA1 C39*fs*1,Entity
e1411,BRCA1 C39R,Entity
e1412,BRCA1 C39S,Entity
e1413,BRCA1 C39Y,Entity
e1414,BRCA1 C44F,Entity
e1415,BRCA1 C44Y,Entity
e1416,BRCA1 C47F,Entity
e1417,BRCA1 C47G,Entity
e1418,BRCA1 C61G,Entity
e1419,BRCA1 C64*,Entity
e1420,BRCA1 C64G,Entity
e1421,BRCA1 C64R,Entity
e1422,BRCA1 C64Y,Entity
e1423,BRCA1 C903*fs*1,Entity
e1424,BRCA1 D1162Vfs*48,Entity
e1425,BRCA1 D1220Mfs*15,Entity
e1426,BRCA1 D1344H,Entity
e1427,BRCA1 D1546N,Entity
e1428,BRCA1 D1692H,Entity
e1429,BRCA1 D1692N,Entity
e1430,BRCA1 D1692Y,Entity
e1431,BRCA1 D1733G,Entity
e1432,BRCA1 D1739E,Entity
e1433,BRCA1 D1739G,Entity
e1434,BRCA1 D1739V,Entity
e1435,BRCA1 D1739Y,Entity
e1436,BRCA1 D1757Kfs*71,Entity
e1437,BRCA1 D1778G,Entity
e1438,BRCA1 D1778H,Entity
e1439,BRCA1 D1778N,Entity
e1440,BRCA1 D1778Y,Entity
e1441,BRCA1 D1818G,Entity
e1442,BRCA1 D1851E,Entity
e1443,BRCA1 D245V,Entity
e1444,BRCA1 D396Efs*14,Entity
e1445,BRCA1 D414Gfs*5,Entity
e1446,BRCA1 D420Rfs*2,Entity
e1447,BRCA1 D430Rfs*6,Entity
e1448,BRCA1 D67Y,Entity
e1449,BRCA1 D695N,Entity
e1450,BRCA1 D821Ifs*25,Entity
e1451,BRCA1 D825Efs*21,Entity
e1452,BRCA1 D936Sfs*63,Entity
e1453,BRCA1 D96N,Entity
e1454,BRCA1 E1038*,Entity
e1455,BRCA1 E1053*,Entity
e1456,BRCA1 E1060*,Entity
e1457,BRCA1 E1060A,Entity
e1458,BRCA1 E111Gfs*3,Entity
e1459,BRCA1 E1134*,Entity
e1460,BRCA1 E1148Rfs*7,Entity
e1461,BRCA1 E1161*,Entity
e1462,BRCA1 E1161Ffs*3,Entity
e1463,BRCA1 E1210Rfs*9,Entity
e1464,BRCA1 E1214K,Entity
e1465,BRCA1 E1221*,Entity
e1466,BRCA1 E1222*,Entity
e1467,BRCA1 E1250*,Entity
e1468,BRCA1 E1250K,Entity
e1469,BRCA1 E1257Gfs*9,Entity
e1470,BRCA1 E1282V,Entity
e1471,BRCA1 E1339*,Entity
e1472,BRCA1 E1346K,Entity
e1473,BRCA1 E1346Kfs*20,Entity
e1474,BRCA1 E1367*,Entity
e1475,BRCA1 E1373*,Entity
e1476,BRCA1 E143*,Entity
e1477,BRCA1 E143K,Entity
e1478,BRCA1 E1535*,Entity
e1479,BRCA1 E1559K,Entity
e1480,BRCA1 E1586G,Entity
e1481,BRCA1 E1635*,Entity
e1482,BRCA1 E1644G,Entity
e1483,BRCA1 E1660G,Entity
e1484,BRCA1 E1682K,Entity
e1485,BRCA1 E1682V,Entity
e1486,BRCA1 E1694*,Entity
e1487,BRCA1 E1735K,Entity
e1488,BRCA1 E1794D,Entity
e1489,BRCA1 E1836K,Entity
e1490,BRCA1 E23Rfs*18,Entity
e1491,BRCA1 E23Vfs*17,Entity
e1492,BRCA1 E23fs,Entity
e1493,BRCA1 E255*,Entity
e1494,BRCA1 E29V,Entity
e1495,BRCA1 E33A,Entity
e1496,BRCA1 E352*,Entity
e1497,BRCA1 E362H,Entity
e1498,BRCA1 E597*,Entity
e1499,BRCA1 E673*,Entity
e1500,BRCA1 E673Dfs*28,Entity
e1501,BRCA1 E686*,Entity
e1502,BRCA1 E720*,Entity
e1503,BRCA1 E733Tfs*5,Entity
e1504,BRCA1 E765*,Entity
e1505,BRCA1 E787Gfs*3,Entity
e1506,BRCA1 E797*,Entity
e1507,BRCA1 E797Tfs*3,Entity
e1508,BRCA1 E849*,Entity
e1509,BRCA1 E879*,Entity
e1510,BRCA1 E908*,Entity
e1511,BRCA1 F1003*fs*1,Entity
e1512,BRCA1 F1177Lfs*33,Entity
e1513,BRCA1 F1662S,Entity
e1514,BRCA1 F1695L,Entity
e1515,BRCA1 F1704S,Entity
e1516,BRCA1 F1734L,Entity
e1517,BRCA1 F1734S,Entity
e1518,BRCA1 F1761I,Entity
e1519,BRCA1 F1761S,Entity
e1520,BRCA1 F517Lfs*15,Entity
e1521,BRCA1 F79S,Entity
e1522,BRCA1 G1077Afs*8,Entity
e1523,BRCA1 G1348Nfs*7,Entity
e1524,BRCA1 G1492*,Entity
e1525,BRCA1 G1560*,Entity
e1526,BRCA1 G1656D,Entity
e1527,BRCA1 G1706A,Entity
e1528,BRCA1 G1706E,Entity
e1529,BRCA1 G1738E,Entity
e1530,BRCA1 G1738R,Entity
e1531,BRCA1 G1743R,Entity
e1532,BRCA1 G1763V,Entity
e1533,BRCA1 G1770V,Entity
e1534,BRCA1 G1788D,Entity
e1535,BRCA1 G1788V,Entity
e1536,BRCA1 G1803A,Entity
e1537,BRCA1 G1825Vfs*2,Entity
e1538,BRCA1 G57R,Entity
e1539,BRCA1 H1283Y,Entity
e1540,BRCA1 H1402Y,Entity
e1541,BRCA1 H1421Y,Entity
e1542,BRCA1 H1686Q,Entity
e1543,BRCA1 H1686R,Entity
e1544,BRCA1 H1746N,Entity
e1545,BRCA1 H1746Q,Entity
e1546,BRCA1 H1805P,Entity
e1547,BRCA1 H1862L,Entity
e1548,BRCA1 H41R,Entity
e1549,BRCA1 H621Mfs*5,Entity
e1550,BRCA1 H839Tfs*7,Entity
e1551,BRCA1 I1108Kfs*6,Entity
e1552,BRCA1 I1237Nfs*27,Entity
e1553,BRCA1 I124V,Entity
e1554,BRCA1 I15T,Entity
e1555,BRCA1 I1766S,Entity
e1556,BRCA1 I1807S,Entity
e1557,BRCA1 I1824Dfs*3,Entity
e1558,BRCA1 I21V,Entity
e1559,BRCA1 I26N,Entity
e1560,BRCA1 I31M,Entity
e1561,BRCA1 I42V,Entity
e1562,BRCA1 I482*fs*1,Entity
e1563,BRCA1 I493Yfs*10,Entity
e1564,BRCA1 I641Nfs*2,Entity
e1565,BRCA1 I68K,Entity
e1566,BRCA1 I68Nfs*12,Entity
e1567,BRCA1 I89N,Entity
e1568,BRCA1 I89T,Entity
e1569,BRCA1 I90T,Entity
e1570,BRCA1 I980Yfs*20,Entity
e1571,BRCA1 K1037*fs*1,Entity
e1572,BRCA1 K1110del,Entity
e1573,BRCA1 K1160Lfs*47,Entity
e1574,BRCA1 K1207*,Entity
e1575,BRCA1 K1254*fs*1,Entity
e1576,BRCA1 K1254Efs*12,Entity
e1577,BRCA1 K1452*,Entity
e1578,BRCA1 K1487R,Entity
e1579,BRCA1 K1702E,Entity
e1580,BRCA1 K1702Nfs*4,Entity
e1581,BRCA1 K1727*,Entity
e1582,BRCA1 K1793N,Entity
e1583,BRCA1 K338*,Entity
e1584,BRCA1 K38N,Entity
e1585,BRCA1 K45N,Entity
e1586,BRCA1 K45Q,Entity
e1587,BRCA1 K45T,Entity
e1588,BRCA1 K50E,Entity
e1589,BRCA1 K50L,Entity
e1590,BRCA1 K519Rfs*13,Entity
e1591,BRCA1 K56N,Entity
e1592,BRCA1 K608Ifs*3,Entity
e1593,BRCA1 K651Rfs*50,Entity
e1594,BRCA1 K653Sfs*47,Entity
e1595,BRCA1 K654*,Entity
e1596,BRCA1 K654Sfs*47,Entity
e1597,BRCA1 K65M,Entity
e1598,BRCA1 K679*,Entity
e1599,BRCA1 K711Vfs*6,Entity
e1600,BRCA1 K739*fs*1,Entity
e1601,BRCA1 K739Ifs*15,Entity
e1602,BRCA1 K800Vfs*2,Entity
e1603,BRCA1 K812Rfs*3,Entity
e1604,BRCA1 K865*,Entity
e1605,BRCA1 K893Nfs*106,Entity
e1606,BRCA1 K894Tfs*8,Entity
e1607,BRCA1 L1086*,Entity
e1608,BRCA1 L1209*,Entity
e1609,BRCA1 L1267S,Entity
e1610,BRCA1 L1303Ffs*27,Entity
e1611,BRCA1 L1407P,Entity
e1612,BRCA1 L1418Rfs*9,Entity
e1613,BRCA1 L147F,Entity
e1614,BRCA1 L1564P,Entity
e1615,BRCA1 L1600Ffs*22,Entity
e1616,BRCA1 L1657P,Entity
e1617,BRCA1 L165P,Entity
e1618,BRCA1 L1664P,Entity
e1619,BRCA1 L1676*,Entity
e1620,BRCA1 L1679*fs*1,Entity
e1621,BRCA1 L1705*fs*1,Entity
e1622,BRCA1 L1705P,Entity
e1623,BRCA1 L1764P,Entity
e1624,BRCA1 L1780P,Entity
e1625,BRCA1 L1844R,Entity
e1626,BRCA1 L1854P,Entity
e1627,BRCA1 L22S,Entity
e1628,BRCA1 L246*fs*1,Entity
e1629,BRCA1 L246V,Entity
e1630,BRCA1 L28P,Entity
e1631,BRCA1 L290*,Entity
e1632,BRCA1 L313*fs*1,Entity
e1633,BRCA1 L358R,Entity
e1634,BRCA1 L498Sfs*5,Entity
e1635,BRCA1 L502Afs*2,Entity
e1636,BRCA1 L52F,Entity
e1637,BRCA1 L598*,Entity
e1638,BRCA1 L63*,Entity
e1639,BRCA1 L639*,Entity
e1640,BRCA1 L63F,Entity
e1641,BRCA1 L668F,Entity
e1642,BRCA1 L758Ffs*4,Entity
e1643,BRCA1 L82P,Entity
e1644,BRCA1 L974*,Entity
e1645,BRCA1 L999*,Entity
e1646,BRCA1 M1008I,Entity
e1647,BRCA1 M1400V,Entity
e1648,BRCA1 M1411T,Entity
e1649,BRCA1 M1628T,Entity
e1650,BRCA1 M1628V,Entity
e1651,BRCA1 M1652I,Entity
e1652,BRCA1 M1652K,Entity
e1653,BRCA1 M1652T,Entity
e1654,BRCA1 M1663K,Entity
e1655,BRCA1 M1663L,Entity
e1656,BRCA1 M1689R,Entity
e1657,BRCA1 M1689T,Entity
e1658,BRCA1 M1775E,Entity
e1659,BRCA1 M1775K,Entity
e1660,BRCA1 M1775R,Entity
e1661,BRCA1 M1775V,Entity
e1662,BRCA1 M1783I,Entity
e1663,BRCA1 M1783L,Entity
e1664,BRCA1 M1783T,Entity
e1665,BRCA1 M18K,Entity
e1666,BRCA1 M18T,Entity
e1667,BRCA1 M1I,Entity
e1668,BRCA1 M1R,Entity
e1669,BRCA1 M48Sfs*2,Entity
e1670,BRCA1 N1002Tfs*22,Entity
e1671,BRCA1 N1016Kfs*2,Entity
e1672,BRCA1 N1018Mfs*8,Entity
e1673,BRCA1 N1043Kfs*2,Entity
e1674,BRCA1 N112Tfs*6,Entity
e1675,BRCA1 N1236K,Entity
e1676,BRCA1 N1255Kfs*12,Entity
e1677,BRCA1 N132K,Entity
e1678,BRCA1 N1355Kfs*10,Entity
e1679,BRCA1 N13Sfs*9,Entity
e1680,BRCA1 N1468Ifs*37,Entity
e1681,BRCA1 N1647K,Entity
e1682,BRCA1 N16Mfs*7,Entity
e1683,BRCA1 N1730S,Entity
e1684,BRCA1 N1774Qfs*56,Entity
e1685,BRCA1 N1819S,Entity
e1686,BRCA1 N1819Y,Entity
e1687,BRCA1 N376Ifs*18,Entity
e1688,BRCA1 N473S,Entity
e1689,BRCA1 N480Kfs*10,Entity
e1690,BRCA1 N550H,Entity
e1691,BRCA1 N682*fs*1,Entity
e1692,BRCA1 N704Cfs*7,Entity
e1693,BRCA1 N810Y,Entity
e1694,BRCA1 N874Ifs*19,Entity
e1695,BRCA1 N909Kfs*6,Entity
e1696,BRCA1 N909Kfs*90,Entity
e1697,BRCA1 N997Kfs*4,Entity
e1698,BRCA1 P1010Rfs*7,Entity
e1699,BRCA1 P142H,Entity
e1700,BRCA1 P1464Lfs*2,Entity
e1701,BRCA1 P1614S,Entity
e1702,BRCA1 P1637L,Entity
e1703,BRCA1 P1749R,Entity
e1704,BRCA1 P1771L,Entity
e1705,BRCA1 P1771Lfs*58,Entity
e1706,BRCA1 P1771R,Entity
e1707,BRCA1 P1776S,Entity
e1708,BRCA1 P1806A,Entity
e1709,BRCA1 P1812A,Entity
e1710,BRCA1 P1812R,Entity
e1711,BRCA1 P1812S,Entity
e1712,BRCA1 P1856S,Entity
e1713,BRCA1 P1856T,Entity
e1714,BRCA1 P1859R,Entity
e1715,BRCA1 P586Lfs*2,Entity
e1716,BRCA1 P798L,Entity
e1717,BRCA1 P968fs,Entity
e1718,BRCA1 P981Hfs*19,Entity
e1719,BRCA1 P982Hfs*18,Entity
e1720,BRCA1 Q1111Afs*4,Entity
e1721,BRCA1 Q1111Nfs*5,Entity
e1722,BRCA1 Q1118*,Entity
e1723,BRCA1 Q1200*,Entity
e1724,BRCA1 Q1240*,Entity
e1725,BRCA1 Q1273*,Entity
e1726,BRCA1 Q1281*,Entity
e1727,BRCA1 Q1299*,Entity
e1728,BRCA1 Q12Y,Entity
e1729,BRCA1 Q1313*,Entity
e1730,BRCA1 Q1323Hfs*6,Entity
e1731,BRCA1 Q1388Efs*2,Entity
e1732,BRCA1 Q1395*,Entity
e1733,BRCA1 Q1408*,Entity
e1734,BRCA1 Q1409L,Entity
e1735,BRCA1 Q1447Rfs*16,Entity
e1736,BRCA1 Q1458*,Entity
e1737,BRCA1 Q1467*,Entity
e1738,BRCA1 Q1538*,Entity
e1739,BRCA1 Q1538Rfs*36,Entity
e1740,BRCA1 Q1612*,Entity
e1741,BRCA1 Q169*,Entity
e1742,BRCA1 Q172Nfs*62,Entity
e1743,BRCA1 Q172Tfs*10,Entity
e1744,BRCA1 Q1756C,Entity
e1745,BRCA1 Q1756Pfs*74,Entity
e1746,BRCA1 Q1756fs,Entity
e1747,BRCA1 Q1779Nfs*14,Entity
e1748,BRCA1 Q1785*,Entity
e1749,BRCA1 Q1785H,Entity
e1750,BRCA1 Q1811R,Entity
e1751,BRCA1 Q1826H,Entity
e1752,BRCA1 Q284Lfs*5,Entity
e1753,BRCA1 Q310Rfs*4,Entity
e1754,BRCA1 Q356*,Entity
e1755,BRCA1 Q491*,Entity
e1756,BRCA1 Q526*,Entity
e1757,BRCA1 Q54*,Entity
e1758,BRCA1 Q563*,Entity
e1759,BRCA1 Q60L,Entity
e1760,BRCA1 Q667*,Entity
e1761,BRCA1 Q780*,Entity
e1762,BRCA1 Q804Lfs*5,Entity
e1763,BRCA1 Q804Vfs*5,Entity
e1764,BRCA1 Q895*,Entity
e1765,BRCA1 Q921Rfs*79,Entity
e1766,BRCA1 R1203*,Entity
e1767,BRCA1 R133H,Entity
e1768,BRCA1 R1347Efs*18,Entity
e1769,BRCA1 R1443*,Entity
e1770,BRCA1 R1443G,Entity
e1771,BRCA1 R1495K,Entity
e1772,BRCA1 R1495M,Entity
e1773,BRCA1 R1589H,Entity
e1774,BRCA1 R1589P,Entity
e1775,BRCA1 R163Efs*19,Entity
e1776,BRCA1 R1699L,Entity
e1777,BRCA1 R1699Q,Entity
e1778,BRCA1 R1699W,Entity
e1779,BRCA1 R170Q,Entity
e1780,BRCA1 R170W,Entity
e1781,BRCA1 R1726G,Entity
e1782,BRCA1 R1726Kfs*3,Entity
e1783,BRCA1 R1751*,Entity
e1784,BRCA1 R1751P,Entity
e1785,BRCA1 R1751Q,Entity
e1786,BRCA1 R1753K,Entity
e1787,BRCA1 R1753T,Entity
e1788,BRCA1 R1758G,Entity
e1789,BRCA1 R1835*,Entity
e1790,BRCA1 R1835P,Entity
e1791,BRCA1 R496C,Entity
e1792,BRCA1 R504Vfs*28,Entity
e1793,BRCA1 R507Dfs*25,Entity
e1794,BRCA1 R691Dfs*10,Entity
e1795,BRCA1 R691Tfs*2,Entity
e1796,BRCA1 R71G,Entity
e1797,BRCA1 R841Q,Entity
e1798,BRCA1 R841W,Entity
e1799,BRCA1 R866C,Entity
e1800,BRCA1 S1101N,Entity
e1801,BRCA1 S1140G,Entity
e1802,BRCA1 S1164I,Entity
e1803,BRCA1 S1217Ifs*2,Entity
e1804,BRCA1 S1253Rfs*10,Entity
e1805,BRCA1 S1286Rfs*20,Entity
e1806,BRCA1 S1292Lfs*15,Entity
e1807,BRCA1 S1297del,Entity
e1808,BRCA1 S1298*,Entity
e1809,BRCA1 S1301R,Entity
e1810,BRCA1 S1374*fs*1,Entity
e1811,BRCA1 S1377Rfs*3,Entity
e1812,BRCA1 S1389*fs*1,Entity
e1813,BRCA1 S140Efs*2,Entity
e1814,BRCA1 S1448G,Entity
e1815,BRCA1 S1460Ifs*6,Entity
e1816,BRCA1 S1473P,Entity
e1817,BRCA1 S1486C,Entity
e1818,BRCA1 S1497A,Entity
e1819,BRCA1 S1503*,Entity
e1820,BRCA1 S1512I,Entity
e1821,BRCA1 S153R,Entity
e1822,BRCA1 S1542C,Entity
e1823,BRCA1 S157*fs*1,Entity
e1824,BRCA1 S1613C,Entity
e1825,BRCA1 S1613G,Entity
e1826,BRCA1 S1651F,Entity
e1827,BRCA1 S1651P,Entity
e1828,BRCA1 S1655F,Entity
e1829,BRCA1 S1715C,Entity
e1830,BRCA1 S1715N,Entity
e1831,BRCA1 S1715R,Entity
e1832,BRCA1 S1722F,Entity
e1833,BRCA1 S1796*,Entity
e1834,BRCA1 S1796Ffs*34,Entity
e1835,BRCA1 S1841A,Entity
e1836,BRCA1 S1841N,Entity
e1837,BRCA1 S1841R,Entity
e1838,BRCA1 S186Y,Entity
e1839,BRCA1 S229Lfs*5,Entity
e1840,BRCA1 S267Kfs*19,Entity
e1841,BRCA1 S282Yfs*15,Entity
e1842,BRCA1 S308A,Entity
e1843,BRCA1 S361*fs*1,Entity
e1844,BRCA1 S454*fs*1,Entity
e1845,BRCA1 S4F,Entity
e1846,BRCA1 S4P,Entity
e1847,BRCA1 S59R,Entity
e1848,BRCA1 S713*,Entity
e1849,BRCA1 S72R,Entity
e1850,BRCA1 S767Afs*25,Entity
e1851,BRCA1 S864*,Entity
e1852,BRCA1 S868*,Entity
e1853,BRCA1 S886Cfs*16,Entity
e1854,BRCA1 S886Lfs*17,Entity
e1855,BRCA1 S896Kfs*7,Entity
e1856,BRCA1 S915*fs*1,Entity
e1857,BRCA1 S945Tfs*6,Entity
e1858,BRCA1 S955*,Entity
e1859,BRCA1 S956Vfs*13,Entity
e1860,BRCA1 S988*,Entity
e1861,BRCA1 S988A,Entity
e1862,BRCA1 T1122Rfs*10,Entity
e1863,BRCA1 T1194Ifs*25,Entity
e1864,BRCA1 T1256Rfs*10,Entity
e1865,BRCA1 T1349M,Entity
e1866,BRCA1 T164Lfs*2,Entity
e1867,BRCA1 T1677Ifs*2,Entity
e1868,BRCA1 T1685A,Entity
e1869,BRCA1 T1685I,Entity
e1870,BRCA1 T1691I,Entity
e1871,BRCA1 T1691K,Entity
e1872,BRCA1 T1700A,Entity
e1873,BRCA1 T1720A,Entity
e1874,BRCA1 T1720I,Entity
e1875,BRCA1 T1773I,Entity
e1876,BRCA1 T1773S,Entity
e1877,BRCA1 T1852S,Entity
e1878,BRCA1 T231M,Entity
e1879,BRCA1 T276Afs*14,Entity
e1880,BRCA1 T37R,Entity
e1881,BRCA1 T464Pfs*11,Entity
e1882,BRCA1 T737Sfs*2,Entity
e1883,BRCA1 T779Afs*14,Entity
e1884,BRCA1 T77M,Entity
e1885,BRCA1 T826K,Entity
e1886,BRCA1 T963Lfs*37,Entity
e1887,BRCA1 V1023*fs*1,Entity
e1888,BRCA1 V11A,Entity
e1889,BRCA1 V1234Qfs*8,Entity
e1890,BRCA1 V1378I,Entity
e1891,BRCA1 V1417Gfs*2,Entity
e1892,BRCA1 V1534M,Entity
e1893,BRCA1 V162Efs*19,Entity
e1894,BRCA1 V1646Sfs*12,Entity
e1895,BRCA1 V1653M,Entity
e1896,BRCA1 V1665M,Entity
e1897,BRCA1 V1688del,Entity
e1898,BRCA1 V1696L,Entity
e1899,BRCA1 V1713*fs*1,Entity
e1900,BRCA1 V1713A,Entity
e1901,BRCA1 V1714G,Entity
e1902,BRCA1 V1736A,Entity
e1903,BRCA1 V1736G,Entity
e1904,BRCA1 V1741G,Entity
e1905,BRCA1 V1804A,Entity
e1906,BRCA1 V1804D,Entity
e1907,BRCA1 V1808A,Entity
e1908,BRCA1 V1809A,Entity
e1909,BRCA1 V1809F,Entity
e1910,BRCA1 V1810G,Entity
e1911,BRCA1 V1833E,Entity
e1912,BRCA1 V1833M,Entity
e1913,BRCA1 V1838E,Entity
e1914,BRCA1 V191D,Entity
e1915,BRCA1 V191I,Entity
e1916,BRCA1 V233Nfs*4,Entity
e1917,BRCA1 V271L,Entity
e1918,BRCA1 V299Rfs*4,Entity
e1919,BRCA1 V340Gfs*6,Entity
e1920,BRCA1 V447Afs*8,Entity
e1921,BRCA1 V627Sfs*4,Entity
e1922,BRCA1 V772Yfs*20,Entity
e1923,BRCA1 V802Efs*7,Entity
e1924,BRCA1 V923Ifs*76,Entity
e1925,BRCA1 W1508*,Entity
e1926,BRCA1 W1712*,Entity
e1927,BRCA1 W1718*,Entity
e1928,BRCA1 W1718C,Entity
e1929,BRCA1 W1718L,Entity
e1930,BRCA1 W1718S,Entity
e1931,BRCA1 W1782*,Entity
e1932,BRCA1 W1782C,Entity
e1933,BRCA1 W1815*,Entity
e1934,BRCA1 W1815X,Entity
e1935,BRCA1 W1837C,Entity
e1936,BRCA1 W1837G,Entity
e1937,BRCA1 W1837R,Entity
e1938,BRCA1 W321*,Entity
e1939,BRCA1 W372*,Entity
e1940,BRCA1 Y101*,Entity
e1941,BRCA1 Y105C,Entity
e1942,BRCA1 Y1094Ifs*15,Entity
e1943,BRCA1 Y130*,Entity
e1944,BRCA1 Y1463*,Entity
e1945,BRCA1 Y1552*fs*1,Entity
e1946,BRCA1 Y1552Cfs*6,Entity
e1947,BRCA1 Y1563*,Entity
e1948,BRCA1 Y1703*,Entity
e1949,BRCA1 Y1703H,Entity
e1950,BRCA1 Y1703S,Entity
e1951,BRCA1 Y179C,Entity
e1952,BRCA1 Y1853*,Entity
e1953,BRCA1 Y1853*fs*1,Entity
e1954,BRCA1 Y1853C,Entity
e1955,BRCA1 Y261*,Entity
e1956,BRCA1 Y655Sfs*46,Entity
e1957,BRCA1 Y655Vfs*18,Entity
e1958,BRCA1 Y777Mfs*15,Entity
e1959,BRCA1 Y856H,Entity
e1960,BRCA1 Y978*,Entity
e1961,BRCA1 copy number deletion,Entity
e1962,BRCA1 expression,Entity
e1963,BRCA1 inconclusive mutation,Entity
e1964,BRCA1 insertion,Entity
e1965,BRCA1 loss-of-function,Entity
e1966,BRCA1 mutation,Entity
e1967,BRCA1 neutral mutation,Entity
e1968,BRCA1 oncogenic mutation,Entity
e1969,BRCA1 truncating mutation,Entity
e1970,BRCA1 underexpression,Entity
e1971,BRCA2 A1170V,Entity
e1972,BRCA2 A1237Sfs*6,Entity
e1973,BRCA2 A1327Cfs*4,Entity
e1974,BRCA2 A1393Rfs*17,Entity
e1975,BRCA2 A1725*fs*1,Entity
e1976,BRCA2 A1847_M1890del,Entity
e1977,BRCA2 A2351G,Entity
e1978,BRCA2 A2351T,Entity
e1979,BRCA2 A248T,Entity
e1980,BRCA2 A2603P,Entity
e1981,BRCA2 A2632G,Entity
e1982,BRCA2 A2643G,Entity
e1983,BRCA2 A2717S,Entity
e1984,BRCA2 A2730P,Entity
e1985,BRCA2 A2730V,Entity
e1986,BRCA2 A2756G,Entity
e1987,BRCA2 A2770D,Entity
e1988,BRCA2 A2770T,Entity
e1989,BRCA2 A2786P,Entity
e1990,BRCA2 A2825Dfs*38,Entity
e1991,BRCA2 A2851V,Entity
e1992,BRCA2 A2951T,Entity
e1993,BRCA2 A3028P,Entity
e1994,BRCA2 A3029V,Entity
e1995,BRCA2 A3088Pfs*16,Entity
e1996,BRCA2 A3088V,Entity
e1997,BRCA2 A406Lfs*9,Entity
e1998,BRCA2 A483Gfs*31,Entity
e1999,BRCA2 A518Qfs*7,Entity
e2000,BRCA2 A75P,Entity
e2001,BRCA2 A902Lfs*2,Entity
e2002,BRCA2 A938Pfs*21,Entity
e2003,BRCA2 C1200*fs*1,Entity
e2004,BRCA2 C1265S,Entity
e2005,BRCA2 C1365Y,Entity
e2006,BRCA2 C1820Afs*20,Entity
e2007,BRCA2 C1853Vfs*10,Entity
e2008,BRCA2 C1885*,Entity
e2009,BRCA2 C1975*,Entity
e2010,BRCA2 C2117Lfs*12,Entity
e2011,BRCA2 C2212Lfs*16,Entity
e2012,BRCA2 C2646W,Entity
e2013,BRCA2 C2765G,Entity
e2014,BRCA2 C3069G,Entity
e2015,BRCA2 C3069R,Entity
e2016,BRCA2 C311Ffs*3,Entity
e2017,BRCA2 C3198R,Entity
e2018,BRCA2 C3222Wfs*27,Entity
e2019,BRCA2 C3233Wfs*15,Entity
e2020,BRCA2 C419Wfs*11,Entity
e2021,BRCA2 C554W,Entity
e2022,BRCA2 C738Lfs*13,Entity
e2023,BRCA2 D1054Ifs*5,Entity
e2024,BRCA2 D1280V,Entity
e2025,BRCA2 D1352Y,Entity
e2026,BRCA2 D1420Ifs*28,Entity
e2027,BRCA2 D1420Y,Entity
e2028,BRCA2 D1469Kfs*11,Entity
e2029,BRCA2 D1484Tfs*2,Entity
e2030,BRCA2 D1796Cfs*10,Entity
e2031,BRCA2 D191G,Entity
e2032,BRCA2 D2023Afs*24,Entity
e2033,BRCA2 D2312V,Entity
e2034,BRCA2 D252Efs*2,Entity
e2035,BRCA2 D252Vfs*24,Entity
e2036,BRCA2 D2606G,Entity
e2037,BRCA2 D2611G,Entity
e2038,BRCA2 D2665G,Entity
e2039,BRCA2 D2679G,Entity
e2040,BRCA2 D2680G,Entity
e2041,BRCA2 D2712N,Entity
e2042,BRCA2 D2723A,Entity
e2043,BRCA2 D2723G,Entity
e2044,BRCA2 D2723H,Entity
e2045,BRCA2 D2723V,Entity
e2046,BRCA2 D2819V,Entity
e2047,BRCA2 D2913E,Entity
e2048,BRCA2 D2965H,Entity
e2049,BRCA2 D3073G,Entity
e2050,BRCA2 D3095E,Entity
e2051,BRCA2 D3112N,Entity
e2052,BRCA2 D3170G,Entity
e2053,BRCA2 D3197G,Entity
e2054,BRCA2 D687*fs*1,Entity
e2055,BRCA2 D777Efs*11,Entity
e2056,BRCA2 D806H,Entity
e2057,BRCA2 D885Mfs*9,Entity
e2058,BRCA2 D935N,Entity
e2059,BRCA2 D946Ffs*12,Entity
e2060,BRCA2 E1035*,Entity
e2061,BRCA2 E1120Nfs*30,Entity
e2062,BRCA2 E1308*,Entity
e2063,BRCA2 E1353Gfs*6,Entity
e2064,BRCA2 E1382del,Entity
e2065,BRCA2 E1397Kfs*13,Entity
e2066,BRCA2 E1493Kfs*20,Entity
e2067,BRCA2 E1493Vfs*10,Entity
e2068,BRCA2 E1518Nfs*25,Entity
e2069,BRCA2 E1571Gfs*3,Entity
e2070,BRCA2 E1608Dfs*6,Entity
e2071,BRCA2 E1646Nfs*19,Entity
e2072,BRCA2 E1646Qfs*23,Entity
e2073,BRCA2 E1812*,Entity
e2074,BRCA2 E1857Nfs*2,Entity
e2075,BRCA2 E1876*,Entity
e2076,BRCA2 E1879*,Entity
e2077,BRCA2 E1928*,Entity
e2078,BRCA2 E1953*,Entity
e2079,BRCA2 E2028Kfs*19,Entity
e2080,BRCA2 E2089Dfs*2,Entity
e2081,BRCA2 E2183*,Entity
e2082,BRCA2 E2198Nfs*4,Entity
e2083,BRCA2 E2229*,Entity
e2084,BRCA2 E2343Rfs*24,Entity
e2085,BRCA2 E2558Vfs*7,Entity
e2086,BRCA2 E2571G,Entity
e2087,BRCA2 E260Sfs*15,Entity
e2088,BRCA2 E2663V,Entity
e2089,BRCA2 E2677Kfs*17,Entity
e2090,BRCA2 E2757V,Entity
e2091,BRCA2 E2769Q,Entity
e2092,BRCA2 E2772*,Entity
e2093,BRCA2 E2846Gfs*22,Entity
e2094,BRCA2 E2847K,Entity
e2095,BRCA2 E2856A,Entity
e2096,BRCA2 E2863Rfs*6,Entity
e2097,BRCA2 E2947*,Entity
e2098,BRCA2 E2959*,Entity
e2099,BRCA2 E2981K,Entity
e2100,BRCA2 E3002D,Entity
e2101,BRCA2 E3002K,Entity
e2102,BRCA2 E3043*,Entity
e2103,BRCA2 E3053Q,Entity
e2104,BRCA2 E3071D,Entity
e2105,BRCA2 E3111*,Entity
e2106,BRCA2 E3152K,Entity
e2107,BRCA2 E3316Nfs*2,Entity
e2108,BRCA2 E462G,Entity
e2109,BRCA2 E471*,Entity
e2110,BRCA2 E49*,Entity
e2111,BRCA2 E654*,Entity
e2112,BRCA2 E832*,Entity
e2113,BRCA2 E832G,Entity
e2114,BRCA2 E832Q,Entity
e2115,BRCA2 E97*,Entity
e2116,BRCA2 F1182*fs*1,Entity
e2117,BRCA2 F1372Vfs*10,Entity
e2118,BRCA2 F1506Tfs*4,Entity
e2119,BRCA2 F1524V,Entity
e2120,BRCA2 F1546Lfs*22,Entity
e2121,BRCA2 F1870*,Entity
e2122,BRCA2 F1921Lfs*42,Entity
e2123,BRCA2 F2234Lfs*7,Entity
e2124,BRCA2 F2562C,Entity
e2125,BRCA2 F2562L,Entity
e2126,BRCA2 F2562V,Entity
e2127,BRCA2 F2600C,Entity
e2128,BRCA2 F2638*fs*1,Entity
e2129,BRCA2 F2642S,Entity
e2130,BRCA2 F2794L,Entity
e2131,BRCA2 F2873C,Entity
e2132,BRCA2 F3065Sfs*6,Entity
e2133,BRCA2 F3146S,Entity
e2134,BRCA2 G1122Efs*28,Entity
e2135,BRCA2 G1194D,Entity
e2136,BRCA2 G1529R,Entity
e2137,BRCA2 G173C,Entity
e2138,BRCA2 G1771D,Entity
e2139,BRCA2 G2274Afs*17,Entity
e2140,BRCA2 G2274V,Entity
e2141,BRCA2 G2508D,Entity
e2142,BRCA2 G2508S,Entity
e2143,BRCA2 G2544S,Entity
e2144,BRCA2 G2584D,Entity
e2145,BRCA2 G2585R,Entity
e2146,BRCA2 G2593*,Entity
e2147,BRCA2 G2596E,Entity
e2148,BRCA2 G2596R,Entity
e2149,BRCA2 G2609D,Entity
e2150,BRCA2 G2609V,Entity
e2151,BRCA2 G267*,Entity
e2152,BRCA2 G2724W,Entity
e2153,BRCA2 G2748D,Entity
e2154,BRCA2 G2748S,Entity
e2155,BRCA2 G2793E,Entity
e2156,BRCA2 G2793R,Entity
e2157,BRCA2 G2812E,Entity
e2158,BRCA2 G2813E,Entity
e2159,BRCA2 G2837E,Entity
e2160,BRCA2 G2901D,Entity
e2161,BRCA2 G3003E,Entity
e2162,BRCA2 G3076E,Entity
e2163,BRCA2 G3076R,Entity
e2164,BRCA2 G3076V,Entity
e2165,BRCA2 G3086A,Entity
e2166,BRCA2 G402Vfs*2,Entity
e2167,BRCA2 G602R,Entity
e2168,BRCA2 H1003Qfs*5,Entity
e2169,BRCA2 H1918Y,Entity
e2170,BRCA2 H1932Qfs*12,Entity
e2171,BRCA2 H1966Y,Entity
e2172,BRCA2 H2074N,Entity
e2173,BRCA2 H2417Qfs*3,Entity
e2174,BRCA2 H2563Qfs*85,Entity
e2175,BRCA2 H2623R,Entity
e2176,BRCA2 H2623Y,Entity
e2177,BRCA2 H477Qfs*7,Entity
e2178,BRCA2 I1349T,Entity
e2179,BRCA2 I1364Mfs*3,Entity
e2180,BRCA2 I1808Lfs*3,Entity
e2181,BRCA2 I1859Kfs*3,Entity
e2182,BRCA2 I1874Rfs*34,Entity
e2183,BRCA2 I1929V,Entity
e2184,BRCA2 I2068Nfs*10,Entity
e2185,BRCA2 I2149Sfs*25,Entity
e2186,BRCA2 I2149Yfs*2,Entity
e2187,BRCA2 I2177Mfs*13,Entity
e2188,BRCA2 I2278Sfs*13,Entity
e2189,BRCA2 I2285V,Entity
e2190,BRCA2 I2315Kfs*12,Entity
e2191,BRCA2 I2490T,Entity
e2192,BRCA2 I2495T,Entity
e2193,BRCA2 I2627F,Entity
e2194,BRCA2 I2672V,Entity
e2195,BRCA2 I2675V,Entity
e2196,BRCA2 I2821T,Entity
e2197,BRCA2 I2944F,Entity
e2198,BRCA2 I3107T,Entity
e2199,BRCA2 I332M,Entity
e2200,BRCA2 I591Mfs*22,Entity
e2201,BRCA2 I605Nfs*11,Entity
e2202,BRCA2 I605Yfs*9,Entity
e2203,BRCA2 K1025_K1026delinsN*,Entity
e2204,BRCA2 K1057Tfs*8,Entity
e2205,BRCA2 K1058*,Entity
e2206,BRCA2 K1239Nfs*20,Entity
e2207,BRCA2 K1274*fs*1,Entity
e2208,BRCA2 K1323*,Entity
e2209,BRCA2 K1381Lfs*8,Entity
e2210,BRCA2 K1434I,Entity
e2211,BRCA2 K1517Nfs*25,Entity
e2212,BRCA2 K1530*,Entity
e2213,BRCA2 K1530Efs*4,Entity
e2214,BRCA2 K1549Nfs*18,Entity
e2215,BRCA2 K157Sfs*24,Entity
e2216,BRCA2 K1690N,Entity
e2217,BRCA2 K1691Nfs*15,Entity
e2218,BRCA2 K169R,Entity
e2219,BRCA2 K1789Qfs*18,Entity
e2220,BRCA2 K1828Vfs*4,Entity
e2221,BRCA2 K1860*,Entity
e2222,BRCA2 K1872*,Entity
e2223,BRCA2 K1872Nfs*2,Entity
e2224,BRCA2 K1881Qfs*27,Entity
e2225,BRCA2 K2008*,Entity
e2226,BRCA2 K2013*,Entity
e2227,BRCA2 K2111Efs*17,Entity
e2228,BRCA2 K2124Rfs*6,Entity
e2229,BRCA2 K2131Nfs*5,Entity
e2230,BRCA2 K2150Ifs*19,Entity
e2231,BRCA2 K2162Nfs*5,Entity
e2232,BRCA2 K2411T,Entity
e2233,BRCA2 K2434Sfs*33,Entity
e2234,BRCA2 K2472T,Entity
e2235,BRCA2 K2472Vfs*2,Entity
e2236,BRCA2 K2498E,Entity
e2237,BRCA2 K2630Q,Entity
e2238,BRCA2 K2715*,Entity
e2239,BRCA2 K2729N,Entity
e2240,BRCA2 K2750Dfs*13,Entity
e2241,BRCA2 K2849E,Entity
e2242,BRCA2 K2950N,Entity
e2243,BRCA2 K3257Rfs*17,Entity
e2244,BRCA2 K3326*,Entity
e2245,BRCA2 K343Nfs*6,Entity
e2246,BRCA2 K437Ifs*22,Entity
e2247,BRCA2 K437Rfs*14,Entity
e2248,BRCA2 K467*,Entity
e2249,BRCA2 K513R,Entity
e2250,BRCA2 K585Nfs*3,Entity
e2251,BRCA2 K585Rfs*29,Entity
e2252,BRCA2 K607T,Entity
e2253,BRCA2 K722Q,Entity
e2254,BRCA2 K936Nfs*24,Entity
e2255,BRCA2 K944*,Entity
e2256,BRCA2 L1019V,Entity
e2257,BRCA2 L1053*,Entity
e2258,BRCA2 L1059Qfs*7,Entity
e2259,BRCA2 L1118*fs*1,Entity
e2260,BRCA2 L1118_E1119delins*,Entity
e2261,BRCA2 L1227Qfs*5,Entity
e2262,BRCA2 L1334Rfs*3,Entity
e2263,BRCA2 L1390Gfs*12,Entity
e2264,BRCA2 L1466Ffs*2,Entity
e2265,BRCA2 L1491Kfs*12,Entity
e2266,BRCA2 L1732Pfs*9,Entity
e2267,BRCA2 L1768Rfs*5,Entity
e2268,BRCA2 L1904V,Entity
e2269,BRCA2 L1908Rfs*2,Entity
e2270,BRCA2 L198*fs*1,Entity
e2271,BRCA2 L2073Yfs*8,Entity
e2272,BRCA2 L2092Pfs*7,Entity
e2273,BRCA2 L209F,Entity
e2274,BRCA2 L2106P,Entity
e2275,BRCA2 L2253Ffs*7,Entity
e2276,BRCA2 L2279Sfs*4,Entity
e2277,BRCA2 L2357Vfs*2,Entity
e2278,BRCA2 L2396F,Entity
e2279,BRCA2 L24*fs*1,Entity
e2280,BRCA2 L2510P,Entity
e2281,BRCA2 L2573*,Entity
e2282,BRCA2 L2581W,Entity
e2283,BRCA2 L2587F,Entity
e2284,BRCA2 L2604P,Entity
e2285,BRCA2 L2647P,Entity
e2286,BRCA2 L2653P,Entity
e2287,BRCA2 L2654P,Entity
e2288,BRCA2 L2686P,Entity
e2289,BRCA2 L2688P,Entity
e2290,BRCA2 L2721H,Entity
e2291,BRCA2 L2768H,Entity
e2292,BRCA2 L2774R,Entity
e2293,BRCA2 L2792P,Entity
e2294,BRCA2 L2862P,Entity
e2295,BRCA2 L2865Ffs*4,Entity
e2296,BRCA2 L2865V,Entity
e2297,BRCA2 L2929W,Entity
e2298,BRCA2 L2946*,Entity
e2299,BRCA2 L2972W,Entity
e2300,BRCA2 L3000Vfs*18,Entity
e2301,BRCA2 L3011P,Entity
e2302,BRCA2 L3061*,Entity
e2303,BRCA2 L3101P,Entity
e2304,BRCA2 L3101R,Entity
e2305,BRCA2 L3125H,Entity
e2306,BRCA2 L3135Ffs*28,Entity
e2307,BRCA2 L413Hfs*17,Entity
e2308,BRCA2 L557*,Entity
e2309,BRCA2 L583*,Entity
e2310,BRCA2 L613R,Entity
e2311,BRCA2 L698Yfs*32,Entity
e2312,BRCA2 L771*,Entity
e2313,BRCA2 L809*,Entity
e2314,BRCA2 L88Afs*12,Entity
e2315,BRCA2 L929S,Entity
e2316,BRCA2 L967Rfs*14,Entity
e2317,BRCA2 M1594Cfs*23,Entity
e2318,BRCA2 M192T,Entity
e2319,BRCA2 M192Vfs*13,Entity
e2320,BRCA2 M1I,Entity
e2321,BRCA2 M1R,Entity
e2322,BRCA2 M1T,Entity
e2323,BRCA2 M2235Gfs*3,Entity
e2324,BRCA2 M2634T,Entity
e2325,BRCA2 M2676T,Entity
e2326,BRCA2 M3118Vfs*31,Entity
e2327,BRCA2 M524Dfs*2,Entity
e2328,BRCA2 M784V,Entity
e2329,BRCA2 M794Nfs*8,Entity
e2330,BRCA2 M927V,Entity
e2331,BRCA2 N1066Ifs*11,Entity
e2332,BRCA2 N1066Lfs*10,Entity
e2333,BRCA2 N1102Y,Entity
e2334,BRCA2 N1228D,Entity
e2335,BRCA2 N1279Kfs*2,Entity
e2336,BRCA2 N1287Ifs*6,Entity
e2337,BRCA2 N1287Kfs*2,Entity
e2338,BRCA2 N136Ifs*16,Entity
e2339,BRCA2 N1544Kfs*4,Entity
e2340,BRCA2 N1544Tfs*24,Entity
e2341,BRCA2 N1626Sfs*12,Entity
e2342,BRCA2 N1706Lfs*5,Entity
e2343,BRCA2 N1747*fs*1,Entity
e2344,BRCA2 N1784Hfs*2,Entity
e2345,BRCA2 N1784Kfs*3,Entity
e2346,BRCA2 N1824Cfs*4,Entity
e2347,BRCA2 N1824Kfs*5,Entity
e2348,BRCA2 N1833*fs*1,Entity
e2349,BRCA2 N1877Kfs*32,Entity
e2350,BRCA2 N1878K,Entity
e2351,BRCA2 N1906*fs*1,Entity
e2352,BRCA2 N1933Kfs*29,Entity
e2353,BRCA2 N2048I,Entity
e2354,BRCA2 N2113S,Entity
e2355,BRCA2 N2135Kfs*3,Entity
e2356,BRCA2 N2137Kfs*29,Entity
e2357,BRCA2 N2189Kfs*8,Entity
e2358,BRCA2 N2221Kfs*5,Entity
e2359,BRCA2 N2436I,Entity
e2360,BRCA2 N243Kfs*7,Entity
e2361,BRCA2 N2460Kfs*15,Entity
e2362,BRCA2 N257Kfs*17,Entity
e2363,BRCA2 N2781Vfs*39,Entity
e2364,BRCA2 N3124I,Entity
e2365,BRCA2 N3124K,Entity
e2366,BRCA2 N3124S,Entity
e2367,BRCA2 N3174_E3175delinsK*,Entity
e2368,BRCA2 N319Kfs*8,Entity
e2369,BRCA2 N319T,Entity
e2370,BRCA2 N372H,Entity
e2371,BRCA2 N422Ifs*8,Entity
e2372,BRCA2 N433Qfs*18,Entity
e2373,BRCA2 N517S,Entity
e2374,BRCA2 N56T,Entity
e2375,BRCA2 N588D,Entity
e2376,BRCA2 N588Sfs*25,Entity
e2377,BRCA2 N812Ifs*13,Entity
e2378,BRCA2 N827Kfs*3,Entity
e2379,BRCA2 N986Kfs*2,Entity
e2380,BRCA2 N986Rfs*2,Entity
e2381,BRCA2 N987I,Entity
e2382,BRCA2 P1651Cfs*14,Entity
e2383,BRCA2 P168T,Entity
e2384,BRCA2 P1819S,Entity
e2385,BRCA2 P2153Hfs*15,Entity
e2386,BRCA2 P2532L,Entity
e2387,BRCA2 P2589H,Entity
e2388,BRCA2 P2608A,Entity
e2389,BRCA2 P2639A,Entity
e2390,BRCA2 P2649Qfs*8,Entity
e2391,BRCA2 P2735R,Entity
e2392,BRCA2 P2767S,Entity
e2393,BRCA2 P2771L,Entity
e2394,BRCA2 P2785L,Entity
e2395,BRCA2 P2798R,Entity
e2396,BRCA2 P2800R,Entity
e2397,BRCA2 P2800S,Entity
e2398,BRCA2 P2827S,Entity
e2399,BRCA2 P3039L,Entity
e2400,BRCA2 P3039P,Entity
e2401,BRCA2 P3063S,Entity
e2402,BRCA2 P3243Lfs*6,Entity
e2403,BRCA2 P375S,Entity
e2404,BRCA2 P606_K607delinsL*,Entity
e2405,BRCA2 P655R,Entity
e2406,BRCA2 P9Qfs*16,Entity
e2407,BRCA2 Q1037*,Entity
e2408,BRCA2 Q1056*,Entity
e2409,BRCA2 Q1056Rfs*3,Entity
e2410,BRCA2 Q1089Sfs*10,Entity
e2411,BRCA2 Q1107*,Entity
e2412,BRCA2 Q1138*,Entity
e2413,BRCA2 Q1138Afs*6,Entity
e2414,BRCA2 Q1371*,Entity
e2415,BRCA2 Q1396R,Entity
e2416,BRCA2 Q1416*,Entity
e2417,BRCA2 Q1429Sfs*9,Entity
e2418,BRCA2 Q1886*,Entity
e2419,BRCA2 Q1931*,Entity
e2420,BRCA2 Q1998Nfs*4,Entity
e2421,BRCA2 Q2009Afs*9,Entity
e2422,BRCA2 Q2024*,Entity
e2423,BRCA2 Q2042*,Entity
e2424,BRCA2 Q2157Ifs*18,Entity
e2425,BRCA2 Q2159*,Entity
e2426,BRCA2 Q2342*,Entity
e2427,BRCA2 Q2384K,Entity
e2428,BRCA2 Q2384Rfs*7,Entity
e2429,BRCA2 Q2491Tfs*6,Entity
e2430,BRCA2 Q2530Kfs*21,Entity
e2431,BRCA2 Q2561P,Entity
e2432,BRCA2 Q2561R,Entity
e2433,BRCA2 Q258*,Entity
e2434,BRCA2 Q2655R,Entity
e2435,BRCA2 Q2829R,Entity
e2436,BRCA2 Q2858K,Entity
e2437,BRCA2 Q2858R,Entity
e2438,BRCA2 Q2859*,Entity
e2439,BRCA2 Q2859Kfs*4,Entity
e2440,BRCA2 Q2870*,Entity
e2441,BRCA2 Q2925H,Entity
e2442,BRCA2 Q2925K,Entity
e2443,BRCA2 Q2925R,Entity
e2444,BRCA2 Q2960*,Entity
e2445,BRCA2 Q3026*,Entity
e2446,BRCA2 Q3026E,Entity
e2447,BRCA2 Q3036E,Entity
e2448,BRCA2 Q3066*,Entity
e2449,BRCA2 Q3126*,Entity
e2450,BRCA2 Q3299Ifs*29,Entity
e2451,BRCA2 Q397Lfs*25,Entity
e2452,BRCA2 Q407Rfs*23,Entity
e2453,BRCA2 Q421*,Entity
e2454,BRCA2 Q499Rfs*14,Entity
e2455,BRCA2 Q548*,Entity
e2456,BRCA2 Q619*,Entity
e2457,BRCA2 Q619Sfs*25,Entity
e2458,BRCA2 Q66*,Entity
e2459,BRCA2 Q742*,Entity
e2460,BRCA2 Q84*,Entity
e2461,BRCA2 Q92*,Entity
e2462,BRCA2 Q940*,Entity
e2463,BRCA2 R1190W,Entity
e2464,BRCA2 R174C,Entity
e2465,BRCA2 R18H,Entity
e2466,BRCA2 R18Lfs*12,Entity
e2467,BRCA2 R2027Kfs*22,Entity
e2468,BRCA2 R2034C,Entity
e2469,BRCA2 R2034Tfs*15,Entity
e2470,BRCA2 R2108H,Entity
e2471,BRCA2 R2318*,Entity
e2472,BRCA2 R2318Q,Entity
e2473,BRCA2 R2336H,Entity
e2474,BRCA2 R2336P,Entity
e2475,BRCA2 R2394*,Entity
e2476,BRCA2 R2418G,Entity
e2477,BRCA2 R2488G,Entity
e2478,BRCA2 R2488S,Entity
e2479,BRCA2 R2494*,Entity
e2480,BRCA2 R2494Q,Entity
e2481,BRCA2 R2502C,Entity
e2482,BRCA2 R2502H,Entity
e2483,BRCA2 R2520*,Entity
e2484,BRCA2 R2520P,Entity
e2485,BRCA2 R2520Q,Entity
e2486,BRCA2 R259fs*15,Entity
e2487,BRCA2 R2602T,Entity
e2488,BRCA2 R2625I,Entity
e2489,BRCA2 R2625K,Entity
e2490,BRCA2 R2645Nfs*3,Entity
e2491,BRCA2 R2659G,Entity
e2492,BRCA2 R2659K,Entity
e2493,BRCA2 R2659T,Entity
e2494,BRCA2 R2678G,Entity
e2495,BRCA2 R2784Q,Entity
e2496,BRCA2 R2784W,Entity
e2497,BRCA2 R2787C,Entity
e2498,BRCA2 R2787H,Entity
e2499,BRCA2 R2799Nfs*22,Entity
e2500,BRCA2 R2824T,Entity
e2501,BRCA2 R2842C,Entity
e2502,BRCA2 R2842H,Entity
e2503,BRCA2 R2842L,Entity
e2504,BRCA2 R2861*,Entity
e2505,BRCA2 R2888C,Entity
e2506,BRCA2 R2896C,Entity
e2507,BRCA2 R2896H,Entity
e2508,BRCA2 R2973C,Entity
e2509,BRCA2 R2973H,Entity
e2510,BRCA2 R2991H,Entity
e2511,BRCA2 R3007G,Entity
e2512,BRCA2 R3052Q,Entity
e2513,BRCA2 R3052W,Entity
e2514,BRCA2 R3128*,Entity
e2515,BRCA2 R3384Q,Entity
e2516,BRCA2 R645Efs*15,Entity
e2517,BRCA2 R858Kfs*23,Entity
e2518,BRCA2 R898*fs*1,Entity
e2519,BRCA2 S1004Vfs*39,Entity
e2520,BRCA2 S1099*,Entity
e2521,BRCA2 S1121*,Entity
e2522,BRCA2 S1172L,Entity
e2523,BRCA2 S1230Lfs*9,Entity
e2524,BRCA2 S1248Rfs*10,Entity
e2525,BRCA2 S1262*,Entity
e2526,BRCA2 S1404*fs*1,Entity
e2527,BRCA2 S1424C,Entity
e2528,BRCA2 S142I,Entity
e2529,BRCA2 S1442*,Entity
e2530,BRCA2 S1630*,Entity
e2531,BRCA2 S1720*,Entity
e2532,BRCA2 S1720Ffs*7,Entity
e2533,BRCA2 S1733F,Entity
e2534,BRCA2 S1741Pfs*35,Entity
e2535,BRCA2 S1741Tfs*35,Entity
e2536,BRCA2 S1760*,Entity
e2537,BRCA2 S1760A,Entity
e2538,BRCA2 S1788Ffs*19,Entity
e2539,BRCA2 S1817C,Entity
e2540,BRCA2 S1834_G1892del,Entity
e2541,BRCA2 S1848Vfs*15,Entity
e2542,BRCA2 S1869_N1877del,Entity
e2543,BRCA2 S1871_C1893del,Entity
e2544,BRCA2 S1882*,Entity
e2545,BRCA2 S1882Kfs*26,Entity
e2546,BRCA2 S1943Lfs*20,Entity
e2547,BRCA2 S1951Wfs*11,Entity
e2548,BRCA2 S1955*,Entity
e2549,BRCA2 S1955Rfs*4,Entity
e2550,BRCA2 S196N,Entity
e2551,BRCA2 S1970*,Entity
e2552,BRCA2 S1979*fs*1,Entity
e2553,BRCA2 S1982Rfs*22,Entity
e2554,BRCA2 S2012Qfs*5,Entity
e2555,BRCA2 S2052*,Entity
e2556,BRCA2 S205Vfs*6,Entity
e2557,BRCA2 S206C,Entity
e2558,BRCA2 S2091Afs*2,Entity
e2559,BRCA2 S2103*,Entity
e2560,BRCA2 S2201*fs*1,Entity
e2561,BRCA2 S2201Lfs*5,Entity
e2562,BRCA2 S2483N,Entity
e2563,BRCA2 S2509N,Entity
e2564,BRCA2 S2522F,Entity
e2565,BRCA2 S2533C,Entity
e2566,BRCA2 S2533F,Entity
e2567,BRCA2 S2670L,Entity
e2568,BRCA2 S2691F,Entity
e2569,BRCA2 S2691Ffs*4,Entity
e2570,BRCA2 S2695L,Entity
e2571,BRCA2 S2697N,Entity
e2572,BRCA2 S2704F,Entity
e2573,BRCA2 S2782N,Entity
e2574,BRCA2 S2806L,Entity
e2575,BRCA2 S2807*,Entity
e2576,BRCA2 S2807L,Entity
e2577,BRCA2 S2810G,Entity
e2578,BRCA2 S2836Lfs*27,Entity
e2579,BRCA2 S2963L,Entity
e2580,BRCA2 S2988G,Entity
e2581,BRCA2 S2993*,Entity
e2582,BRCA2 S3014*,Entity
e2583,BRCA2 S3020C,Entity
e2584,BRCA2 S3058G,Entity
e2585,BRCA2 S3070F,Entity
e2586,BRCA2 S3123G,Entity
e2587,BRCA2 S3147Cfs*2,Entity
e2588,BRCA2 S326R,Entity
e2589,BRCA2 S368*,Entity
e2590,BRCA2 S380Vfs*19,Entity
e2591,BRCA2 S384F,Entity
e2592,BRCA2 S390Tfs*6,Entity
e2593,BRCA2 S552Pfs*6,Entity
e2594,BRCA2 S599*fs*1,Entity
e2595,BRCA2 S611*,Entity
e2596,BRCA2 S780*,Entity
e2597,BRCA2 S869L,Entity
e2598,BRCA2 S871*,Entity
e2599,BRCA2 S973*,Entity
e2600,BRCA2 S976I,Entity
e2601,BRCA2 T1251Nfs*14,Entity
e2602,BRCA2 T1302del,Entity
e2603,BRCA2 T1354M,Entity
e2604,BRCA2 T1388Nfs*22,Entity
e2605,BRCA2 T1426Nfs*12,Entity
e2606,BRCA2 T1426Nfs*22,Entity
e2607,BRCA2 T1566Dfs*9,Entity
e2608,BRCA2 T1647Sfs*18,Entity
e2609,BRCA2 T1679Lfs*3,Entity
e2610,BRCA2 T1723Sfs*2,Entity
e2611,BRCA2 T1785Lfs*6,Entity
e2612,BRCA2 T1815_Y1894del,Entity
e2613,BRCA2 T2031Nfs*18,Entity
e2614,BRCA2 T2125Nfs*4,Entity
e2615,BRCA2 T2250A,Entity
e2616,BRCA2 T225Rfs*5,Entity
e2617,BRCA2 T2367Dfs*25,Entity
e2618,BRCA2 T2515I,Entity
e2619,BRCA2 T256Kfs*19,Entity
e2620,BRCA2 T2662A,Entity
e2621,BRCA2 T2662M,Entity
e2622,BRCA2 T2681R,Entity
e2623,BRCA2 T2722A,Entity
e2624,BRCA2 T2722R,Entity
e2625,BRCA2 T2766Nfs*11,Entity
e2626,BRCA2 T298Ifs*7,Entity
e2627,BRCA2 T3013I,Entity
e2628,BRCA2 T3033I,Entity
e2629,BRCA2 T3033Nfs*11,Entity
e2630,BRCA2 T3085Nfs*26,Entity
e2631,BRCA2 T3211K,Entity
e2632,BRCA2 T3349A,Entity
e2633,BRCA2 T582P,Entity
e2634,BRCA2 T630I,Entity
e2635,BRCA2 T868Ifs*6,Entity
e2636,BRCA2 V1076Cfs*3,Entity
e2637,BRCA2 V1283Kfs*2,Entity
e2638,BRCA2 V1306I,Entity
e2639,BRCA2 V144Lfs*8,Entity
e2640,BRCA2 V1486Nfs*5,Entity
e2641,BRCA2 V159M,Entity
e2642,BRCA2 V1610Gfs*4,Entity
e2643,BRCA2 V1639Sfs*3,Entity
e2644,BRCA2 V1643A,Entity
e2645,BRCA2 V1790_A1996del,Entity
e2646,BRCA2 V1804Kfs*2,Entity
e2647,BRCA2 V1814*fs*1,Entity
e2648,BRCA2 V1839_E1901del,Entity
e2649,BRCA2 V1854Ffs*3,Entity
e2650,BRCA2 V1862*fs*1,Entity
e2651,BRCA2 V1862Efs*11,Entity
e2652,BRCA2 V1862Sfs*11,Entity
e2653,BRCA2 V2076Rfs*4,Entity
e2654,BRCA2 V211I,Entity
e2655,BRCA2 V211L,Entity
e2656,BRCA2 V220Ifs*4,Entity
e2657,BRCA2 V2466A,Entity
e2658,BRCA2 V2652G,Entity
e2659,BRCA2 V2652M,Entity
e2660,BRCA2 V2687F,Entity
e2661,BRCA2 V2728A,Entity
e2662,BRCA2 V2728I,Entity
e2663,BRCA2 V2908G,Entity
e2664,BRCA2 V2969Cfs*7,Entity
e2665,BRCA2 V2969M,Entity
e2666,BRCA2 V2985Lfs*3,Entity
e2667,BRCA2 V3072E,Entity
e2668,BRCA2 V3079I,Entity
e2669,BRCA2 V3081A,Entity
e2670,BRCA2 V464Gfs*3,Entity
e2671,BRCA2 V894I,Entity
e2672,BRCA2 W1692Mfs*3,Entity
e2673,BRCA2 W2586*,Entity
e2674,BRCA2 W2619*,Entity
e2675,BRCA2 W2619Lfs*4,Entity
e2676,BRCA2 W2626*,Entity
e2677,BRCA2 W2626C,Entity
e2678,BRCA2 W2626R,Entity
e2679,BRCA2 W2725*,Entity
e2680,BRCA2 W2725Ffs*5,Entity
e2681,BRCA2 W2725L,Entity
e2682,BRCA2 W2788R,Entity
e2683,BRCA2 W2788S,Entity
e2684,BRCA2 W2830*,Entity
e2685,BRCA2 W2990*,Entity
e2686,BRCA2 W3127*,Entity
e2687,BRCA2 W993*,Entity
e2688,BRCA2 Y1655*,Entity
e2689,BRCA2 Y1710*fs*1,Entity
e2690,BRCA2 Y1716Kfs*8,Entity
e2691,BRCA2 Y1739*fs*1,Entity
e2692,BRCA2 Y1894*,Entity
e2693,BRCA2 Y1894*fs*1,Entity
e2694,BRCA2 Y2215Lfs*10,Entity
e2695,BRCA2 Y2215Sfs*13,Entity
e2696,BRCA2 Y2624*,Entity
e2697,BRCA2 Y2660D,Entity
e2698,BRCA2 Y2726C,Entity
e2699,BRCA2 Y3006*,Entity
e2700,BRCA2 Y3006D,Entity
e2701,BRCA2 Y3009Ifs*19,Entity
e2702,BRCA2 Y3035C,Entity
e2703,BRCA2 Y3035S,Entity
e2704,BRCA2 Y3049C,Entity
e2705,BRCA2 Y3092C,Entity
e2706,BRCA2 Y3092S,Entity
e2707,BRCA2 Y3098*,Entity
e2708,BRCA2 Y3098H,Entity
e2709,BRCA2 Y3225Ifs*30,Entity
e2710,BRCA2 Y3308*,Entity
e2711,BRCA2 Y352Lfs*6,Entity
e2712,BRCA2 Y42C,Entity
e2713,BRCA2 Y600*,Entity
e2714,BRCA2 Y792*,Entity
e2715,BRCA2 Y803*,Entity
e2716,BRCA2 Y839*,Entity
e2717,BRCA2 copy number deletion,Entity
e2718,BRCA2 inconclusive mutation,Entity
e2719,BRCA2 loss-of-function,Entity
e2720,BRCA2 mutation,Entity
e2721,BRCA2 neutral mutation,Entity
e2722,BRCA2 oncogenic mutation,Entity
e2723,BRCA2 truncating mutation,Entity
e2724,BRD4 amplification,Entity
e2725,BRD4 fusion,Entity
e2726,BRD4 gain-of-function,Entity
e2727,BRD4 mutation,Entity
e2728,BRIP1 A349P,Entity
e2729,BRIP1 A745T,Entity
e2730,BRIP1 A759Sfs*6,Entity
e2731,BRIP1 C832Y,Entity
e2732,BRIP1 D361Vfs*13,Entity
e2733,BRIP1 D791V,Entity
e2734,BRIP1 E117*,Entity
e2735,BRIP1 E45*,Entity
e2736,BRIP1 E458*,Entity
e2737,BRIP1 E511G,Entity
e2738,BRIP1 E636K,Entity
e2739,BRIP1 E671*fs*1,Entity
e2740,BRIP1 G649S,Entity
e2741,BRIP1 G690E,Entity
e2742,BRIP1 H587L,Entity
e2743,BRIP1 I691L,Entity
e2744,BRIP1 I746Nfs*12,Entity
e2745,BRIP1 I782V,Entity
e2746,BRIP1 K1078*,Entity
e2747,BRIP1 K297Sfs*6,Entity
e2748,BRIP1 K386*,Entity
e2749,BRIP1 K52R,Entity
e2750,BRIP1 K703Ifs*3,Entity
e2751,BRIP1 K797R,Entity
e2752,BRIP1 K998Efs*60,Entity
e2753,BRIP1 L372Ifs*2,Entity
e2754,BRIP1 L680Ffs*9,Entity
e2755,BRIP1 L844I,Entity
e2756,BRIP1 L922*,Entity
e2757,BRIP1 M299I,Entity
e2758,BRIP1 N97Mfs*3,Entity
e2759,BRIP1 P47A,Entity
e2760,BRIP1 P619Afs*20,Entity
e2761,BRIP1 Q155*,Entity
e2762,BRIP1 Q223*,Entity
e2763,BRIP1 Q376Nfs*18,Entity
e2764,BRIP1 Q414*,Entity
e2765,BRIP1 Q740H,Entity
e2766,BRIP1 Q793*,Entity
e2767,BRIP1 Q866Sfs*31,Entity
e2768,BRIP1 R162*,Entity
e2769,BRIP1 R173C,Entity
e2770,BRIP1 R251C,Entity
e2771,BRIP1 R356*,Entity
e2772,BRIP1 R403Vfs*20,Entity
e2773,BRIP1 R777C,Entity
e2774,BRIP1 R798*,Entity
e2775,BRIP1 R865W,Entity
e2776,BRIP1 S407G,Entity
e2777,BRIP1 S624*,Entity
e2778,BRIP1 S624L,Entity
e2779,BRIP1 T132Nfs*10,Entity
e2780,BRIP1 T48Qfs*7,Entity
e2781,BRIP1 V413Ffs*10,Entity
e2782,BRIP1 V676E,Entity
e2783,BRIP1 W1002Cfs*60,Entity
e2784,BRIP1 W335*,Entity
e2785,BRIP1 W448*,Entity
e2786,BRIP1 W816*,Entity
e2787,BRIP1 Y147*fs*1,Entity
e2788,BRIP1 Y147Sfs*10,Entity
e2789,BRIP1 Y268*,Entity
e2790,BRIP1 Y461*,Entity
e2791,BRIP1 Y800*,Entity
e2792,BRIP1 Y822H,Entity
e2793,BRIP1 copy number deletion,Entity
e2794,BRIP1 inconclusive mutation,Entity
e2795,BRIP1 loss-of-function,Entity
e2796,BRIP1 mutation,Entity
e2797,BRIP1 neutral mutation,Entity
e2798,BRIP1 oncogenic mutation,Entity
e2799,BRIP1 truncating mutation,Entity
e2800,BTG1 copy number deletion,Entity
e2801,BTG1 loss-of-function,Entity
e2802,BTG1 mutation,Entity
e2803,BTG1 truncating mutation,Entity
e2804,BTK C481F,Entity
e2805,BTK C481G,Entity
e2806,BTK C481R,Entity
e2807,BTK C481S,Entity
e2808,BTK C481X,Entity
e2809,BTK C481Y,Entity
e2810,BTK G164D,Entity
e2811,BTK R28C,Entity
e2812,BTK R28H,Entity
e2813,BTK R28L,Entity
e2814,BTK R28P,Entity
e2815,BTK R28S,Entity
e2816,BTK R544S,Entity
e2817,BTK T316A,Entity
e2818,BTK T474I,Entity
e2819,BTK T474S,Entity
e2820,BTK Y551F,Entity
e2821,BTK gain-of-function,Entity
e2822,BTK inconclusive mutation,Entity
e2823,BTK loss-of-function,Entity
e2824,BTK mutation,Entity
e2825,BTK oncogenic mutation,Entity
e2826,CA9 mutation,Entity
e2827,CA9 overexpression,Entity
e2828,CAD fusion,Entity
e2829,CAD gain-of-function,Entity
e2830,CAD mutation,Entity
e2831,CALR exon 9 frameshift mutation,Entity
e2832,CALR exon 9 in-frame deletion,Entity
e2833,CALR exon 9 mutation,Entity
e2834,CALR mutation,Entity
e2835,CALR neutral mutation,Entity
e2836,CALR oncogenic mutation,Entity
e2837,CARD11 C49S,Entity
e2838,CARD11 C49Y,Entity
e2839,CARD11 D230N,Entity
e2840,CARD11 D357E,Entity
e2841,CARD11 D387V,Entity
e2842,CARD11 D401N,Entity
e2843,CARD11 E134G,Entity
e2844,CARD11 E626K,Entity
e2845,CARD11 E93D,Entity
e2846,CARD11 F115L,Entity
e2847,CARD11 F130I,Entity
e2848,CARD11 F130Y,Entity
e2849,CARD11 F97Y,Entity
e2850,CARD11 G123D,Entity
e2851,CARD11 G123S,Entity
e2852,CARD11 G126D,Entity
e2853,CARD11 K215M,Entity
e2854,CARD11 L251P,Entity
e2855,CARD11 N62Y,Entity
e2856,CARD11 R113Q,Entity
e2857,CARD11 S250P,Entity
e2858,CARD11 T112I,Entity
e2859,CARD11 T117A,Entity
e2860,CARD11 V119E,Entity
e2861,CARD11 Y361C,Entity
e2862,CARD11 amplification,Entity
e2863,CARD11 gain-of-function,Entity
e2864,CARD11 inconclusive mutation,Entity
e2865,CARD11 mutation,Entity
e2866,CARD11 oncogenic mutation,Entity
e2867,CARM1 S216A,Entity
e2868,CARM1 S216C,Entity
e2869,CARM1 S216E,Entity
e2870,CARM1 S216T,Entity
e2871,CARM1 inconclusive mutation,Entity
e2872,CARM1 loss-of-function,Entity
e2873,CARM1 mutation,Entity
e2874,CASP10 A414V,Entity
e2875,CASP10 M147T,Entity
e2876,CASP10 Q257*,Entity
e2877,CASP10 mutation,Entity
e2878,CASP10 oncogenic mutation,Entity
e2879,CASP8 D302H,Entity
e2880,CASP8 G384A,Entity
e2881,CASP8 R307W,Entity
e2882,CASP8 copy number deletion,Entity
e2883,CASP8 gain-of-function,Entity
e2884,CASP8 loss-of-function,Entity
e2885,CASP8 mutation,Entity
e2886,CASP8 overexpression,Entity
e2887,CASP8 truncating mutation,Entity
e2888,CBFA2T3 fusion,Entity
e2889,CBFA2T3 gain-of-function,Entity
e2890,CBFA2T3 mutation,Entity
e2891,CBFB fusion,Entity
e2892,CBFB gain-of-function,Entity
e2893,CBFB loss-of-function,Entity
e2894,CBFB mutation,Entity
e2895,CBFB truncating mutation,Entity
e2896,CBL C381A,Entity
e2897,CBL C384R,Entity
e2898,CBL C396R,Entity
e2899,CBL D390Y,Entity
e2900,CBL G375P,Entity
e2901,CBL H398Q,Entity
e2902,CBL H398Y,Entity
e2903,CBL H94Y,Entity
e2904,CBL K382E,Entity
e2905,CBL L399V,Entity
e2906,CBL M374V,Entity
e2907,CBL N454D,Entity
e2908,CBL P395A,Entity
e2909,CBL P417A,Entity
e2910,CBL P428L,Entity
e2911,CBL Q249E,Entity
e2912,CBL Q367P,Entity
e2913,CBL R420Q,Entity
e2914,CBL S376F,Entity
e2915,CBL S80N,Entity
e2916,CBL V391I,Entity
e2917,CBL V430M,Entity
e2918,CBL W802*,Entity
e2919,CBL Y371H,Entity
e2920,CBL Y371S,Entity
e2921,CBL copy number deletion,Entity
e2922,CBL exon 8 mutation,Entity
e2923,CBL exon 9 mutation,Entity
e2924,CBL inconclusive mutation,Entity
e2925,CBL loss-of-function,Entity
e2926,CBL mutation,Entity
e2927,CBL neutral mutation,Entity
e2928,CBL oncogenic mutation,Entity
e2929,CBL truncating mutation,Entity
e2930,CBLC expression,Entity
e2931,CBLC mutation,Entity
e2932,CCDC6 fusion,Entity
e2933,CCDC6 gain-of-function,Entity
e2934,CCDC6 mutation,Entity
e2935,CCNB3 fusion,Entity
e2936,CCNB3 gain-of-function,Entity
e2937,CCNB3 mutation,Entity
e2938,CCND1 C47S,Entity
e2939,CCND1 D289A,Entity
e2940,CCND1 D289_D292del,Entity
e2941,CCND1 D289del,Entity
e2942,CCND1 L283_D294del,Entity
e2943,CCND1 P287A,Entity
e2944,CCND1 P287S,Entity
e2945,CCND1 P287T,Entity
e2946,CCND1 T286A,Entity
e2947,CCND1 T286I,Entity
e2948,CCND1 V293A,Entity
e2949,CCND1 Y44D,Entity
e2950,CCND1 amplification,Entity
e2951,CCND1 expression,Entity
e2952,CCND1 fusion,Entity
e2953,CCND1 gain-of-function,Entity
e2954,CCND1 inconclusive mutation,Entity
e2955,CCND1 mutation,Entity
e2956,CCND1 oncogenic mutation,Entity
e2957,CCND1 overexpression,Entity
e2958,CCND2 amplification,Entity
e2959,CCND2 demethylation,Entity
e2960,CCND2 gain-of-function,Entity
e2961,CCND2 mutation,Entity
e2962,CCND2 overexpression,Entity
e2963,CCND3 I290A,Entity
e2964,CCND3 I290R,Entity
e2965,CCND3 P284L,Entity
e2966,CCND3 Q276*,Entity
e2967,CCND3 T283A,Entity
e2968,CCND3 T285A,Entity
e2969,CCND3 amplification,Entity
e2970,CCND3 fusion,Entity
e2971,CCND3 gain-of-function,Entity
e2972,CCND3 mutation,Entity
e2973,CCND3 oncogenic mutation,Entity
e2974,CCNE1 amplification,Entity
e2975,CCNE1 gain-of-function,Entity
e2976,CCNE1 mutation,Entity
e2977,CCNE1 overexpression,Entity
e2978,CCNQ loss-of-function,Entity
e2979,CCNQ mutation,Entity
e2980,CCNQ truncating mutation,Entity
e2981,CD274 amplification,Entity
e2982,CD274 expression,Entity
e2983,CD274 gain-of-function,Entity
e2984,CD274 mutation,Entity
e2985,CD274 overexpression,Entity
e2986,CD44 expression,Entity
e2987,CD44 mutation,Entity
e2988,CD58 copy number deletion,Entity
e2989,CD58 loss-of-function,Entity
e2990,CD58 mutation,Entity
e2991,CD58 truncating mutation,Entity
e2992,CD69 mutation,Entity
e2993,CD69 underexpression,Entity
e2994,CD72 fusion,Entity
e2995,CD72 gain-of-function,Entity
e2996,CD72 mutation,Entity
e2997,CD74 fusion,Entity
e2998,CD74 gain-of-function,Entity
e2999,CD74 mutation,Entity
e3000,CD74::ROS1 fusion,Entity
e3001,CD79B E198G,Entity
e3002,CD79B Y197C,Entity
e3003,CD79B Y197F,Entity
e3004,CD79B Y197H,Entity
e3005,CD79B Y197N,Entity
e3006,CD79B Y197S,Entity
e3007,CD79B gain-of-function,Entity
e3008,CD79B mutation,Entity
e3009,CD79B oncogenic mutation,Entity
e3010,CDC73 W43*,Entity
e3011,CDC73 Y54*,Entity
e3012,CDC73 copy number deletion,Entity
e3013,CDC73 loss-of-function,Entity
e3014,CDC73 mutation,Entity
e3015,CDC73 oncogenic mutation,Entity
e3016,CDC73 truncating mutation,Entity
e3017,CDH1 A298T,Entity
e3018,CDH1 A617T,Entity
e3019,CDH1 A634V,Entity
e3020,CDH1 C688*fs*1,Entity
e3021,CDH1 D254N,Entity
e3022,CDH1 D257N,Entity
e3023,CDH1 D662*fs*1,Entity
e3024,CDH1 E26*,Entity
e3025,CDH1 E261*,Entity
e3026,CDH1 E763*,Entity
e3027,CDH1 F810Lfs*6,Entity
e3028,CDH1 G239R,Entity
e3029,CDH1 L355*fs*1,Entity
e3030,CDH1 L667Sfs*12,Entity
e3031,CDH1 N174Kfs*25,Entity
e3032,CDH1 Q383*,Entity
e3033,CDH1 Q641*,Entity
e3034,CDH1 R335*,Entity
e3035,CDH1 R732Q,Entity
e3036,CDH1 S236*,Entity
e3037,CDH1 T340A,Entity
e3038,CDH1 T379T,Entity
e3039,CDH1 W20*,Entity
e3040,CDH1 Y68Ifs*15,Entity
e3041,CDH1 copy number deletion,Entity
e3042,CDH1 inconclusive mutation,Entity
e3043,CDH1 loss-of-function,Entity
e3044,CDH1 mutation,Entity
e3045,CDH1 oncogenic mutation,Entity
e3046,CDH1 truncating mutation,Entity
e3047,CDK12 D877N,Entity
e3048,CDK12 E928_L929insYTKI,Entity
e3049,CDK12 G909R,Entity
e3050,CDK12 K764R,Entity
e3051,CDK12 K975E,Entity
e3052,CDK12 L996F,Entity
e3053,CDK12 R882L,Entity
e3054,CDK12 W719*,Entity
e3055,CDK12 Y901C,Entity
e3056,CDK12 amplification,Entity
e3057,CDK12 copy number deletion,Entity
e3058,CDK12 gain-of-function,Entity
e3059,CDK12 inconclusive mutation,Entity
e3060,CDK12 loss-of-function,Entity
e3061,CDK12 mutation,Entity
e3062,CDK12 oncogenic mutation,Entity
e3063,CDK12 truncating mutation,Entity
e3064,CDK4 F159Lfs*71,Entity
e3065,CDK4 K22A,Entity
e3066,CDK4 R24C,Entity
e3067,CDK4 R24H,Entity
e3068,CDK4 amplification,Entity
e3069,CDK4 expression,Entity
e3070,CDK4 gain-of-function,Entity
e3071,CDK4 mutation,Entity
e3072,CDK4 oncogenic mutation,Entity
e3073,CDK6 A197T,Entity
e3074,CDK6 amplification,Entity
e3075,CDK6 expression,Entity
e3076,CDK6 gain-of-function,Entity
e3077,CDK6 loss-of-function,Entity
e3078,CDK6 mutation,Entity
e3079,CDK6 oncogenic mutation,Entity
e3080,CDK6 overexpression,Entity
e3081,CDK8 amplification,Entity
e3082,CDK8 gain-of-function,Entity
e3083,CDK8 mutation,Entity
e3084,CDKN1A S31R,Entity
e3085,CDKN1A copy number deletion,Entity
e3086,CDKN1A expression,Entity
e3087,CDKN1A inconclusive mutation,Entity
e3088,CDKN1A loss-of-function,Entity
e3089,CDKN1A mutation,Entity
e3090,CDKN1A oncogenic mutation,Entity
e3091,CDKN1A truncating mutation,Entity
e3092,CDKN1B G9R,Entity
e3093,CDKN1B P133T,Entity
e3094,CDKN1B V109G,Entity
e3095,CDKN1B copy number deletion,Entity
e3096,CDKN1B expression,Entity
e3097,CDKN1B inconclusive mutation,Entity
e3098,CDKN1B loss-of-function,Entity
e3099,CDKN1B mutation,Entity
e3100,CDKN1B oncogenic mutation,Entity
e3101,CDKN1B truncating mutation,Entity
e3102,CDKN2A A148T,Entity
e3103,CDKN2A A17dup,Entity
e3104,CDKN2A A36Gfs*8,Entity
e3105,CDKN2A A36P,Entity
e3106,CDKN2A A57V,Entity
e3107,CDKN2A A60R,Entity
e3108,CDKN2A A60V,Entity
e3109,CDKN2A A68T,Entity
e3110,CDKN2A D108G,Entity
e3111,CDKN2A D108H,Entity
e3112,CDKN2A D108N,Entity
e3113,CDKN2A D108V,Entity
e3114,CDKN2A D108Y,Entity
e3115,CDKN2A D153H,Entity
e3116,CDKN2A D153Y,Entity
e3117,CDKN2A D74N,Entity
e3118,CDKN2A D74Y,Entity
e3119,CDKN2A D84F,Entity
e3120,CDKN2A D84G,Entity
e3121,CDKN2A D84H,Entity
e3122,CDKN2A D84N,Entity
e3123,CDKN2A D84V,Entity
e3124,CDKN2A D84Y,Entity
e3125,CDKN2A E61*,Entity
e3126,CDKN2A E69*,Entity
e3127,CDKN2A E69G,Entity
e3128,CDKN2A E88*,Entity
e3129,CDKN2A E88K,Entity
e3130,CDKN2A G101W,Entity
e3131,CDKN2A G23D,Entity
e3132,CDKN2A G35A,Entity
e3133,CDKN2A G35R,Entity
e3134,CDKN2A G35V,Entity
e3135,CDKN2A G45Kfs*9,Entity
e3136,CDKN2A G67R,Entity
e3137,CDKN2A G67S,Entity
e3138,CDKN2A H83N,Entity
e3139,CDKN2A H83Y,Entity
e3140,CDKN2A I49S,Entity
e3141,CDKN2A L16 expression,Entity
e3142,CDKN2A L16P,Entity
e3143,CDKN2A L16Pfs*9,Entity
e3144,CDKN2A L32P,Entity
e3145,CDKN2A L63P,Entity
e3146,CDKN2A L97R,Entity
e3147,CDKN2A M52I,Entity
e3148,CDKN2A M53I,Entity
e3149,CDKN2A N71I,Entity
e3150,CDKN2A N71K,Entity
e3151,CDKN2A N71S,Entity
e3152,CDKN2A P114L,Entity
e3153,CDKN2A P114S,Entity
e3154,CDKN2A P11_S12insGGGEQHGA,Entity
e3155,CDKN2A P48L,Entity
e3156,CDKN2A P48T,Entity
e3157,CDKN2A P81Cfs*34,Entity
e3158,CDKN2A P81L,Entity
e3159,CDKN2A P81T,Entity
e3160,CDKN2A Q50*,Entity
e3161,CDKN2A Q50H,Entity
e3162,CDKN2A Q50P,Entity
e3163,CDKN2A Q50R,Entity
e3164,CDKN2A R112G,Entity
e3165,CDKN2A R112dup,Entity
e3166,CDKN2A R24P,Entity
e3167,CDKN2A R58*,Entity
e3168,CDKN2A R80*,Entity
e3169,CDKN2A R80L,Entity
e3170,CDKN2A R80P,Entity
e3171,CDKN2A R87L,Entity
e3172,CDKN2A R87P,Entity
e3173,CDKN2A R87W,Entity
e3174,CDKN2A R99P,Entity
e3175,CDKN2A S56I,Entity
e3176,CDKN2A S56R,Entity
e3177,CDKN2A T77P,Entity
e3178,CDKN2A V126D,Entity
e3179,CDKN2A V59G,Entity
e3180,CDKN2A W110*,Entity
e3181,CDKN2A absent,Entity
e3182,CDKN2A copy number deletion,Entity
e3183,CDKN2A hypermethylation,Entity
e3184,CDKN2A inconclusive mutation,Entity
e3185,CDKN2A loss-of-function,Entity
e3186,CDKN2A mutation,Entity
e3187,CDKN2A neutral mutation,Entity
e3188,CDKN2A oncogenic mutation,Entity
e3189,CDKN2A truncating mutation,Entity
e3190,CDKN2B A23E,Entity
e3191,CDKN2B D86N,Entity
e3192,CDKN2B E35*,Entity
e3193,CDKN2B N41D,Entity
e3194,CDKN2B P40T,Entity
e3195,CDKN2B absent,Entity
e3196,CDKN2B copy number deletion,Entity
e3197,CDKN2B loss-of-function,Entity
e3198,CDKN2B methylation,Entity
e3199,CDKN2B mutation,Entity
e3200,CDKN2B oncogenic mutation,Entity
e3201,CDKN2B truncating mutation,Entity
e3202,CDKN2C copy number deletion,Entity
e3203,CDKN2C loss-of-function,Entity
e3204,CDKN2C mutation,Entity
e3205,CDKN2C oncogenic mutation,Entity
e3206,CDKN2C truncating mutation,Entity
e3207,CDX2 expression,Entity
e3208,CDX2 mutation,Entity
e3209,CEBPA A72Gfs*37,Entity
e3210,CEBPA E50*,Entity
e3211,CEBPA H84L,Entity
e3212,CEBPA Q312dup,Entity
e3213,CEBPA biallelic inactivation,Entity
e3214,CEBPA frameshift mutation,Entity
e3215,CEBPA loss-of-function,Entity
e3216,CEBPA mutation,Entity
e3217,CEBPA oncogenic mutation,Entity
e3218,CEBPA truncating mutation,Entity
e3219,CENPC fusion,Entity
e3220,CENPC gain-of-function,Entity
e3221,CENPC mutation,Entity
e3222,CFLAR expression,Entity
e3223,CFLAR mutation,Entity
e3224,CHD7 fusion,Entity
e3225,CHD7 gain-of-function,Entity
e3226,CHD7 mutation,Entity
e3227,CHEK1 loss-of-function,Entity
e3228,CHEK1 mutation,Entity
e3229,CHEK1 oncogenic mutation,Entity
e3230,CHEK1 overexpression,Entity
e3231,CHEK1 truncating mutation,Entity
e3232,CHEK2 D497Ifs*16,Entity
e3233,CHEK2 E122Nfs*9,Entity
e3234,CHEK2 E161del,Entity
e3235,CHEK2 E219Nfs*16,Entity
e3236,CHEK2 E239*,Entity
e3237,CHEK2 E308Rfs*4,Entity
e3238,CHEK2 E321K,Entity
e3239,CHEK2 E457Rfs*33,Entity
e3240,CHEK2 E479Kfs*3,Entity
e3241,CHEK2 E502Rfs*12,Entity
e3242,CHEK2 E64K,Entity
e3243,CHEK2 F169Lfs*2,Entity
e3244,CHEK2 F418Lfs*19,Entity
e3245,CHEK2 G176Rfs*10,Entity
e3246,CHEK2 H371Y,Entity
e3247,CHEK2 I157T,Entity
e3248,CHEK2 I189V,Entity
e3249,CHEK2 K135Nfs*26,Entity
e3250,CHEK2 K373E,Entity
e3251,CHEK2 L301Wfs*3,Entity
e3252,CHEK2 M222Nfs*24,Entity
e3253,CHEK2 P85L,Entity
e3254,CHEK2 Q29*,Entity
e3255,CHEK2 Q51*,Entity
e3256,CHEK2 Q83Kfs*27,Entity
e3257,CHEK2 R117G,Entity
e3258,CHEK2 R137*,Entity
e3259,CHEK2 R145W,Entity
e3260,CHEK2 R180H,Entity
e3261,CHEK2 R181C,Entity
e3262,CHEK2 R346H,Entity
e3263,CHEK2 R474C,Entity
e3264,CHEK2 R519*,Entity
e3265,CHEK2 R95*,Entity
e3266,CHEK2 S194Tfs*11,Entity
e3267,CHEK2 S372F,Entity
e3268,CHEK2 S422Vfs*15,Entity
e3269,CHEK2 S428F,Entity
e3270,CHEK2 T367Mfs*15,Entity
e3271,CHEK2 V198Ffs*7,Entity
e3272,CHEK2 W452*,Entity
e3273,CHEK2 W93*,Entity
e3274,CHEK2 W93Gfs*17,Entity
e3275,CHEK2 Y337*,Entity
e3276,CHEK2 Y404*,Entity
e3277,CHEK2 Y72*,Entity
e3278,CHEK2 copy number deletion,Entity
e3279,CHEK2 inconclusive mutation,Entity
e3280,CHEK2 loss-of-function,Entity
e3281,CHEK2 mutation,Entity
e3282,CHEK2 neutral mutation,Entity
e3283,CHEK2 oncogenic mutation,Entity
e3284,CHEK2 truncating mutation,Entity
e3285,CHTF8 copy number deletion,Entity
e3286,CHTF8 loss-of-function,Entity
e3287,CHTF8 mutation,Entity
e3288,CIC A1185T,Entity
e3289,CIC A281S,Entity
e3290,CIC G107E,Entity
e3291,CIC G1098D,Entity
e3292,CIC P722L,Entity
e3293,CIC Q1516H,Entity
e3294,CIC Q247R,Entity
e3295,CIC R1515C,Entity
e3296,CIC R1515H,Entity
e3297,CIC R1515L,Entity
e3298,CIC R181W,Entity
e3299,CIC R201W,Entity
e3300,CIC R202Q,Entity
e3301,CIC R202W,Entity
e3302,CIC R215W,Entity
e3303,CIC R666C,Entity
e3304,CIC S649F,Entity
e3305,CIC copy number deletion,Entity
e3306,CIC fusion,Entity
e3307,CIC gain-of-function,Entity
e3308,CIC loss-of-function,Entity
e3309,CIC mutation,Entity
e3310,CIC truncating mutation,Entity
e3311,CIITA C715Y,Entity
e3312,CIITA D71N,Entity
e3313,CIITA S11P,Entity
e3314,CIITA T636M,Entity
e3315,CIITA copy number deletion,Entity
e3316,CIITA fusion,Entity
e3317,CIITA gain-of-function,Entity
e3318,CIITA loss-of-function,Entity
e3319,CIITA mutation,Entity
e3320,CIITA neutral mutation,Entity
e3321,CIITA truncating mutation,Entity
e3322,CIP2A expression,Entity
e3323,CIP2A mutation,Entity
e3324,CIP2A underexpression,Entity
e3325,CLTC fusion,Entity
e3326,CLTC gain-of-function,Entity
e3327,CLTC mutation,Entity
e3328,CMTR2 D235A,Entity
e3329,CMTR2 K117A,Entity
e3330,CMTR2 K275A,Entity
e3331,CMTR2 loss-of-function,Entity
e3332,CMTR2 mutation,Entity
e3333,COL1A1 fusion,Entity
e3334,COL1A1 gain-of-function,Entity
e3335,COL1A1 mutation,Entity
e3336,COP1 copy number deletion,Entity
e3337,COP1 loss-of-function,Entity
e3338,COP1 mutation,Entity
e3339,CRBN Q100*,Entity
e3340,CRBN R283K,Entity
e3341,CRBN R419*,Entity
e3342,CRBN loss-of-function,Entity
e3343,CRBN mutation,Entity
e3344,CRBN oncogenic mutation,Entity
e3345,CRBN truncating mutation,Entity
e3346,CRBN underexpression,Entity
e3347,CREB1 fusion,Entity
e3348,CREB1 gain-of-function,Entity
e3349,CREB1 mutation,Entity
e3350,CREBBP D1435E,Entity
e3351,CREBBP D1435H,Entity
e3352,CREBBP H1487Y,Entity
e3353,CREBBP K1320R,Entity
e3354,CREBBP Q1500P,Entity
e3355,CREBBP R1446C,Entity
e3356,CREBBP R1446G,Entity
e3357,CREBBP R1446H,Entity
e3358,CREBBP R1563S,Entity
e3359,CREBBP S1436N,Entity
e3360,CREBBP S1680del,Entity
e3361,CREBBP W1502A,Entity
e3362,CREBBP W1502C,Entity
e3363,CREBBP Y1450C,Entity
e3364,CREBBP Y1482H,Entity
e3365,CREBBP Y1503D,Entity
e3366,CREBBP Y1503F,Entity
e3367,CREBBP Y1503S,Entity
e3368,CREBBP copy number deletion,Entity
e3369,CREBBP fusion,Entity
e3370,CREBBP gain-of-function,Entity
e3371,CREBBP loss-of-function,Entity
e3372,CREBBP mutation,Entity
e3373,CREBBP neutral mutation,Entity
e3374,CREBBP oncogenic mutation,Entity
e3375,CREBBP truncating mutation,Entity
e3376,CRLF2 F232C,Entity
e3377,CRLF2 amplification,Entity
e3378,CRLF2 fusion,Entity
e3379,CRLF2 gain-of-function,Entity
e3380,CRLF2 mutation,Entity
e3381,CRLF2 oncogenic mutation,Entity
e3382,CSF1R E633K,Entity
e3383,CSF1R G585_K619delinsA,Entity
e3384,CSF1R I794T,Entity
e3385,CSF1R L301*,Entity
e3386,CSF1R L301S,Entity
e3387,CSF1R M875T,Entity
e3388,CSF1R P386L,Entity
e3389,CSF1R W450_E456del,Entity
e3390,CSF1R Y546_K551del,Entity
e3391,CSF1R Y561_I564del,Entity
e3392,CSF1R Y571D,Entity
e3393,CSF1R Y969*,Entity
e3394,CSF1R Y969C,Entity
e3395,CSF1R Y969F,Entity
e3396,CSF1R Y969H,Entity
e3397,CSF1R fusion,Entity
e3398,CSF1R gain-of-function,Entity
e3399,CSF1R inconclusive mutation,Entity
e3400,CSF1R loss-of-function,Entity
e3401,CSF1R mutation,Entity
e3402,CSF1R oncogenic mutation,Entity
e3403,CSF3R D771fs,Entity
e3404,CSF3R Q749X,Entity
e3405,CSF3R R308C,Entity
e3406,CSF3R S783fs,Entity
e3407,CSF3R T615A,Entity
e3408,CSF3R T618I,Entity
e3409,CSF3R gain-of-function,Entity
e3410,CSF3R mutation,Entity
e3411,CSF3R oncogenic mutation,Entity
e3412,CTAG1B mutation,Entity
e3413,CTAG1B overexpression,Entity
e3414,CTAG2 mutation,Entity
e3415,CTAG2 overexpression,Entity
e3416,CTCF H284N,Entity
e3417,CTCF H284P,Entity
e3418,CTCF H284Y,Entity
e3419,CTCF K365T,Entity
e3420,CTCF P378L,Entity
e3421,CTCF R339W,Entity
e3422,CTCF R377H,Entity
e3423,CTCF Y226C,Entity
e3424,CTCF copy number deletion,Entity
e3425,CTCF loss-of-function,Entity
e3426,CTCF mutation,Entity
e3427,CTCF neutral mutation,Entity
e3428,CTCF oncogenic mutation,Entity
e3429,CTCF truncating mutation,Entity
e3430,CTLA4 T17A,Entity
e3431,CTLA4 fusion,Entity
e3432,CTLA4 gain-of-function,Entity
e3433,CTLA4 inconclusive mutation,Entity
e3434,CTLA4 mutation,Entity
e3435,CTLA4 oncogenic mutation,Entity
e3436,CTNNB1 A13T,Entity
e3437,CTNNB1 A21T,Entity
e3438,CTNNB1 D32A,Entity
e3439,CTNNB1 D32G,Entity
e3440,CTNNB1 D32H,Entity
e3441,CTNNB1 D32N,Entity
e3442,CTNNB1 D32V,Entity
e3443,CTNNB1 D32Y,Entity
e3444,CTNNB1 G34A,Entity
e3445,CTNNB1 G34E,Entity
e3446,CTNNB1 G34R,Entity
e3447,CTNNB1 G34V,Entity
e3448,CTNNB1 H36P,Entity
e3449,CTNNB1 H36Y,Entity
e3450,CTNNB1 I35S,Entity
e3451,CTNNB1 K335I,Entity
e3452,CTNNB1 K335T,Entity
e3453,CTNNB1 N387K,Entity
e3454,CTNNB1 P44A,Entity
e3455,CTNNB1 S23R,Entity
e3456,CTNNB1 S33A,Entity
e3457,CTNNB1 S33C,Entity
e3458,CTNNB1 S33F,Entity
e3459,CTNNB1 S33P,Entity
e3460,CTNNB1 S33Y,Entity
e3461,CTNNB1 S37A,Entity
e3462,CTNNB1 S37C,Entity
e3463,CTNNB1 S37F,Entity
e3464,CTNNB1 S37P,Entity
e3465,CTNNB1 S37Y,Entity
e3466,CTNNB1 S45A,Entity
e3467,CTNNB1 S45C,Entity
e3468,CTNNB1 S45F,Entity
e3469,CTNNB1 S45P,Entity
e3470,CTNNB1 S45Y,Entity
e3471,CTNNB1 S45del,Entity
e3472,CTNNB1 T40A,Entity
e3473,CTNNB1 T40I,Entity
e3474,CTNNB1 T40P,Entity
e3475,CTNNB1 T40S,Entity
e3476,CTNNB1 T41A,Entity
e3477,CTNNB1 T41I,Entity
e3478,CTNNB1 V22A,Entity
e3479,CTNNB1 V22_G38del,Entity
e3480,CTNNB1 W25_D32del,Entity
e3481,CTNNB1 W383G,Entity
e3482,CTNNB1 W383R,Entity
e3483,CTNNB1 W383S,Entity
e3484,CTNNB1 activating mutation,Entity
e3485,CTNNB1 exon 3 mutation,Entity
e3486,CTNNB1 gain-of-function,Entity
e3487,CTNNB1 mutation,Entity
e3488,CTNNB1 oncogenic mutation,Entity
e3489,CTR9 A220T,Entity
e3490,CTR9 P164S,Entity
e3491,CTR9 R201C,Entity
e3492,CTR9 R98W,Entity
e3493,CTR9 loss-of-function,Entity
e3494,CTR9 mutation,Entity
e3495,CTR9 neutral mutation,Entity
e3496,CUX1 fusion,Entity
e3497,CUX1 gain-of-function,Entity
e3498,CUX1 loss-of-function,Entity
e3499,CUX1 mutation,Entity
e3500,CUX1 truncating mutation,Entity
e3501,CXCR4 R334*,Entity
e3502,CXCR4 S330_S352fs,Entity
e3503,CXCR4 S338*,Entity
e3504,CXCR4 amplification,Entity
e3505,CXCR4 expression,Entity
e3506,CXCR4 gain-of-function,Entity
e3507,CXCR4 mutation,Entity
e3508,CXCR4 oncogenic mutation,Entity
e3509,CYLD loss-of-function,Entity
e3510,CYLD mutation,Entity
e3511,CYLD truncating mutation,Entity
e3512,CYP17A1 expression,Entity
e3513,CYP17A1 mutation,Entity
e3514,CYP19A1 amplification,Entity
e3515,CYP19A1 gain-of-function,Entity
e3516,CYP19A1 mutation,Entity
e3517,CYP2D6 loss-of-function,Entity
e3518,CYP2D6 mutation,Entity
e3519,CYSLTR2 L129Q,Entity
e3520,CYSLTR2 gain-of-function,Entity
e3521,CYSLTR2 mutation,Entity
e3522,CYSLTR2 oncogenic mutation,Entity
e3523,DAXX copy number deletion,Entity
e3524,DAXX loss-of-function,Entity
e3525,DAXX mutation,Entity
e3526,DAXX truncating mutation,Entity
e3527,DCC M168T,Entity
e3528,DCC P1375H,Entity
e3529,DCC expression,Entity
e3530,DCC mutation,Entity
e3531,DCC oncogenic mutation,Entity
e3532,DCTN1 fusion,Entity
e3533,DCTN1 gain-of-function,Entity
e3534,DCTN1 mutation,Entity
e3535,DCUN1D1 L30A,Entity
e3536,DCUN1D1 gain-of-function,Entity
e3537,DCUN1D1 mutation,Entity
e3538,DDIT3 fusion,Entity
e3539,DDIT3 gain-of-function,Entity
e3540,DDIT3 mutation,Entity
e3541,DDR2 G253C,Entity
e3542,DDR2 G505S,Entity
e3543,DDR2 G774V,Entity
e3544,DDR2 I638F,Entity
e3545,DDR2 L239R,Entity
e3546,DDR2 L63V,Entity
e3547,DDR2 S768R,Entity
e3548,DDR2 T654I,Entity
e3549,DDR2 T654M,Entity
e3550,DDR2 amplification,Entity
e3551,DDR2 fusion,Entity
e3552,DDR2 gain-of-function,Entity
e3553,DDR2 inconclusive mutation,Entity
e3554,DDR2 mutation,Entity
e3555,DDR2 oncogenic mutation,Entity
e3556,DDX3X A222P,Entity
e3557,DDX3X D354V,Entity
e3558,DDX3X G302V,Entity
e3559,DDX3X G325E,Entity
e3560,DDX3X L353F,Entity
e3561,DDX3X L43A,Entity
e3562,DDX3X M370R,Entity
e3563,DDX3X R351W,Entity
e3564,DDX3X T275M,Entity
e3565,DDX3X Y38A,Entity
e3566,DDX3X loss-of-function,Entity
e3567,DDX3X mutation,Entity
e3568,DDX3X truncating mutation,Entity
e3569,DDX41 R164W,Entity
e3570,DDX41 R525H,Entity
e3571,DDX41 inconclusive mutation,Entity
e3572,DDX41 loss-of-function,Entity
e3573,DDX41 mutation,Entity
e3574,DDX41 truncating mutation,Entity
e3575,DDX43 mutation,Entity
e3576,DDX43 overexpression,Entity
e3577,DEFA1 expression,Entity
e3578,DEFA1 mutation,Entity
e3579,DEK fusion,Entity
e3580,DEK gain-of-function,Entity
e3581,DEK mutation,Entity
e3582,DEK::NUP214 fusion,Entity
e3583,DICER1 D1320A,Entity
e3584,DICER1 D1709A,Entity
e3585,DICER1 D1709E,Entity
e3586,DICER1 D1709G,Entity
e3587,DICER1 D1709N,Entity
e3588,DICER1 D1810A,Entity
e3589,DICER1 D1810Y,Entity
e3590,DICER1 E1564A,Entity
e3591,DICER1 E1705A,Entity
e3592,DICER1 E1705K,Entity
e3593,DICER1 E1813A,Entity
e3594,DICER1 E1813G,Entity
e3595,DICER1 E1813Q,Entity
e3596,DICER1 G1809K,Entity
e3597,DICER1 G1809R,Entity
e3598,DICER1 R944Q,Entity
e3599,DICER1 S1344L,Entity
e3600,DICER1 copy number deletion,Entity
e3601,DICER1 loss-of-function,Entity
e3602,DICER1 mutation,Entity
e3603,DICER1 neutral mutation,Entity
e3604,DICER1 oncogenic mutation,Entity
e3605,DICER1 truncating mutation,Entity
e3606,DIS3 R780K,Entity
e3607,DIS3 loss-of-function,Entity
e3608,DIS3 mutation,Entity
e3609,DIS3 oncogenic mutation,Entity
e3610,DIS3 truncating mutation,Entity
e3611,DKK1 E232K,Entity
e3612,DKK1 F234K,Entity
e3613,DKK1 H229E,Entity
e3614,DKK1 K226E,Entity
e3615,DKK1 W206E,Entity
e3616,DKK1 expression,Entity
e3617,DKK1 loss-of-function,Entity
e3618,DKK1 mutation,Entity
e3619,DKK1 neutral mutation,Entity
e3620,DLC1 T959A,Entity
e3621,DLC1 mutation,Entity
e3622,DLC1 oncogenic mutation,Entity
e3623,DNAJB1 fusion,Entity
e3624,DNAJB1 gain-of-function,Entity
e3625,DNAJB1 mutation,Entity
e3626,DNMT1 expression,Entity
e3627,DNMT1 mutation,Entity
e3628,DNMT3A A192E,Entity
e3629,DNMT3A A254T,Entity
e3630,DNMT3A A322T,Entity
e3631,DNMT3A A368T,Entity
e3632,DNMT3A A376D,Entity
e3633,DNMT3A A380T,Entity
e3634,DNMT3A A410T,Entity
e3635,DNMT3A A525V,Entity
e3636,DNMT3A A571P,Entity
e3637,DNMT3A A572D,Entity
e3638,DNMT3A A575T,Entity
e3639,DNMT3A A662D,Entity
e3640,DNMT3A A741P,Entity
e3641,DNMT3A A825V,Entity
e3642,DNMT3A A884V,Entity
e3643,DNMT3A A910V,Entity
e3644,DNMT3A C494F,Entity
e3645,DNMT3A C497Y,Entity
e3646,DNMT3A C514F,Entity
e3647,DNMT3A C517R,Entity
e3648,DNMT3A C537S,Entity
e3649,DNMT3A C549R,Entity
e3650,DNMT3A C554Y,Entity
e3651,DNMT3A C562R,Entity
e3652,DNMT3A C583Y,Entity
e3653,DNMT3A C586Y,Entity
e3654,DNMT3A C710S,Entity
e3655,DNMT3A C911F,Entity
e3656,DNMT3A D438N,Entity
e3657,DNMT3A D529N,Entity
e3658,DNMT3A D531N,Entity
e3659,DNMT3A D579G,Entity
e3660,DNMT3A D641G,Entity
e3661,DNMT3A D668A,Entity
e3662,DNMT3A D686Y,Entity
e3663,DNMT3A D702G,Entity
e3664,DNMT3A D747A,Entity
e3665,DNMT3A D768Y,Entity
e3666,DNMT3A D781G,Entity
e3667,DNMT3A D811V,Entity
e3668,DNMT3A D857N,Entity
e3669,DNMT3A E281K,Entity
e3670,DNMT3A E30A,Entity
e3671,DNMT3A E342K,Entity
e3672,DNMT3A E400D,Entity
e3673,DNMT3A E426D,Entity
e3674,DNMT3A E428Q,Entity
e3675,DNMT3A E477K,Entity
e3676,DNMT3A E545G,Entity
e3677,DNMT3A E733A,Entity
e3678,DNMT3A E756A,Entity
e3679,DNMT3A E774K,Entity
e3680,DNMT3A E814G,Entity
e3681,DNMT3A E865V,Entity
e3682,DNMT3A E907V,Entity
e3683,DNMT3A F290S,Entity
e3684,DNMT3A F414S,Entity
e3685,DNMT3A F701L,Entity
e3686,DNMT3A F731L,Entity
e3687,DNMT3A F731del,Entity
e3688,DNMT3A F734L,Entity
e3689,DNMT3A F751I,Entity
e3690,DNMT3A F752del,Entity
e3691,DNMT3A F755L,Entity
e3692,DNMT3A F772L,Entity
e3693,DNMT3A F794L,Entity
e3694,DNMT3A F868V,Entity
e3695,DNMT3A F902S,Entity
e3696,DNMT3A F902del,Entity
e3697,DNMT3A F909C,Entity
e3698,DNMT3A G293V,Entity
e3699,DNMT3A G298E,Entity
e3700,DNMT3A G302D,Entity
e3701,DNMT3A G308D,Entity
e3702,DNMT3A G324V,Entity
e3703,DNMT3A G332R,Entity
e3704,DNMT3A G413S,Entity
e3705,DNMT3A G511R,Entity
e3706,DNMT3A G532S,Entity
e3707,DNMT3A G543C,Entity
e3708,DNMT3A G550R,Entity
e3709,DNMT3A G642E,Entity
e3710,DNMT3A G646E,Entity
e3711,DNMT3A G685R,Entity
e3712,DNMT3A G699D,Entity
e3713,DNMT3A G706R,Entity
e3714,DNMT3A G707D,Entity
e3715,DNMT3A G728D,Entity
e3716,DNMT3A G796C,Entity
e3717,DNMT3A G800S,Entity
e3718,DNMT3A G822D,Entity
e3719,DNMT3A G869C,Entity
e3720,DNMT3A H677R,Entity
e3721,DNMT3A H739A,Entity
e3722,DNMT3A H783R,Entity
e3723,DNMT3A H789Q,Entity
e3724,DNMT3A H873N,Entity
e3725,DNMT3A I292T,Entity
e3726,DNMT3A I310N,Entity
e3727,DNMT3A I369N,Entity
e3728,DNMT3A I407T,Entity
e3729,DNMT3A I495N,Entity
e3730,DNMT3A I661N,Entity
e3731,DNMT3A I695L,Entity
e3732,DNMT3A I705T,Entity
e3733,DNMT3A I769N,Entity
e3734,DNMT3A I780T,Entity
e3735,DNMT3A I898T,Entity
e3736,DNMT3A K272N,Entity
e3737,DNMT3A K299N,Entity
e3738,DNMT3A K361R,Entity
e3739,DNMT3A K455Q,Entity
e3740,DNMT3A K518N,Entity
e3741,DNMT3A K826R,Entity
e3742,DNMT3A K829R,Entity
e3743,DNMT3A K906N,Entity
e3744,DNMT3A L295P,Entity
e3745,DNMT3A L344Q,Entity
e3746,DNMT3A L508P,Entity
e3747,DNMT3A L547H,Entity
e3748,DNMT3A L637Q,Entity
e3749,DNMT3A L639R,Entity
e3750,DNMT3A L647R,Entity
e3751,DNMT3A L648P,Entity
e3752,DNMT3A L650P,Entity
e3753,DNMT3A L653W,Entity
e3754,DNMT3A L703V,Entity
e3755,DNMT3A L737F,Entity
e3756,DNMT3A L754R,Entity
e3757,DNMT3A L798P,Entity
e3758,DNMT3A L813Q,Entity
e3759,DNMT3A L815Q,Entity
e3760,DNMT3A L901R,Entity
e3761,DNMT3A L905R,Entity
e3762,DNMT3A M548K,Entity
e3763,DNMT3A M761I,Entity
e3764,DNMT3A M801T,Entity
e3765,DNMT3A M880V,Entity
e3766,DNMT3A N717S,Entity
e3767,DNMT3A N797D,Entity
e3768,DNMT3A N838D,Entity
e3769,DNMT3A N879D,Entity
e3770,DNMT3A N90S,Entity
e3771,DNMT3A P307S,Entity
e3772,DNMT3A P385L,Entity
e3773,DNMT3A P419T,Entity
e3774,DNMT3A P424T,Entity
e3775,DNMT3A P431S,Entity
e3776,DNMT3A P507R,Entity
e3777,DNMT3A P580L,Entity
e3778,DNMT3A P627R,Entity
e3779,DNMT3A P700L,Entity
e3780,DNMT3A P709L,Entity
e3781,DNMT3A P718R,Entity
e3782,DNMT3A P743S,Entity
e3783,DNMT3A P777L,Entity
e3784,DNMT3A P799A,Entity
e3785,DNMT3A P804S,Entity
e3786,DNMT3A P849L,Entity
e3787,DNMT3A P896S,Entity
e3788,DNMT3A P904L,Entity
e3789,DNMT3A Q527H,Entity
e3790,DNMT3A Q573L,Entity
e3791,DNMT3A Q886R,Entity
e3792,DNMT3A R181C,Entity
e3793,DNMT3A R183W,Entity
e3794,DNMT3A R19W,Entity
e3795,DNMT3A R288W,Entity
e3796,DNMT3A R301W,Entity
e3797,DNMT3A R309G,Entity
e3798,DNMT3A R318Q,Entity
e3799,DNMT3A R326S,Entity
e3800,DNMT3A R366H,Entity
e3801,DNMT3A R366S,Entity
e3802,DNMT3A R379H,Entity
e3803,DNMT3A R458P,Entity
e3804,DNMT3A R474G,Entity
e3805,DNMT3A R478W,Entity
e3806,DNMT3A R484W,Entity
e3807,DNMT3A R556S,Entity
e3808,DNMT3A R596W,Entity
e3809,DNMT3A R598Q,Entity
e3810,DNMT3A R604Q,Entity
e3811,DNMT3A R631G,Entity
e3812,DNMT3A R635Q,Entity
e3813,DNMT3A R635W,Entity
e3814,DNMT3A R659H,Entity
e3815,DNMT3A R676W,Entity
e3816,DNMT3A R688S,Entity
e3817,DNMT3A R720H,Entity
e3818,DNMT3A R729W,Entity
e3819,DNMT3A R736C,Entity
e3820,DNMT3A R736H,Entity
e3821,DNMT3A R742P,Entity
e3822,DNMT3A R749C,Entity
e3823,DNMT3A R771L,Entity
e3824,DNMT3A R771P,Entity
e3825,DNMT3A R792H,Entity
e3826,DNMT3A R803S,Entity
e3827,DNMT3A R836W,Entity
e3828,DNMT3A R882C,Entity
e3829,DNMT3A R882G,Entity
e3830,DNMT3A R882H,Entity
e3831,DNMT3A R882L,Entity
e3832,DNMT3A R882P,Entity
e3833,DNMT3A R882S,Entity
e3834,DNMT3A R882X,Entity
e3835,DNMT3A R899H,Entity
e3836,DNMT3A S267F,Entity
e3837,DNMT3A S312Y,Entity
e3838,DNMT3A S337L,Entity
e3839,DNMT3A S352N,Entity
e3840,DNMT3A S378N,Entity
e3841,DNMT3A S638F,Entity
e3842,DNMT3A S663W,Entity
e3843,DNMT3A S669F,Entity
e3844,DNMT3A S714C,Entity
e3845,DNMT3A S770L,Entity
e3846,DNMT3A S770W,Entity
e3847,DNMT3A S828N,Entity
e3848,DNMT3A S881I,Entity
e3849,DNMT3A T316M,Entity
e3850,DNMT3A T437M,Entity
e3851,DNMT3A T645A,Entity
e3852,DNMT3A T691I,Entity
e3853,DNMT3A T835M,Entity
e3854,DNMT3A V328D,Entity
e3855,DNMT3A V339del,Entity
e3856,DNMT3A V563M,Entity
e3857,DNMT3A V567del,Entity
e3858,DNMT3A V636M,Entity
e3859,DNMT3A V649L,Entity
e3860,DNMT3A V657G,Entity
e3861,DNMT3A V665L,Entity
e3862,DNMT3A V672G,Entity
e3863,DNMT3A V675L,Entity
e3864,DNMT3A V684D,Entity
e3865,DNMT3A V687D,Entity
e3866,DNMT3A V690D,Entity
e3867,DNMT3A V704M,Entity
e3868,DNMT3A V716I,Entity
e3869,DNMT3A V758del,Entity
e3870,DNMT3A V759L,Entity
e3871,DNMT3A V759del,Entity
e3872,DNMT3A V778G,Entity
e3873,DNMT3A V850I,Entity
e3874,DNMT3A V872I,Entity
e3875,DNMT3A W297del,Entity
e3876,DNMT3A W314S,Entity
e3877,DNMT3A W581R,Entity
e3878,DNMT3A W795C,Entity
e3879,DNMT3A W860R,Entity
e3880,DNMT3A W893S,Entity
e3881,DNMT3A Y359D,Entity
e3882,DNMT3A Y365C,Entity
e3883,DNMT3A Y436S,Entity
e3884,DNMT3A Y533C,Entity
e3885,DNMT3A Y623D,Entity
e3886,DNMT3A Y660C,Entity
e3887,DNMT3A Y735C,Entity
e3888,DNMT3A Y793D,Entity
e3889,DNMT3A Y908C,Entity
e3890,DNMT3A copy number deletion,Entity
e3891,DNMT3A inconclusive mutation,Entity
e3892,DNMT3A loss-of-function,Entity
e3893,DNMT3A mutation,Entity
e3894,DNMT3A neutral mutation,Entity
e3895,DNMT3A oncogenic mutation,Entity
e3896,DNMT3A truncating mutation,Entity
e3897,DNMT3B amplification,Entity
e3898,DNMT3B copy number deletion,Entity
e3899,DNMT3B gain-of-function,Entity
e3900,DNMT3B loss-of-function,Entity
e3901,DNMT3B mutation,Entity
e3902,DNMT3B truncating mutation,Entity
e3903,DPYD D949V,Entity
e3904,DPYD I560S,Entity
e3905,DPYD biallelic inactivation,Entity
e3906,DPYD exon 11-19 deletion,Entity
e3907,DPYD mutation,Entity
e3908,DPYD splice donor variant,Entity
e3909,DTX1 A56T,Entity
e3910,DTX1 D75A,Entity
e3911,DTX1 E33D,Entity
e3912,DTX1 E49D,Entity
e3913,DTX1 F17Y,Entity
e3914,DTX1 F82L,Entity
e3915,DTX1 G58D,Entity
e3916,DTX1 H34N,Entity
e3917,DTX1 H34R,Entity
e3918,DTX1 H34Y,Entity
e3919,DTX1 P11S,Entity
e3920,DTX1 P11fs*2,Entity
e3921,DTX1 Q81L,Entity
e3922,DTX1 W30*,Entity
e3923,DTX1 loss-of-function,Entity
e3924,DTX1 mutation,Entity
e3925,DTX1 neutral mutation,Entity
e3926,DTX1 truncating mutation,Entity
e3927,DUSP22 fusion,Entity
e3928,DUSP22 gain-of-function,Entity
e3929,DUSP22 loss-of-function,Entity
e3930,DUSP22 mutation,Entity
e3931,DUSP22 truncating mutation,Entity
e3932,DUSP4 copy number deletion,Entity
e3933,DUSP4 inconclusive mutation,Entity
e3934,DUSP4 loss-of-function,Entity
e3935,DUSP4 mutation,Entity
e3936,DUSP4 truncating mutation,Entity
e3937,DUSP6 expression,Entity
e3938,DUSP6 mutation,Entity
e3939,DUX4 fusion,Entity
e3940,DUX4 gain-of-function,Entity
e3941,DUX4 mutation,Entity
e3942,EBF1 fusion,Entity
e3943,EBF1 gain-of-function,Entity
e3944,EBF1 mutation,Entity
e3945,ECSCR expression,Entity
e3946,ECSCR mutation,Entity
e3947,ECSIT T419C,Entity
e3948,ECSIT V140A,Entity
e3949,ECSIT amplification,Entity
e3950,ECSIT gain-of-function,Entity
e3951,ECSIT mutation,Entity
e3952,ECT2L inconclusive mutation,Entity
e3953,ECT2L loss-of-function,Entity
e3954,ECT2L mutation,Entity
e3955,ECT2L oncogenic mutation,Entity
e3956,ECT2L truncating mutation,Entity
e3957,EED copy number deletion,Entity
e3958,EED loss-of-function,Entity
e3959,EED mutation,Entity
e3960,EED oncogenic mutation,Entity
e3961,EED truncating mutation,Entity
e3962,EGF expression,Entity
e3963,EGF mutation,Entity
e3964,EGFR A1118S,Entity
e3965,EGFR A289D,Entity
e3966,EGFR A289I,Entity
e3967,EGFR A289T,Entity
e3968,EGFR A289V,Entity
e3969,EGFR A508V,Entity
e3970,EGFR A611T,Entity
e3971,EGFR A647T,Entity
e3972,EGFR A750P,Entity
e3973,EGFR A750_E758del,Entity
e3974,EGFR A750_E758delinsP,Entity
e3975,EGFR A755G,Entity
e3976,EGFR A763_Y764insFQEA,Entity
e3977,EGFR A763insLQEA,Entity
e3978,EGFR A767T,Entity
e3979,EGFR A767_S768insASV,Entity
e3980,EGFR A767_V769del,Entity
e3981,EGFR A767_V769dup,Entity
e3982,EGFR A859T,Entity
e3983,EGFR A864T,Entity
e3984,EGFR A871G,Entity
e3985,EGFR C620Y,Entity
e3986,EGFR C624F,Entity
e3987,EGFR C628Y,Entity
e3988,EGFR C797G,Entity
e3989,EGFR C797S,Entity
e3990,EGFR C797X,Entity
e3991,EGFR C797Y,Entity
e3992,EGFR D1009N,Entity
e3993,EGFR D191N,Entity
e3994,EGFR D256Y,Entity
e3995,EGFR D587H,Entity
e3996,EGFR D761N,Entity
e3997,EGFR D761Y,Entity
e3998,EGFR D770_N771insD,Entity
e3999,EGFR D770_N771insG,Entity
e4000,EGFR D770_N771insGF,Entity
e4001,EGFR D770_N771insGL,Entity
e4002,EGFR D770_N771insGT,Entity
e4003,EGFR D770_N771insNPG,Entity
e4004,EGFR D770_N771insSVD,Entity
e4005,EGFR D770_N771insVDSVDNP,Entity
e4006,EGFR D770_N771insY,Entity
e4007,EGFR D770_P772dup,Entity
e4008,EGFR D770delinsGY,Entity
e4009,EGFR D837A,Entity
e4010,EGFR E114K,Entity
e4011,EGFR E282K,Entity
e4012,EGFR E330K,Entity
e4013,EGFR E45Q,Entity
e4014,EGFR E685K,Entity
e4015,EGFR E690K,Entity
e4016,EGFR E709A,Entity
e4017,EGFR E709G,Entity
e4018,EGFR E709K,Entity
e4019,EGFR E709Q,Entity
e4020,EGFR E709V,Entity
e4021,EGFR E709_T710delinsD,Entity
e4022,EGFR E734K,Entity
e4023,EGFR E734Q,Entity
e4024,EGFR E746G,Entity
e4025,EGFR E746K,Entity
e4026,EGFR E746_A750del,Entity
e4027,EGFR E746_A750delinsQ,Entity
e4028,EGFR E746_S752delinsA,Entity
e4029,EGFR E746_S752delinsI,Entity
e4030,EGFR E746_S752delinsV,Entity
e4031,EGFR E746_T751delinsA,Entity
e4032,EGFR E746_T751delinsI,Entity
e4033,EGFR E746_T751delinsL,Entity
e4034,EGFR E746_T751delinsVA,Entity
e4035,EGFR E746_T751insIP,Entity
e4036,EGFR E804G,Entity
e4037,EGFR E865K,Entity
e4038,EGFR E866K,Entity
e4039,EGFR E868G,Entity
e4040,EGFR E884K,Entity
e4041,EGFR E931G,Entity
e4042,EGFR F712L,Entity
e4043,EGFR G428D,Entity
e4044,EGFR G465R,Entity
e4045,EGFR G588S,Entity
e4046,EGFR G598A,Entity
e4047,EGFR G598V,Entity
e4048,EGFR G63R,Entity
e4049,EGFR G652R,Entity
e4050,EGFR G719A,Entity
e4051,EGFR G719C,Entity
e4052,EGFR G719D,Entity
e4053,EGFR G719S,Entity
e4054,EGFR G719X,Entity
e4055,EGFR G724S,Entity
e4056,EGFR G735S,Entity
e4057,EGFR G779F,Entity
e4058,EGFR G796D,Entity
e4059,EGFR G796R,Entity
e4060,EGFR G796S,Entity
e4061,EGFR G810D,Entity
e4062,EGFR G810S,Entity
e4063,EGFR G857E,Entity
e4064,EGFR G857R,Entity
e4065,EGFR G863D,Entity
e4066,EGFR G983R,Entity
e4067,EGFR H304Y,Entity
e4068,EGFR H47Y,Entity
e4069,EGFR H773L,Entity
e4070,EGFR H773R,Entity
e4071,EGFR H773Y,Entity
e4072,EGFR H773_V774insH,Entity
e4073,EGFR H773_V774insNPH,Entity
e4074,EGFR H773dup,Entity
e4075,EGFR H773insLGNP,Entity
e4076,EGFR H835L,Entity
e4077,EGFR H870R,Entity
e4078,EGFR H988P,Entity
e4079,EGFR I491M,Entity
e4080,EGFR I744M,Entity
e4081,EGFR I744_K745delinsKIPVAI,Entity
e4082,EGFR I853T,Entity
e4083,EGFR I941R,Entity
e4084,EGFR K467T,Entity
e4085,EGFR K708R,Entity
e4086,EGFR K745M,Entity
e4087,EGFR K745R,Entity
e4088,EGFR K745_A750del,Entity
e4089,EGFR K745_E746insVPVAIK,Entity
e4090,EGFR K754E,Entity
e4091,EGFR K754_I759del,Entity
e4092,EGFR K757R,Entity
e4093,EGFR K806E,Entity
e4094,EGFR K860I,Entity
e4095,EGFR L38V,Entity
e4096,EGFR L62R,Entity
e4097,EGFR L688P,Entity
e4098,EGFR L704N,Entity
e4099,EGFR L718Q,Entity
e4100,EGFR L718V,Entity
e4101,EGFR L718X,Entity
e4102,EGFR L747P,Entity
e4103,EGFR L747S,Entity
e4104,EGFR L747V,Entity
e4105,EGFR L747_A750del,Entity
e4106,EGFR L747_A750delinsP,Entity
e4107,EGFR L747_E749del,Entity
e4108,EGFR L747_K754delinsATSPE,Entity
e4109,EGFR L747_P753del,Entity
e4110,EGFR L747_P753delinsS,Entity
e4111,EGFR L747_S752del,Entity
e4112,EGFR L747_S752delinsQ,Entity
e4113,EGFR L747_T751del,Entity
e4114,EGFR L747_T751delinsP,Entity
e4115,EGFR L747del,Entity
e4116,EGFR L792F,Entity
e4117,EGFR L792H,Entity
e4118,EGFR L792X,Entity
e4119,EGFR L798I,Entity
e4120,EGFR L814P,Entity
e4121,EGFR L833F,Entity
e4122,EGFR L833V,Entity
e4123,EGFR L838P,Entity
e4124,EGFR L838V,Entity
e4125,EGFR L844V,Entity
e4126,EGFR L858M,Entity
e4127,EGFR L858Q,Entity
e4128,EGFR L858R,Entity
e4129,EGFR L861G,Entity
e4130,EGFR L861P,Entity
e4131,EGFR L861Q,Entity
e4132,EGFR L861R,Entity
e4133,EGFR L861X,Entity
e4134,EGFR M178I,Entity
e4135,EGFR M277E,Entity
e4136,EGFR M766_A767insAI,Entity
e4137,EGFR M766_A767insASV,Entity
e4138,EGFR N528D,Entity
e4139,EGFR N771_H773dup,Entity
e4140,EGFR N771_P772insH,Entity
e4141,EGFR N771_P772insHH,Entity
e4142,EGFR N771_P772insL,Entity
e4143,EGFR N826S,Entity
e4144,EGFR N826Y,Entity
e4145,EGFR N842S,Entity
e4146,EGFR P272L,Entity
e4147,EGFR P373Q,Entity
e4148,EGFR P546S,Entity
e4149,EGFR P589L,Entity
e4150,EGFR P596L,Entity
e4151,EGFR P596S,Entity
e4152,EGFR P733L,Entity
e4153,EGFR P753S,Entity
e4154,EGFR P753insPS,Entity
e4155,EGFR P772R,Entity
e4156,EGFR P772_H773dup,Entity
e4157,EGFR P772_H773insTPNP,Entity
e4158,EGFR P772_H773insYNP,Entity
e4159,EGFR P772_V774dup,Entity
e4160,EGFR P772_V774insPHV,Entity
e4161,EGFR P794R,Entity
e4162,EGFR P848L,Entity
e4163,EGFR Q105H,Entity
e4164,EGFR Q181H,Entity
e4165,EGFR Q787R,Entity
e4166,EGFR R108G,Entity
e4167,EGFR R108K,Entity
e4168,EGFR R222C,Entity
e4169,EGFR R222H,Entity
e4170,EGFR R252C,Entity
e4171,EGFR R252P,Entity
e4172,EGFR R324L,Entity
e4173,EGFR R451C,Entity
e4174,EGFR R521K,Entity
e4175,EGFR R669Q,Entity
e4176,EGFR R705K,Entity
e4177,EGFR R776C,Entity
e4178,EGFR R776G,Entity
e4179,EGFR R776H,Entity
e4180,EGFR R831H,Entity
e4181,EGFR R841K,Entity
e4182,EGFR R932C,Entity
e4183,EGFR R98Q,Entity
e4184,EGFR S116F,Entity
e4185,EGFR S198R,Entity
e4186,EGFR S220P,Entity
e4187,EGFR S229C,Entity
e4188,EGFR S306L,Entity
e4189,EGFR S464L,Entity
e4190,EGFR S492G,Entity
e4191,EGFR S492R,Entity
e4192,EGFR S511Y,Entity
e4193,EGFR S645C,Entity
e4194,EGFR S720F,Entity
e4195,EGFR S720P,Entity
e4196,EGFR S720X,Entity
e4197,EGFR S752Y,Entity
e4198,EGFR S768I,Entity
e4199,EGFR S768T,Entity
e4200,EGFR S768_D770dup,Entity
e4201,EGFR S768_V769insSVD,Entity
e4202,EGFR S768_V769insVAS,Entity
e4203,EGFR S784F,Entity
e4204,EGFR S786I,Entity
e4205,EGFR S811F,Entity
e4206,EGFR S921R,Entity
e4207,EGFR T1041A,Entity
e4208,EGFR T263P,Entity
e4209,EGFR T354M,Entity
e4210,EGFR T363I,Entity
e4211,EGFR T363N,Entity
e4212,EGFR T725M,Entity
e4213,EGFR T785A,Entity
e4214,EGFR T790M,Entity
e4215,EGFR T847I,Entity
e4216,EGFR T854A,Entity
e4217,EGFR T854I,Entity
e4218,EGFR T854S,Entity
e4219,EGFR V148M,Entity
e4220,EGFR V159E,Entity
e4221,EGFR V292L,Entity
e4222,EGFR V292M,Entity
e4223,EGFR V441F,Entity
e4224,EGFR V441I,Entity
e4225,EGFR V592I,Entity
e4226,EGFR V689M,Entity
e4227,EGFR V742A,Entity
e4228,EGFR V765L,Entity
e4229,EGFR V769L,Entity
e4230,EGFR V769M,Entity
e4231,EGFR V769_D770insASV,Entity
e4232,EGFR V769_D770insGVV,Entity
e4233,EGFR V774A,Entity
e4234,EGFR V774L,Entity
e4235,EGFR V774M,Entity
e4236,EGFR V774_C775insAV,Entity
e4237,EGFR V774_C775insPR,Entity
e4238,EGFR V786M,Entity
e4239,EGFR V834I,Entity
e4240,EGFR V834L,Entity
e4241,EGFR V843I,Entity
e4242,EGFR V851A,Entity
e4243,EGFR V851I,Entity
e4244,EGFR V948R,Entity
e4245,EGFR W731*,Entity
e4246,EGFR W731L,Entity
e4247,EGFR Y764_D770dup,Entity
e4248,EGFR Y764_V765insHH,Entity
e4249,EGFR Y801H,Entity
e4250,EGFR Y891D,Entity
e4251,EGFR amplification,Entity
e4252,EGFR copy number change,Entity
e4253,EGFR copy number deletion,Entity
e4254,EGFR duplication,Entity
e4255,EGFR exon 18 mutation,Entity
e4256,EGFR exon 18 overexpression,Entity
e4257,EGFR exon 19 in-frame deletion,Entity
e4258,EGFR exon 19 in-frame insertion,Entity
e4259,EGFR exon 2-7 deletion,Entity
e4260,EGFR exon 20 in-frame insertion,Entity
e4261,EGFR exon 21 mutation,Entity
e4262,EGFR exon 4 copy number deletion,Entity
e4263,EGFR expression,Entity
e4264,EGFR fusion,Entity
e4265,EGFR gain-of-function,Entity
e4266,EGFR in-frame deletion,Entity
e4267,EGFR in-frame insertion,Entity
e4268,EGFR inconclusive mutation,Entity
e4269,EGFR loss-of-function,Entity
e4270,EGFR mutation,Entity
e4271,EGFR neutral mutation,Entity
e4272,EGFR oncogenic mutation,Entity
e4273,EGFR overexpression,Entity
e4274,EGFR wild type,Entity
e4275,EGR1 loss-of-function,Entity
e4276,EGR1 mutation,Entity
e4277,EGR1 truncating mutation,Entity
e4278,EIF1AX G15D,Entity
e4279,EIF1AX G15V,Entity
e4280,EIF1AX G6D,Entity
e4281,EIF1AX G8R,Entity
e4282,EIF1AX G9R,Entity
e4283,EIF1AX K3E,Entity
e4284,EIF1AX N4D,Entity
e4285,EIF1AX R13P,Entity
e4286,EIF1AX gain-of-function,Entity
e4287,EIF1AX loss-of-function,Entity
e4288,EIF1AX mutation,Entity
e4289,EIF1AX neutral mutation,Entity
e4290,ELF3 A312P,Entity
e4291,ELF3 I279P,Entity
e4292,ELF3 K320E,Entity
e4293,ELF3 R331P,Entity
e4294,ELF3 S308A,Entity
e4295,ELF3 S330A,Entity
e4296,ELF3 loss-of-function,Entity
e4297,ELF3 mutation,Entity
e4298,ELF3 neutral mutation,Entity
e4299,ELF3 oncogenic mutation,Entity
e4300,ELF3 truncating mutation,Entity
e4301,EML4 fusion,Entity
e4302,EML4 gain-of-function,Entity
e4303,EML4 mutation,Entity
e4304,EP300 C1385X,Entity
e4305,EP300 D1399N,Entity
e4306,EP300 D1399Y,Entity
e4307,EP300 H1451L,Entity
e4308,EP300 P1502L,Entity
e4309,EP300 P2221Q,Entity
e4310,EP300 R1627Q,Entity
e4311,EP300 R1627W,Entity
e4312,EP300 R1627X,Entity
e4313,EP300 R580*,Entity
e4314,EP300 Y1414C,Entity
e4315,EP300 copy number deletion,Entity
e4316,EP300 fusion,Entity
e4317,EP300 gain-of-function,Entity
e4318,EP300 inconclusive mutation,Entity
e4319,EP300 loss-of-function,Entity
e4320,EP300 mutation,Entity
e4321,EP300 oncogenic mutation,Entity
e4322,EP300 truncating mutation,Entity
e4323,EP400 loss-of-function,Entity
e4324,EP400 mutation,Entity
e4325,EP400 truncating mutation,Entity
e4326,EPAS1 A530T,Entity
e4327,EPAS1 A530V,Entity
e4328,EPAS1 I533_P534del,Entity
e4329,EPAS1 P531A,Entity
e4330,EPAS1 P531L,Entity
e4331,EPAS1 P531S,Entity
e4332,EPAS1 P534_D536del,Entity
e4333,EPAS1 Y532C,Entity
e4334,EPAS1 gain-of-function,Entity
e4335,EPAS1 mutation,Entity
e4336,EPAS1 oncogenic mutation,Entity
e4337,EPAS1 overexpression,Entity
e4338,EPCAM deletion,Entity
e4339,EPCAM loss-of-function,Entity
e4340,EPCAM mutation,Entity
e4341,EPCAM truncating mutation,Entity
e4342,EPHA2 G391R,Entity
e4343,EPHA2 amplification,Entity
e4344,EPHA2 gain-of-function,Entity
e4345,EPHA2 mutation,Entity
e4346,EPHA2 oncogenic mutation,Entity
e4347,EPHA3 amplification,Entity
e4348,EPHA3 copy number deletion,Entity
e4349,EPHA3 gain-of-function,Entity
e4350,EPHA3 loss-of-function,Entity
e4351,EPHA3 mutation,Entity
e4352,EPHA3 truncating mutation,Entity
e4353,EPHA7 loss-of-function,Entity
e4354,EPHA7 mutation,Entity
e4355,EPHA7 truncating mutation,Entity
e4356,EPHB1 G628W,Entity
e4357,EPHB1 R351W,Entity
e4358,EPHB1 R84H,Entity
e4359,EPHB1 R90C,Entity
e4360,EPHB1 loss-of-function,Entity
e4361,EPHB1 mutation,Entity
e4362,EPHB1 neutral mutation,Entity
e4363,EPHB2 A279S,Entity
e4364,EPHB2 D679N,Entity
e4365,EPHB2 Q723*,Entity
e4366,EPHB2 mutation,Entity
e4367,EPHB2 oncogenic mutation,Entity
e4368,EPHB4 expression,Entity
e4369,EPHB4 mutation,Entity
e4370,EPOR fusion,Entity
e4371,EPOR gain-of-function,Entity
e4372,EPOR mutation,Entity
e4373,ERBB2 A1039T,Entity
e4374,ERBB2 A1232fs,Entity
e4375,ERBB2 A241V,Entity
e4376,ERBB2 A293T,Entity
e4377,ERBB2 A440T,Entity
e4378,ERBB2 A644F,Entity
e4379,ERBB2 A644V,Entity
e4380,ERBB2 A648L,Entity
e4381,ERBB2 A710V,Entity
e4382,ERBB2 A775G,Entity
e4383,ERBB2 A775_G776insC,Entity
e4384,ERBB2 A775_G776insTVMA,Entity
e4385,ERBB2 A775_G776insV,Entity
e4386,ERBB2 A775_G776insVVMA,Entity
e4387,ERBB2 A775_G776insYVMA,Entity
e4388,ERBB2 C311R,Entity
e4389,ERBB2 C334S,Entity
e4390,ERBB2 C630Y,Entity
e4391,ERBB2 D1058A,Entity
e4392,ERBB2 D277G,Entity
e4393,ERBB2 D277H,Entity
e4394,ERBB2 D277Y,Entity
e4395,ERBB2 D326G,Entity
e4396,ERBB2 D742H,Entity
e4397,ERBB2 D769A,Entity
e4398,ERBB2 D769H,Entity
e4399,ERBB2 D769N,Entity
e4400,ERBB2 D769Y,Entity
e4401,ERBB2 D808N,Entity
e4402,ERBB2 D821N,Entity
e4403,ERBB2 D845A,Entity
e4404,ERBB2 D962N,Entity
e4405,ERBB2 E1079K,Entity
e4406,ERBB2 E265K,Entity
e4407,ERBB2 E321G,Entity
e4408,ERBB2 E401G,Entity
e4409,ERBB2 E645F,Entity
e4410,ERBB2 E645K,Entity
e4411,ERBB2 E693K,Entity
e4412,ERBB2 E717K,Entity
e4413,ERBB2 E719G,Entity
e4414,ERBB2 E719K,Entity
e4415,ERBB2 E770_A771insAYVM,Entity
e4416,ERBB2 E812K,Entity
e4417,ERBB2 E914K,Entity
e4418,ERBB2 E930D,Entity
e4419,ERBB2 F1030C,Entity
e4420,ERBB2 F671N,Entity
e4421,ERBB2 G135E,Entity
e4422,ERBB2 G222C,Entity
e4423,ERBB2 G292R,Entity
e4424,ERBB2 G309A,Entity
e4425,ERBB2 G309E,Entity
e4426,ERBB2 G641S,Entity
e4427,ERBB2 G660D,Entity
e4428,ERBB2 G660R,Entity
e4429,ERBB2 G727A,Entity
e4430,ERBB2 G776C,Entity
e4431,ERBB2 G776L,Entity
e4432,ERBB2 G776R,Entity
e4433,ERBB2 G776S,Entity
e4434,ERBB2 G776V,Entity
e4435,ERBB2 G776_V777delinsVCD,Entity
e4436,ERBB2 G776_V777insVC,Entity
e4437,ERBB2 G776_V777insVGC,Entity
e4438,ERBB2 G776_V777insYVMA,Entity
e4439,ERBB2 G776delinsCV,Entity
e4440,ERBB2 G776delinsLC,Entity
e4441,ERBB2 G776delinsVC,Entity
e4442,ERBB2 G778_P780dup,Entity
e4443,ERBB2 G778_S779insG,Entity
e4444,ERBB2 G778_S779insLPS,Entity
e4445,ERBB2 H878Y,Entity
e4446,ERBB2 I263T,Entity
e4447,ERBB2 I628M,Entity
e4448,ERBB2 I654V,Entity
e4449,ERBB2 I655V,Entity
e4450,ERBB2 I675M,Entity
e4451,ERBB2 I682G,Entity
e4452,ERBB2 I767M,Entity
e4453,ERBB2 K676T,Entity
e4454,ERBB2 K753A,Entity
e4455,ERBB2 K753E,Entity
e4456,ERBB2 K753M,Entity
e4457,ERBB2 L15F,Entity
e4458,ERBB2 L313V,Entity
e4459,ERBB2 L49H,Entity
e4460,ERBB2 L651V,Entity
e4461,ERBB2 L651W,Entity
e4462,ERBB2 L663H,Entity
e4463,ERBB2 L663P,Entity
e4464,ERBB2 L674H,Entity
e4465,ERBB2 L674V,Entity
e4466,ERBB2 L726F,Entity
e4467,ERBB2 L726I,Entity
e4468,ERBB2 L755M,Entity
e4469,ERBB2 L755P,Entity
e4470,ERBB2 L755S,Entity
e4471,ERBB2 L755W,Entity
e4472,ERBB2 L755X,Entity
e4473,ERBB2 L755_E757delinsS,Entity
e4474,ERBB2 L755_T759del,Entity
e4475,ERBB2 L785F,Entity
e4476,ERBB2 L785P,Entity
e4477,ERBB2 L841V,Entity
e4478,ERBB2 L866M,Entity
e4479,ERBB2 L869R,Entity
e4480,ERBB2 L915M,Entity
e4481,ERBB2 M774_A775insAYVM,Entity
e4482,ERBB2 M774delinsWLV,Entity
e4483,ERBB2 N319D,Entity
e4484,ERBB2 N857S,Entity
e4485,ERBB2 P1074L,Entity
e4486,ERBB2 P1170A,Entity
e4487,ERBB2 P1199T,Entity
e4488,ERBB2 P36S,Entity
e4489,ERBB2 P489L,Entity
e4490,ERBB2 P650S,Entity
e4491,ERBB2 P780 in-frame insertion,Entity
e4492,ERBB2 P780L,Entity
e4493,ERBB2 P780_Y781insGSP,Entity
e4494,ERBB2 Q680F,Entity
e4495,ERBB2 Q709L,Entity
e4496,ERBB2 Q711H,Entity
e4497,ERBB2 R1006C,Entity
e4498,ERBB2 R1153L,Entity
e4499,ERBB2 R138Q,Entity
e4500,ERBB2 R138W,Entity
e4501,ERBB2 R143G,Entity
e4502,ERBB2 R143Q,Entity
e4503,ERBB2 R217C,Entity
e4504,ERBB2 R34Q,Entity
e4505,ERBB2 R487W,Entity
e4506,ERBB2 R647T,Entity
e4507,ERBB2 R677L,Entity
e4508,ERBB2 R677Q,Entity
e4509,ERBB2 R677T,Entity
e4510,ERBB2 R678Q,Entity
e4511,ERBB2 R678W,Entity
e4512,ERBB2 R683Q,Entity
e4513,ERBB2 R784C,Entity
e4514,ERBB2 R896C,Entity
e4515,ERBB2 R896G,Entity
e4516,ERBB2 R897Q,Entity
e4517,ERBB2 S1002R,Entity
e4518,ERBB2 S305F,Entity
e4519,ERBB2 S310F,Entity
e4520,ERBB2 S310X,Entity
e4521,ERBB2 S310Y,Entity
e4522,ERBB2 S335C,Entity
e4523,ERBB2 S633F,Entity
e4524,ERBB2 S649T,Entity
e4525,ERBB2 S653C,Entity
e4526,ERBB2 S656C,Entity
e4527,ERBB2 S760A,Entity
e4528,ERBB2 S779_P780insVGS,Entity
e4529,ERBB2 S783P,Entity
e4530,ERBB2 S792F,Entity
e4531,ERBB2 T216S,Entity
e4532,ERBB2 T306M,Entity
e4533,ERBB2 T686A,Entity
e4534,ERBB2 T733I,Entity
e4535,ERBB2 T798I,Entity
e4536,ERBB2 T798M,Entity
e4537,ERBB2 T862A,Entity
e4538,ERBB2 V1128I,Entity
e4539,ERBB2 V308M,Entity
e4540,ERBB2 V480A,Entity
e4541,ERBB2 V659D,Entity
e4542,ERBB2 V659E,Entity
e4543,ERBB2 V659G,Entity
e4544,ERBB2 V659K,Entity
e4545,ERBB2 V664F,Entity
e4546,ERBB2 V665D,Entity
e4547,ERBB2 V750E,Entity
e4548,ERBB2 V773A,Entity
e4549,ERBB2 V773M,Entity
e4550,ERBB2 V777A,Entity
e4551,ERBB2 V777L,Entity
e4552,ERBB2 V777M,Entity
e4553,ERBB2 V777X,Entity
e4554,ERBB2 V777_S779dup,Entity
e4555,ERBB2 V794M,Entity
e4556,ERBB2 V839G,Entity
e4557,ERBB2 V842I,Entity
e4558,ERBB2 Y1248F,Entity
e4559,ERBB2 Y343C,Entity
e4560,ERBB2 Y772_A775dup,Entity
e4561,ERBB2 Y803N,Entity
e4562,ERBB2 Y835F,Entity
e4563,ERBB2 absent,Entity
e4564,ERBB2 activating mutation,Entity
e4565,ERBB2 amplification,Entity
e4566,ERBB2 exon 19 mutation,Entity
e4567,ERBB2 exon 20 in-frame insertion,Entity
e4568,ERBB2 exon 20 mutation,Entity
e4569,ERBB2 expression,Entity
e4570,ERBB2 gain-of-function,Entity
e4571,ERBB2 in-frame deletion,Entity
e4572,ERBB2 inconclusive mutation,Entity
e4573,ERBB2 loss-of-function,Entity
e4574,ERBB2 mutation,Entity
e4575,ERBB2 neutral mutation,Entity
e4576,ERBB2 oncogenic mutation,Entity
e4577,ERBB2 overexpression,Entity
e4578,ERBB3 A1131T,Entity
e4579,ERBB3 A232T,Entity
e4580,ERBB3 A232V,Entity
e4581,ERBB3 D297H,Entity
e4582,ERBB3 D297Y,Entity
e4583,ERBB3 E928G,Entity
e4584,ERBB3 G284R,Entity
e4585,ERBB3 K329E,Entity
e4586,ERBB3 K329T,Entity
e4587,ERBB3 M91I,Entity
e4588,ERBB3 N126K,Entity
e4589,ERBB3 P262H,Entity
e4590,ERBB3 Q809R,Entity
e4591,ERBB3 R103G,Entity
e4592,ERBB3 R475W,Entity
e4593,ERBB3 R669C,Entity
e4594,ERBB3 S846I,Entity
e4595,ERBB3 T355I,Entity
e4596,ERBB3 T389K,Entity
e4597,ERBB3 V104L,Entity
e4598,ERBB3 V104M,Entity
e4599,ERBB3 V714M,Entity
e4600,ERBB3 V855A,Entity
e4601,ERBB3 absent,Entity
e4602,ERBB3 amplification,Entity
e4603,ERBB3 expression,Entity
e4604,ERBB3 gain-of-function,Entity
e4605,ERBB3 inconclusive mutation,Entity
e4606,ERBB3 mutation,Entity
e4607,ERBB3 neutral mutation,Entity
e4608,ERBB3 oncogenic mutation,Entity
e4609,ERBB3 overexpression,Entity
e4610,ERBB4 D595V,Entity
e4611,ERBB4 D843N,Entity
e4612,ERBB4 D931Y,Entity
e4613,ERBB4 E317K,Entity
e4614,ERBB4 E452K,Entity
e4615,ERBB4 E542K,Entity
e4616,ERBB4 E563K,Entity
e4617,ERBB4 E836K,Entity
e4618,ERBB4 E872K,Entity
e4619,ERBB4 G936R,Entity
e4620,ERBB4 H618P,Entity
e4621,ERBB4 H809G,Entity
e4622,ERBB4 K935I,Entity
e4623,ERBB4 L798R,Entity
e4624,ERBB4 N181S,Entity
e4625,ERBB4 R106H,Entity
e4626,ERBB4 R1275W,Entity
e4627,ERBB4 R306S,Entity
e4628,ERBB4 R393W,Entity
e4629,ERBB4 R544W,Entity
e4630,ERBB4 S303F,Entity
e4631,ERBB4 S303Y,Entity
e4632,ERBB4 S774G,Entity
e4633,ERBB4 T244R,Entity
e4634,ERBB4 T926M,Entity
e4635,ERBB4 V348L,Entity
e4636,ERBB4 Y285C,Entity
e4637,ERBB4 expression,Entity
e4638,ERBB4 fusion,Entity
e4639,ERBB4 gain-of-function,Entity
e4640,ERBB4 inconclusive mutation,Entity
e4641,ERBB4 loss-of-function,Entity
e4642,ERBB4 mutation,Entity
e4643,ERBB4 neutral mutation,Entity
e4644,ERBB4 oncogenic mutation,Entity
e4645,ERBB4 translocation,Entity
e4646,ERCC1 copy number deletion,Entity
e4647,ERCC1 expression,Entity
e4648,ERCC1 mutation,Entity
e4649,ERCC1 oncogenic mutation,Entity
e4650,ERCC1 overexpression,Entity
e4651,ERCC1 underexpression,Entity
e4652,ERCC2 A717G,Entity
e4653,ERCC2 D312N,Entity
e4654,ERCC2 D423N,Entity
e4655,ERCC2 D513Y,Entity
e4656,ERCC2 D609E,Entity
e4657,ERCC2 D609G,Entity
e4658,ERCC2 E576K,Entity
e4659,ERCC2 E606G,Entity
e4660,ERCC2 E606Q,Entity
e4661,ERCC2 E79D,Entity
e4662,ERCC2 E86Q,Entity
e4663,ERCC2 F568fs,Entity
e4664,ERCC2 G607A,Entity
e4665,ERCC2 G665A,Entity
e4666,ERCC2 G665C,Entity
e4667,ERCC2 G675S,Entity
e4668,ERCC2 H659Y,Entity
e4669,ERCC2 K751Q,Entity
e4670,ERCC2 L461V,Entity
e4671,ERCC2 M42V,Entity
e4672,ERCC2 N238S,Entity
e4673,ERCC2 P463L,Entity
e4674,ERCC2 P463S,Entity
e4675,ERCC2 Q758E,Entity
e4676,ERCC2 R286W,Entity
e4677,ERCC2 R299W,Entity
e4678,ERCC2 R450H,Entity
e4679,ERCC2 R487W,Entity
e4680,ERCC2 R592H,Entity
e4681,ERCC2 R601Q,Entity
e4682,ERCC2 R631C,Entity
e4683,ERCC2 R683W,Entity
e4684,ERCC2 S246F,Entity
e4685,ERCC2 S44L,Entity
e4686,ERCC2 S746fs,Entity
e4687,ERCC2 T46S,Entity
e4688,ERCC2 T484M,Entity
e4689,ERCC2 V242F,Entity
e4690,ERCC2 V536M,Entity
e4691,ERCC2 Y14C,Entity
e4692,ERCC2 Y209C,Entity
e4693,ERCC2 Y24C,Entity
e4694,ERCC2 Y72C,Entity
e4695,ERCC2 amplification,Entity
e4696,ERCC2 gain-of-function,Entity
e4697,ERCC2 inconclusive mutation,Entity
e4698,ERCC2 loss-of-function,Entity
e4699,ERCC2 mutation,Entity
e4700,ERCC2 neutral mutation,Entity
e4701,ERCC2 oncogenic mutation,Entity
e4702,ERCC2 truncating mutation,Entity
e4703,ERCC3 R109*,Entity
e4704,ERCC3 loss-of-function,Entity
e4705,ERCC3 mutation,Entity
e4706,ERCC3 oncogenic mutation,Entity
e4707,ERCC3 truncating mutation,Entity
e4708,ERCC4 E875G,Entity
e4709,ERCC4 L230P,Entity
e4710,ERCC4 R689S,Entity
e4711,ERCC4 S786F,Entity
e4712,ERCC4 copy number deletion,Entity
e4713,ERCC4 loss-of-function,Entity
e4714,ERCC4 mutation,Entity
e4715,ERCC4 oncogenic mutation,Entity
e4716,ERCC4 truncating mutation,Entity
e4717,ERCC6 mutation,Entity
e4718,ERCC6 oncogenic mutation,Entity
e4719,EREG amplification,Entity
e4720,EREG expression,Entity
e4721,EREG gain-of-function,Entity
e4722,EREG mutation,Entity
e4723,ERF loss-of-function,Entity
e4724,ERF mutation,Entity
e4725,ERF truncating mutation,Entity
e4726,ERG fusion,Entity
e4727,ERG gain-of-function,Entity
e4728,ERG mutation,Entity
e4729,ERRFI1 E384*,Entity
e4730,ERRFI1 copy number deletion,Entity
e4731,ERRFI1 loss-of-function,Entity
e4732,ERRFI1 mutation,Entity
e4733,ERRFI1 truncating mutation,Entity
e4734,ESCO2 loss-of-function,Entity
e4735,ESCO2 mutation,Entity
e4736,ESCO2 truncating mutation,Entity
e4737,ESR1 D538 mutation,Entity
e4738,ESR1 D538G,Entity
e4739,ESR1 D538X,Entity
e4740,ESR1 E380Q,Entity
e4741,ESR1 E380X,Entity
e4742,ESR1 G400V,Entity
e4743,ESR1 K303R,Entity
e4744,ESR1 L469V,Entity
e4745,ESR1 L536H,Entity
e4746,ESR1 L536P,Entity
e4747,ESR1 L536Q,Entity
e4748,ESR1 L536R,Entity
e4749,ESR1 L536X,Entity
e4750,ESR1 L540Q,Entity
e4751,ESR1 L544A,Entity
e4752,ESR1 M543A,Entity
e4753,ESR1 P535H,Entity
e4754,ESR1 S432L,Entity
e4755,ESR1 S463P,Entity
e4756,ESR1 V422del,Entity
e4757,ESR1 V534E,Entity
e4758,ESR1 Y537 mutation,Entity
e4759,ESR1 Y537C,Entity
e4760,ESR1 Y537D,Entity
e4761,ESR1 Y537N,Entity
e4762,ESR1 Y537S,Entity
e4763,ESR1 Y537X,Entity
e4764,ESR1 absent,Entity
e4765,ESR1 amplification,Entity
e4766,ESR1 fusion,Entity
e4767,ESR1 gain-of-function,Entity
e4768,ESR1 inconclusive mutation,Entity
e4769,ESR1 loss-of-function,Entity
e4770,ESR1 mutation,Entity
e4771,ESR1 neutral mutation,Entity
e4772,ESR1 oncogenic mutation,Entity
e4773,ESR1 overexpression,Entity
e4774,ETNK1 G245A,Entity
e4775,ETNK1 H243Y,Entity
e4776,ETNK1 N244S,Entity
e4777,ETNK1 inconclusive mutation,Entity
e4778,ETNK1 loss-of-function,Entity
e4779,ETNK1 mutation,Entity
e4780,ETNK1 oncogenic mutation,Entity
e4781,ETV1 amplification,Entity
e4782,ETV1 fusion,Entity
e4783,ETV1 gain-of-function,Entity
e4784,ETV1 mutation,Entity
e4785,ETV4 fusion,Entity
e4786,ETV4 gain-of-function,Entity
e4787,ETV4 mutation,Entity
e4788,ETV4 overexpression,Entity
e4789,ETV5 fusion,Entity
e4790,ETV5 gain-of-function,Entity
e4791,ETV5 mutation,Entity
e4792,ETV6 E76*,Entity
e4793,ETV6 N385_R418del,Entity
e4794,ETV6 P214L,Entity
e4795,ETV6 R369Q,Entity
e4796,ETV6 R369W,Entity
e4797,ETV6 R418G,Entity
e4798,ETV6 fusion,Entity
e4799,ETV6 gain-of-function,Entity
e4800,ETV6 inconclusive mutation,Entity
e4801,ETV6 loss-of-function,Entity
e4802,ETV6 mutation,Entity
e4803,ETV6 oncogenic mutation,Entity
e4804,EWSR1 fusion,Entity
e4805,EWSR1 gain-of-function,Entity
e4806,EWSR1 mutation,Entity
e4807,EZH1 Q571R,Entity
e4808,EZH1 gain-of-function,Entity
e4809,EZH1 mutation,Entity
e4810,EZH2 A677G,Entity
e4811,EZH2 A682G,Entity
e4812,EZH2 A692V,Entity
e4813,EZH2 C576W,Entity
e4814,EZH2 D677X,Entity
e4815,EZH2 E641X,Entity
e4816,EZH2 K515R,Entity
e4817,EZH2 K665E,Entity
e4818,EZH2 K665R,Entity
e4819,EZH2 R690C,Entity
e4820,EZH2 Y641C,Entity
e4821,EZH2 Y641F,Entity
e4822,EZH2 Y641H,Entity
e4823,EZH2 Y641N,Entity
e4824,EZH2 Y641S,Entity
e4825,EZH2 Y646C,Entity
e4826,EZH2 Y646F,Entity
e4827,EZH2 Y646H,Entity
e4828,EZH2 Y646N,Entity
e4829,EZH2 Y646S,Entity
e4830,EZH2 Y646X,Entity
e4831,EZH2 Y731D,Entity
e4832,EZH2 activating mutation,Entity
e4833,EZH2 amplification,Entity
e4834,EZH2 expression,Entity
e4835,EZH2 gain-of-function,Entity
e4836,EZH2 loss-of-function,Entity
e4837,EZH2 mutation,Entity
e4838,EZH2 neutral mutation,Entity
e4839,EZH2 oncogenic mutation,Entity
e4840,EZH2 overexpression,Entity
e4841,EZH2 truncating mutation,Entity
e4842,EZHIP I88F,Entity
e4843,EZHIP T73S,Entity
e4844,EZHIP Y184C,Entity
e4845,EZHIP gain-of-function,Entity
e4846,EZHIP mutation,Entity
e4847,FAM175A K345*fs*1,Entity
e4848,FAM175A Q122*,Entity
e4849,FAM175A S370Ifs*2,Entity
e4850,FAM175A mutation,Entity
e4851,FAM175A oncogenic mutation,Entity
e4852,FANCA H492R,Entity
e4853,FANCA L210R,Entity
e4854,FANCA L274P,Entity
e4855,FANCA R1055L,Entity
e4856,FANCA R1117G,Entity
e4857,FANCA R435C,Entity
e4858,FANCA S1088F,Entity
e4859,FANCA S858R,Entity
e4860,FANCA W183A,Entity
e4861,FANCA Y510C,Entity
e4862,FANCA copy number deletion,Entity
e4863,FANCA loss-of-function,Entity
e4864,FANCA mutation,Entity
e4865,FANCA oncogenic mutation,Entity
e4866,FANCA truncating mutation,Entity
e4867,FANCC A464Pfs*53,Entity
e4868,FANCC D23Ifs*23,Entity
e4869,FANCC E163Ifs*30,Entity
e4870,FANCC G435Wfs*83,Entity
e4871,FANCC Q107*,Entity
e4872,FANCC Q13*,Entity
e4873,FANCC R185*,Entity
e4874,FANCC R548*,Entity
e4875,FANCC S119Nfs*8,Entity
e4876,FANCC copy number deletion,Entity
e4877,FANCC loss-of-function,Entity
e4878,FANCC mutation,Entity
e4879,FANCC oncogenic mutation,Entity
e4880,FANCC truncating mutation,Entity
e4881,FANCD2 L153S,Entity
e4882,FANCD2 loss-of-function,Entity
e4883,FANCD2 mutation,Entity
e4884,FANCD2 truncating mutation,Entity
e4885,FANCL loss-of-function,Entity
e4886,FANCL mutation,Entity
e4887,FANCL oncogenic mutation,Entity
e4888,FANCL truncating mutation,Entity
e4889,FAS C178R,Entity
e4890,FAS N118S,Entity
e4891,FAS N255D,Entity
e4892,FAS loss-of-function,Entity
e4893,FAS mutation,Entity
e4894,FAS oncogenic mutation,Entity
e4895,FAS truncating mutation,Entity
e4896,FAT1 A4419S,Entity
e4897,FAT1 P4309A,Entity
e4898,FAT1 T4511I,Entity
e4899,FAT1 copy number deletion,Entity
e4900,FAT1 loss-of-function,Entity
e4901,FAT1 mutation,Entity
e4902,FAT1 oncogenic mutation,Entity
e4903,FAT1 truncating mutation,Entity
e4904,FBXO11 loss-of-function,Entity
e4905,FBXO11 mutation,Entity
e4906,FBXO11 truncating mutation,Entity
e4907,FBXW2 D30Y,Entity
e4908,FBXW2 E269K,Entity
e4909,FBXW2 G258W,Entity
e4910,FBXW2 S84C,Entity
e4911,FBXW2 gain-of-function,Entity
e4912,FBXW2 loss-of-function,Entity
e4913,FBXW2 mutation,Entity
e4914,FBXW2 neutral mutation,Entity
e4915,FBXW7 A503V,Entity
e4916,FBXW7 D480N,Entity
e4917,FBXW7 D520N,Entity
e4918,FBXW7 G423R,Entity
e4919,FBXW7 G423V,Entity
e4920,FBXW7 I347M,Entity
e4921,FBXW7 K11R,Entity
e4922,FBXW7 R465C,Entity
e4923,FBXW7 R465H,Entity
e4924,FBXW7 R465L,Entity
e4925,FBXW7 R479H,Entity
e4926,FBXW7 R479L,Entity
e4927,FBXW7 R479P,Entity
e4928,FBXW7 R479Q,Entity
e4929,FBXW7 R505C,Entity
e4930,FBXW7 R505L,Entity
e4931,FBXW7 R658Q,Entity
e4932,FBXW7 R689Q,Entity
e4933,FBXW7 R689W,Entity
e4934,FBXW7 S227A,Entity
e4935,FBXW7 S462Y,Entity
e4936,FBXW7 S562L,Entity
e4937,FBXW7 T15insVR,Entity
e4938,FBXW7 T205A,Entity
e4939,FBXW7 T692*,Entity
e4940,FBXW7 V154I,Entity
e4941,FBXW7 V514F,Entity
e4942,FBXW7 W425C,Entity
e4943,FBXW7 Y545C,Entity
e4944,FBXW7 copy number deletion,Entity
e4945,FBXW7 gain-of-function,Entity
e4946,FBXW7 inconclusive mutation,Entity
e4947,FBXW7 loss-of-function,Entity
e4948,FBXW7 mutation,Entity
e4949,FBXW7 neutral mutation,Entity
e4950,FBXW7 oncogenic mutation,Entity
e4951,FBXW7 truncating mutation,Entity
e4952,FCER2 absent,Entity
e4953,FCER2 mutation,Entity
e4954,FCGR2A H167R,Entity
e4955,FCGR2A mutation,Entity
e4956,FCGR2B I232T,Entity
e4957,FCGR2B mutation,Entity
e4958,FCGR3A F212V,Entity
e4959,FCGR3A mutation,Entity
e4960,FES L145P,Entity
e4961,FES L334P,Entity
e4962,FES gain-of-function,Entity
e4963,FES mutation,Entity
e4964,FES neutral mutation,Entity
e4965,FEV fusion,Entity
e4966,FEV gain-of-function,Entity
e4967,FEV mutation,Entity
e4968,FGF13 expression,Entity
e4969,FGF13 mutation,Entity
e4970,FGF19 amplification,Entity
e4971,FGF19 gain-of-function,Entity
e4972,FGF19 mutation,Entity
e4973,FGF19 overexpression,Entity
e4974,FGF2 expression,Entity
e4975,FGF2 mutation,Entity
e4976,FGF3 amplification,Entity
e4977,FGF3 gain-of-function,Entity
e4978,FGF3 mutation,Entity
e4979,FGF4 amplification,Entity
e4980,FGF4 gain-of-function,Entity
e4981,FGF4 mutation,Entity
e4982,FGFR1 A154D,Entity
e4983,FGFR1 A294V,Entity
e4984,FGFR1 A299S,Entity
e4985,FGFR1 A54T,Entity
e4986,FGFR1 A635T,Entity
e4987,FGFR1 D128N,Entity
e4988,FGFR1 D128V,Entity
e4989,FGFR1 D166N,Entity
e4990,FGFR1 D351N,Entity
e4991,FGFR1 E498K,Entity
e4992,FGFR1 E623G,Entity
e4993,FGFR1 E701K,Entity
e4994,FGFR1 G734S,Entity
e4995,FGFR1 K687*,Entity
e4996,FGFR1 K687E,Entity
e4997,FGFR1 K687M,Entity
e4998,FGFR1 M487I,Entity
e4999,FGFR1 M487V,Entity
e5000,FGFR1 M563I,Entity
e5001,FGFR1 N224fs*8,Entity
e5002,FGFR1 N546D,Entity
e5003,FGFR1 N546K,Entity
e5004,FGFR1 N577K,Entity
e5005,FGFR1 P184S,Entity
e5006,FGFR1 P283T,Entity
e5007,FGFR1 P514L,Entity
e5008,FGFR1 R220C,Entity
e5009,FGFR1 R281W,Entity
e5010,FGFR1 R476W,Entity
e5011,FGFR1 R506Q,Entity
e5012,FGFR1 R677W,Entity
e5013,FGFR1 R840Q,Entity
e5014,FGFR1 S158L,Entity
e5015,FGFR1 S269N,Entity
e5016,FGFR1 S467F,Entity
e5017,FGFR1 S619T,Entity
e5018,FGFR1 T174R,Entity
e5019,FGFR1 T350A,Entity
e5020,FGFR1 T371M,Entity
e5021,FGFR1 T59I,Entity
e5022,FGFR1 V592M,Entity
e5023,FGFR1 V695L,Entity
e5024,FGFR1 V782A,Entity
e5025,FGFR1 amplification,Entity
e5026,FGFR1 duplication,Entity
e5027,FGFR1 expression,Entity
e5028,FGFR1 fusion,Entity
e5029,FGFR1 gain-of-function,Entity
e5030,FGFR1 inconclusive mutation,Entity
e5031,FGFR1 loss-of-function,Entity
e5032,FGFR1 mutation,Entity
e5033,FGFR1 neutral mutation,Entity
e5034,FGFR1 oncogenic mutation,Entity
e5035,FGFR1::TACC1 fusion,Entity
e5036,FGFR1OP2 fusion,Entity
e5037,FGFR1OP2 gain-of-function,Entity
e5038,FGFR1OP2 mutation,Entity
e5039,FGFR2 A264T,Entity
e5040,FGFR2 A266_S267insSTVVGGD,Entity
e5041,FGFR2 A371V,Entity
e5042,FGFR2 A389T,Entity
e5043,FGFR2 A648T,Entity
e5044,FGFR2 A649T,Entity
e5045,FGFR2 A67V,Entity
e5046,FGFR2 C278F,Entity
e5047,FGFR2 C287R,Entity
e5048,FGFR2 C382R,Entity
e5049,FGFR2 C382Y,Entity
e5050,FGFR2 C383R,Entity
e5051,FGFR2 C62Y,Entity
e5052,FGFR2 D101Y,Entity
e5053,FGFR2 D471N,Entity
e5054,FGFR2 D530N,Entity
e5055,FGFR2 D531N,Entity
e5056,FGFR2 E160K,Entity
e5057,FGFR2 E163K,Entity
e5058,FGFR2 E219K,Entity
e5059,FGFR2 E475K,Entity
e5060,FGFR2 E565A,Entity
e5061,FGFR2 E565G,Entity
e5062,FGFR2 E566G,Entity
e5063,FGFR2 E596K,Entity
e5064,FGFR2 E636K,Entity
e5065,FGFR2 E695K,Entity
e5066,FGFR2 E718K,Entity
e5067,FGFR2 E731K,Entity
e5068,FGFR2 E732K,Entity
e5069,FGFR2 F276C,Entity
e5070,FGFR2 G227E,Entity
e5071,FGFR2 G271E,Entity
e5072,FGFR2 G305R,Entity
e5073,FGFR2 G364E,Entity
e5074,FGFR2 G542E,Entity
e5075,FGFR2 G613S,Entity
e5076,FGFR2 G701S,Entity
e5077,FGFR2 H167_N173del,Entity
e5078,FGFR2 H213Y,Entity
e5079,FGFR2 H242Y,Entity
e5080,FGFR2 H416R,Entity
e5081,FGFR2 H544Q,Entity
e5082,FGFR2 I288_E295delinsT,Entity
e5083,FGFR2 I422V,Entity
e5084,FGFR2 I547V,Entity
e5085,FGFR2 I548V,Entity
e5086,FGFR2 I642V,Entity
e5087,FGFR2 I643V,Entity
e5088,FGFR2 K310R,Entity
e5089,FGFR2 K517R,Entity
e5090,FGFR2 K526E,Entity
e5091,FGFR2 K527E,Entity
e5092,FGFR2 K641N,Entity
e5093,FGFR2 K641R,Entity
e5094,FGFR2 K642N,Entity
e5095,FGFR2 K642R,Entity
e5096,FGFR2 K659E,Entity
e5097,FGFR2 K659M,Entity
e5098,FGFR2 K659N,Entity
e5099,FGFR2 K660E,Entity
e5100,FGFR2 K660N,Entity
e5101,FGFR2 L33S,Entity
e5102,FGFR2 L550X,Entity
e5103,FGFR2 L560F,Entity
e5104,FGFR2 L617F,Entity
e5105,FGFR2 L617M,Entity
e5106,FGFR2 L617V,Entity
e5107,FGFR2 L618F,Entity
e5108,FGFR2 L618M,Entity
e5109,FGFR2 L770V,Entity
e5110,FGFR2 L776fs*6,Entity
e5111,FGFR2 M186T,Entity
e5112,FGFR2 M391R,Entity
e5113,FGFR2 M392R,Entity
e5114,FGFR2 M535I,Entity
e5115,FGFR2 M536I,Entity
e5116,FGFR2 M537I,Entity
e5117,FGFR2 M538I,Entity
e5118,FGFR2 M640I,Entity
e5119,FGFR2 M722I,Entity
e5120,FGFR2 N549D,Entity
e5121,FGFR2 N549H,Entity
e5122,FGFR2 N549K,Entity
e5123,FGFR2 N549S,Entity
e5124,FGFR2 N549T,Entity
e5125,FGFR2 N550H,Entity
e5126,FGFR2 N550K,Entity
e5127,FGFR2 N550S,Entity
e5128,FGFR2 N550T,Entity
e5129,FGFR2 N639K,Entity
e5130,FGFR2 N82K,Entity
e5131,FGFR2 P253L,Entity
e5132,FGFR2 P253R,Entity
e5133,FGFR2 P303L,Entity
e5134,FGFR2 P582L,Entity
e5135,FGFR2 P708S,Entity
e5136,FGFR2 P781*,Entity
e5137,FGFR2 Q212K,Entity
e5138,FGFR2 Q227E,Entity
e5139,FGFR2 Q259*,Entity
e5140,FGFR2 R203C,Entity
e5141,FGFR2 R203H,Entity
e5142,FGFR2 R210Q,Entity
e5143,FGFR2 R251Q,Entity
e5144,FGFR2 R330W,Entity
e5145,FGFR2 R399*,Entity
e5146,FGFR2 R399Q,Entity
e5147,FGFR2 R565A,Entity
e5148,FGFR2 R625Q,Entity
e5149,FGFR2 R664W,Entity
e5150,FGFR2 R678G,Entity
e5151,FGFR2 R679G,Entity
e5152,FGFR2 R6P,Entity
e5153,FGFR2 S252W,Entity
e5154,FGFR2 S267P,Entity
e5155,FGFR2 S267_D273dup,Entity
e5156,FGFR2 S320C,Entity
e5157,FGFR2 S372C,Entity
e5158,FGFR2 S373C,Entity
e5159,FGFR2 S773*,Entity
e5160,FGFR2 S782fs*3,Entity
e5161,FGFR2 S789*,Entity
e5162,FGFR2 S791T,Entity
e5163,FGFR2 S792fs*4,Entity
e5164,FGFR2 S799fs*22,Entity
e5165,FGFR2 T341P,Entity
e5166,FGFR2 T729S,Entity
e5167,FGFR2 V248D,Entity
e5168,FGFR2 V392A,Entity
e5169,FGFR2 V395D,Entity
e5170,FGFR2 V564F,Entity
e5171,FGFR2 V564I,Entity
e5172,FGFR2 V565F,Entity
e5173,FGFR2 V565I,Entity
e5174,FGFR2 V754I,Entity
e5175,FGFR2 V797*,Entity
e5176,FGFR2 W290C,Entity
e5177,FGFR2 W290R,Entity
e5178,FGFR2 W290_I291delinsC,Entity
e5179,FGFR2 Y328N,Entity
e5180,FGFR2 Y375C,Entity
e5181,FGFR2 Y376C,Entity
e5182,FGFR2 Y381D,Entity
e5183,FGFR2 Y382D,Entity
e5184,FGFR2 Y382H,Entity
e5185,FGFR2 Y769*,Entity
e5186,FGFR2 Y812*,Entity
e5187,FGFR2 amplification,Entity
e5188,FGFR2 fusion,Entity
e5189,FGFR2 gain-of-function,Entity
e5190,FGFR2 inconclusive mutation,Entity
e5191,FGFR2 loss-of-function,Entity
e5192,FGFR2 mutation,Entity
e5193,FGFR2 neutral mutation,Entity
e5194,FGFR2 oncogenic mutation,Entity
e5195,FGFR3 A257V,Entity
e5196,FGFR3 A265T,Entity
e5197,FGFR3 A265V,Entity
e5198,FGFR3 A391E,Entity
e5199,FGFR3 A391V,Entity
e5200,FGFR3 A500T,Entity
e5201,FGFR3 C582F,Entity
e5202,FGFR3 D617G,Entity
e5203,FGFR3 D641G,Entity
e5204,FGFR3 D641N,Entity
e5205,FGFR3 D646Y,Entity
e5206,FGFR3 E140K,Entity
e5207,FGFR3 E194K,Entity
e5208,FGFR3 E322K,Entity
e5209,FGFR3 E466K,Entity
e5210,FGFR3 E627D,Entity
e5211,FGFR3 E686K,Entity
e5212,FGFR3 F384L,Entity
e5213,FGFR3 G346E,Entity
e5214,FGFR3 G370C,Entity
e5215,FGFR3 G375C,Entity
e5216,FGFR3 G380E,Entity
e5217,FGFR3 G380R,Entity
e5218,FGFR3 G382D,Entity
e5219,FGFR3 G637W,Entity
e5220,FGFR3 G66fs*32,Entity
e5221,FGFR3 G691R,Entity
e5222,FGFR3 G697C,Entity
e5223,FGFR3 H284fs*10,Entity
e5224,FGFR3 H643D,Entity
e5225,FGFR3 I538F,Entity
e5226,FGFR3 I538V,Entity
e5227,FGFR3 K403fs*93,Entity
e5228,FGFR3 K508M,Entity
e5229,FGFR3 K650D,Entity
e5230,FGFR3 K650E,Entity
e5231,FGFR3 K650L,Entity
e5232,FGFR3 K650M,Entity
e5233,FGFR3 K650N,Entity
e5234,FGFR3 K650Q,Entity
e5235,FGFR3 K650R,Entity
e5236,FGFR3 K650T,Entity
e5237,FGFR3 K650X,Entity
e5238,FGFR3 K656E,Entity
e5239,FGFR3 L608V,Entity
e5240,FGFR3 M528I,Entity
e5241,FGFR3 N540K,Entity
e5242,FGFR3 N540S,Entity
e5243,FGFR3 N653H,Entity
e5244,FGFR3 P283S,Entity
e5245,FGFR3 P572A,Entity
e5246,FGFR3 P63S,Entity
e5247,FGFR3 P716H,Entity
e5248,FGFR3 Q209H,Entity
e5249,FGFR3 R248C,Entity
e5250,FGFR3 R248H,Entity
e5251,FGFR3 R248_S249insC,Entity
e5252,FGFR3 R603Q,Entity
e5253,FGFR3 R621H,Entity
e5254,FGFR3 R640W,Entity
e5255,FGFR3 R669G,Entity
e5256,FGFR3 S249C,Entity
e5257,FGFR3 S371C,Entity
e5258,FGFR3 T311fs*55,Entity
e5259,FGFR3 T689M,Entity
e5260,FGFR3 T79S,Entity
e5261,FGFR3 V553M,Entity
e5262,FGFR3 V555L,Entity
e5263,FGFR3 V555M,Entity
e5264,FGFR3 V630M,Entity
e5265,FGFR3 V677I,Entity
e5266,FGFR3 Y373C,Entity
e5267,FGFR3 Y647C,Entity
e5268,FGFR3 fusion,Entity
e5269,FGFR3 gain-of-function,Entity
e5270,FGFR3 inconclusive mutation,Entity
e5271,FGFR3 loss-of-function,Entity
e5272,FGFR3 mutation,Entity
e5273,FGFR3 neutral mutation,Entity
e5274,FGFR3 oncogenic mutation,Entity
e5275,FGFR3 overexpression,Entity
e5276,FGFR4 A484V,Entity
e5277,FGFR4 A749V,Entity
e5278,FGFR4 C172G,Entity
e5279,FGFR4 C271*,Entity
e5280,FGFR4 D127H,Entity
e5281,FGFR4 E128K,Entity
e5282,FGFR4 E681K,Entity
e5283,FGFR4 G176C,Entity
e5284,FGFR4 G687fs*35,Entity
e5285,FGFR4 N535K,Entity
e5286,FGFR4 N535X,Entity
e5287,FGFR4 R134G,Entity
e5288,FGFR4 R154H,Entity
e5289,FGFR4 R203C,Entity
e5290,FGFR4 R321W,Entity
e5291,FGFR4 R411fs*81,Entity
e5292,FGFR4 R434Q,Entity
e5293,FGFR4 R464W,Entity
e5294,FGFR4 R493Q,Entity
e5295,FGFR4 R59W,Entity
e5296,FGFR4 R635S,Entity
e5297,FGFR4 R707W,Entity
e5298,FGFR4 R80W,Entity
e5299,FGFR4 S342F,Entity
e5300,FGFR4 V548M,Entity
e5301,FGFR4 V550E,Entity
e5302,FGFR4 V550L,Entity
e5303,FGFR4 V550M,Entity
e5304,FGFR4 V550X,Entity
e5305,FGFR4 Y367C,Entity
e5306,FGFR4 amplification,Entity
e5307,FGFR4 gain-of-function,Entity
e5308,FGFR4 inconclusive mutation,Entity
e5309,FGFR4 loss-of-function,Entity
e5310,FGFR4 mutation,Entity
e5311,FGFR4 neutral mutation,Entity
e5312,FGFR4 oncogenic mutation,Entity
e5313,FH F305Lfs*22,Entity
e5314,FH G397R,Entity
e5315,FH K477dup,Entity
e5316,FH M195T,Entity
e5317,FH R101*,Entity
e5318,FH R233C,Entity
e5319,FH R233H,Entity
e5320,FH R343*,Entity
e5321,FH S186N,Entity
e5322,FH T330P,Entity
e5323,FH Y465C,Entity
e5324,FH copy number deletion,Entity
e5325,FH inconclusive mutation,Entity
e5326,FH loss-of-function,Entity
e5327,FH mutation,Entity
e5328,FH oncogenic mutation,Entity
e5329,FH truncating mutation,Entity
e5330,FIP1L1 fusion,Entity
e5331,FIP1L1 gain-of-function,Entity
e5332,FIP1L1 mutation,Entity
e5333,FLCN E315*,Entity
e5334,FLCN E487*,Entity
e5335,FLCN H429Pfs*27,Entity
e5336,FLCN Q167*,Entity
e5337,FLCN Q373*,Entity
e5338,FLCN S79W,Entity
e5339,FLCN Y405*,Entity
e5340,FLCN Y463*,Entity
e5341,FLCN copy number deletion,Entity
e5342,FLCN loss-of-function,Entity
e5343,FLCN mutation,Entity
e5344,FLCN oncogenic mutation,Entity
e5345,FLCN truncating mutation,Entity
e5346,FLI1 fusion,Entity
e5347,FLI1 gain-of-function,Entity
e5348,FLI1 mutation,Entity
e5349,FLT1 amplification,Entity
e5350,FLT1 gain-of-function,Entity
e5351,FLT1 inconclusive mutation,Entity
e5352,FLT1 mutation,Entity
e5353,FLT1 overexpression,Entity
e5354,FLT3 A627T,Entity
e5355,FLT3 D324N,Entity
e5356,FLT3 D586_E596dup,Entity
e5357,FLT3 D593_F594insSPEDNEYFYVD,Entity
e5358,FLT3 D651G,Entity
e5359,FLT3 D835A,Entity
e5360,FLT3 D835E,Entity
e5361,FLT3 D835F,Entity
e5362,FLT3 D835H,Entity
e5363,FLT3 D835I,Entity
e5364,FLT3 D835N,Entity
e5365,FLT3 D835V,Entity
e5366,FLT3 D835X,Entity
e5367,FLT3 D835Y,Entity
e5368,FLT3 D835del,Entity
e5369,FLT3 D839G,Entity
e5370,FLT3 E598_F612dup,Entity
e5371,FLT3 E598_Y599insSGSSDNEYFYVDFREYE,Entity
e5372,FLT3 E598_Y599insVAYVDFREYE,Entity
e5373,FLT3 E604_F605insSPRGGNEYFYVDFREYEYDLKWE,Entity
e5374,FLT3 F590G,Entity
e5375,FLT3 F594L,Entity
e5376,FLT3 F594_D600dup,Entity
e5377,FLT3 F594_R595insGTGSSDNEYFYVDF,Entity
e5378,FLT3 F612_G613insQGFYVDFREYEYDLKWEFPRENLEF,Entity
e5379,FLT3 F691L,Entity
e5380,FLT3 F691X,Entity
e5381,FLT3 G619C,Entity
e5382,FLT3 G831E,Entity
e5383,FLT3 I687F,Entity
e5384,FLT3 I836L,Entity
e5385,FLT3 I836M,Entity
e5386,FLT3 I836X,Entity
e5387,FLT3 I836del,Entity
e5388,FLT3 I867S,Entity
e5389,FLT3 ITD,Entity
e5390,FLT3 K868N,Entity
e5391,FLT3 L601_K602insNVDFREYEYDL,Entity
e5392,FLT3 M578_E598dup,Entity
e5393,FLT3 M664I,Entity
e5394,FLT3 M737I,Entity
e5395,FLT3 N676D,Entity
e5396,FLT3 N676K,Entity
e5397,FLT3 N676S,Entity
e5398,FLT3 N676X,Entity
e5399,FLT3 N841I,Entity
e5400,FLT3 R595_E596insDYVDFR,Entity
e5401,FLT3 R595_L601dup,Entity
e5402,FLT3 R834Q,Entity
e5403,FLT3 S451E,Entity
e5404,FLT3 S451F,Entity
e5405,FLT3 S584_D600dup,Entity
e5406,FLT3 S584_F605dup,Entity
e5407,FLT3 S585_F594dup,Entity
e5408,FLT3 T167A,Entity
e5409,FLT3 T227M,Entity
e5410,FLT3 V194M,Entity
e5411,FLT3 V557I,Entity
e5412,FLT3 V579A,Entity
e5413,FLT3 V592A,Entity
e5414,FLT3 V592G,Entity
e5415,FLT3 Y364H,Entity
e5416,FLT3 Y572C,Entity
e5417,FLT3 Y591D,Entity
e5418,FLT3 Y597_E598insAGSSDNEYFYVDFREY,Entity
e5419,FLT3 Y597_E598insDEYFYVDFREY,Entity
e5420,FLT3 Y597_K602dup,Entity
e5421,FLT3 Y599F,Entity
e5422,FLT3 Y599_D600insEYEYEYEY,Entity
e5423,FLT3 Y599_D600insPAPQIMSTSTLISENMNIA,Entity
e5424,FLT3 Y599_E604dup,Entity
e5425,FLT3 Y842C,Entity
e5426,FLT3 Y842H,Entity
e5427,FLT3 Y842X,Entity
e5428,FLT3 amplification,Entity
e5429,FLT3 fusion,Entity
e5430,FLT3 gain-of-function,Entity
e5431,FLT3 inconclusive mutation,Entity
e5432,FLT3 loss-of-function,Entity
e5433,FLT3 mutation,Entity
e5434,FLT3 neutral mutation,Entity
e5435,FLT3 oncogenic mutation,Entity
e5436,FLT3 overexpression,Entity
e5437,FOLH1 amplification,Entity
e5438,FOLH1 gain-of-function,Entity
e5439,FOLH1 mutation,Entity
e5440,FOS fusion,Entity
e5441,FOS gain-of-function,Entity
e5442,FOS mutation,Entity
e5443,FOS overexpression,Entity
e5444,FOXA1 D226N,Entity
e5445,FOXA1 F254_E255del,Entity
e5446,FOXA1 F266L,Entity
e5447,FOXA1 F266S,Entity
e5448,FOXA1 F400I,Entity
e5449,FOXA1 G87R,Entity
e5450,FOXA1 H247Q,Entity
e5451,FOXA1 H247R,Entity
e5452,FOXA1 H247Y,Entity
e5453,FOXA1 I176M,Entity
e5454,FOXA1 I360*,Entity
e5455,FOXA1 L388M,Entity
e5456,FOXA1 L455M,Entity
e5457,FOXA1 M253K,Entity
e5458,FOXA1 M253_N256del,Entity
e5459,FOXA1 P358fs,Entity
e5460,FOXA1 P359fs,Entity
e5461,FOXA1 R219C,Entity
e5462,FOXA1 R219S,Entity
e5463,FOXA1 R261C,Entity
e5464,FOXA1 R261G,Entity
e5465,FOXA1 R265_Q271del,Entity
e5466,FOXA1 S250F,Entity
e5467,FOXA1 S453fs*,Entity
e5468,FOXA1 Y259C,Entity
e5469,FOXA1 Y259S,Entity
e5470,FOXA1 amplification,Entity
e5471,FOXA1 copy number deletion,Entity
e5472,FOXA1 gain-of-function,Entity
e5473,FOXA1 loss-of-function,Entity
e5474,FOXA1 mutation,Entity
e5475,FOXA1 oncogenic mutation,Entity
e5476,FOXA1 switch-of-function,Entity
e5477,FOXA1 truncating mutation,Entity
e5478,FOXF1 S2F,Entity
e5479,FOXF1 loss-of-function,Entity
e5480,FOXF1 mutation,Entity
e5481,FOXL2 C134W,Entity
e5482,FOXL2 loss-of-function,Entity
e5483,FOXL2 mutation,Entity
e5484,FOXL2 oncogenic mutation,Entity
e5485,FOXL2 truncating mutation,Entity
e5486,FOXO1 A166V,Entity
e5487,FOXO1 H215A,Entity
e5488,FOXO1 I186T,Entity
e5489,FOXO1 I213A,Entity
e5490,FOXO1 L168V,Entity
e5491,FOXO1 L183P,Entity
e5492,FOXO1 L217A,Entity
e5493,FOXO1 L219A,Entity
e5494,FOXO1 M1L,Entity
e5495,FOXO1 N216A,Entity
e5496,FOXO1 N216K,Entity
e5497,FOXO1 R214A,Entity
e5498,FOXO1 S205N,Entity
e5499,FOXO1 S22P,Entity
e5500,FOXO1 T24A,Entity
e5501,FOXO1 T24I,Entity
e5502,FOXO1 fusion,Entity
e5503,FOXO1 gain-of-function,Entity
e5504,FOXO1 inconclusive mutation,Entity
e5505,FOXO1 loss-of-function,Entity
e5506,FOXO1 mutation,Entity
e5507,FOXO1 neutral mutation,Entity
e5508,FOXO1 oncogenic mutation,Entity
e5509,FOXO1 truncating mutation,Entity
e5510,FOXP1 R514C,Entity
e5511,FOXP1 amplification,Entity
e5512,FOXP1 fusion,Entity
e5513,FOXP1 gain-of-function,Entity
e5514,FOXP1 loss-of-function,Entity
e5515,FOXP1 mutation,Entity
e5516,FOXP1 oncogenic mutation,Entity
e5517,FOXP1 truncating mutation,Entity
e5518,FOXP3 expression,Entity
e5519,FOXP3 mutation,Entity
e5520,FOXR2 mutation,Entity
e5521,FOXR2 rearrangement,Entity
e5522,FRS2 amplification,Entity
e5523,FRS2 gain-of-function,Entity
e5524,FRS2 mutation,Entity
e5525,FUBP1 loss-of-function,Entity
e5526,FUBP1 mutation,Entity
e5527,FUBP1 truncating mutation,Entity
e5528,FUS amplification,Entity
e5529,FUS fusion,Entity
e5530,FUS gain-of-function,Entity
e5531,FUS mutation,Entity
e5532,FUS::ERG fusion,Entity
e5533,FZR1 amplification,Entity
e5534,FZR1 copy number deletion,Entity
e5535,FZR1 gain-of-function,Entity
e5536,FZR1 loss-of-function,Entity
e5537,FZR1 mutation,Entity
e5538,G6PD N156D,Entity
e5539,G6PD S218F,Entity
e5540,G6PD V98M,Entity
e5541,G6PD biallelic inactivation,Entity
e5542,G6PD mutation,Entity
e5543,GAB1 T387N,Entity
e5544,GAB1 Y83C,Entity
e5545,GAB1 gain-of-function,Entity
e5546,GAB1 mutation,Entity
e5547,GAB2 amplification,Entity
e5548,GAB2 gain-of-function,Entity
e5549,GAB2 mutation,Entity
e5550,GAS6 expression,Entity
e5551,GAS6 mutation,Entity
e5552,GATA1 Y63Lfs*6,Entity
e5553,GATA1 fusion,Entity
e5554,GATA1 gain-of-function,Entity
e5555,GATA1 mutation,Entity
e5556,GATA1 oncogenic mutation,Entity
e5557,GATA2 A318T,Entity
e5558,GATA2 G320D,Entity
e5559,GATA2 L321F,Entity
e5560,GATA2 R308P,Entity
e5561,GATA2 R398W,Entity
e5562,GATA2 T354M,Entity
e5563,GATA2 exon 2 mutation,Entity
e5564,GATA2 exon 3 mutation,Entity
e5565,GATA2 expression,Entity
e5566,GATA2 gain-of-function,Entity
e5567,GATA2 loss-of-function,Entity
e5568,GATA2 mutation,Entity
e5569,GATA2 neutral mutation,Entity
e5570,GATA2 oncogenic mutation,Entity
e5571,GATA3 amplification,Entity
e5572,GATA3 copy number deletion,Entity
e5573,GATA3 gain-of-function,Entity
e5574,GATA3 loss-of-function,Entity
e5575,GATA3 mutation,Entity
e5576,GATA3 oncogenic mutation,Entity
e5577,GATA3 truncating mutation,Entity
e5578,GJB2 D50N,Entity
e5579,GJB2 mutation,Entity
e5580,GJB2 oncogenic mutation,Entity
e5581,GLI1 R380A,Entity
e5582,GLI1 amplification,Entity
e5583,GLI1 gain-of-function,Entity
e5584,GLI1 loss-of-function,Entity
e5585,GLI1 mutation,Entity
e5586,GLI1 oncogenic mutation,Entity
e5587,GLI2 amplification,Entity
e5588,GLI2 gain-of-function,Entity
e5589,GLI2 mutation,Entity
e5590,GNA11 E191G,Entity
e5591,GNA11 E234K,Entity
e5592,GNA11 Q209L,Entity
e5593,GNA11 Q209P,Entity
e5594,GNA11 Q209X,Entity
e5595,GNA11 R183C,Entity
e5596,GNA11 gain-of-function,Entity
e5597,GNA11 mutation,Entity
e5598,GNA11 neutral mutation,Entity
e5599,GNA11 oncogenic mutation,Entity
e5600,GNA13 D259V,Entity
e5601,GNA13 F245S,Entity
e5602,GNA13 I158K,Entity
e5603,GNA13 I305S,Entity
e5604,GNA13 K292R,Entity
e5605,GNA13 L184R,Entity
e5606,GNA13 L197Q,Entity
e5607,GNA13 N283I,Entity
e5608,GNA13 Q226L,Entity
e5609,GNA13 Y308S,Entity
e5610,GNA13 gain-of-function,Entity
e5611,GNA13 loss-of-function,Entity
e5612,GNA13 mutation,Entity
e5613,GNAI2 R179C,Entity
e5614,GNAI2 R179H,Entity
e5615,GNAI2 mutation,Entity
e5616,GNAI2 oncogenic mutation,Entity
e5617,GNAQ F228L,Entity
e5618,GNAQ G48L,Entity
e5619,GNAQ G48V,Entity
e5620,GNAQ Q209L,Entity
e5621,GNAQ Q209P,Entity
e5622,GNAQ Q209R,Entity
e5623,GNAQ Q209X,Entity
e5624,GNAQ R183Q,Entity
e5625,GNAQ T175R,Entity
e5626,GNAQ T96S,Entity
e5627,GNAQ gain-of-function,Entity
e5628,GNAQ mutation,Entity
e5629,GNAQ neutral mutation,Entity
e5630,GNAQ oncogenic mutation,Entity
e5631,GNAS Q227L,Entity
e5632,GNAS Q227R,Entity
e5633,GNAS R160C,Entity
e5634,GNAS R201C,Entity
e5635,GNAS R201H,Entity
e5636,GNAS R201L,Entity
e5637,GNAS R201X,Entity
e5638,GNAS gain-of-function,Entity
e5639,GNAS inconclusive mutation,Entity
e5640,GNAS mutation,Entity
e5641,GNAS oncogenic mutation,Entity
e5642,GNB1 A11V,Entity
e5643,GNB1 D118Y,Entity
e5644,GNB1 D76G,Entity
e5645,GNB1 G272R,Entity
e5646,GNB1 G41*,Entity
e5647,GNB1 H225L,Entity
e5648,GNB1 H54N,Entity
e5649,GNB1 I269T,Entity
e5650,GNB1 I80N,Entity
e5651,GNB1 I80T,Entity
e5652,GNB1 K57E,Entity
e5653,GNB1 K57T,Entity
e5654,GNB1 K89E,Entity
e5655,GNB1 N230S,Entity
e5656,GNB1 R214*,Entity
e5657,GNB1 R256H,Entity
e5658,GNB1 R283C,Entity
e5659,GNB1 R304G,Entity
e5660,GNB1 S316G,Entity
e5661,GNB1 gain-of-function,Entity
e5662,GNB1 mutation,Entity
e5663,GNB1 neutral mutation,Entity
e5664,GOLGA4 fusion,Entity
e5665,GOLGA4 gain-of-function,Entity
e5666,GOLGA4 mutation,Entity
e5667,GOLGA5 fusion,Entity
e5668,GOLGA5 gain-of-function,Entity
e5669,GOLGA5 mutation,Entity
e5670,GON4L fusion,Entity
e5671,GON4L gain-of-function,Entity
e5672,GON4L mutation,Entity
e5673,GOPC fusion,Entity
e5674,GOPC gain-of-function,Entity
e5675,GOPC mutation,Entity
e5676,GPC3 A569T,Entity
e5677,GPC3 H121Y,Entity
e5678,GPC3 mutation,Entity
e5679,GPC3 oncogenic mutation,Entity
e5680,GPS2 loss-of-function,Entity
e5681,GPS2 mutation,Entity
e5682,GPS2 truncating mutation,Entity
e5683,GRIN2A G762E,Entity
e5684,GRIN2A G889E,Entity
e5685,GRIN2A P1132L,Entity
e5686,GRIN2A P1133S,Entity
e5687,GRIN2A inconclusive mutation,Entity
e5688,GRIN2A loss-of-function,Entity
e5689,GRIN2A mutation,Entity
e5690,GRIN2A truncating mutation,Entity
e5691,GSTP1 I105V,Entity
e5692,GSTP1 copy number deletion,Entity
e5693,GSTP1 mutation,Entity
e5694,H1-2 S102F,Entity
e5695,H1-2 loss-of-function,Entity
e5696,H1-2 mutation,Entity
e5697,H1-3 loss-of-function,Entity
e5698,H1-3 mutation,Entity
e5699,H1-3 truncating mutation,Entity
e5700,H1-5 loss-of-function,Entity
e5701,H1-5 mutation,Entity
e5702,H1-5 truncating mutation,Entity
e5703,H3-3A G34R,Entity
e5704,H3-3A G34W,Entity
e5705,H3-3A G35R,Entity
e5706,H3-3A G35V,Entity
e5707,H3-3A K28M,Entity
e5708,H3-3A gain-of-function,Entity
e5709,H3-3A mutation,Entity
e5710,H3-3B K36M,Entity
e5711,H3-3B mutation,Entity
e5712,H3C2 K27M,Entity
e5713,H3C2 mutation,Entity
e5714,H3F3A G35R,Entity
e5715,H3F3A G35V,Entity
e5716,H3F3A K28M,Entity
e5717,H3F3A mutation,Entity
e5718,H3F3A oncogenic mutation,Entity
e5719,HAVCR2 mutation,Entity
e5720,HAVCR2 overexpression,Entity
e5721,HDAC1 H141A,Entity
e5722,HDAC1 K432R,Entity
e5723,HDAC1 loss-of-function,Entity
e5724,HDAC1 mutation,Entity
e5725,HDAC2 biallelic inactivation,Entity
e5726,HDAC2 mutation,Entity
e5727,HERC2 A309G,Entity
e5728,HERC2 L755S,Entity
e5729,HERC2 L755_D759del,Entity
e5730,HERC2 mutation,Entity
e5731,HERC2 oncogenic mutation,Entity
e5732,HEY1 fusion,Entity
e5733,HEY1 gain-of-function,Entity
e5734,HEY1 mutation,Entity
e5735,HGF amplification,Entity
e5736,HGF expression,Entity
e5737,HGF gain-of-function,Entity
e5738,HGF mutation,Entity
e5739,HGF overexpression,Entity
e5740,HIF1A expression,Entity
e5741,HIF1A mutation,Entity
e5742,HIF1A overexpression,Entity
e5743,HIP1 fusion,Entity
e5744,HIP1 gain-of-function,Entity
e5745,HIP1 mutation,Entity
e5746,HIST1H1C S102F,Entity
e5747,HIST1H1C mutation,Entity
e5748,HIST1H1C oncogenic mutation,Entity
e5749,HLA-A loss-of-function,Entity
e5750,HLA-A mutation,Entity
e5751,HLA-A truncating mutation,Entity
e5752,HLA-B loss-of-function,Entity
e5753,HLA-B mutation,Entity
e5754,HLA-B truncating mutation,Entity
e5755,HLA-C loss-of-function,Entity
e5756,HLA-C mutation,Entity
e5757,HLA-C neutral mutation loh,Entity
e5758,HLA-C truncating mutation,Entity
e5759,HLA-DRA expression,Entity
e5760,HLA-DRA mutation,Entity
e5761,HMGA1 amplification,Entity
e5762,HMGA1 fusion,Entity
e5763,HMGA1 gain-of-function,Entity
e5764,HMGA1 mutation,Entity
e5765,HMGA2 amplification,Entity
e5766,HMGA2 fusion,Entity
e5767,HMGA2 gain-of-function,Entity
e5768,HMGA2 mutation,Entity
e5769,HMOX1 expression,Entity
e5770,HMOX1 mutation,Entity
e5771,HNF1A G292Rfs*25,Entity
e5772,HNF1A I27L,Entity
e5773,HNF1A P291Qfs*51,Entity
e5774,HNF1A T196A,Entity
e5775,HNF1A copy number deletion,Entity
e5776,HNF1A inconclusive mutation,Entity
e5777,HNF1A loss-of-function,Entity
e5778,HNF1A mutation,Entity
e5779,HNF1A neutral mutation,Entity
e5780,HNF1A oncogenic mutation,Entity
e5781,HNF1A truncating mutation,Entity
e5782,HOXB13 G84E,Entity
e5783,HOXB13 inconclusive mutation,Entity
e5784,HOXB13 loss-of-function,Entity
e5785,HOXB13 mutation,Entity
e5786,HOXB13 truncating mutation,Entity
e5787,HRAS A11_G12insPGSG,Entity
e5788,HRAS A11_G12insVN,Entity
e5789,HRAS A146T,Entity
e5790,HRAS A146V,Entity
e5791,HRAS A59G,Entity
e5792,HRAS A59T,Entity
e5793,HRAS F28L,Entity
e5794,HRAS G12A,Entity
e5795,HRAS G12C,Entity
e5796,HRAS G12D,Entity
e5797,HRAS G12E,Entity
e5798,HRAS G12F,Entity
e5799,HRAS G12H,Entity
e5800,HRAS G12I,Entity
e5801,HRAS G12K,Entity
e5802,HRAS G12L,Entity
e5803,HRAS G12M,Entity
e5804,HRAS G12N,Entity
e5805,HRAS G12Q,Entity
e5806,HRAS G12R,Entity
e5807,HRAS G12S,Entity
e5808,HRAS G12T,Entity
e5809,HRAS G12V,Entity
e5810,HRAS G12W,Entity
e5811,HRAS G12X,Entity
e5812,HRAS G12Y,Entity
e5813,HRAS G12_G13insGAG,Entity
e5814,HRAS G12del,Entity
e5815,HRAS G13C,Entity
e5816,HRAS G13D,Entity
e5817,HRAS G13R,Entity
e5818,HRAS G13S,Entity
e5819,HRAS G13V,Entity
e5820,HRAS G13X,Entity
e5821,HRAS G15_K16insGVG,Entity
e5822,HRAS K117N,Entity
e5823,HRAS K117R,Entity
e5824,HRAS P34R,Entity
e5825,HRAS Q22K,Entity
e5826,HRAS Q61H,Entity
e5827,HRAS Q61K,Entity
e5828,HRAS Q61L,Entity
e5829,HRAS Q61P,Entity
e5830,HRAS Q61R,Entity
e5831,HRAS Q61X,Entity
e5832,HRAS T58I,Entity
e5833,HRAS Y64A,Entity
e5834,HRAS amplification,Entity
e5835,HRAS exon 1 mutation,Entity
e5836,HRAS exon 2 mutation,Entity
e5837,HRAS gain-of-function,Entity
e5838,HRAS inconclusive mutation,Entity
e5839,HRAS mutation,Entity
e5840,HRAS oncogenic mutation,Entity
e5841,HSD17B2 A111D,Entity
e5842,HSD17B2 G160R,Entity
e5843,HSD17B2 loss-of-function,Entity
e5844,HSD17B2 mutation,Entity
e5845,HSD17B2 neutral mutation,Entity
e5846,HSD17B2 truncating mutation,Entity
e5847,HSD3B1 N367T,Entity
e5848,HSD3B1 mutation,Entity
e5849,HSPA5 expression,Entity
e5850,HSPA5 mutation,Entity
e5851,HSPB1 expression,Entity
e5852,HSPB1 mutation,Entity
e5853,HSPH1 V17 deletion,Entity
e5854,HSPH1 expression,Entity
e5855,HSPH1 mutation,Entity
e5856,HTATIP2 copy number deletion,Entity
e5857,HTATIP2 loss-of-function,Entity
e5858,HTATIP2 mutation,Entity
e5859,HTATIP2 truncating mutation,Entity
e5860,ID1 amplification,Entity
e5861,ID1 gain-of-function,Entity
e5862,ID1 mutation,Entity
e5863,ID3 L64F,Entity
e5864,ID3 P56S,Entity
e5865,ID3 loss-of-function,Entity
e5866,ID3 mutation,Entity
e5867,ID3 oncogenic mutation,Entity
e5868,ID3 truncating mutation,Entity
e5869,IDH1 A134D,Entity
e5870,IDH1 E190K,Entity
e5871,IDH1 G123R,Entity
e5872,IDH1 G70D,Entity
e5873,IDH1 G97D,Entity
e5874,IDH1 H133Q,Entity
e5875,IDH1 I130M,Entity
e5876,IDH1 I99M,Entity
e5877,IDH1 P33S,Entity
e5878,IDH1 R100A,Entity
e5879,IDH1 R132C,Entity
e5880,IDH1 R132F,Entity
e5881,IDH1 R132G,Entity
e5882,IDH1 R132H,Entity
e5883,IDH1 R132L,Entity
e5884,IDH1 R132P,Entity
e5885,IDH1 R132Q,Entity
e5886,IDH1 R132S,Entity
e5887,IDH1 R132X,Entity
e5888,IDH1 R49C,Entity
e5889,IDH1 S280F,Entity
e5890,IDH1 V294M,Entity
e5891,IDH1 Y139D,Entity
e5892,IDH1 inconclusive mutation,Entity
e5893,IDH1 loss-of-function,Entity
e5894,IDH1 mutation,Entity
e5895,IDH1 neutral mutation,Entity
e5896,IDH1 oncogenic mutation,Entity
e5897,IDH1 switch-of-function,Entity
e5898,IDH2 I319M,Entity
e5899,IDH2 Q316E,Entity
e5900,IDH2 R140G,Entity
e5901,IDH2 R140K,Entity
e5902,IDH2 R140L,Entity
e5903,IDH2 R140Q,Entity
e5904,IDH2 R140W,Entity
e5905,IDH2 R140X,Entity
e5906,IDH2 R172G,Entity
e5907,IDH2 R172K,Entity
e5908,IDH2 R172M,Entity
e5909,IDH2 R172S,Entity
e5910,IDH2 R172T,Entity
e5911,IDH2 R172W,Entity
e5912,IDH2 R172X,Entity
e5913,IDH2 V305M,Entity
e5914,IDH2 exon 4 mutation,Entity
e5915,IDH2 inconclusive mutation,Entity
e5916,IDH2 mutation,Entity
e5917,IDH2 oncogenic mutation,Entity
e5918,IDH2 switch-of-function,Entity
e5919,IGF1R A1347V,Entity
e5920,IGF1R M1255I,Entity
e5921,IGF1R R10L,Entity
e5922,IGF1R amplification,Entity
e5923,IGF1R expression,Entity
e5924,IGF1R gain-of-function,Entity
e5925,IGF1R loss-of-function,Entity
e5926,IGF1R mutation,Entity
e5927,IGF1R oncogenic mutation,Entity
e5928,IGF1R overexpression,Entity
e5929,IGF2 amplification,Entity
e5930,IGF2 gain-of-function,Entity
e5931,IGF2 mutation,Entity
e5932,IGF2 overexpression,Entity
e5933,IGF2R G1449V,Entity
e5934,IGF2R G1464E,Entity
e5935,IGF2R mutation,Entity
e5936,IGF2R oncogenic mutation,Entity
e5937,IGH fusion,Entity
e5938,IGH gain-of-function,Entity
e5939,IGH mutation,Entity
e5940,IKBKE amplification,Entity
e5941,IKBKE gain-of-function,Entity
e5942,IKBKE mutation,Entity
e5943,IKZF1 absent,Entity
e5944,IKZF1 copy number deletion,Entity
e5945,IKZF1 loss-of-function,Entity
e5946,IKZF1 mutation,Entity
e5947,IKZF3 Q147H,Entity
e5948,IKZF3 gain-of-function,Entity
e5949,IKZF3 mutation,Entity
e5950,IL3 fusion,Entity
e5951,IL3 gain-of-function,Entity
e5952,IL3 mutation,Entity
e5953,IL6 mutation,Entity
e5954,IL6 overexpression,Entity
e5955,IL7R S185C,Entity
e5956,IL7R T244_I245insCPT,Entity
e5957,IL7R fusion,Entity
e5958,IL7R gain-of-function,Entity
e5959,IL7R in-frame deletion,Entity
e5960,IL7R in-frame insertion,Entity
e5961,IL7R mutation,Entity
e5962,IL7R oncogenic mutation,Entity
e5963,ING1 A335D,Entity
e5964,ING1 C358S,Entity
e5965,ING1 N359S,Entity
e5966,ING1 mutation,Entity
e5967,ING1 oncogenic mutation,Entity
e5968,INHA loss-of-function,Entity
e5969,INHA mutation,Entity
e5970,INHA truncating mutation,Entity
e5971,INPP4B copy number deletion,Entity
e5972,INPP4B loss-of-function,Entity
e5973,INPP4B mutation,Entity
e5974,INPP4B oncogenic mutation,Entity
e5975,INPP4B truncating mutation,Entity
e5976,INPPL1 loss-of-function,Entity
e5977,INPPL1 mutation,Entity
e5978,INPPL1 truncating mutation,Entity
e5979,INSR fusion,Entity
e5980,INSR gain-of-function,Entity
e5981,INSR mutation,Entity
e5982,INTS6 copy number deletion,Entity
e5983,INTS6 loss-of-function,Entity
e5984,INTS6 mutation,Entity
e5985,IQGAP1 amplification,Entity
e5986,IQGAP1 gain-of-function,Entity
e5987,IQGAP1 mutation,Entity
e5988,IRF1 M8L,Entity
e5989,IRF1 loss-of-function,Entity
e5990,IRF1 mutation,Entity
e5991,IRF1 oncogenic mutation,Entity
e5992,IRF1 truncating mutation,Entity
e5993,IRF4 fusion,Entity
e5994,IRF4 gain-of-function,Entity
e5995,IRF4 mutation,Entity
e5996,IRF8 K108E,Entity
e5997,IRF8 T80A,Entity
e5998,IRF8 loss-of-function,Entity
e5999,IRF8 mutation,Entity
e6000,IRF8 truncating mutation,Entity
e6001,IRS2 amplification,Entity
e6002,IRS2 gain-of-function,Entity
e6003,IRS2 mutation,Entity
e6004,ITK fusion,Entity
e6005,ITK gain-of-function,Entity
e6006,ITK mutation,Entity
e6007,JAGN1 E21D,Entity
e6008,JAGN1 G14S,Entity
e6009,JAGN1 H44Y,Entity
e6010,JAGN1 M1I,Entity
e6011,JAGN1 Q162R,Entity
e6012,JAGN1 R20Q,Entity
e6013,JAGN1 T12_G14del,Entity
e6014,JAGN1 Y99*,Entity
e6015,JAGN1 mutation,Entity
e6016,JAGN1 oncogenic mutation,Entity
e6017,JAK1 A634D,Entity
e6018,JAK1 A723D,Entity
e6019,JAK1 F958C,Entity
e6020,JAK1 F958S,Entity
e6021,JAK1 F958V,Entity
e6022,JAK1 G1097D,Entity
e6023,JAK1 K1026E,Entity
e6024,JAK1 K648N,Entity
e6025,JAK1 L783F,Entity
e6026,JAK1 L910P,Entity
e6027,JAK1 Q503*,Entity
e6028,JAK1 R724H,Entity
e6029,JAK1 R879C,Entity
e6030,JAK1 S646F,Entity
e6031,JAK1 S683X,Entity
e6032,JAK1 S703I,Entity
e6033,JAK1 S729C,Entity
e6034,JAK1 V658F,Entity
e6035,JAK1 Y1035C,Entity
e6036,JAK1 Y652H,Entity
e6037,JAK1 gain-of-function,Entity
e6038,JAK1 loss-of-function,Entity
e6039,JAK1 mutation,Entity
e6040,JAK1 oncogenic mutation,Entity
e6041,JAK1 overexpression,Entity
e6042,JAK1 truncating mutation,Entity
e6043,JAK2 C618R,Entity
e6044,JAK2 D544H,Entity
e6045,JAK2 E1024R,Entity
e6046,JAK2 F1061W,Entity
e6047,JAK2 F537_K539delinsL,Entity
e6048,JAK2 F694L,Entity
e6049,JAK2 G335D,Entity
e6050,JAK2 G417P,Entity
e6051,JAK2 G571S,Entity
e6052,JAK2 H538Q,Entity
e6053,JAK2 I1018F,Entity
e6054,JAK2 I1018W,Entity
e6055,JAK2 K539L,Entity
e6056,JAK2 K607N,Entity
e6057,JAK2 L1026F,Entity
e6058,JAK2 L551P,Entity
e6059,JAK2 L611V,Entity
e6060,JAK2 L983F,Entity
e6061,JAK2 N542_E543del,Entity
e6062,JAK2 R1113H,Entity
e6063,JAK2 R426K,Entity
e6064,JAK2 R683G,Entity
e6065,JAK2 R683K,Entity
e6066,JAK2 R683S,Entity
e6067,JAK2 R683T,Entity
e6068,JAK2 S1025C,Entity
e6069,JAK2 S1039F,Entity
e6070,JAK2 T875N,Entity
e6071,JAK2 V1075F,Entity
e6072,JAK2 V617F,Entity
e6073,JAK2 W1038C,Entity
e6074,JAK2 Y1045*,Entity
e6075,JAK2 Y1045W,Entity
e6076,JAK2 Y931C,Entity
e6077,JAK2 amplification,Entity
e6078,JAK2 exon 12 in-frame deletion,Entity
e6079,JAK2 exon 12 in-frame insertion,Entity
e6080,JAK2 exon 12 missense mutation,Entity
e6081,JAK2 exon 12 mutation,Entity
e6082,JAK2 exon 14 mutation,Entity
e6083,JAK2 exon 16 mutation,Entity
e6084,JAK2 fusion,Entity
e6085,JAK2 gain-of-function,Entity
e6086,JAK2 inconclusive mutation,Entity
e6087,JAK2 loss-of-function,Entity
e6088,JAK2 mutation,Entity
e6089,JAK2 neutral mutation,Entity
e6090,JAK2 oncogenic mutation,Entity
e6091,JAK2 splice site variant,Entity
e6092,JAK3 A572T,Entity
e6093,JAK3 A572V,Entity
e6094,JAK3 A573V,Entity
e6095,JAK3 E1106G,Entity
e6096,JAK3 I87T,Entity
e6097,JAK3 L857Q,Entity
e6098,JAK3 M511I,Entity
e6099,JAK3 P132T,Entity
e6100,JAK3 Q501H,Entity
e6101,JAK3 R272H,Entity
e6102,JAK3 R403H,Entity
e6103,JAK3 R657Q,Entity
e6104,JAK3 R657W,Entity
e6105,JAK3 R925S,Entity
e6106,JAK3 V674A,Entity
e6107,JAK3 V678M,Entity
e6108,JAK3 V722I,Entity
e6109,JAK3 gain-of-function,Entity
e6110,JAK3 mutation,Entity
e6111,JAK3 neutral mutation,Entity
e6112,JAK3 oncogenic mutation,Entity
e6113,JARID2 loss-of-function,Entity
e6114,JARID2 mutation,Entity
e6115,JARID2 truncating mutation,Entity
e6116,JUN amplification,Entity
e6117,JUN gain-of-function,Entity
e6118,JUN mutation,Entity
e6119,JUN overexpression,Entity
e6120,KANK1 fusion,Entity
e6121,KANK1 gain-of-function,Entity
e6122,KANK1 mutation,Entity
e6123,KANK4 fusion,Entity
e6124,KANK4 gain-of-function,Entity
e6125,KANK4 mutation,Entity
e6126,KAT6A fusion,Entity
e6127,KAT6A gain-of-function,Entity
e6128,KAT6A mutation,Entity
e6129,KAT6A::CREBBP fusion,Entity
e6130,KAT7 amplification,Entity
e6131,KAT7 gain-of-function,Entity
e6132,KAT7 mutation,Entity
e6133,KBTBD4 P295delinsPP,Entity
e6134,KBTBD4 R297delinsPRR,Entity
e6135,KBTBD4 inconclusive mutation,Entity
e6136,KBTBD4 mutation,Entity
e6137,KCNJ5 L168R,Entity
e6138,KCNJ5 mutation,Entity
e6139,KCNJ5 oncogenic mutation,Entity
e6140,KDM5A amplification,Entity
e6141,KDM5A gain-of-function,Entity
e6142,KDM5A mutation,Entity
e6143,KDM5C D402Y,Entity
e6144,KDM5C M1_E165del,Entity
e6145,KDM5C P480L,Entity
e6146,KDM5C V1075Yfs*2,Entity
e6147,KDM5C loss-of-function,Entity
e6148,KDM5C mutation,Entity
e6149,KDM5C oncogenic mutation,Entity
e6150,KDM5C truncating mutation,Entity
e6151,KDM6A copy number deletion,Entity
e6152,KDM6A loss-of-function,Entity
e6153,KDM6A mutation,Entity
e6154,KDM6A oncogenic mutation,Entity
e6155,KDM6A truncating mutation,Entity
e6156,KDR A1065T,Entity
e6157,KDR C482R,Entity
e6158,KDR D717V,Entity
e6159,KDR G800D,Entity
e6160,KDR G800R,Entity
e6161,KDR G843D,Entity
e6162,KDR L840F,Entity
e6163,KDR Q472H,Entity
e6164,KDR R1022Q,Entity
e6165,KDR R1032Q,Entity
e6166,KDR R961W,Entity
e6167,KDR S1100F,Entity
e6168,KDR S925F,Entity
e6169,KDR T771R,Entity
e6170,KDR amplification,Entity
e6171,KDR gain-of-function,Entity
e6172,KDR inconclusive mutation,Entity
e6173,KDR loss-of-function,Entity
e6174,KDR mutation,Entity
e6175,KDR oncogenic mutation,Entity
e6176,KEAP1 C23Y,Entity
e6177,KEAP1 C249Y,Entity
e6178,KEAP1 D389Y,Entity
e6179,KEAP1 D422N,Entity
e6180,KEAP1 D479G,Entity
e6181,KEAP1 E117K,Entity
e6182,KEAP1 E611D,Entity
e6183,KEAP1 G186R,Entity
e6184,KEAP1 G333C,Entity
e6185,KEAP1 G333S,Entity
e6186,KEAP1 G379D,Entity
e6187,KEAP1 G417R,Entity
e6188,KEAP1 G423V,Entity
e6189,KEAP1 G430C,Entity
e6190,KEAP1 G480W,Entity
e6191,KEAP1 G524C,Entity
e6192,KEAP1 G603W,Entity
e6193,KEAP1 L268P,Entity
e6194,KEAP1 P278S,Entity
e6195,KEAP1 R204P,Entity
e6196,KEAP1 R272C,Entity
e6197,KEAP1 R320Q,Entity
e6198,KEAP1 R415G,Entity
e6199,KEAP1 R470C,Entity
e6200,KEAP1 R470H,Entity
e6201,KEAP1 R470S,Entity
e6202,KEAP1 R601W,Entity
e6203,KEAP1 S102L,Entity
e6204,KEAP1 S144F,Entity
e6205,KEAP1 S243C,Entity
e6206,KEAP1 S338L,Entity
e6207,KEAP1 T142M,Entity
e6208,KEAP1 V155F,Entity
e6209,KEAP1 copy number deletion,Entity
e6210,KEAP1 loss-of-function,Entity
e6211,KEAP1 mutation,Entity
e6212,KEAP1 neutral mutation,Entity
e6213,KEAP1 oncogenic mutation,Entity
e6214,KEAP1 truncating mutation,Entity
e6215,KIAA1549 fusion,Entity
e6216,KIAA1549 gain-of-function,Entity
e6217,KIAA1549 mutation,Entity
e6218,KIF23 expression,Entity
e6219,KIF23 mutation,Entity
e6220,KIF5B fusion,Entity
e6221,KIF5B gain-of-function,Entity
e6222,KIF5B mutation,Entity
e6223,KIT 449_514 mutation,Entity
e6224,KIT 550_592 mutation,Entity
e6225,KIT 627_664 mutation,Entity
e6226,KIT 664_714 mutation,Entity
e6227,KIT 788_828 mutation,Entity
e6228,KIT 829_860 mutation,Entity
e6229,KIT A502_Y503dup,Entity
e6230,KIT A502_Y503insAY,Entity
e6231,KIT A829P,Entity
e6232,KIT C443Y,Entity
e6233,KIT C809G,Entity
e6234,KIT D419del,Entity
e6235,KIT D52N,Entity
e6236,KIT D572A,Entity
e6237,KIT D579_H580insPYD,Entity
e6238,KIT D579del,Entity
e6239,KIT D60N,Entity
e6240,KIT D737N,Entity
e6241,KIT D816A,Entity
e6242,KIT D816E,Entity
e6243,KIT D816F,Entity
e6244,KIT D816G,Entity
e6245,KIT D816H,Entity
e6246,KIT D816I,Entity
e6247,KIT D816N,Entity
e6248,KIT D816V,Entity
e6249,KIT D816X,Entity
e6250,KIT D816Y,Entity
e6251,KIT D820A,Entity
e6252,KIT D820E,Entity
e6253,KIT D820G,Entity
e6254,KIT D820H,Entity
e6255,KIT D820V,Entity
e6256,KIT D820X,Entity
e6257,KIT D820Y,Entity
e6258,KIT E490K,Entity
e6259,KIT E554_I571del,Entity
e6260,KIT E554_K558del,Entity
e6261,KIT E554_V559del,Entity
e6262,KIT E839K,Entity
e6263,KIT F504L,Entity
e6264,KIT F506_F508dup,Entity
e6265,KIT F522C,Entity
e6266,KIT H697Y,Entity
e6267,KIT I563_L576del,Entity
e6268,KIT I653T,Entity
e6269,KIT K484_G487del,Entity
e6270,KIT K509I,Entity
e6271,KIT K550N,Entity
e6272,KIT K550_K558del,Entity
e6273,KIT K550_K559del,Entity
e6274,KIT K550_V555delinsI,Entity
e6275,KIT K550_W557del,Entity
e6276,KIT K550_W557delinsFL,Entity
e6277,KIT K558N,Entity
e6278,KIT K558_E562del,Entity
e6279,KIT K558_V559del,Entity
e6280,KIT K558_V559delinsN,Entity
e6281,KIT K558_V560del,Entity
e6282,KIT K558delinsNP,Entity
e6283,KIT K642E,Entity
e6284,KIT L576P,Entity
e6285,KIT L576del,Entity
e6286,KIT L831P,Entity
e6287,KIT M541L,Entity
e6288,KIT M552_K558del,Entity
e6289,KIT M552_W557del,Entity
e6290,KIT N463S,Entity
e6291,KIT N505I,Entity
e6292,KIT N564_Y578del,Entity
e6293,KIT N566D,Entity
e6294,KIT N655K,Entity
e6295,KIT N655S,Entity
e6296,KIT N822H,Entity
e6297,KIT N822I,Entity
e6298,KIT N822K,Entity
e6299,KIT N822X,Entity
e6300,KIT N822Y,Entity
e6301,KIT N882H,Entity
e6302,KIT P551_E554del,Entity
e6303,KIT P551_M552del,Entity
e6304,KIT P551_V555del,Entity
e6305,KIT P551_W557delinsL,Entity
e6306,KIT P573Q,Entity
e6307,KIT P573_D579del,Entity
e6308,KIT P577_D579del,Entity
e6309,KIT P577_R588dup,Entity
e6310,KIT P577_W582delinsPYD,Entity
e6311,KIT P577del,Entity
e6312,KIT P838L,Entity
e6313,KIT Q556_K558del,Entity
e6314,KIT Q575_P585dup,Entity
e6315,KIT R634Q,Entity
e6316,KIT R634W,Entity
e6317,KIT R796G,Entity
e6318,KIT R888Q,Entity
e6319,KIT S476I,Entity
e6320,KIT S501_A502dup,Entity
e6321,KIT S628N,Entity
e6322,KIT S709F,Entity
e6323,KIT T417_D419delinsI,Entity
e6324,KIT T417_D419delinsRG,Entity
e6325,KIT T417_D419delinsY,Entity
e6326,KIT T574_R588delinsL,Entity
e6327,KIT T574insTQLPYD,Entity
e6328,KIT T670I,Entity
e6329,KIT T670X,Entity
e6330,KIT V530I,Entity
e6331,KIT V555_L576del,Entity
e6332,KIT V555_V559del,Entity
e6333,KIT V559A,Entity
e6334,KIT V559C,Entity
e6335,KIT V559D,Entity
e6336,KIT V559F,Entity
e6337,KIT V559G,Entity
e6338,KIT V559I,Entity
e6339,KIT V559_G565del,Entity
e6340,KIT V559_V560del,Entity
e6341,KIT V559del,Entity
e6342,KIT V560A,Entity
e6343,KIT V560D,Entity
e6344,KIT V560E,Entity
e6345,KIT V560G,Entity
e6346,KIT V560_L576del,Entity
e6347,KIT V560del,Entity
e6348,KIT V569G,Entity
e6349,KIT V569_L576del,Entity
e6350,KIT V654A,Entity
e6351,KIT V654E,Entity
e6352,KIT V825A,Entity
e6353,KIT V852I,Entity
e6354,KIT W557C,Entity
e6355,KIT W557G,Entity
e6356,KIT W557R,Entity
e6357,KIT W557_E561del,Entity
e6358,KIT W557_K558del,Entity
e6359,KIT W557_V559delinsC,Entity
e6360,KIT W557_V560del,Entity
e6361,KIT W557_V560delinsC,Entity
e6362,KIT W557_V560delinsF,Entity
e6363,KIT Y418_D419del,Entity
e6364,KIT Y503_F504insAY,Entity
e6365,KIT Y553C,Entity
e6366,KIT Y553N,Entity
e6367,KIT Y553_K558del,Entity
e6368,KIT Y553_Q556del,Entity
e6369,KIT Y568_L576delinsCV,Entity
e6370,KIT Y568_L576delinsVN,Entity
e6371,KIT Y570H,Entity
e6372,KIT Y578C,Entity
e6373,KIT Y578_D579dup,Entity
e6374,KIT Y578_D579insEQQLPY,Entity
e6375,KIT Y823D,Entity
e6376,KIT amplification,Entity
e6377,KIT duplication,Entity
e6378,KIT exon 10 mutation,Entity
e6379,KIT exon 11 in-frame deletion,Entity
e6380,KIT exon 11 mutation,Entity
e6381,KIT exon 13 mutation,Entity
e6382,KIT exon 14 mutation,Entity
e6383,KIT exon 17 mutation,Entity
e6384,KIT exon 18 mutation,Entity
e6385,KIT exon 9 mutation,Entity
e6386,KIT expression,Entity
e6387,KIT gain-of-function,Entity
e6388,KIT in-frame deletion,Entity
e6389,KIT in-frame insertion,Entity
e6390,KIT inconclusive mutation,Entity
e6391,KIT loss-of-function,Entity
e6392,KIT mutation,Entity
e6393,KIT oncogenic mutation,Entity
e6394,KIT wild type,Entity
e6395,KLF2 A291V,Entity
e6396,KLF2 C274Y,Entity
e6397,KLF2 loss-of-function,Entity
e6398,KLF2 mutation,Entity
e6399,KLF2 neutral mutation,Entity
e6400,KLF2 oncogenic mutation,Entity
e6401,KLF2 truncating mutation,Entity
e6402,KLF4 K409Q,Entity
e6403,KLF4 gain-of-function,Entity
e6404,KLF4 loss-of-function,Entity
e6405,KLF4 mutation,Entity
e6406,KLF4 oncogenic mutation,Entity
e6407,KLF4 truncating mutation,Entity
e6408,KLF5 D418N,Entity
e6409,KLF5 E419K,Entity
e6410,KLF5 E419Q,Entity
e6411,KLF5 P301S,Entity
e6412,KLF5 P304A,Entity
e6413,KLF5 S303P,Entity
e6414,KLF5 gain-of-function,Entity
e6415,KLF5 mutation,Entity
e6416,KLF6 A123D,Entity
e6417,KLF6 L169P,Entity
e6418,KLF6 S116P,Entity
e6419,KLF6 S137*,Entity
e6420,KLF6 S155R,Entity
e6421,KLF6 W64R,Entity
e6422,KLF6 mutation,Entity
e6423,KLF6 oncogenic mutation,Entity
e6424,KLLN methylation,Entity
e6425,KLLN mutation,Entity
e6426,KMT2A amplification,Entity
e6427,KMT2A fusion,Entity
e6428,KMT2A gain-of-function,Entity
e6429,KMT2A inconclusive mutation,Entity
e6430,KMT2A loss-of-function,Entity
e6431,KMT2A mutation,Entity
e6432,KMT2A truncating mutation,Entity
e6433,KMT2A::ABI1 fusion,Entity
e6434,KMT2A::AFDN fusion,Entity
e6435,KMT2A::AFF1 fusion,Entity
e6436,KMT2B loss-of-function,Entity
e6437,KMT2B mutation,Entity
e6438,KMT2B truncating mutation,Entity
e6439,KMT2C A1685S,Entity
e6440,KMT2C S3660L,Entity
e6441,KMT2C copy number deletion,Entity
e6442,KMT2C loss-of-function,Entity
e6443,KMT2C mutation,Entity
e6444,KMT2C neutral mutation,Entity
e6445,KMT2C truncating mutation,Entity
e6446,KMT2D C1430R,Entity
e6447,KMT2D C1471Y,Entity
e6448,KMT2D R5432W,Entity
e6449,KMT2D Y5426A,Entity
e6450,KMT2D Y5512A,Entity
e6451,KMT2D copy number deletion,Entity
e6452,KMT2D inconclusive mutation,Entity
e6453,KMT2D loss-of-function,Entity
e6454,KMT2D mutation,Entity
e6455,KMT2D oncogenic mutation,Entity
e6456,KMT2D truncating mutation,Entity
e6457,KNSTRN A40E,Entity
e6458,KNSTRN P26S,Entity
e6459,KNSTRN P28S,Entity
e6460,KNSTRN R11K,Entity
e6461,KNSTRN S24F,Entity
e6462,KNSTRN V12G,Entity
e6463,KNSTRN inconclusive mutation,Entity
e6464,KNSTRN loss-of-function,Entity
e6465,KNSTRN mutation,Entity
e6466,KNSTRN oncogenic mutation,Entity
e6467,KRAS A11_G12insGA,Entity
e6468,KRAS A146 mutation,Entity
e6469,KRAS A146P,Entity
e6470,KRAS A146T,Entity
e6471,KRAS A146V,Entity
e6472,KRAS A146X,Entity
e6473,KRAS A18D,Entity
e6474,KRAS A59 mutation,Entity
e6475,KRAS A59E,Entity
e6476,KRAS A59G,Entity
e6477,KRAS A59T,Entity
e6478,KRAS C118S,Entity
e6479,KRAS D119A,Entity
e6480,KRAS D119N,Entity
e6481,KRAS D153V,Entity
e6482,KRAS D33E,Entity
e6483,KRAS E31D,Entity
e6484,KRAS E31K,Entity
e6485,KRAS E62K,Entity
e6486,KRAS E62_A66dup,Entity
e6487,KRAS E63K,Entity
e6488,KRAS F156L,Entity
e6489,KRAS F28L,Entity
e6490,KRAS G10_A11insG,Entity
e6491,KRAS G10dup,Entity
e6492,KRAS G12 mutation,Entity
e6493,KRAS G12A,Entity
e6494,KRAS G12C,Entity
e6495,KRAS G12D,Entity
e6496,KRAS G12F,Entity
e6497,KRAS G12L,Entity
e6498,KRAS G12R,Entity
e6499,KRAS G12S,Entity
e6500,KRAS G12V,Entity
e6501,KRAS G12W,Entity
e6502,KRAS G12X,Entity
e6503,KRAS G13 mutation,Entity
e6504,KRAS G13A,Entity
e6505,KRAS G13C,Entity
e6506,KRAS G13D,Entity
e6507,KRAS G13E,Entity
e6508,KRAS G13R,Entity
e6509,KRAS G13S,Entity
e6510,KRAS G13V,Entity
e6511,KRAS G13X,Entity
e6512,KRAS G60C,Entity
e6513,KRAS G60D,Entity
e6514,KRAS G60E,Entity
e6515,KRAS G60R,Entity
e6516,KRAS G60V,Entity
e6517,KRAS G60_A66dup,Entity
e6518,KRAS K117 mutation,Entity
e6519,KRAS K117D,Entity
e6520,KRAS K117N,Entity
e6521,KRAS K147E,Entity
e6522,KRAS K5N,Entity
e6523,KRAS L19F,Entity
e6524,KRAS M67L,Entity
e6525,KRAS M67R,Entity
e6526,KRAS N116H,Entity
e6527,KRAS P34L,Entity
e6528,KRAS P34R,Entity
e6529,KRAS Q22*,Entity
e6530,KRAS Q22E,Entity
e6531,KRAS Q22K,Entity
e6532,KRAS Q22R,Entity
e6533,KRAS Q25H,Entity
e6534,KRAS Q61 mutation,Entity
e6535,KRAS Q61A,Entity
e6536,KRAS Q61E,Entity
e6537,KRAS Q61H,Entity
e6538,KRAS Q61K,Entity
e6539,KRAS Q61L,Entity
e6540,KRAS Q61P,Entity
e6541,KRAS Q61R,Entity
e6542,KRAS Q61X,Entity
e6543,KRAS R149G,Entity
e6544,KRAS R164Q,Entity
e6545,KRAS S17N,Entity
e6546,KRAS S65N,Entity
e6547,KRAS T58I,Entity
e6548,KRAS T74P,Entity
e6549,KRAS V14I,Entity
e6550,KRAS V152A,Entity
e6551,KRAS Y32S,Entity
e6552,KRAS Y40A,Entity
e6553,KRAS Y64A,Entity
e6554,KRAS Y64D,Entity
e6555,KRAS Y71H,Entity
e6556,KRAS Y96D,Entity
e6557,KRAS amplification,Entity
e6558,KRAS exon 2 mutation,Entity
e6559,KRAS gain-of-function,Entity
e6560,KRAS inconclusive mutation,Entity
e6561,KRAS loss-of-function,Entity
e6562,KRAS mutation,Entity
e6563,KRAS neutral mutation,Entity
e6564,KRAS oncogenic mutation,Entity
e6565,KRAS wild type,Entity
e6566,KRT18 mutation,Entity
e6567,KRT18 underexpression,Entity
e6568,LATS1 copy number deletion,Entity
e6569,LATS1 loss-of-function,Entity
e6570,LATS1 mutation,Entity
e6571,LATS1 truncating mutation,Entity
e6572,LATS2 copy number deletion,Entity
e6573,LATS2 loss-of-function,Entity
e6574,LATS2 mutation,Entity
e6575,LATS2 truncating mutation,Entity
e6576,LEPR mutation,Entity
e6577,LEPR underexpression,Entity
e6578,LGR5 amplification,Entity
e6579,LGR5 gain-of-function,Entity
e6580,LGR5 mutation,Entity
e6581,LMNA fusion,Entity
e6582,LMNA gain-of-function,Entity
e6583,LMNA mutation,Entity
e6584,LMO2 fusion,Entity
e6585,LMO2 gain-of-function,Entity
e6586,LMO2 mutation,Entity
e6587,LPP fusion,Entity
e6588,LPP gain-of-function,Entity
e6589,LPP mutation,Entity
e6590,LRP1B R1661H,Entity
e6591,LRP1B copy number deletion,Entity
e6592,LRP1B exon 12-22 copy number deletion,Entity
e6593,LRP1B inconclusive mutation,Entity
e6594,LRP1B loss-of-function,Entity
e6595,LRP1B mutation,Entity
e6596,LRP1B oncogenic mutation,Entity
e6597,LRP1B truncating mutation,Entity
e6598,LRP5 A214T,Entity
e6599,LRP5 D111Y,Entity
e6600,LRP5 E721A,Entity
e6601,LRP5 G171V,Entity
e6602,LRP5 N198S,Entity
e6603,LRP5 R154M,Entity
e6604,LRP5 T253I,Entity
e6605,LRP5 W199A,Entity
e6606,LRP5 gain-of-function,Entity
e6607,LRP5 loss-of-function,Entity
e6608,LRP5 mutation,Entity
e6609,LRP5 truncating mutation,Entity
e6610,LRP6 E663A,Entity
e6611,LRP6 E708A,Entity
e6612,LRP6 I1264V,Entity
e6613,LRP6 K82N,Entity
e6614,LRP6 M877A,Entity
e6615,LRP6 P1066T,Entity
e6616,LRP6 P1206H,Entity
e6617,LRP6 R1184A,Entity
e6618,LRP6 R118A,Entity
e6619,LRP6 R739G,Entity
e6620,LRP6 S488Y,Entity
e6621,LRP6 W767A,Entity
e6622,LRP6 Y706A,Entity
e6623,LRP6 Y875A,Entity
e6624,LRP6 gain-of-function,Entity
e6625,LRP6 loss-of-function,Entity
e6626,LRP6 mutation,Entity
e6627,LSM14A fusion,Entity
e6628,LSM14A gain-of-function,Entity
e6629,LSM14A mutation,Entity
e6630,LTK fusion,Entity
e6631,LTK gain-of-function,Entity
e6632,LTK mutation,Entity
e6633,LYN mutation,Entity
e6634,LYN overexpression,Entity
e6635,LZTR1 G248R,Entity
e6636,LZTR1 G404R,Entity
e6637,LZTR1 H287Y,Entity
e6638,LZTR1 P520L,Entity
e6639,LZTR1 R198G,Entity
e6640,LZTR1 R284C,Entity
e6641,LZTR1 R466Q,Entity
e6642,LZTR1 R688C,Entity
e6643,LZTR1 R810W,Entity
e6644,LZTR1 S122L,Entity
e6645,LZTR1 S247N,Entity
e6646,LZTR1 S813I,Entity
e6647,LZTR1 T288I,Entity
e6648,LZTR1 V456G,Entity
e6649,LZTR1 W105R,Entity
e6650,LZTR1 Y119C,Entity
e6651,LZTR1 loss-of-function,Entity
e6652,LZTR1 mutation,Entity
e6653,LZTR1 truncating mutation,Entity
e6654,LZTS1 K119E,Entity
e6655,LZTS1 S29P,Entity
e6656,LZTS1 mutation,Entity
e6657,LZTS1 oncogenic mutation,Entity
e6658,MACF1 fusion,Entity
e6659,MACF1 gain-of-function,Entity
e6660,MACF1 mutation,Entity
e6661,MAD1L1 R59C,Entity
e6662,MAD1L1 Y649*,Entity
e6663,MAD1L1 mutation,Entity
e6664,MAD1L1 oncogenic mutation,Entity
e6665,MAF fusion,Entity
e6666,MAF gain-of-function,Entity
e6667,MAF mutation,Entity
e6668,MAFB fusion,Entity
e6669,MAFB gain-of-function,Entity
e6670,MAFB mutation,Entity
e6671,MAGEH1 expression,Entity
e6672,MAGEH1 mutation,Entity
e6673,MAL2 loss-of-function,Entity
e6674,MAL2 mutation,Entity
e6675,MAL2 truncating mutation,Entity
e6676,MALT1 fusion,Entity
e6677,MALT1 gain-of-function,Entity
e6678,MALT1 inconclusive mutation,Entity
e6679,MALT1 mutation,Entity
e6680,MAP2K1 A106T,Entity
e6681,MAP2K1 A106_I107del,Entity
e6682,MAP2K1 A132V,Entity
e6683,MAP2K1 A257V,Entity
e6684,MAP2K1 A52V,Entity
e6685,MAP2K1 A95_R96del,Entity
e6686,MAP2K1 C121S,Entity
e6687,MAP2K1 D152_L155del,Entity
e6688,MAP2K1 D16N,Entity
e6689,MAP2K1 D336H,Entity
e6690,MAP2K1 D65N,Entity
e6691,MAP2K1 D67N,Entity
e6692,MAP2K1 E102_I103del,Entity
e6693,MAP2K1 E114V,Entity
e6694,MAP2K1 E114_L115del,Entity
e6695,MAP2K1 E120D,Entity
e6696,MAP2K1 E120Q,Entity
e6697,MAP2K1 E144K,Entity
e6698,MAP2K1 E163K,Entity
e6699,MAP2K1 E203D,Entity
e6700,MAP2K1 E203K,Entity
e6701,MAP2K1 E203Q,Entity
e6702,MAP2K1 E203R,Entity
e6703,MAP2K1 E203V,Entity
e6704,MAP2K1 E320K,Entity
e6705,MAP2K1 E333A,Entity
e6706,MAP2K1 E41_F53del,Entity
e6707,MAP2K1 E41_L54del,Entity
e6708,MAP2K1 E44G,Entity
e6709,MAP2K1 E44K,Entity
e6710,MAP2K1 E51_Q58del,Entity
e6711,MAP2K1 F129L,Entity
e6712,MAP2K1 F133L,Entity
e6713,MAP2K1 F53C,Entity
e6714,MAP2K1 F53I,Entity
e6715,MAP2K1 F53L,Entity
e6716,MAP2K1 F53S,Entity
e6717,MAP2K1 F53V,Entity
e6718,MAP2K1 F53_Q58del,Entity
e6719,MAP2K1 F53_Q58delinsL,Entity
e6720,MAP2K1 G128D,Entity
e6721,MAP2K1 G128V,Entity
e6722,MAP2K1 G176V,Entity
e6723,MAP2K1 G210E,Entity
e6724,MAP2K1 G213V,Entity
e6725,MAP2K1 G294R,Entity
e6726,MAP2K1 G328E,Entity
e6727,MAP2K1 H100_I103delinsPL,Entity
e6728,MAP2K1 H100_L101del,Entity
e6729,MAP2K1 H119P,Entity
e6730,MAP2K1 H119Q,Entity
e6731,MAP2K1 H119Y,Entity
e6732,MAP2K1 I103M,Entity
e6733,MAP2K1 I103N,Entity
e6734,MAP2K1 I103_K104del,Entity
e6735,MAP2K1 I107_R108del,Entity
e6736,MAP2K1 I111A,Entity
e6737,MAP2K1 I111N,Entity
e6738,MAP2K1 I111P,Entity
e6739,MAP2K1 I111R,Entity
e6740,MAP2K1 I111S,Entity
e6741,MAP2K1 I111_I112del,Entity
e6742,MAP2K1 I112_R113del,Entity
e6743,MAP2K1 I204F,Entity
e6744,MAP2K1 I204T,Entity
e6745,MAP2K1 I310L,Entity
e6746,MAP2K1 I99T,Entity
e6747,MAP2K1 I99_H100del,Entity
e6748,MAP2K1 I99_K104del,Entity
e6749,MAP2K1 K104N,Entity
e6750,MAP2K1 K104_P105del,Entity
e6751,MAP2K1 K35N,Entity
e6752,MAP2K1 K57E,Entity
e6753,MAP2K1 K57N,Entity
e6754,MAP2K1 K57T,Entity
e6755,MAP2K1 K57_G61del,Entity
e6756,MAP2K1 K57_V60delinsN,Entity
e6757,MAP2K1 K59del,Entity
e6758,MAP2K1 K97M,Entity
e6759,MAP2K1 K97_L98del,Entity
e6760,MAP2K1 L101_E102del,Entity
e6761,MAP2K1 L115P,Entity
e6762,MAP2K1 L115R,Entity
e6763,MAP2K1 L115X,Entity
e6764,MAP2K1 L177M,Entity
e6765,MAP2K1 L177V,Entity
e6766,MAP2K1 L206F,Entity
e6767,MAP2K1 L215P,Entity
e6768,MAP2K1 L235H,Entity
e6769,MAP2K1 L253V,Entity
e6770,MAP2K1 L313F,Entity
e6771,MAP2K1 L332V,Entity
e6772,MAP2K1 L37P,Entity
e6773,MAP2K1 L42F,Entity
e6774,MAP2K1 L42_K57del,Entity
e6775,MAP2K1 L50_E51insI,Entity
e6776,MAP2K1 L63M,Entity
e6777,MAP2K1 L98_I103del,Entity
e6778,MAP2K1 L98_I103delinsES,Entity
e6779,MAP2K1 L98_I99del,Entity
e6780,MAP2K1 L98_K104delinsQ,Entity
e6781,MAP2K1 M146I,Entity
e6782,MAP2K1 M146L,Entity
e6783,MAP2K1 M146T,Entity
e6784,MAP2K1 N109_Q110del,Entity
e6785,MAP2K1 N109_R113del,Entity
e6786,MAP2K1 N122D,Entity
e6787,MAP2K1 N382H,Entity
e6788,MAP2K1 P105_A106del,Entity
e6789,MAP2K1 P105_I107del,Entity
e6790,MAP2K1 P105_I107delinsL,Entity
e6791,MAP2K1 P105_I107delinsS,Entity
e6792,MAP2K1 P124L,Entity
e6793,MAP2K1 P124Q,Entity
e6794,MAP2K1 P124R,Entity
e6795,MAP2K1 P124S,Entity
e6796,MAP2K1 P124X,Entity
e6797,MAP2K1 P162F,Entity
e6798,MAP2K1 P193S,Entity
e6799,MAP2K1 P264R,Entity
e6800,MAP2K1 P264S,Entity
e6801,MAP2K1 P306H,Entity
e6802,MAP2K1 P321H,Entity
e6803,MAP2K1 P323A,Entity
e6804,MAP2K1 P387S,Entity
e6805,MAP2K1 Q110_I111del,Entity
e6806,MAP2K1 Q56P,Entity
e6807,MAP2K1 Q56_G61delinsR,Entity
e6808,MAP2K1 Q56_V60del,Entity
e6809,MAP2K1 Q58H,Entity
e6810,MAP2K1 Q58_E62del,Entity
e6811,MAP2K1 R108Q,Entity
e6812,MAP2K1 R108_N109del,Entity
e6813,MAP2K1 R113_E114del,Entity
e6814,MAP2K1 R201C,Entity
e6815,MAP2K1 R201D,Entity
e6816,MAP2K1 R201H,Entity
e6817,MAP2K1 R201_E203delinsQ,Entity
e6818,MAP2K1 R227K,Entity
e6819,MAP2K1 R289Q,Entity
e6820,MAP2K1 R291M,Entity
e6821,MAP2K1 R349K,Entity
e6822,MAP2K1 R47Q,Entity
e6823,MAP2K1 R49H,Entity
e6824,MAP2K1 R49L,Entity
e6825,MAP2K1 R96K,Entity
e6826,MAP2K1 R96_K97del,Entity
e6827,MAP2K1 S123P,Entity
e6828,MAP2K1 S123T,Entity
e6829,MAP2K1 S218D,Entity
e6830,MAP2K1 S222D,Entity
e6831,MAP2K1 S327T,Entity
e6832,MAP2K1 S86A,Entity
e6833,MAP2K1 T28I,Entity
e6834,MAP2K1 T55P,Entity
e6835,MAP2K1 V154I,Entity
e6836,MAP2K1 V211D,Entity
e6837,MAP2K1 V258I,Entity
e6838,MAP2K1 V60E,Entity
e6839,MAP2K1 V60M,Entity
e6840,MAP2K1 Y130C,Entity
e6841,MAP2K1 Y130H,Entity
e6842,MAP2K1 Y130N,Entity
e6843,MAP2K1 amplification,Entity
e6844,MAP2K1 exon 2 mutation,Entity
e6845,MAP2K1 exon 3 mutation,Entity
e6846,MAP2K1 exon 6 mutation,Entity
e6847,MAP2K1 gain-of-function,Entity
e6848,MAP2K1 in-frame deletion,Entity
e6849,MAP2K1 inconclusive mutation,Entity
e6850,MAP2K1 loss-of-function,Entity
e6851,MAP2K1 mutation,Entity
e6852,MAP2K1 neutral mutation,Entity
e6853,MAP2K1 oncogenic mutation,Entity
e6854,MAP2K2 A110V,Entity
e6855,MAP2K2 C125S,Entity
e6856,MAP2K2 C125X,Entity
e6857,MAP2K2 D71N,Entity
e6858,MAP2K2 D71X,Entity
e6859,MAP2K2 E207K,Entity
e6860,MAP2K2 F57C,Entity
e6861,MAP2K2 F57L,Entity
e6862,MAP2K2 F57V,Entity
e6863,MAP2K2 F57X,Entity
e6864,MAP2K2 G132D,Entity
e6865,MAP2K2 H123Q,Entity
e6866,MAP2K2 I107N,Entity
e6867,MAP2K2 K101M,Entity
e6868,MAP2K2 K61T,Entity
e6869,MAP2K2 K61X,Entity
e6870,MAP2K2 L181M,Entity
e6871,MAP2K2 L46F,Entity
e6872,MAP2K2 L46_E55del,Entity
e6873,MAP2K2 M150L,Entity
e6874,MAP2K2 N126D,Entity
e6875,MAP2K2 P128L,Entity
e6876,MAP2K2 P128X,Entity
e6877,MAP2K2 P268R,Entity
e6878,MAP2K2 Q60P,Entity
e6879,MAP2K2 Q60X,Entity
e6880,MAP2K2 R231H,Entity
e6881,MAP2K2 S154F,Entity
e6882,MAP2K2 S222D,Entity
e6883,MAP2K2 S226D,Entity
e6884,MAP2K2 V35M,Entity
e6885,MAP2K2 V64D,Entity
e6886,MAP2K2 Y134C,Entity
e6887,MAP2K2 Y134H,Entity
e6888,MAP2K2 gain-of-function,Entity
e6889,MAP2K2 inconclusive mutation,Entity
e6890,MAP2K2 mutation,Entity
e6891,MAP2K2 neutral mutation,Entity
e6892,MAP2K2 oncogenic mutation,Entity
e6893,MAP2K4 A279T,Entity
e6894,MAP2K4 G85R,Entity
e6895,MAP2K4 N234I,Entity
e6896,MAP2K4 P326L,Entity
e6897,MAP2K4 R134Q,Entity
e6898,MAP2K4 R134W,Entity
e6899,MAP2K4 R154W,Entity
e6900,MAP2K4 R228K,Entity
e6901,MAP2K4 R304*,Entity
e6902,MAP2K4 S251N,Entity
e6903,MAP2K4 V321M,Entity
e6904,MAP2K4 loss-of-function,Entity
e6905,MAP2K4 mutation,Entity
e6906,MAP2K4 neutral mutation,Entity
e6907,MAP2K4 oncogenic mutation,Entity
e6908,MAP2K4 truncating mutation,Entity
e6909,MAP2K7 E116K,Entity
e6910,MAP2K7 mutation,Entity
e6911,MAP3K1 E1286V,Entity
e6912,MAP3K1 T779fs,Entity
e6913,MAP3K1 loss-of-function,Entity
e6914,MAP3K1 mutation,Entity
e6915,MAP3K1 neutral mutation,Entity
e6916,MAP3K1 truncating mutation,Entity
e6917,MAPK1 A35N,Entity
e6918,MAPK1 C127I,Entity
e6919,MAPK1 C40P,Entity
e6920,MAPK1 C40R,Entity
e6921,MAPK1 C65F,Entity
e6922,MAPK1 C65W,Entity
e6923,MAPK1 C65Y,Entity
e6924,MAPK1 D100M,Entity
e6925,MAPK1 D124T,Entity
e6926,MAPK1 D321N,Entity
e6927,MAPK1 D321V,Entity
e6928,MAPK1 D44H,Entity
e6929,MAPK1 E322A,Entity
e6930,MAPK1 E322K,Entity
e6931,MAPK1 E322V,Entity
e6932,MAPK1 E33P,Entity
e6933,MAPK1 E60Q,Entity
e6934,MAPK1 E60S,Entity
e6935,MAPK1 E71A,Entity
e6936,MAPK1 E71C,Entity
e6937,MAPK1 E71G,Entity
e6938,MAPK1 E71K,Entity
e6939,MAPK1 E71P,Entity
e6940,MAPK1 E81K,Entity
e6941,MAPK1 F59G,Entity
e6942,MAPK1 F59P,Entity
e6943,MAPK1 F59R,Entity
e6944,MAPK1 F59S,Entity
e6945,MAPK1 G169D,Entity
e6946,MAPK1 G32P,Entity
e6947,MAPK1 G37A,Entity
e6948,MAPK1 G37C,Entity
e6949,MAPK1 G37D,Entity
e6950,MAPK1 G37K,Entity
e6951,MAPK1 G37N,Entity
e6952,MAPK1 G37P,Entity
e6953,MAPK1 G37S,Entity
e6954,MAPK1 G37T,Entity
e6955,MAPK1 I103Q,Entity
e6956,MAPK1 I103W,Entity
e6957,MAPK1 I103Y,Entity
e6958,MAPK1 I31C,Entity
e6959,MAPK1 I31D,Entity
e6960,MAPK1 I31E,Entity
e6961,MAPK1 I31H,Entity
e6962,MAPK1 I31K,Entity
e6963,MAPK1 I31L,Entity
e6964,MAPK1 I31M,Entity
e6965,MAPK1 I31N,Entity
e6966,MAPK1 I31Q,Entity
e6967,MAPK1 I31R,Entity
e6968,MAPK1 I31W,Entity
e6969,MAPK1 I31Y,Entity
e6970,MAPK1 I347F,Entity
e6971,MAPK1 I347H,Entity
e6972,MAPK1 I347M,Entity
e6973,MAPK1 I347W,Entity
e6974,MAPK1 I347Y,Entity
e6975,MAPK1 I56D,Entity
e6976,MAPK1 I56E,Entity
e6977,MAPK1 I56G,Entity
e6978,MAPK1 I56H,Entity
e6979,MAPK1 I56K,Entity
e6980,MAPK1 I56P,Entity
e6981,MAPK1 I56Q,Entity
e6982,MAPK1 I56S,Entity
e6983,MAPK1 I56W,Entity
e6984,MAPK1 I56Y,Entity
e6985,MAPK1 K55G,Entity
e6986,MAPK1 L156G,Entity
e6987,MAPK1 L156N,Entity
e6988,MAPK1 L69R,Entity
e6989,MAPK1 L75E,Entity
e6990,MAPK1 L75H,Entity
e6991,MAPK1 L75P,Entity
e6992,MAPK1 L75R,Entity
e6993,MAPK1 L75W,Entity
e6994,MAPK1 M38P,Entity
e6995,MAPK1 M98W,Entity
e6996,MAPK1 P58A,Entity
e6997,MAPK1 P58F,Entity
e6998,MAPK1 P58G,Entity
e6999,MAPK1 P58I,Entity
e7000,MAPK1 P58K,Entity
e7001,MAPK1 P58L,Entity
e7002,MAPK1 P58M,Entity
e7003,MAPK1 P58N,Entity
e7004,MAPK1 P58Q,Entity
e7005,MAPK1 P58R,Entity
e7006,MAPK1 P58S,Entity
e7007,MAPK1 P58T,Entity
e7008,MAPK1 P58V,Entity
e7009,MAPK1 P58W,Entity
e7010,MAPK1 P58Y,Entity
e7011,MAPK1 Q105F,Entity
e7012,MAPK1 Q105I,Entity
e7013,MAPK1 Q105N,Entity
e7014,MAPK1 Q105T,Entity
e7015,MAPK1 Q105V,Entity
e7016,MAPK1 Q105W,Entity
e7017,MAPK1 Q105Y,Entity
e7018,MAPK1 Q62P,Entity
e7019,MAPK1 Q97R,Entity
e7020,MAPK1 R15P,Entity
e7021,MAPK1 R191H,Entity
e7022,MAPK1 R67I,Entity
e7023,MAPK1 S142L,Entity
e7024,MAPK1 S57F,Entity
e7025,MAPK1 S57G,Entity
e7026,MAPK1 S57P,Entity
e7027,MAPK1 T110P,Entity
e7028,MAPK1 T185A,Entity
e7029,MAPK1 T68D,Entity
e7030,MAPK1 T68F,Entity
e7031,MAPK1 T68H,Entity
e7032,MAPK1 T68I,Entity
e7033,MAPK1 T68L,Entity
e7034,MAPK1 T68M,Entity
e7035,MAPK1 T68N,Entity
e7036,MAPK1 T68P,Entity
e7037,MAPK1 T68Q,Entity
e7038,MAPK1 T68Y,Entity
e7039,MAPK1 V39A,Entity
e7040,MAPK1 V49A,Entity
e7041,MAPK1 V51H,Entity
e7042,MAPK1 V51K,Entity
e7043,MAPK1 Y187A,Entity
e7044,MAPK1 Y233A,Entity
e7045,MAPK1 Y36A,Entity
e7046,MAPK1 Y36C,Entity
e7047,MAPK1 Y36D,Entity
e7048,MAPK1 Y36E,Entity
e7049,MAPK1 Y36G,Entity
e7050,MAPK1 Y36H,Entity
e7051,MAPK1 Y36I,Entity
e7052,MAPK1 Y36L,Entity
e7053,MAPK1 Y36M,Entity
e7054,MAPK1 Y36N,Entity
e7055,MAPK1 Y36Q,Entity
e7056,MAPK1 Y36R,Entity
e7057,MAPK1 Y36S,Entity
e7058,MAPK1 Y36T,Entity
e7059,MAPK1 Y36V,Entity
e7060,MAPK1 Y43E,Entity
e7061,MAPK1 Y43W,Entity
e7062,MAPK1 Y64A,Entity
e7063,MAPK1 Y64C,Entity
e7064,MAPK1 Y64D,Entity
e7065,MAPK1 Y64E,Entity
e7066,MAPK1 Y64G,Entity
e7067,MAPK1 Y64I,Entity
e7068,MAPK1 Y64K,Entity
e7069,MAPK1 Y64L,Entity
e7070,MAPK1 Y64M,Entity
e7071,MAPK1 Y64P,Entity
e7072,MAPK1 Y64Q,Entity
e7073,MAPK1 Y64R,Entity
e7074,MAPK1 Y64S,Entity
e7075,MAPK1 Y64T,Entity
e7076,MAPK1 Y64V,Entity
e7077,MAPK1 amplification,Entity
e7078,MAPK1 gain-of-function,Entity
e7079,MAPK1 inconclusive mutation,Entity
e7080,MAPK1 loss-of-function,Entity
e7081,MAPK1 mutation,Entity
e7082,MAPK1 oncogenic mutation,Entity
e7083,MAX H28R,Entity
e7084,MAX N78Kfs*9,Entity
e7085,MAX R35H,Entity
e7086,MAX R35L,Entity
e7087,MAX R36W,Entity
e7088,MAX R60Q,Entity
e7089,MAX R60W,Entity
e7090,MAX R75*,Entity
e7091,MAX copy number deletion,Entity
e7092,MAX loss-of-function,Entity
e7093,MAX mutation,Entity
e7094,MAX oncogenic mutation,Entity
e7095,MAX truncating mutation,Entity
e7096,MBD4 loss-of-function,Entity
e7097,MBD4 mutation,Entity
e7098,MBD4 truncating mutation,Entity
e7099,MCC A888V,Entity
e7100,MCC R696Q,Entity
e7101,MCC mutation,Entity
e7102,MCC oncogenic mutation,Entity
e7103,MDM2 amplification,Entity
e7104,MDM2 expression,Entity
e7105,MDM2 gain-of-function,Entity
e7106,MDM2 mutation,Entity
e7107,MDM4 G57A,Entity
e7108,MDM4 amplification,Entity
e7109,MDM4 gain-of-function,Entity
e7110,MDM4 loss-of-function,Entity
e7111,MDM4 mutation,Entity
e7112,MDM4 oncogenic mutation,Entity
e7113,MECOM fusion,Entity
e7114,MECOM gain-of-function,Entity
e7115,MECOM mutation,Entity
e7116,MED12 G44D,Entity
e7117,MED12 G44S,Entity
e7118,MED12 L1224F,Entity
e7119,MED12 copy number deletion,Entity
e7120,MED12 loss-of-function,Entity
e7121,MED12 mutation,Entity
e7122,MED12 oncogenic mutation,Entity
e7123,MED12 truncating mutation,Entity
e7124,MEF2D fusion,Entity
e7125,MEF2D gain-of-function,Entity
e7126,MEF2D mutation,Entity
e7127,MEN1 G331D,Entity
e7128,MEN1 G331R,Entity
e7129,MEN1 M327I,Entity
e7130,MEN1 M327V,Entity
e7131,MEN1 R465*,Entity
e7132,MEN1 S253L,Entity
e7133,MEN1 T349M,Entity
e7134,MEN1 copy number deletion,Entity
e7135,MEN1 frameshift mutation,Entity
e7136,MEN1 inconclusive mutation,Entity
e7137,MEN1 loss-of-function,Entity
e7138,MEN1 mutation,Entity
e7139,MEN1 oncogenic mutation,Entity
e7140,MEN1 truncating mutation,Entity
e7141,MERTK R758C,Entity
e7142,MERTK R758H,Entity
e7143,MERTK Y754F,Entity
e7144,MERTK amplification,Entity
e7145,MERTK gain-of-function,Entity
e7146,MERTK loss-of-function,Entity
e7147,MERTK mutation,Entity
e7148,MERTK overexpression,Entity
e7149,MET D1002A,Entity
e7150,MET D1010H,Entity
e7151,MET D1010N,Entity
e7152,MET D1010X,Entity
e7153,MET D1010Y,Entity
e7154,MET D1028H,Entity
e7155,MET D1028N,Entity
e7156,MET D1028Y,Entity
e7157,MET D1228H,Entity
e7158,MET D1228N,Entity
e7159,MET D1228V,Entity
e7160,MET D1246N,Entity
e7161,MET D1246V,Entity
e7162,MET E168D,Entity
e7163,MET F1200I,Entity
e7164,MET F1218I,Entity
e7165,MET H1094L,Entity
e7166,MET H1094R,Entity
e7167,MET H1094Y,Entity
e7168,MET H1106D,Entity
e7169,MET H1112L,Entity
e7170,MET H1112R,Entity
e7171,MET H1112Y,Entity
e7172,MET H1124D,Entity
e7173,MET K1262R,Entity
e7174,MET L1195V,Entity
e7175,MET L1213V,Entity
e7176,MET M1250T,Entity
e7177,MET M1268I,Entity
e7178,MET M1268T,Entity
e7179,MET N1100Y,Entity
e7180,MET N1118Y,Entity
e7181,MET N375S,Entity
e7182,MET R1004A,Entity
e7183,MET R1004G,Entity
e7184,MET R970C,Entity
e7185,MET R988C,Entity
e7186,MET T1010I,Entity
e7187,MET T1191I,Entity
e7188,MET T992I,Entity
e7189,MET V1070E,Entity
e7190,MET V1088E,Entity
e7191,MET V1092I,Entity
e7192,MET V1110I,Entity
e7193,MET V1188L,Entity
e7194,MET V1206L,Entity
e7195,MET V1220I,Entity
e7196,MET V1238I,Entity
e7197,MET Y1003*,Entity
e7198,MET Y1003C,Entity
e7199,MET Y1003F,Entity
e7200,MET Y1003N,Entity
e7201,MET Y1003X,Entity
e7202,MET Y1021*,Entity
e7203,MET Y1021C,Entity
e7204,MET Y1021F,Entity
e7205,MET Y1230C,Entity
e7206,MET Y1230H,Entity
e7207,MET Y1235D,Entity
e7208,MET Y1248C,Entity
e7209,MET Y1248H,Entity
e7210,MET Y1253D,Entity
e7211,MET amplification,Entity
e7212,MET exon 14 in-frame deletion,Entity
e7213,MET exon 14 mutation,Entity
e7214,MET exon 14 skipping mutation,Entity
e7215,MET exon 14 splice variant,Entity
e7216,MET exon 16 mutation,Entity
e7217,MET fusion,Entity
e7218,MET gain-of-function,Entity
e7219,MET inconclusive mutation,Entity
e7220,MET mutation,Entity
e7221,MET oncogenic mutation,Entity
e7222,MET overexpression,Entity
e7223,MET splice site variant,Entity
e7224,MGA copy number deletion,Entity
e7225,MGA loss-of-function,Entity
e7226,MGA mutation,Entity
e7227,MGA truncating mutation,Entity
e7228,MGMT methylation,Entity
e7229,MGMT mutation,Entity
e7230,MGMT underexpression,Entity
e7231,MIR218-1 expression,Entity
e7232,MIR218-1 mutation,Entity
e7233,MIR218-1 underexpression,Entity
e7234,MITF E318K,Entity
e7235,MITF amplification,Entity
e7236,MITF fusion,Entity
e7237,MITF gain-of-function,Entity
e7238,MITF loss-of-function,Entity
e7239,MITF mutation,Entity
e7240,MITF oncogenic mutation,Entity
e7241,MITF truncating mutation,Entity
e7242,MKI67 expression,Entity
e7243,MKI67 mutation,Entity
e7244,MKI67 overexpression,Entity
e7245,MLH1 *757Lfs*34,Entity
e7246,MLH1 *757Lfs*35,Entity
e7247,MLH1 A111P,Entity
e7248,MLH1 A120S,Entity
e7249,MLH1 A125Ifs*15,Entity
e7250,MLH1 A128P,Entity
e7251,MLH1 A128Qfs*8,Entity
e7252,MLH1 A21E,Entity
e7253,MLH1 A21Rfs*15,Entity
e7254,MLH1 A249Gfs*58,Entity
e7255,MLH1 A281V,Entity
e7256,MLH1 A29G,Entity
e7257,MLH1 A29Lfs*7,Entity
e7258,MLH1 A29S,Entity
e7259,MLH1 A424T,Entity
e7260,MLH1 A541Dfs*50,Entity
e7261,MLH1 A589Pfs*2,Entity
e7262,MLH1 A608Cfs*2,Entity
e7263,MLH1 A619Lfs*18,Entity
e7264,MLH1 A623Qfs*14,Entity
e7265,MLH1 A681T,Entity
e7266,MLH1 A681V,Entity
e7267,MLH1 C680*,Entity
e7268,MLH1 C77*fs*1,Entity
e7269,MLH1 C77R,Entity
e7270,MLH1 C77Y,Entity
e7271,MLH1 D418Yfs*3,Entity
e7272,MLH1 D41G,Entity
e7273,MLH1 D450Gfs*29,Entity
e7274,MLH1 D484Mfs*7,Entity
e7275,MLH1 D591Vfs*24,Entity
e7276,MLH1 D631*fs*1,Entity
e7277,MLH1 D631Efs*6,Entity
e7278,MLH1 D63E,Entity
e7279,MLH1 D644Tfs*17,Entity
e7280,MLH1 D667Efs*8,Entity
e7281,MLH1 D667fs,Entity
e7282,MLH1 D737V,Entity
e7283,MLH1 E102D,Entity
e7284,MLH1 E13*,Entity
e7285,MLH1 E13Afs*19,Entity
e7286,MLH1 E13Rfs*4,Entity
e7287,MLH1 E13fs,Entity
e7288,MLH1 E172K,Entity
e7289,MLH1 E172Nfs*30,Entity
e7290,MLH1 E178*,Entity
e7291,MLH1 E199Dfs*4,Entity
e7292,MLH1 E23*,Entity
e7293,MLH1 E23Kfs*13,Entity
e7294,MLH1 E297*,Entity
e7295,MLH1 E297Kfs*70,Entity
e7296,MLH1 E319*,Entity
e7297,MLH1 E34Dfs*3,Entity
e7298,MLH1 E358*fs*1,Entity
e7299,MLH1 E358Rfs*9,Entity
e7300,MLH1 E37*,Entity
e7301,MLH1 E433Q,Entity
e7302,MLH1 E448Gfs*43,Entity
e7303,MLH1 E460Rfs*19,Entity
e7304,MLH1 E460Rfs*31,Entity
e7305,MLH1 E512*,Entity
e7306,MLH1 E515*fs*1,Entity
e7307,MLH1 E519*fs*1,Entity
e7308,MLH1 E519Dfs*9,Entity
e7309,MLH1 E53Rfs*26,Entity
e7310,MLH1 E53Rfs*4,Entity
e7311,MLH1 E557*,Entity
e7312,MLH1 E558*,Entity
e7313,MLH1 E605Rfs*5,Entity
e7314,MLH1 E620Rfs*17,Entity
e7315,MLH1 E632E,Entity
e7316,MLH1 E651Dfs*9,Entity
e7317,MLH1 E663D,Entity
e7318,MLH1 E663Gfs*2,Entity
e7319,MLH1 E669Gfs*4,Entity
e7320,MLH1 E671*,Entity
e7321,MLH1 E679*,Entity
e7322,MLH1 E693Gfs*10,Entity
e7323,MLH1 E71*,Entity
e7324,MLH1 E78Kfs*14,Entity
e7325,MLH1 E89*,Entity
e7326,MLH1 F156Lfs*15,Entity
e7327,MLH1 F3Lfs*14,Entity
e7328,MLH1 F530del,Entity
e7329,MLH1 F583*fs*1,Entity
e7330,MLH1 F583Lfs*8,Entity
e7331,MLH1 F626Sfs*11,Entity
e7332,MLH1 F626Wfs*9,Entity
e7333,MLH1 F80V,Entity
e7334,MLH1 F88Lfs*4,Entity
e7335,MLH1 G101S,Entity
e7336,MLH1 G133*,Entity
e7337,MLH1 G144Wfs*28,Entity
e7338,MLH1 G244Afs*9,Entity
e7339,MLH1 G244D,Entity
e7340,MLH1 G336Afs*31,Entity
e7341,MLH1 G351Dfs*16,Entity
e7342,MLH1 G354Afs*13,Entity
e7343,MLH1 G517*,Entity
e7344,MLH1 G54Afs*2,Entity
e7345,MLH1 G54Efs*3,Entity
e7346,MLH1 G606fs*2,Entity
e7347,MLH1 G638*,Entity
e7348,MLH1 G65D,Entity
e7349,MLH1 G67E,Entity
e7350,MLH1 G67R,Entity
e7351,MLH1 G67Rfs*12,Entity
e7352,MLH1 G67W,Entity
e7353,MLH1 G6Afs*20,Entity
e7354,MLH1 H289Pfs*17,Entity
e7355,MLH1 H308Rfs*60,Entity
e7356,MLH1 H312Qfs*2,Entity
e7357,MLH1 H318Qfs*49,Entity
e7358,MLH1 H329Afs*28,Entity
e7359,MLH1 H329P,Entity
e7360,MLH1 H518Mfs*17,Entity
e7361,MLH1 H518Sfs*2,Entity
e7362,MLH1 H727Ffs*55,Entity
e7363,MLH1 H733Qfs*14,Entity
e7364,MLH1 I107R,Entity
e7365,MLH1 I219V,Entity
e7366,MLH1 I229Dfs*6,Entity
e7367,MLH1 I231Mfs*8,Entity
e7368,MLH1 I25Sfs*11,Entity
e7369,MLH1 I276Sfs*32,Entity
e7370,MLH1 I59Nfs*20,Entity
e7371,MLH1 I611Cfs*2,Entity
e7372,MLH1 I643Dfs*5,Entity
e7373,MLH1 I68S,Entity
e7374,MLH1 I68Sfs*24,Entity
e7375,MLH1 I719Cfs*3,Entity
e7376,MLH1 I719Tfs*65,Entity
e7377,MLH1 I728Sfs*4,Entity
e7378,MLH1 I740Nfs*6,Entity
e7379,MLH1 I8Nfs*23,Entity
e7380,MLH1 K123*,Entity
e7381,MLH1 K140Nfs*20,Entity
e7382,MLH1 K175Rfs*28,Entity
e7383,MLH1 K196*,Entity
e7384,MLH1 K196Nfs*6,Entity
e7385,MLH1 K286*fs*1,Entity
e7386,MLH1 K377Ifs*25,Entity
e7387,MLH1 K461*,Entity
e7388,MLH1 K461Efs*17,Entity
e7389,MLH1 K471Nfs*19,Entity
e7390,MLH1 K488*,Entity
e7391,MLH1 K488Nfs*13,Entity
e7392,MLH1 K488Rfs*3,Entity
e7393,MLH1 K52*fs*1,Entity
e7394,MLH1 K52Rfs*26,Entity
e7395,MLH1 K52Rfs*4,Entity
e7396,MLH1 K604*,Entity
e7397,MLH1 K618*,Entity
e7398,MLH1 K618A,Entity
e7399,MLH1 K618Ifs*4,Entity
e7400,MLH1 K618T,Entity
e7401,MLH1 K618del,Entity
e7402,MLH1 K670Rfs*113,Entity
e7403,MLH1 K732*,Entity
e7404,MLH1 L11Wfs*6,Entity
e7405,MLH1 L135Qfs*24,Entity
e7406,MLH1 L155R,Entity
e7407,MLH1 L166*,Entity
e7408,MLH1 L166*fs*1,Entity
e7409,MLH1 L177_E178delinsF*,Entity
e7410,MLH1 L260R,Entity
e7411,MLH1 L284*,Entity
e7412,MLH1 L294L,Entity
e7413,MLH1 L296*,Entity
e7414,MLH1 L397Rfs*4,Entity
e7415,MLH1 L40*fs*1,Entity
e7416,MLH1 L404Pfs*13,Entity
e7417,MLH1 L404Vfs*12,Entity
e7418,MLH1 L507*fs*1,Entity
e7419,MLH1 L507Ffs*8,Entity
e7420,MLH1 L525*,Entity
e7421,MLH1 L525Afs*2,Entity
e7422,MLH1 L540Ffs*16,Entity
e7423,MLH1 L547*,Entity
e7424,MLH1 L549Yfs*44,Entity
e7425,MLH1 L550P,Entity
e7426,MLH1 L555Qfs*3,Entity
e7427,MLH1 L559R,Entity
e7428,MLH1 L564Ffs*26,Entity
e7429,MLH1 L564Tfs*4,Entity
e7430,MLH1 L582F,Entity
e7431,MLH1 L582P,Entity
e7432,MLH1 L582Pfs*9,Entity
e7433,MLH1 L590*fs*1,Entity
e7434,MLH1 L622H,Entity
e7435,MLH1 L628Ffs*2,Entity
e7436,MLH1 L639Ffs*6,Entity
e7437,MLH1 L641Pfs*4,Entity
e7438,MLH1 L658Ffs*3,Entity
e7439,MLH1 L749P,Entity
e7440,MLH1 M1K,Entity
e7441,MLH1 M1L,Entity
e7442,MLH1 M342Cfs*25,Entity
e7443,MLH1 M35Kfs*2,Entity
e7444,MLH1 M35N,Entity
e7445,MLH1 M35R,Entity
e7446,MLH1 M383Dfs*12,Entity
e7447,MLH1 M490T,Entity
e7448,MLH1 M524Ifs*3,Entity
e7449,MLH1 M587Cfs*4,Entity
e7450,MLH1 M587Hfs*6,Entity
e7451,MLH1 M587V,Entity
e7452,MLH1 N168Kfs*4,Entity
e7453,MLH1 N168Sfs*3,Entity
e7454,MLH1 N222Kfs*4,Entity
e7455,MLH1 N222Mfs*7,Entity
e7456,MLH1 N243Vfs*10,Entity
e7457,MLH1 N287Hfs*19,Entity
e7458,MLH1 N287Kfs*20,Entity
e7459,MLH1 N287Tfs*10,Entity
e7460,MLH1 N338Ifs*29,Entity
e7461,MLH1 N338Qfs*24,Entity
e7462,MLH1 N38H,Entity
e7463,MLH1 N38K,Entity
e7464,MLH1 N38S,Entity
e7465,MLH1 N551T,Entity
e7466,MLH1 N635Kfs*10,Entity
e7467,MLH1 N635Tfs*2,Entity
e7468,MLH1 N64Kfs*15,Entity
e7469,MLH1 N64Wfs*14,Entity
e7470,MLH1 P138T,Entity
e7471,MLH1 P28L,Entity
e7472,MLH1 P290Tfs*8,Entity
e7473,MLH1 P350Tfs*12,Entity
e7474,MLH1 P437Lfs*54,Entity
e7475,MLH1 P536fs,Entity
e7476,MLH1 P593Rfs*16,Entity
e7477,MLH1 P603R,Entity
e7478,MLH1 P648L,Entity
e7479,MLH1 P648S,Entity
e7480,MLH1 P649Lfs*12,Entity
e7481,MLH1 P654L,Entity
e7482,MLH1 Q146*,Entity
e7483,MLH1 Q149*,Entity
e7484,MLH1 Q26*,Entity
e7485,MLH1 Q26Hfs*10,Entity
e7486,MLH1 Q26Sfs*10,Entity
e7487,MLH1 Q301*,Entity
e7488,MLH1 Q301Rfs*66,Entity
e7489,MLH1 Q328*,Entity
e7490,MLH1 Q346H,Entity
e7491,MLH1 Q346Q,Entity
e7492,MLH1 Q391*,Entity
e7493,MLH1 Q398*,Entity
e7494,MLH1 Q407Sfs*84,Entity
e7495,MLH1 Q409*,Entity
e7496,MLH1 Q409Sfs*10,Entity
e7497,MLH1 Q426*,Entity
e7498,MLH1 Q426fs,Entity
e7499,MLH1 Q445Rfs*46,Entity
e7500,MLH1 Q48*,Entity
e7501,MLH1 Q510*,Entity
e7502,MLH1 Q537*,Entity
e7503,MLH1 Q542*,Entity
e7504,MLH1 Q562*,Entity
e7505,MLH1 Q62*,Entity
e7506,MLH1 Q689*,Entity
e7507,MLH1 Q689Hfs*92,Entity
e7508,MLH1 Q689R,Entity
e7509,MLH1 Q701*,Entity
e7510,MLH1 Q701H,Entity
e7511,MLH1 Q742*,Entity
e7512,MLH1 Q742Pfs*3,Entity
e7513,MLH1 Q742Sfs*41,Entity
e7514,MLH1 Q86*,Entity
e7515,MLH1 R100*,Entity
e7516,MLH1 R163Kfs*4,Entity
e7517,MLH1 R182G,Entity
e7518,MLH1 R182K,Entity
e7519,MLH1 R18Afs*18,Entity
e7520,MLH1 R217Afs*12,Entity
e7521,MLH1 R217C,Entity
e7522,MLH1 R226*,Entity
e7523,MLH1 R226Q,Entity
e7524,MLH1 R226Qfs*3,Entity
e7525,MLH1 R265C,Entity
e7526,MLH1 R265G,Entity
e7527,MLH1 R265S,Entity
e7528,MLH1 R325Afs*37,Entity
e7529,MLH1 R389Q,Entity
e7530,MLH1 R472Kfs*7,Entity
e7531,MLH1 R472Tfs*6,Entity
e7532,MLH1 R474Gfs*17,Entity
e7533,MLH1 R487*,Entity
e7534,MLH1 R497Gfs*11,Entity
e7535,MLH1 R497Pfs*6,Entity
e7536,MLH1 R498Efs*10,Entity
e7537,MLH1 R575Sfs*16,Entity
e7538,MLH1 R659*,Entity
e7539,MLH1 R659L,Entity
e7540,MLH1 R659P,Entity
e7541,MLH1 R659Pfs*4,Entity
e7542,MLH1 R659Tfs*4,Entity
e7543,MLH1 R687W,Entity
e7544,MLH1 R687fs,Entity
e7545,MLH1 R69Gfs*23,Entity
e7546,MLH1 R725C,Entity
e7547,MLH1 R755S,Entity
e7548,MLH1 S129Vfs*12,Entity
e7549,MLH1 S131*,Entity
e7550,MLH1 S193*,Entity
e7551,MLH1 S2*,Entity
e7552,MLH1 S211Ffs*15,Entity
e7553,MLH1 S225Vfs*4,Entity
e7554,MLH1 S247P,Entity
e7555,MLH1 S252*,Entity
e7556,MLH1 S269*,Entity
e7557,MLH1 S271Efs*34,Entity
e7558,MLH1 S295G,Entity
e7559,MLH1 S295N,Entity
e7560,MLH1 S295R,Entity
e7561,MLH1 S332Afs*35,Entity
e7562,MLH1 S340Pfs*27,Entity
e7563,MLH1 S368Rfs*33,Entity
e7564,MLH1 S421Vfs*70,Entity
e7565,MLH1 S44F,Entity
e7566,MLH1 S467Afs*24,Entity
e7567,MLH1 S467Rfs*24,Entity
e7568,MLH1 S556I,Entity
e7569,MLH1 S556Rfs*35,Entity
e7570,MLH1 S577S,Entity
e7571,MLH1 S595Wfs*14,Entity
e7572,MLH1 S627Wfs*9,Entity
e7573,MLH1 S695*,Entity
e7574,MLH1 S698*,Entity
e7575,MLH1 S698Rfs*5,Entity
e7576,MLH1 T114Ifs*22,Entity
e7577,MLH1 T116Nfs*6,Entity
e7578,MLH1 T116Qfs*20,Entity
e7579,MLH1 T117M,Entity
e7580,MLH1 T119Kfs*18,Entity
e7581,MLH1 T14Rfs*4,Entity
e7582,MLH1 T270Pfs*2,Entity
e7583,MLH1 T310Qfs*57,Entity
e7584,MLH1 T452Qfs*39,Entity
e7585,MLH1 T455Dfs*24,Entity
e7586,MLH1 T455Lfs*36,Entity
e7587,MLH1 T45Ifs*9,Entity
e7588,MLH1 T66Pfs*26,Entity
e7589,MLH1 T82A,Entity
e7590,MLH1 T82I,Entity
e7591,MLH1 T82Nfs*2,Entity
e7592,MLH1 V16Gfs*15,Entity
e7593,MLH1 V185G,Entity
e7594,MLH1 V213fs,Entity
e7595,MLH1 V24Lfs*12,Entity
e7596,MLH1 V314Sfs*48,Entity
e7597,MLH1 V378Ifs*16,Entity
e7598,MLH1 V384D,Entity
e7599,MLH1 V384Ffs*17,Entity
e7600,MLH1 V49A,Entity
e7601,MLH1 V49E,Entity
e7602,MLH1 V506A,Entity
e7603,MLH1 V51Cfs*2,Entity
e7604,MLH1 V531Gfs*25,Entity
e7605,MLH1 V534R,Entity
e7606,MLH1 V573Sfs*11,Entity
e7607,MLH1 V612Hfs*3,Entity
e7608,MLH1 V704Afs*77,Entity
e7609,MLH1 V716Gfs*6,Entity
e7610,MLH1 V716M,Entity
e7611,MLH1 V720Cfs*3,Entity
e7612,MLH1 W538*,Entity
e7613,MLH1 W597*,Entity
e7614,MLH1 W666*,Entity
e7615,MLH1 W712*,Entity
e7616,MLH1 W714*,Entity
e7617,MLH1 Y126*,Entity
e7618,MLH1 Y126*fs*1,Entity
e7619,MLH1 Y130Sfs*6,Entity
e7620,MLH1 Y130Tfs*6,Entity
e7621,MLH1 Y280*,Entity
e7622,MLH1 Y343Vfs*19,Entity
e7623,MLH1 Y548*,Entity
e7624,MLH1 Y561*,Entity
e7625,MLH1 Y625*,Entity
e7626,MLH1 Y721*,Entity
e7627,MLH1 copy number deletion,Entity
e7628,MLH1 expression,Entity
e7629,MLH1 gain-of-function,Entity
e7630,MLH1 inconclusive mutation,Entity
e7631,MLH1 loss-of-function,Entity
e7632,MLH1 methylation,Entity
e7633,MLH1 mutation,Entity
e7634,MLH1 neutral mutation,Entity
e7635,MLH1 oncogenic mutation,Entity
e7636,MLH1 truncating mutation,Entity
e7637,MLH3 E828*,Entity
e7638,MLH3 mutation,Entity
e7639,MLH3 oncogenic mutation,Entity
e7640,MLL fusion,Entity
e7641,MLL gain-of-function,Entity
e7642,MLL mutation,Entity
e7643,MLL2 mutation,Entity
e7644,MLL2 oncogenic mutation,Entity
e7645,MLL3 A1685S,Entity
e7646,MLL3 mutation,Entity
e7647,MLL3 oncogenic mutation,Entity
e7648,MLLT10 fusion,Entity
e7649,MLLT10 gain-of-function,Entity
e7650,MLLT10 mutation,Entity
e7651,MLLT3 fusion,Entity
e7652,MLLT3 gain-of-function,Entity
e7653,MLLT3 mutation,Entity
e7654,MN1 fusion,Entity
e7655,MN1 gain-of-function,Entity
e7656,MN1 mutation,Entity
e7657,MN1 rearrangement,Entity
e7658,MNX1 fusion,Entity
e7659,MNX1 gain-of-function,Entity
e7660,MNX1 mutation,Entity
e7661,MPL E230G,Entity
e7662,MPL P106L,Entity
e7663,MPL R321W,Entity
e7664,MPL S204F,Entity
e7665,MPL S204P,Entity
e7666,MPL S505C,Entity
e7667,MPL S505N,Entity
e7668,MPL T119I,Entity
e7669,MPL V285E,Entity
e7670,MPL W515F,Entity
e7671,MPL W515K,Entity
e7672,MPL W515L,Entity
e7673,MPL W515X,Entity
e7674,MPL Y591D,Entity
e7675,MPL exon 10 mutation,Entity
e7676,MPL gain-of-function,Entity
e7677,MPL inconclusive mutation,Entity
e7678,MPL mutation,Entity
e7679,MPL oncogenic mutation,Entity
e7680,MRE11 N117S,Entity
e7681,MRE11 frameshift mutation,Entity
e7682,MRE11 loss-of-function,Entity
e7683,MRE11 mutation,Entity
e7684,MRE11 truncating mutation,Entity
e7685,MRE11A E506*,Entity
e7686,MRE11A F381Lfs*9,Entity
e7687,MRE11A H247Pfs*2,Entity
e7688,MRE11A L169Rfs*16,Entity
e7689,MRE11A L274Hfs*16,Entity
e7690,MRE11A L379Pfs*4,Entity
e7691,MRE11A L446Sfs*4,Entity
e7692,MRE11A M309Hfs*8,Entity
e7693,MRE11A Q170*,Entity
e7694,MRE11A Q482Lfs*43,Entity
e7695,MRE11A R364*,Entity
e7696,MRE11A R572*,Entity
e7697,MRE11A R576*,Entity
e7698,MRE11A T408Nfs*49,Entity
e7699,MRE11A T481Hfs*43,Entity
e7700,MRE11A W210Vfs*2,Entity
e7701,MRE11A mutation,Entity
e7702,MRE11A oncogenic mutation,Entity
e7703,MSH2 A123Vfs*51,Entity
e7704,MSH2 A230Lfs*16,Entity
e7705,MSH2 A230Sfs*2,Entity
e7706,MSH2 A266Qfs*8,Entity
e7707,MSH2 A272V,Entity
e7708,MSH2 A2T,Entity
e7709,MSH2 A305Cfs*7,Entity
e7710,MSH2 A305Gfs*7,Entity
e7711,MSH2 A305T,Entity
e7712,MSH2 A370Qfs*3,Entity
e7713,MSH2 A398Gfs*19,Entity
e7714,MSH2 A499Cfs*14,Entity
e7715,MSH2 A500Pfs*26,Entity
e7716,MSH2 A573Pfs*17,Entity
e7717,MSH2 A636P,Entity
e7718,MSH2 A765Vfs*47,Entity
e7719,MSH2 A834Mfs*12,Entity
e7720,MSH2 A844*fs*1,Entity
e7721,MSH2 C176*fs*1,Entity
e7722,MSH2 C199R,Entity
e7723,MSH2 C404Vfs*8,Entity
e7724,MSH2 C527Vfs*16,Entity
e7725,MSH2 C697*,Entity
e7726,MSH2 C697F,Entity
e7727,MSH2 C697R,Entity
e7728,MSH2 C778*,Entity
e7729,MSH2 C822*fs*1,Entity
e7730,MSH2 D116Gfs*57,Entity
e7731,MSH2 D133Efs*41,Entity
e7732,MSH2 D231Tfs*15,Entity
e7733,MSH2 D236Tfs*10,Entity
e7734,MSH2 D386Efs*3,Entity
e7735,MSH2 D49Rfs*32,Entity
e7736,MSH2 D49Tfs*15,Entity
e7737,MSH2 D543Ifs*14,Entity
e7738,MSH2 D603Efs*32,Entity
e7739,MSH2 D603G,Entity
e7740,MSH2 D603N,Entity
e7741,MSH2 D660Efs*15,Entity
e7742,MSH2 E101*,Entity
e7743,MSH2 E12Gfs*70,Entity
e7744,MSH2 E177*,Entity
e7745,MSH2 E177Vfs*3,Entity
e7746,MSH2 E198*,Entity
e7747,MSH2 E198Gfs*34,Entity
e7748,MSH2 E205*,Entity
e7749,MSH2 E226Nfs*20,Entity
e7750,MSH2 E28*,Entity
e7751,MSH2 E28Rfs*36,Entity
e7752,MSH2 E28fs,Entity
e7753,MSH2 E290*,Entity
e7754,MSH2 E422*,Entity
e7755,MSH2 E452*,Entity
e7756,MSH2 E464Kfs*7,Entity
e7757,MSH2 E467*,Entity
e7758,MSH2 E48*,Entity
e7759,MSH2 E480Vfs*3,Entity
e7760,MSH2 E483*,Entity
e7761,MSH2 E483G,Entity
e7762,MSH2 E483Nfs*4,Entity
e7763,MSH2 E48Gfs*29,Entity
e7764,MSH2 E530Kfs*13,Entity
e7765,MSH2 E56*,Entity
e7766,MSH2 E562Sfs*28,Entity
e7767,MSH2 E569*fs*1,Entity
e7768,MSH2 E569Ifs*2,Entity
e7769,MSH2 E56Rfs*8,Entity
e7770,MSH2 E580*,Entity
e7771,MSH2 E731*,Entity
e7772,MSH2 E7Gfs*57,Entity
e7773,MSH2 E808*,Entity
e7774,MSH2 E842Vfs*3,Entity
e7775,MSH2 E859*,Entity
e7776,MSH2 E86*fs*1,Entity
e7777,MSH2 E878Afs*3,Entity
e7778,MSH2 E878E,Entity
e7779,MSH2 E914*,Entity
e7780,MSH2 F136Lfs*38,Entity
e7781,MSH2 F184Sfs*30,Entity
e7782,MSH2 F294*fs*1,Entity
e7783,MSH2 F296Lfs*5,Entity
e7784,MSH2 F366Yfs*23,Entity
e7785,MSH2 F37Sfs*27,Entity
e7786,MSH2 F42Sfs*41,Entity
e7787,MSH2 F447Wfs*8,Entity
e7788,MSH2 F657Lfs*3,Entity
e7789,MSH2 F694S,Entity
e7790,MSH2 F836Sfs*5,Entity
e7791,MSH2 F85Lfs*14,Entity
e7792,MSH2 F88Cfs*11,Entity
e7793,MSH2 G162R,Entity
e7794,MSH2 G164R,Entity
e7795,MSH2 G204*,Entity
e7796,MSH2 G25Rfs*57,Entity
e7797,MSH2 G287*,Entity
e7798,MSH2 G322D,Entity
e7799,MSH2 G338E,Entity
e7800,MSH2 G40Afs*24,Entity
e7801,MSH2 G587R,Entity
e7802,MSH2 G630Efs*4,Entity
e7803,MSH2 G669V,Entity
e7804,MSH2 G674Efs*24,Entity
e7805,MSH2 G674R,Entity
e7806,MSH2 G683R,Entity
e7807,MSH2 G692Cfs*4,Entity
e7808,MSH2 G713Rfs*4,Entity
e7809,MSH2 G715Wfs*2,Entity
e7810,MSH2 G721Sfs*23,Entity
e7811,MSH2 G751R,Entity
e7812,MSH2 G759*,Entity
e7813,MSH2 H424Tfs*2,Entity
e7814,MSH2 H610Tfs*25,Entity
e7815,MSH2 H639Lfs*45,Entity
e7816,MSH2 H639Y,Entity
e7817,MSH2 H783Ifs*29,Entity
e7818,MSH2 H829Mfs*12,Entity
e7819,MSH2 I169Rfs*4,Entity
e7820,MSH2 I217Kfs*13,Entity
e7821,MSH2 I633Nfs*11,Entity
e7822,MSH2 I666Hfs*9,Entity
e7823,MSH2 I679Sfs*19,Entity
e7824,MSH2 I691Nfs*8,Entity
e7825,MSH2 I735Tfs*10,Entity
e7826,MSH2 I746Nfs*4,Entity
e7827,MSH2 I747Rfs*2,Entity
e7828,MSH2 I766Yfs*46,Entity
e7829,MSH2 I841*fs*1,Entity
e7830,MSH2 I865Gfs*15,Entity
e7831,MSH2 I883Lfs*9,Entity
e7832,MSH2 I883Nfs*16,Entity
e7833,MSH2 K172*,Entity
e7834,MSH2 K172Nfs*2,Entity
e7835,MSH2 K229*,Entity
e7836,MSH2 K229Sfs*2,Entity
e7837,MSH2 K235Rfs*20,Entity
e7838,MSH2 K246*,Entity
e7839,MSH2 K246Efs*10,Entity
e7840,MSH2 K249Rfs*5,Entity
e7841,MSH2 K301*,Entity
e7842,MSH2 K334*,Entity
e7843,MSH2 K347Lfs*11,Entity
e7844,MSH2 K430*,Entity
e7845,MSH2 K430Efs*13,Entity
e7846,MSH2 K449*,Entity
e7847,MSH2 K449Ffs*4,Entity
e7848,MSH2 K509*,Entity
e7849,MSH2 K555Nfs*2,Entity
e7850,MSH2 K565*,Entity
e7851,MSH2 K567*,Entity
e7852,MSH2 K567Rfs*3,Entity
e7853,MSH2 K661Rfs*23,Entity
e7854,MSH2 K82*,Entity
e7855,MSH2 L11Vfs*71,Entity
e7856,MSH2 L173Qfs*41,Entity
e7857,MSH2 L187P,Entity
e7858,MSH2 L187R,Entity
e7859,MSH2 L191del,Entity
e7860,MSH2 L213Qfs*18,Entity
e7861,MSH2 L277*,Entity
e7862,MSH2 L279Pfs*13,Entity
e7863,MSH2 L280Ffs*4,Entity
e7864,MSH2 L302*,Entity
e7865,MSH2 L310P,Entity
e7866,MSH2 L310R,Entity
e7867,MSH2 L376Ffs*37,Entity
e7868,MSH2 L380Yfs*32,Entity
e7869,MSH2 L390F,Entity
e7870,MSH2 L407Pfs*11,Entity
e7871,MSH2 L431*,Entity
e7872,MSH2 L440P,Entity
e7873,MSH2 L440Yfs*2,Entity
e7874,MSH2 L458*,Entity
e7875,MSH2 L481*,Entity
e7876,MSH2 L496*,Entity
e7877,MSH2 L52Afs*30,Entity
e7878,MSH2 L556*fs*1,Entity
e7879,MSH2 L556Yfs*6,Entity
e7880,MSH2 L559*fs*1,Entity
e7881,MSH2 L595Hfs*6,Entity
e7882,MSH2 L595R,Entity
e7883,MSH2 L602Afs*42,Entity
e7884,MSH2 L744*,Entity
e7885,MSH2 L75Afs*6,Entity
e7886,MSH2 L762*fs*1,Entity
e7887,MSH2 L811*,Entity
e7888,MSH2 L849Wfs*43,Entity
e7889,MSH2 L888Cfs*4,Entity
e7890,MSH2 L93Pfs*6,Entity
e7891,MSH2 M141Vfs*10,Entity
e7892,MSH2 M152Cfs*22,Entity
e7893,MSH2 M253Ifs*20,Entity
e7894,MSH2 M253Ifs*21,Entity
e7895,MSH2 M261Nfs*23,Entity
e7896,MSH2 M26Hfs*56,Entity
e7897,MSH2 M300Ifs*2,Entity
e7898,MSH2 M453K,Entity
e7899,MSH2 M492_Q493delinsI*,Entity
e7900,MSH2 M663Cfs*22,Entity
e7901,MSH2 M672Rfs*13,Entity
e7902,MSH2 M688R,Entity
e7903,MSH2 M779Nfs*8,Entity
e7904,MSH2 N115Mfs*59,Entity
e7905,MSH2 N127Tfs*5,Entity
e7906,MSH2 N139Mfs*35,Entity
e7907,MSH2 N242Kfs*14,Entity
e7908,MSH2 N254Ifs*20,Entity
e7909,MSH2 N263Tfs*20,Entity
e7910,MSH2 N285Tfs*7,Entity
e7911,MSH2 N311Tfs*20,Entity
e7912,MSH2 N354Tfs*3,Entity
e7913,MSH2 N400Qfs*13,Entity
e7914,MSH2 N486Mfs*11,Entity
e7915,MSH2 N486Tfs*10,Entity
e7916,MSH2 N547Rfs*11,Entity
e7917,MSH2 N566*fs*1,Entity
e7918,MSH2 N566Ifs*24,Entity
e7919,MSH2 N596Kfs*2,Entity
e7920,MSH2 N596Kfs*47,Entity
e7921,MSH2 N596del,Entity
e7922,MSH2 N671Ifs*14,Entity
e7923,MSH2 N835Lfs*4,Entity
e7924,MSH2 N84Ifs*6,Entity
e7925,MSH2 P196Qfs*18,Entity
e7926,MSH2 P336Lfs*21,Entity
e7927,MSH2 P349L,Entity
e7928,MSH2 P349R,Entity
e7929,MSH2 P415Mfs*22,Entity
e7930,MSH2 P591Tfs*7,Entity
e7931,MSH2 P5Afs*77,Entity
e7932,MSH2 P618Hfs*17,Entity
e7933,MSH2 P622L,Entity
e7934,MSH2 P696L,Entity
e7935,MSH2 P69Rfs*15,Entity
e7936,MSH2 Q10*,Entity
e7937,MSH2 Q130Vfs*2,Entity
e7938,MSH2 Q158*,Entity
e7939,MSH2 Q160*,Entity
e7940,MSH2 Q170*,Entity
e7941,MSH2 Q183*,Entity
e7942,MSH2 Q193*,Entity
e7943,MSH2 Q215*,Entity
e7944,MSH2 Q215*fs*1,Entity
e7945,MSH2 Q218*,Entity
e7946,MSH2 Q239*,Entity
e7947,MSH2 Q239Hfs*16,Entity
e7948,MSH2 Q24*,Entity
e7949,MSH2 Q252*,Entity
e7950,MSH2 Q288*,Entity
e7951,MSH2 Q288Rfs*4,Entity
e7952,MSH2 Q288Tfs*3,Entity
e7953,MSH2 Q298*,Entity
e7954,MSH2 Q314Q,Entity
e7955,MSH2 Q324*,Entity
e7956,MSH2 Q324Vfs*8,Entity
e7957,MSH2 Q337*,Entity
e7958,MSH2 Q344*,Entity
e7959,MSH2 Q374*,Entity
e7960,MSH2 Q377*,Entity
e7961,MSH2 Q377Yfs*36,Entity
e7962,MSH2 Q395*,Entity
e7963,MSH2 Q397*,Entity
e7964,MSH2 Q402*,Entity
e7965,MSH2 Q402Kfs*10,Entity
e7966,MSH2 Q402Tfs*15,Entity
e7967,MSH2 Q409Rfs*7,Entity
e7968,MSH2 Q419*,Entity
e7969,MSH2 Q429*,Entity
e7970,MSH2 Q451*,Entity
e7971,MSH2 Q451Rfs*16,Entity
e7972,MSH2 Q493*,Entity
e7973,MSH2 Q510*,Entity
e7974,MSH2 Q518*,Entity
e7975,MSH2 Q518Vfs*10,Entity
e7976,MSH2 Q574*,Entity
e7977,MSH2 Q574Rfs*16,Entity
e7978,MSH2 Q593*,Entity
e7979,MSH2 Q593Hfs*6,Entity
e7980,MSH2 Q601*,Entity
e7981,MSH2 Q61*,Entity
e7982,MSH2 Q629*,Entity
e7983,MSH2 Q662Dfs*13,Entity
e7984,MSH2 Q662Hfs*13,Entity
e7985,MSH2 Q718*,Entity
e7986,MSH2 Q76*,Entity
e7987,MSH2 Q816*,Entity
e7988,MSH2 Q824*,Entity
e7989,MSH2 Q846*,Entity
e7990,MSH2 Q861*,Entity
e7991,MSH2 Q879*,Entity
e7992,MSH2 Q885*,Entity
e7993,MSH2 Q97*,Entity
e7994,MSH2 R227Kfs*18,Entity
e7995,MSH2 R308Kfs*26,Entity
e7996,MSH2 R340Kfs*4,Entity
e7997,MSH2 R340Tfs*3,Entity
e7998,MSH2 R359*,Entity
e7999,MSH2 R359S,Entity
e8000,MSH2 R373Sfs*39,Entity
e8001,MSH2 R382Pfs*7,Entity
e8002,MSH2 R383*,Entity
e8003,MSH2 R389*,Entity
e8004,MSH2 R406*,Entity
e8005,MSH2 R482*,Entity
e8006,MSH2 R482Efs*3,Entity
e8007,MSH2 R482Kfs*6,Entity
e8008,MSH2 R482Nfs*4,Entity
e8009,MSH2 R501Qfs*12,Entity
e8010,MSH2 R55Gfs*9,Entity
e8011,MSH2 R621*,Entity
e8012,MSH2 R621Yfs*15,Entity
e8013,MSH2 R638Gfs*47,Entity
e8014,MSH2 R680*,Entity
e8015,MSH2 R711*,Entity
e8016,MSH2 R929*,Entity
e8017,MSH2 S142*,Entity
e8018,MSH2 S233Hfs*22,Entity
e8019,MSH2 S255Ffs*28,Entity
e8020,MSH2 S271Cfs*12,Entity
e8021,MSH2 S271Rfs*2,Entity
e8022,MSH2 S281*,Entity
e8023,MSH2 S325Ffs*8,Entity
e8024,MSH2 S473*,Entity
e8025,MSH2 S554C,Entity
e8026,MSH2 S554G,Entity
e8027,MSH2 S554T,Entity
e8028,MSH2 S612*,Entity
e8029,MSH2 S699*,Entity
e8030,MSH2 S723F,Entity
e8031,MSH2 S723Ffs*6,Entity
e8032,MSH2 S743*,Entity
e8033,MSH2 S743*fs*1,Entity
e8034,MSH2 S77Cfs*4,Entity
e8035,MSH2 S860*,Entity
e8036,MSH2 S860L,Entity
e8037,MSH2 T206Nfs*26,Entity
e8038,MSH2 T292Lfs*8,Entity
e8039,MSH2 T320Nfs*13,Entity
e8040,MSH2 T32Afs*29,Entity
e8041,MSH2 T441Nfs*2,Entity
e8042,MSH2 T526Pfs*17,Entity
e8043,MSH2 T568Nfs*4,Entity
e8044,MSH2 T754Ifs*9,Entity
e8045,MSH2 T788Lfs*25,Entity
e8046,MSH2 T788Nfs*11,Entity
e8047,MSH2 T788Yfs*11,Entity
e8048,MSH2 T803Sfs*5,Entity
e8049,MSH2 T807Hfs*2,Entity
e8050,MSH2 T810Dfs*14,Entity
e8051,MSH2 T8Dfs*74,Entity
e8052,MSH2 V163D,Entity
e8053,MSH2 V257Lfs*18,Entity
e8054,MSH2 V273fs,Entity
e8055,MSH2 V367*fs*1,Entity
e8056,MSH2 V417Lfs*21,Entity
e8057,MSH2 V417Tfs*7,Entity
e8058,MSH2 V470*fs*1,Entity
e8059,MSH2 V532Gfs*4,Entity
e8060,MSH2 V582Sfs*8,Entity
e8061,MSH2 V598Gfs*2,Entity
e8062,MSH2 V63*fs*1,Entity
e8063,MSH2 V63Gfs*19,Entity
e8064,MSH2 V63Gfs*2,Entity
e8065,MSH2 V642*fs*1,Entity
e8066,MSH2 V684Dfs*14,Entity
e8067,MSH2 V705Wfs*5,Entity
e8068,MSH2 V797Lfs*15,Entity
e8069,MSH2 V89Cfs*11,Entity
e8070,MSH2 W345*,Entity
e8071,MSH2 W764*,Entity
e8072,MSH2 W764Gfs*48,Entity
e8073,MSH2 Y118Lfs*5,Entity
e8074,MSH2 Y121*,Entity
e8075,MSH2 Y238Rfs*7,Entity
e8076,MSH2 Y405*,Entity
e8077,MSH2 Y408Lfs*9,Entity
e8078,MSH2 Y408Sfs*8,Entity
e8079,MSH2 Y43*,Entity
e8080,MSH2 Y522*,Entity
e8081,MSH2 Y563Lfs*5,Entity
e8082,MSH2 Y570Nfs*21,Entity
e8083,MSH2 Y588*,Entity
e8084,MSH2 Y619*,Entity
e8085,MSH2 Y656*,Entity
e8086,MSH2 Y769Tfs*43,Entity
e8087,MSH2 Y874*,Entity
e8088,MSH2 copy number deletion,Entity
e8089,MSH2 inconclusive mutation,Entity
e8090,MSH2 loss-of-function,Entity
e8091,MSH2 mutation,Entity
e8092,MSH2 neutral mutation,Entity
e8093,MSH2 oncogenic mutation,Entity
e8094,MSH2 truncating mutation,Entity
e8095,MSH3 K383Rfs*32,Entity
e8096,MSH3 copy number deletion,Entity
e8097,MSH3 loss-of-function,Entity
e8098,MSH3 mutation,Entity
e8099,MSH3 oncogenic mutation,Entity
e8100,MSH3 truncating mutation,Entity
e8101,MSH6 A1320Efs*6,Entity
e8102,MSH6 A794Hfs*9,Entity
e8103,MSH6 C1269Mfs*6,Entity
e8104,MSH6 C1275*fs*1,Entity
e8105,MSH6 C426Vfs*27,Entity
e8106,MSH6 C615Vfs*7,Entity
e8107,MSH6 C687*,Entity
e8108,MSH6 C694Mfs*4,Entity
e8109,MSH6 C783*fs*1,Entity
e8110,MSH6 D1107Vfs*8,Entity
e8111,MSH6 D1171*fs*1,Entity
e8112,MSH6 D1171Efs*5,Entity
e8113,MSH6 D1213Gfs*2,Entity
e8114,MSH6 D284Gfs*2,Entity
e8115,MSH6 D380Afs*6,Entity
e8116,MSH6 D697Ifs*39,Entity
e8117,MSH6 D857Ffs*10,Entity
e8118,MSH6 E1023*,Entity
e8119,MSH6 E1052Vfs*13,Entity
e8120,MSH6 E1090Kfs*23,Entity
e8121,MSH6 E1090Rfs*3,Entity
e8122,MSH6 E1119*,Entity
e8123,MSH6 E1123*,Entity
e8124,MSH6 E1163*,Entity
e8125,MSH6 E1281Lfs*44,Entity
e8126,MSH6 E1310Ifs*20,Entity
e8127,MSH6 E158Pfs*15,Entity
e8128,MSH6 E201Afs*17,Entity
e8129,MSH6 E272*,Entity
e8130,MSH6 E493*,Entity
e8131,MSH6 E533*fs*1,Entity
e8132,MSH6 E546Gfs*16,Entity
e8133,MSH6 E604Lfs*5,Entity
e8134,MSH6 E744Gfs*12,Entity
e8135,MSH6 E846*fs*1,Entity
e8136,MSH6 E993Nfs*4,Entity
e8137,MSH6 E995*,Entity
e8138,MSH6 E995Gfs*2,Entity
e8139,MSH6 F1040*fs*1,Entity
e8140,MSH6 F1088Lfs*5,Entity
e8141,MSH6 F1088Sfs*2,Entity
e8142,MSH6 F1104Lfs*11,Entity
e8143,MSH6 F1104Wfs*3,Entity
e8144,MSH6 F1174Vfs*3,Entity
e8145,MSH6 F1245Ifs*31,Entity
e8146,MSH6 F1323Lfs*14,Entity
e8147,MSH6 F133Pfs*7,Entity
e8148,MSH6 G1105Wfs*3,Entity
e8149,MSH6 G1139Afs*6,Entity
e8150,MSH6 G237Dfs*9,Entity
e8151,MSH6 G39E,Entity
e8152,MSH6 G624Afs*11,Entity
e8153,MSH6 G685*fs*1,Entity
e8154,MSH6 H1203Qfs*12,Entity
e8155,MSH6 H1248Lfs*27,Entity
e8156,MSH6 H1250Qfs*26,Entity
e8157,MSH6 H367Qfs*4,Entity
e8158,MSH6 I1109Yfs*3,Entity
e8159,MSH6 I1313Sfs*7,Entity
e8160,MSH6 I872Nfs*10,Entity
e8161,MSH6 I891Tfs*8,Entity
e8162,MSH6 I891fs,Entity
e8163,MSH6 I927Nfs*8,Entity
e8164,MSH6 I944Mfs*4,Entity
e8165,MSH6 K1013Vfs*3,Entity
e8166,MSH6 K1092*fs*1,Entity
e8167,MSH6 K1140Qfs*24,Entity
e8168,MSH6 K1233Nfs*6,Entity
e8169,MSH6 K1296Mfs*29,Entity
e8170,MSH6 K189*,Entity
e8171,MSH6 K218*,Entity
e8172,MSH6 K218*fs*1,Entity
e8173,MSH6 K234Nfs*6,Entity
e8174,MSH6 K246Nfs*10,Entity
e8175,MSH6 K431Nfs*22,Entity
e8176,MSH6 K537Ifs*33,Entity
e8177,MSH6 K543Rfs*19,Entity
e8178,MSH6 K545Rfs*17,Entity
e8179,MSH6 K545Rfs*25,Entity
e8180,MSH6 K885*,Entity
e8181,MSH6 L1018Hfs*4,Entity
e8182,MSH6 L1061Rfs*18,Entity
e8183,MSH6 L1089Ffs*4,Entity
e8184,MSH6 L1114Pfs*5,Entity
e8185,MSH6 L1330Vfs*12,Entity
e8186,MSH6 L193Wfs*18,Entity
e8187,MSH6 L370Rfs*4,Entity
e8188,MSH6 L449P,Entity
e8189,MSH6 L527Rfs*44,Entity
e8190,MSH6 L595Yfs*15,Entity
e8191,MSH6 L634*fs*1,Entity
e8192,MSH6 L634Efs*5,Entity
e8193,MSH6 L905*,Entity
e8194,MSH6 L951Ifs*12,Entity
e8195,MSH6 M1074Sfs*5,Entity
e8196,MSH6 M1267Gfs*7,Entity
e8197,MSH6 M1326Ifs*16,Entity
e8198,MSH6 M654Sfs*8,Entity
e8199,MSH6 N1065Kfs*13,Entity
e8200,MSH6 N1111Mfs*2,Entity
e8201,MSH6 N1307*fs*1,Entity
e8202,MSH6 N1327Kfs*14,Entity
e8203,MSH6 N989Qfs*16,Entity
e8204,MSH6 P1087Sfs*6,Entity
e8205,MSH6 P138T,Entity
e8206,MSH6 P362Lfs*9,Entity
e8207,MSH6 P591Qfs*19,Entity
e8208,MSH6 P982Lfs*15,Entity
e8209,MSH6 Q1048*,Entity
e8210,MSH6 Q1146*,Entity
e8211,MSH6 Q1258*,Entity
e8212,MSH6 Q1280*,Entity
e8213,MSH6 Q1314Hfs*6,Entity
e8214,MSH6 Q1314Lfs*14,Entity
e8215,MSH6 Q232*,Entity
e8216,MSH6 Q236*,Entity
e8217,MSH6 Q244*,Entity
e8218,MSH6 Q349*,Entity
e8219,MSH6 Q4*,Entity
e8220,MSH6 Q475Cfs*7,Entity
e8221,MSH6 Q731*,Entity
e8222,MSH6 Q835*,Entity
e8223,MSH6 Q939*,Entity
e8224,MSH6 Q978*,Entity
e8225,MSH6 R1005*,Entity
e8226,MSH6 R1035*,Entity
e8227,MSH6 R1068*,Entity
e8228,MSH6 R1076C,Entity
e8229,MSH6 R1095H,Entity
e8230,MSH6 R1145Sfs*6,Entity
e8231,MSH6 R1172Kfs*5,Entity
e8232,MSH6 R1172Sfs*11,Entity
e8233,MSH6 R1172Sfs*4,Entity
e8234,MSH6 R1176Lfs*9,Entity
e8235,MSH6 R1242C,Entity
e8236,MSH6 R1242H,Entity
e8237,MSH6 R1242Qfs*7,Entity
e8238,MSH6 R1331*,Entity
e8239,MSH6 R1334Hfs*14,Entity
e8240,MSH6 R1334Q,Entity
e8241,MSH6 R174Sfs*7,Entity
e8242,MSH6 R240*,Entity
e8243,MSH6 R248*,Entity
e8244,MSH6 R248Efs*31,Entity
e8245,MSH6 R298*,Entity
e8246,MSH6 R361H,Entity
e8247,MSH6 R379*fs*1,Entity
e8248,MSH6 R482*,Entity
e8249,MSH6 R495*,Entity
e8250,MSH6 R583*fs*1,Entity
e8251,MSH6 R732*,Entity
e8252,MSH6 R911*,Entity
e8253,MSH6 R922*,Entity
e8254,MSH6 R922Qfs*23,Entity
e8255,MSH6 R976H,Entity
e8256,MSH6 S1067Ifs*13,Entity
e8257,MSH6 S144I,Entity
e8258,MSH6 S156*,Entity
e8259,MSH6 S200*,Entity
e8260,MSH6 S252*,Entity
e8261,MSH6 S256*fs*1,Entity
e8262,MSH6 S330*,Entity
e8263,MSH6 S353Rfs*3,Entity
e8264,MSH6 S532Lfs*39,Entity
e8265,MSH6 S602*,Entity
e8266,MSH6 S612*,Entity
e8267,MSH6 S682Cfs*15,Entity
e8268,MSH6 S702*,Entity
e8269,MSH6 T1175Vfs*3,Entity
e8270,MSH6 T1189Kfs*6,Entity
e8271,MSH6 T1219I,Entity
e8272,MSH6 T1284Nfs*6,Entity
e8273,MSH6 T607Nfs*33,Entity
e8274,MSH6 T716Sfs*39,Entity
e8275,MSH6 T924Dfs*11,Entity
e8276,MSH6 V1231Lfs*9,Entity
e8277,MSH6 V1253Sfs*22,Entity
e8278,MSH6 V352I,Entity
e8279,MSH6 V398E,Entity
e8280,MSH6 V509A,Entity
e8281,MSH6 V688Lfs*9,Entity
e8282,MSH6 V717Afs*18,Entity
e8283,MSH6 V907Rfs*10,Entity
e8284,MSH6 W1007*,Entity
e8285,MSH6 W1007*fs*1,Entity
e8286,MSH6 W142*,Entity
e8287,MSH6 W413*,Entity
e8288,MSH6 W414*,Entity
e8289,MSH6 W777*,Entity
e8290,MSH6 Y1066*fs*1,Entity
e8291,MSH6 Y1159*fs*1,Entity
e8292,MSH6 Y1256*,Entity
e8293,MSH6 Y214*,Entity
e8294,MSH6 Y397Cfs*3,Entity
e8295,MSH6 Y433*,Entity
e8296,MSH6 Y469*,Entity
e8297,MSH6 Y524*,Entity
e8298,MSH6 Y538*fs*1,Entity
e8299,MSH6 Y538_L539delins*,Entity
e8300,MSH6 Y709*,Entity
e8301,MSH6 Y709Lfs*7,Entity
e8302,MSH6 Y850*,Entity
e8303,MSH6 Y969Lfs*5,Entity
e8304,MSH6 Y977*,Entity
e8305,MSH6 copy number deletion,Entity
e8306,MSH6 inconclusive mutation,Entity
e8307,MSH6 loss-of-function,Entity
e8308,MSH6 mutation,Entity
e8309,MSH6 neutral mutation,Entity
e8310,MSH6 oncogenic mutation,Entity
e8311,MSH6 truncating mutation,Entity
e8312,MST1 loss-of-function,Entity
e8313,MST1 mutation,Entity
e8314,MST1 truncating mutation,Entity
e8315,MTAP copy number deletion,Entity
e8316,MTAP loss-of-function,Entity
e8317,MTAP mutation,Entity
e8318,MTAP underexpression,Entity
e8319,MTHFR A222V,Entity
e8320,MTHFR mutation,Entity
e8321,MTOR A1428T,Entity
e8322,MTOR A1459P,Entity
e8323,MTOR A1519T,Entity
e8324,MTOR A2034V,Entity
e8325,MTOR A2210P,Entity
e8326,MTOR A2226S,Entity
e8327,MTOR A41P,Entity
e8328,MTOR A41S,Entity
e8329,MTOR A41T,Entity
e8330,MTOR A8S,Entity
e8331,MTOR C1483F,Entity
e8332,MTOR C1483R,Entity
e8333,MTOR C1483W,Entity
e8334,MTOR C1483Y,Entity
e8335,MTOR D2512G,Entity
e8336,MTOR D2512H,Entity
e8337,MTOR D2512Y,Entity
e8338,MTOR E1799K,Entity
e8339,MTOR E2014K,Entity
e8340,MTOR E2288K,Entity
e8341,MTOR E2419K,Entity
e8342,MTOR F1888I,Entity
e8343,MTOR F1888L,Entity
e8344,MTOR F1888V,Entity
e8345,MTOR F2108L,Entity
e8346,MTOR H1968Y,Entity
e8347,MTOR I1973F,Entity
e8348,MTOR I2500F,Entity
e8349,MTOR I2500M,Entity
e8350,MTOR K1452N,Entity
e8351,MTOR K1771R,Entity
e8352,MTOR L1433S,Entity
e8353,MTOR L1460P,Entity
e8354,MTOR L2172M,Entity
e8355,MTOR L2209V,Entity
e8356,MTOR L2216P,Entity
e8357,MTOR L2220F,Entity
e8358,MTOR L2230V,Entity
e8359,MTOR L2427P,Entity
e8360,MTOR L2427Q,Entity
e8361,MTOR L2427R,Entity
e8362,MTOR L2431P,Entity
e8363,MTOR M2327I,Entity
e8364,MTOR N1421D,Entity
e8365,MTOR P2213S,Entity
e8366,MTOR P2273S,Entity
e8367,MTOR P2476L,Entity
e8368,MTOR Q2223K,Entity
e8369,MTOR R2152C,Entity
e8370,MTOR R2217W,Entity
e8371,MTOR R2430M,Entity
e8372,MTOR R2505*,Entity
e8373,MTOR R2505P,Entity
e8374,MTOR R2505Q,Entity
e8375,MTOR S2215F,Entity
e8376,MTOR S2215P,Entity
e8377,MTOR S2215T,Entity
e8378,MTOR S2215Y,Entity
e8379,MTOR S2231W,Entity
e8380,MTOR T1977I,Entity
e8381,MTOR T1977K,Entity
e8382,MTOR T1977R,Entity
e8383,MTOR T1977S,Entity
e8384,MTOR T2232I,Entity
e8385,MTOR V2006F,Entity
e8386,MTOR V2006I,Entity
e8387,MTOR V2006L,Entity
e8388,MTOR W1456R,Entity
e8389,MTOR Y1450D,Entity
e8390,MTOR Y1463S,Entity
e8391,MTOR gain-of-function,Entity
e8392,MTOR inconclusive mutation,Entity
e8393,MTOR mutation,Entity
e8394,MTOR neutral mutation,Entity
e8395,MTOR oncogenic mutation,Entity
e8396,MUTYH A31Pfs*27,Entity
e8397,MUTYH A385Pfs*23,Entity
e8398,MUTYH A547Efs*43,Entity
e8399,MUTYH C517*,Entity
e8400,MUTYH E120Rfs*26,Entity
e8401,MUTYH E410Gfs*43,Entity
e8402,MUTYH E466del,Entity
e8403,MUTYH E480del,Entity
e8404,MUTYH G286E,Entity
e8405,MUTYH G382D,Entity
e8406,MUTYH G396D,Entity
e8407,MUTYH K492*,Entity
e8408,MUTYH P295L,Entity
e8409,MUTYH P391L,Entity
e8410,MUTYH P405L,Entity
e8411,MUTYH P405Lfs*123,Entity
e8412,MUTYH P405S,Entity
e8413,MUTYH Q267*,Entity
e8414,MUTYH Q314*,Entity
e8415,MUTYH Q338*,Entity
e8416,MUTYH Q414R,Entity
e8417,MUTYH R168C,Entity
e8418,MUTYH R182H,Entity
e8419,MUTYH R19*,Entity
e8420,MUTYH R231C,Entity
e8421,MUTYH R245C,Entity
e8422,MUTYH R245H,Entity
e8423,MUTYH R247*,Entity
e8424,MUTYH R260Q,Entity
e8425,MUTYH R368Qfs*164,Entity
e8426,MUTYH R95W,Entity
e8427,MUTYH R97*,Entity
e8428,MUTYH W103*,Entity
e8429,MUTYH W131*,Entity
e8430,MUTYH W131R,Entity
e8431,MUTYH Y104*,Entity
e8432,MUTYH Y165C,Entity
e8433,MUTYH Y179C,Entity
e8434,MUTYH loss-of-function,Entity
e8435,MUTYH mutation,Entity
e8436,MUTYH oncogenic mutation,Entity
e8437,MUTYH truncating mutation,Entity
e8438,MYB amplification,Entity
e8439,MYB fusion,Entity
e8440,MYB gain-of-function,Entity
e8441,MYB mutation,Entity
e8442,MYB rearrangement,Entity
e8443,MYBL1 fusion,Entity
e8444,MYBL1 gain-of-function,Entity
e8445,MYBL1 mutation,Entity
e8446,MYBL1 rearrangement,Entity
e8447,MYC A59V,Entity
e8448,MYC N101T,Entity
e8449,MYC P260A,Entity
e8450,MYC P57S,Entity
e8451,MYC P74Q,Entity
e8452,MYC S77F,Entity
e8453,MYC T73A,Entity
e8454,MYC T73I,Entity
e8455,MYC T73N,Entity
e8456,MYC amplification,Entity
e8457,MYC fusion,Entity
e8458,MYC gain-of-function,Entity
e8459,MYC mutation,Entity
e8460,MYC oncogenic mutation,Entity
e8461,MYC overexpression,Entity
e8462,MYCL amplification,Entity
e8463,MYCL expression,Entity
e8464,MYCL fusion,Entity
e8465,MYCL gain-of-function,Entity
e8466,MYCL mutation,Entity
e8467,MYCN P44L,Entity
e8468,MYCN amplification,Entity
e8469,MYCN gain-of-function,Entity
e8470,MYCN mutation,Entity
e8471,MYCN oncogenic mutation,Entity
e8472,MYD88 L265P,Entity
e8473,MYD88 L273P,Entity
e8474,MYD88 M232T,Entity
e8475,MYD88 S243N,Entity
e8476,MYD88 exon 3 mutation,Entity
e8477,MYD88 exon 4 mutation,Entity
e8478,MYD88 exon 5 mutation,Entity
e8479,MYD88 gain-of-function,Entity
e8480,MYD88 mutation,Entity
e8481,MYD88 oncogenic mutation,Entity
e8482,MYD88 overexpression,Entity
e8483,MYH11 K1256del,Entity
e8484,MYH11 R669C,Entity
e8485,MYH11 R669H,Entity
e8486,MYH11 inconclusive mutation,Entity
e8487,MYH11 loss-of-function,Entity
e8488,MYH11 mutation,Entity
e8489,MYH11 truncating mutation,Entity
e8490,MYOD1 L122R,Entity
e8491,MYOD1 loss-of-function,Entity
e8492,MYOD1 mutation,Entity
e8493,MYOD1 oncogenic mutation,Entity
e8494,NADK I90F,Entity
e8495,NADK gain-of-function,Entity
e8496,NADK mutation,Entity
e8497,NAPRT hypermethylation,Entity
e8498,NAPRT mutation,Entity
e8499,NBN D61*fs*1,Entity
e8500,NBN D61Efs*6,Entity
e8501,NBN D70Efs*3,Entity
e8502,NBN E575*,Entity
e8503,NBN F102Lfs*7,Entity
e8504,NBN K219Nfs*16,Entity
e8505,NBN K635*,Entity
e8506,NBN K686*,Entity
e8507,NBN L281*,Entity
e8508,NBN N30Lfs*6,Entity
e8509,NBN N517Kfs*5,Entity
e8510,NBN N71Kfs*22,Entity
e8511,NBN P381Qfs*23,Entity
e8512,NBN P495Mfs*34,Entity
e8513,NBN Q326*,Entity
e8514,NBN Q492*,Entity
e8515,NBN R43*,Entity
e8516,NBN R714*,Entity
e8517,NBN S42Afs*7,Entity
e8518,NBN S706*,Entity
e8519,NBN T273Nfs*12,Entity
e8520,NBN V270Cfs*2,Entity
e8521,NBN V663Yfs*10,Entity
e8522,NBN W722*,Entity
e8523,NBN loss-of-function,Entity
e8524,NBN mutation,Entity
e8525,NBN oncogenic mutation,Entity
e8526,NBN truncating mutation,Entity
e8527,NCOA3 amplification,Entity
e8528,NCOA3 gain-of-function,Entity
e8529,NCOA3 mutation,Entity
e8530,NCOA3 overexpression,Entity
e8531,NCOR1 loss-of-function,Entity
e8532,NCOR1 mutation,Entity
e8533,NCOR1 truncating mutation,Entity
e8534,NEDD9 expression,Entity
e8535,NEDD9 mutation,Entity
e8536,NF1 C167Qfs*10,Entity
e8537,NF1 D1302Ifs*16,Entity
e8538,NF1 D1644A,Entity
e8539,NF1 D2465Ifs*24,Entity
e8540,NF1 E1356G,Entity
e8541,NF1 E19*,Entity
e8542,NF1 E1928*,Entity
e8543,NF1 E1947*,Entity
e8544,NF1 F1275Lfs*9,Entity
e8545,NF1 G629R,Entity
e8546,NF1 I679Dfs*21,Entity
e8547,NF1 K1423E,Entity
e8548,NF1 K1436Q,Entity
e8549,NF1 L1153Mfs*4,Entity
e8550,NF1 L1301R,Entity
e8551,NF1 L763P,Entity
e8552,NF1 L90P,Entity
e8553,NF1 L90R,Entity
e8554,NF1 Q1070*,Entity
e8555,NF1 Q209*,Entity
e8556,NF1 Q2699*,Entity
e8557,NF1 Q514Rfs*43,Entity
e8558,NF1 R1204G,Entity
e8559,NF1 R1204W,Entity
e8560,NF1 R1241*,Entity
e8561,NF1 R1276P,Entity
e8562,NF1 R1276Q,Entity
e8563,NF1 R1391G,Entity
e8564,NF1 R1391S,Entity
e8565,NF1 R1870Q,Entity
e8566,NF1 R2429*,Entity
e8567,NF1 R2450*,Entity
e8568,NF1 R2637*,Entity
e8569,NF1 R304*,Entity
e8570,NF1 S1463F,Entity
e8571,NF1 S727Qfs*21,Entity
e8572,NF1 S876Ffs*30,Entity
e8573,NF1 T1324N,Entity
e8574,NF1 T586Vfs*18,Entity
e8575,NF1 V1398D,Entity
e8576,NF1 Y1635*fs*1,Entity
e8577,NF1 Y2285*,Entity
e8578,NF1 Y235*,Entity
e8579,NF1 Y489C,Entity
e8580,NF1 Y863*,Entity
e8581,NF1 biallelic inactivation,Entity
e8582,NF1 copy number deletion,Entity
e8583,NF1 inactivating mutation,Entity
e8584,NF1 inconclusive mutation,Entity
e8585,NF1 loss-of-function,Entity
e8586,NF1 mutation,Entity
e8587,NF1 oncogenic mutation,Entity
e8588,NF1 truncating mutation,Entity
e8589,NF2 A211D,Entity
e8590,NF2 E106G,Entity
e8591,NF2 K159fs,Entity
e8592,NF2 K413E,Entity
e8593,NF2 K79E,Entity
e8594,NF2 L46R,Entity
e8595,NF2 L535P,Entity
e8596,NF2 L64P,Entity
e8597,NF2 Q324L,Entity
e8598,NF2 Q538P,Entity
e8599,NF2 R57*,Entity
e8600,NF2 T352M,Entity
e8601,NF2 Y177fs,Entity
e8602,NF2 copy number deletion,Entity
e8603,NF2 inconclusive mutation,Entity
e8604,NF2 loss-of-function,Entity
e8605,NF2 mutation,Entity
e8606,NF2 neutral mutation,Entity
e8607,NF2 oncogenic mutation,Entity
e8608,NF2 truncating mutation,Entity
e8609,NFE2 C283R,Entity
e8610,NFE2 K287R,Entity
e8611,NFE2 Q7Tfs*,Entity
e8612,NFE2 R219Q,Entity
e8613,NFE2 R272Q,Entity
e8614,NFE2 R273W,Entity
e8615,NFE2 R284H,Entity
e8616,NFE2 gain-of-function,Entity
e8617,NFE2 inconclusive mutation,Entity
e8618,NFE2 loss-of-function,Entity
e8619,NFE2 mutation,Entity
e8620,NFE2 truncating mutation,Entity
e8621,NFE2L2 D29H,Entity
e8622,NFE2L2 D29N,Entity
e8623,NFE2L2 D29Y,Entity
e8624,NFE2L2 D77H,Entity
e8625,NFE2L2 D77Y,Entity
e8626,NFE2L2 E79K,Entity
e8627,NFE2L2 E79Q,Entity
e8628,NFE2L2 E82D,Entity
e8629,NFE2L2 E82G,Entity
e8630,NFE2L2 E82V,Entity
e8631,NFE2L2 G31A,Entity
e8632,NFE2L2 G31R,Entity
e8633,NFE2L2 G31V,Entity
e8634,NFE2L2 G81D,Entity
e8635,NFE2L2 G81R,Entity
e8636,NFE2L2 G81S,Entity
e8637,NFE2L2 I28T,Entity
e8638,NFE2L2 L30F,Entity
e8639,NFE2L2 L30P,Entity
e8640,NFE2L2 N160S,Entity
e8641,NFE2L2 R34G,Entity
e8642,NFE2L2 R34L,Entity
e8643,NFE2L2 R34P,Entity
e8644,NFE2L2 R34Q,Entity
e8645,NFE2L2 T80A,Entity
e8646,NFE2L2 T80K,Entity
e8647,NFE2L2 T80R,Entity
e8648,NFE2L2 V32G,Entity
e8649,NFE2L2 W24C,Entity
e8650,NFE2L2 W24R,Entity
e8651,NFE2L2 W24S,Entity
e8652,NFE2L2 exon 2 in-frame deletion,Entity
e8653,NFE2L2 gain-of-function,Entity
e8654,NFE2L2 inconclusive mutation,Entity
e8655,NFE2L2 mutation,Entity
e8656,NFE2L2 oncogenic mutation,Entity
e8657,NFKBIA E14*,Entity
e8658,NFKBIA L34P,Entity
e8659,NFKBIA M37K,Entity
e8660,NFKBIA S32I,Entity
e8661,NFKBIA S36Y,Entity
e8662,NFKBIA gain-of-function,Entity
e8663,NFKBIA loss-of-function,Entity
e8664,NFKBIA mutation,Entity
e8665,NFKBIA truncating mutation,Entity
e8666,NKX2-1 A369V,Entity
e8667,NKX2-1 amplification,Entity
e8668,NKX2-1 fusion,Entity
e8669,NKX2-1 gain-of-function,Entity
e8670,NKX2-1 mutation,Entity
e8671,NKX3-1 loss-of-function,Entity
e8672,NKX3-1 mutation,Entity
e8673,NKX3-1 truncating mutation,Entity
e8674,NOTCH1 A1701P,Entity
e8675,NOTCH1 A2425T,Entity
e8676,NOTCH1 A465T,Entity
e8677,NOTCH1 C440F,Entity
e8678,NOTCH1 D1642H,Entity
e8679,NOTCH1 D464N,Entity
e8680,NOTCH1 E455K,Entity
e8681,NOTCH1 F1592S,Entity
e8682,NOTCH1 F357del,Entity
e8683,NOTCH1 G230R,Entity
e8684,NOTCH1 G2420C,Entity
e8685,NOTCH1 G2430A,Entity
e8686,NOTCH1 G309R,Entity
e8687,NOTCH1 G310R,Entity
e8688,NOTCH1 G347S,Entity
e8689,NOTCH1 H2428Q,Entity
e8690,NOTCH1 I1616N,Entity
e8691,NOTCH1 I1616T,Entity
e8692,NOTCH1 I1680N,Entity
e8693,NOTCH1 I1718T,Entity
e8694,NOTCH1 L1574P,Entity
e8695,NOTCH1 L1593P,Entity
e8696,NOTCH1 L1596H,Entity
e8697,NOTCH1 L1600P,Entity
e8698,NOTCH1 L1678P,Entity
e8699,NOTCH1 L2429V,Entity
e8700,NOTCH1 N386T,Entity
e8701,NOTCH1 P2412T,Entity
e8702,NOTCH1 P2415del,Entity
e8703,NOTCH1 P2417A,Entity
e8704,NOTCH1 P2514fs,Entity
e8705,NOTCH1 Q2405Rfs*17,Entity
e8706,NOTCH1 Q2416*,Entity
e8707,NOTCH1 R1594Q,Entity
e8708,NOTCH1 R1598P,Entity
e8709,NOTCH1 R1608S,Entity
e8710,NOTCH1 R2327W,Entity
e8711,NOTCH1 S2275fs,Entity
e8712,NOTCH1 T311P,Entity
e8713,NOTCH1 T349P,Entity
e8714,NOTCH1 V1576E,Entity
e8715,NOTCH1 V1578del,Entity
e8716,NOTCH1 V1605del,Entity
e8717,NOTCH1 V1671I,Entity
e8718,NOTCH1 V1676D,Entity
e8719,NOTCH1 V2444fs,Entity
e8720,NOTCH1 activating mutation,Entity
e8721,NOTCH1 amplification,Entity
e8722,NOTCH1 copy number deletion,Entity
e8723,NOTCH1 exon 20 mutation,Entity
e8724,NOTCH1 exon 26 mutation,Entity
e8725,NOTCH1 exon 27 mutation,Entity
e8726,NOTCH1 frameshift mutation,Entity
e8727,NOTCH1 fusion,Entity
e8728,NOTCH1 gain-of-function,Entity
e8729,NOTCH1 inconclusive mutation,Entity
e8730,NOTCH1 loss-of-function,Entity
e8731,NOTCH1 mutation,Entity
e8732,NOTCH1 neutral mutation,Entity
e8733,NOTCH1 nonsense mutation,Entity
e8734,NOTCH1 oncogenic mutation,Entity
e8735,NOTCH1 splice acceptor variant,Entity
e8736,NOTCH1 splice donor variant,Entity
e8737,NOTCH2 activating mutation missense mutation,Entity
e8738,NOTCH2 fusion,Entity
e8739,NOTCH2 gain-of-function,Entity
e8740,NOTCH2 mutation,Entity
e8741,NOTCH2 oncogenic mutation,Entity
e8742,NOTCH4 loss-of-function,Entity
e8743,NOTCH4 mutation,Entity
e8744,NOTCH4 truncating mutation,Entity
e8745,NPM1 W288Cfs*12,Entity
e8746,NPM1 W288Hfs*12,Entity
e8747,NPM1 W288Pfs*12,Entity
e8748,NPM1 W288Sfs*12,Entity
e8749,NPM1 W288fs,Entity
e8750,NPM1 copy number deletion,Entity
e8751,NPM1 fusion,Entity
e8752,NPM1 gain-of-function,Entity
e8753,NPM1 loss-of-function,Entity
e8754,NPM1 mutation,Entity
e8755,NPM1 oncogenic mutation,Entity
e8756,NPM1 truncating mutation,Entity
e8757,NPM1::MLF1 fusion,Entity
e8758,NQO1 P187S,Entity
e8759,NQO1 expression,Entity
e8760,NQO1 mutation,Entity
e8761,NR4A3 fusion,Entity
e8762,NR4A3 gain-of-function,Entity
e8763,NR4A3 mutation,Entity
e8764,NRAS A146 mutation,Entity
e8765,NRAS A146P,Entity
e8766,NRAS A146T,Entity
e8767,NRAS A146V,Entity
e8768,NRAS A18T,Entity
e8769,NRAS A59 mutation,Entity
e8770,NRAS A59G,Entity
e8771,NRAS A59T,Entity
e8772,NRAS C51Y,Entity
e8773,NRAS E49K,Entity
e8774,NRAS G12 mutation,Entity
e8775,NRAS G12A,Entity
e8776,NRAS G12C,Entity
e8777,NRAS G12D,Entity
e8778,NRAS G12F,Entity
e8779,NRAS G12R,Entity
e8780,NRAS G12S,Entity
e8781,NRAS G12V,Entity
e8782,NRAS G12W,Entity
e8783,NRAS G12X,Entity
e8784,NRAS G13 mutation,Entity
e8785,NRAS G13A,Entity
e8786,NRAS G13C,Entity
e8787,NRAS G13D,Entity
e8788,NRAS G13E,Entity
e8789,NRAS G13R,Entity
e8790,NRAS G13S,Entity
e8791,NRAS G13V,Entity
e8792,NRAS G13X,Entity
e8793,NRAS G60E,Entity
e8794,NRAS K117 mutation,Entity
e8795,NRAS K117D,Entity
e8796,NRAS K135N,Entity
e8797,NRAS Q179X,Entity
e8798,NRAS Q61 mutation,Entity
e8799,NRAS Q61*,Entity
e8800,NRAS Q61E,Entity
e8801,NRAS Q61H,Entity
e8802,NRAS Q61K,Entity
e8803,NRAS Q61L,Entity
e8804,NRAS Q61P,Entity
e8805,NRAS Q61R,Entity
e8806,NRAS Q61X,Entity
e8807,NRAS T50I,Entity
e8808,NRAS T58I,Entity
e8809,NRAS amplification,Entity
e8810,NRAS gain-of-function,Entity
e8811,NRAS inconclusive mutation,Entity
e8812,NRAS mutation,Entity
e8813,NRAS neutral mutation,Entity
e8814,NRAS oncogenic mutation,Entity
e8815,NRAS wild type,Entity
e8816,NRF1 fusion,Entity
e8817,NRF1 gain-of-function,Entity
e8818,NRF1 mutation,Entity
e8819,NRG1 expression,Entity
e8820,NRG1 fusion,Entity
e8821,NRG1 gain-of-function,Entity
e8822,NRG1 mutation,Entity
e8823,NSD1 loss-of-function,Entity
e8824,NSD1 mutation,Entity
e8825,NSD1 truncating mutation,Entity
e8826,NSD2 E1099K,Entity
e8827,NSD2 gain-of-function,Entity
e8828,NSD2 mutation,Entity
e8829,NSD3 amplification,Entity
e8830,NSD3 gain-of-function,Entity
e8831,NSD3 inconclusive mutation,Entity
e8832,NSD3 mutation,Entity
e8833,NT5C2 D407A,Entity
e8834,NT5C2 D407E,Entity
e8835,NT5C2 D407H,Entity
e8836,NT5C2 D407Y,Entity
e8837,NT5C2 D415G,Entity
e8838,NT5C2 K359Q,Entity
e8839,NT5C2 K404N,Entity
e8840,NT5C2 L375F,Entity
e8841,NT5C2 P414A,Entity
e8842,NT5C2 P414S,Entity
e8843,NT5C2 Q523*,Entity
e8844,NT5C2 R238G,Entity
e8845,NT5C2 R238L,Entity
e8846,NT5C2 R238Q,Entity
e8847,NT5C2 R238W,Entity
e8848,NT5C2 R367Q,Entity
e8849,NT5C2 R39Q,Entity
e8850,NT5C2 R478S,Entity
e8851,NT5C2 S408R,Entity
e8852,NT5C2 S445F,Entity
e8853,NT5C2 gain-of-function,Entity
e8854,NT5C2 mutation,Entity
e8855,NT5E mutation,Entity
e8856,NT5E overexpression,Entity
e8857,NTHL1 loss-of-function,Entity
e8858,NTHL1 mutation,Entity
e8859,NTHL1 truncating mutation,Entity
e8860,NTRK1 A608D,Entity
e8861,NTRK1 F589L,Entity
e8862,NTRK1 G595R,Entity
e8863,NTRK1 G667A,Entity
e8864,NTRK1 G667C,Entity
e8865,NTRK1 G667S,Entity
e8866,NTRK1 R342Q,Entity
e8867,NTRK1 R342W,Entity
e8868,NTRK1 V710A,Entity
e8869,NTRK1 amplification,Entity
e8870,NTRK1 fusion,Entity
e8871,NTRK1 gain-of-function,Entity
e8872,NTRK1 inconclusive mutation,Entity
e8873,NTRK1 loss-of-function,Entity
e8874,NTRK1 mutation,Entity
e8875,NTRK1 oncogenic mutation,Entity
e8876,NTRK1 overexpression,Entity
e8877,NTRK2 M713I,Entity
e8878,NTRK2 R715G,Entity
e8879,NTRK2 R734C,Entity
e8880,NTRK2 fusion,Entity
e8881,NTRK2 gain-of-function,Entity
e8882,NTRK2 loss-of-function,Entity
e8883,NTRK2 mutation,Entity
e8884,NTRK2 neutral mutation,Entity
e8885,NTRK3 F617L,Entity
e8886,NTRK3 G608S,Entity
e8887,NTRK3 G623R,Entity
e8888,NTRK3 G696A,Entity
e8889,NTRK3 amplification,Entity
e8890,NTRK3 fusion,Entity
e8891,NTRK3 gain-of-function,Entity
e8892,NTRK3 inconclusive mutation,Entity
e8893,NTRK3 mutation,Entity
e8894,NTRK3 neutral mutation,Entity
e8895,NTRK3 oncogenic mutation,Entity
e8896,NUP153 fusion,Entity
e8897,NUP153 gain-of-function,Entity
e8898,NUP153 mutation,Entity
e8899,NUP214 fusion,Entity
e8900,NUP214 gain-of-function,Entity
e8901,NUP214 mutation,Entity
e8902,NUP93 E14K,Entity
e8903,NUP93 G591V,Entity
e8904,NUP93 K442Nfs*,Entity
e8905,NUP93 Y629C,Entity
e8906,NUP93 loss-of-function,Entity
e8907,NUP93 mutation,Entity
e8908,NUP93 oncogenic mutation,Entity
e8909,NUP98 fusion,Entity
e8910,NUP98 gain-of-function,Entity
e8911,NUP98 loss-of-function,Entity
e8912,NUP98 mutation,Entity
e8913,NUTM1 fusion,Entity
e8914,NUTM1 gain-of-function,Entity
e8915,NUTM1 mutation,Entity
e8916,OFD1 fusion,Entity
e8917,OFD1 gain-of-function,Entity
e8918,OFD1 mutation,Entity
e8919,OGG1 R46Q,Entity
e8920,OGG1 mutation,Entity
e8921,OGG1 oncogenic mutation,Entity
e8922,OPCML P95R,Entity
e8923,OPCML mutation,Entity
e8924,OPCML oncogenic mutation,Entity
e8925,PAK1 amplification,Entity
e8926,PAK1 gain-of-function,Entity
e8927,PAK1 mutation,Entity
e8928,PAK5 D421N,Entity
e8929,PAK5 E144K,Entity
e8930,PAK5 E294K,Entity
e8931,PAK5 M173I,Entity
e8932,PAK5 S312C,Entity
e8933,PAK5 S364L,Entity
e8934,PAK5 S573N,Entity
e8935,PAK5 T538N,Entity
e8936,PAK5 V463L,Entity
e8937,PAK5 V593I,Entity
e8938,PAK5 gain-of-function,Entity
e8939,PAK5 mutation,Entity
e8940,PAK5 neutral mutation,Entity
e8941,PALB2 A736Pfs*28,Entity
e8942,PALB2 A842Sfs*7,Entity
e8943,PALB2 C824Lfs*2,Entity
e8944,PALB2 D219Tfs*4,Entity
e8945,PALB2 E1002Tfs*4,Entity
e8946,PALB2 E15*,Entity
e8947,PALB2 E230*,Entity
e8948,PALB2 E263Nfs*16,Entity
e8949,PALB2 E545*,Entity
e8950,PALB2 E669Gfs*3,Entity
e8951,PALB2 E996*,Entity
e8952,PALB2 F1016Lfs*17,Entity
e8953,PALB2 F1090Sfs*6,Entity
e8954,PALB2 F440Lfs*12,Entity
e8955,PALB2 G1121Vfs*3,Entity
e8956,PALB2 G644*,Entity
e8957,PALB2 G796*,Entity
e8958,PALB2 G866Vfs*5,Entity
e8959,PALB2 H432Ffs*9,Entity
e8960,PALB2 H549Qfs*28,Entity
e8961,PALB2 I76Yfs*101,Entity
e8962,PALB2 K142*,Entity
e8963,PALB2 K18R,Entity
e8964,PALB2 K30N,Entity
e8965,PALB2 K346Tfs*13,Entity
e8966,PALB2 K353Ifs*7,Entity
e8967,PALB2 K353Nfs*3,Entity
e8968,PALB2 K883Vfs*46,Entity
e8969,PALB2 K974Efs*5,Entity
e8970,PALB2 K974Gfs*3,Entity
e8971,PALB2 L1142Ffs*20,Entity
e8972,PALB2 L1143P,Entity
e8973,PALB2 L1143Tfs*14,Entity
e8974,PALB2 L200*fs*1,Entity
e8975,PALB2 L253Ifs*3,Entity
e8976,PALB2 L35P,Entity
e8977,PALB2 L362Rfs*5,Entity
e8978,PALB2 L484*,Entity
e8979,PALB2 L531Cfs*30,Entity
e8980,PALB2 L531fs*30,Entity
e8981,PALB2 L659Afs*10,Entity
e8982,PALB2 L678Yfs*31,Entity
e8983,PALB2 L939W,Entity
e8984,PALB2 L9Pfs*4,Entity
e8985,PALB2 M642Cfs*18,Entity
e8986,PALB2 M723Vfs*21,Entity
e8987,PALB2 N1039Ifs*2,Entity
e8988,PALB2 N241D,Entity
e8989,PALB2 N540Lfs*22,Entity
e8990,PALB2 P1009Lfs*6,Entity
e8991,PALB2 P1153Tfs*4,Entity
e8992,PALB2 P707Lfs*2,Entity
e8993,PALB2 Q314*,Entity
e8994,PALB2 Q420*,Entity
e8995,PALB2 Q559*,Entity
e8996,PALB2 Q60Rfs*7,Entity
e8997,PALB2 Q66*,Entity
e8998,PALB2 Q775*,Entity
e8999,PALB2 Q797Pfs*52,Entity
e9000,PALB2 Q988*,Entity
e9001,PALB2 R1086*,Entity
e9002,PALB2 R170Ifs*14,Entity
e9003,PALB2 R26Gfs*7,Entity
e9004,PALB2 R37H,Entity
e9005,PALB2 R414*,Entity
e9006,PALB2 R516Efs*45,Entity
e9007,PALB2 R686Gfs*23,Entity
e9008,PALB2 R718Sfs*14,Entity
e9009,PALB2 R753*,Entity
e9010,PALB2 S254Ifs*3,Entity
e9011,PALB2 S779*,Entity
e9012,PALB2 T1030I,Entity
e9013,PALB2 T284Nfs*19,Entity
e9014,PALB2 T317Qfs*5,Entity
e9015,PALB2 T351Rfs*4,Entity
e9016,PALB2 T494Lfs*67,Entity
e9017,PALB2 T911Lfs*16,Entity
e9018,PALB2 V221*,Entity
e9019,PALB2 V978Sfs*2,Entity
e9020,PALB2 V989*fs*1,Entity
e9021,PALB2 W1038*,Entity
e9022,PALB2 W1159*,Entity
e9023,PALB2 W575*,Entity
e9024,PALB2 W904*,Entity
e9025,PALB2 Y1108Sfs*16,Entity
e9026,PALB2 Y1183*,Entity
e9027,PALB2 Y28C,Entity
e9028,PALB2 Y743*,Entity
e9029,PALB2 biallelic inactivation,Entity
e9030,PALB2 copy number deletion,Entity
e9031,PALB2 inconclusive mutation,Entity
e9032,PALB2 loss-of-function,Entity
e9033,PALB2 mutation,Entity
e9034,PALB2 neutral mutation,Entity
e9035,PALB2 oncogenic mutation,Entity
e9036,PALB2 truncating mutation,Entity
e9037,PAPSS1 fusion,Entity
e9038,PAPSS1 gain-of-function,Entity
e9039,PAPSS1 mutation,Entity
e9040,PARP1 copy number deletion,Entity
e9041,PARP1 loss-of-function,Entity
e9042,PARP1 mutation,Entity
e9043,PARP1 overexpression,Entity
e9044,PARP1 truncating mutation,Entity
e9045,PAX3 fusion,Entity
e9046,PAX3 gain-of-function,Entity
e9047,PAX3 mutation,Entity
e9048,PAX5 P80R,Entity
e9049,PAX5 V26G,Entity
e9050,PAX5 amplification,Entity
e9051,PAX5 copy number deletion,Entity
e9052,PAX5 fusion,Entity
e9053,PAX5 gain-of-function,Entity
e9054,PAX5 loss-of-function,Entity
e9055,PAX5 mutation,Entity
e9056,PAX5 truncating mutation,Entity
e9057,PAX7 fusion,Entity
e9058,PAX7 gain-of-function,Entity
e9059,PAX7 mutation,Entity
e9060,PAX8 expression,Entity
e9061,PAX8 fusion,Entity
e9062,PAX8 gain-of-function,Entity
e9063,PAX8 mutation,Entity
e9064,PBK expression,Entity
e9065,PBK mutation,Entity
e9066,PBK overexpression,Entity
e9067,PBRM1 D1308Gfs*,Entity
e9068,PBRM1 G1451*,Entity
e9069,PBRM1 Q167*,Entity
e9070,PBRM1 copy number deletion,Entity
e9071,PBRM1 loss-of-function,Entity
e9072,PBRM1 mutation,Entity
e9073,PBRM1 oncogenic mutation,Entity
e9074,PBRM1 truncating mutation,Entity
e9075,PBRM1 underexpression,Entity
e9076,PCM1 fusion,Entity
e9077,PCM1 gain-of-function,Entity
e9078,PCM1 mutation,Entity
e9079,PDCD1LG2 amplification,Entity
e9080,PDCD1LG2 gain-of-function,Entity
e9081,PDCD1LG2 mutation,Entity
e9082,PDCD4 expression,Entity
e9083,PDCD4 mutation,Entity
e9084,PDE4DIP fusion,Entity
e9085,PDE4DIP gain-of-function,Entity
e9086,PDE4DIP mutation,Entity
e9087,PDGFB fusion,Entity
e9088,PDGFB gain-of-function,Entity
e9089,PDGFB mutation,Entity
e9090,PDGFRA 311_848 in-frame deletion,Entity
e9091,PDGFRA 311_848 in-frame insertion,Entity
e9092,PDGFRA 552_596 mutation,Entity
e9093,PDGFRA 631_668 mutation,Entity
e9094,PDGFRA 814_854 mutation,Entity
e9095,PDGFRA A633T,Entity
e9096,PDGFRA A633V,Entity
e9097,PDGFRA C450_K451insMIEWMI,Entity
e9098,PDGFRA C456_N468del,Entity
e9099,PDGFRA C456_R481del,Entity
e9100,PDGFRA D1071N,Entity
e9101,PDGFRA D568N,Entity
e9102,PDGFRA D842I,Entity
e9103,PDGFRA D842V,Entity
e9104,PDGFRA D842Y,Entity
e9105,PDGFRA D842_H845del,Entity
e9106,PDGFRA D842_H845insV,Entity
e9107,PDGFRA D842_I843delinsIM,Entity
e9108,PDGFRA D842_I843delinsVM,Entity
e9109,PDGFRA D842_M844del,Entity
e9110,PDGFRA D846Y,Entity
e9111,PDGFRA E311_K312del,Entity
e9112,PDGFRA E996K,Entity
e9113,PDGFRA F808L,Entity
e9114,PDGFRA G829R,Entity
e9115,PDGFRA G853D,Entity
e9116,PDGFRA H570R,Entity
e9117,PDGFRA H650Q,Entity
e9118,PDGFRA H845Y,Entity
e9119,PDGFRA H845_N848delinsP,Entity
e9120,PDGFRA I562M,Entity
e9121,PDGFRA I834V,Entity
e9122,PDGFRA I843_D846del,Entity
e9123,PDGFRA I843del,Entity
e9124,PDGFRA K830R,Entity
e9125,PDGFRA L507P,Entity
e9126,PDGFRA N659K,Entity
e9127,PDGFRA N659R,Entity
e9128,PDGFRA N659S,Entity
e9129,PDGFRA N659Y,Entity
e9130,PDGFRA N848K,Entity
e9131,PDGFRA N870S,Entity
e9132,PDGFRA P130S,Entity
e9133,PDGFRA P577S,Entity
e9134,PDGFRA Q579R,Entity
e9135,PDGFRA R481G,Entity
e9136,PDGFRA R560_V561insER,Entity
e9137,PDGFRA R748G,Entity
e9138,PDGFRA R841K,Entity
e9139,PDGFRA R841_D842del,Entity
e9140,PDGFRA S478P,Entity
e9141,PDGFRA S566_E571delinsR,Entity
e9142,PDGFRA S584L,Entity
e9143,PDGFRA T674I,Entity
e9144,PDGFRA V469A,Entity
e9145,PDGFRA V536E,Entity
e9146,PDGFRA V544_L545insAVLVLLVIVIISLI,Entity
e9147,PDGFRA V561A,Entity
e9148,PDGFRA V561D,Entity
e9149,PDGFRA V561_I562insER,Entity
e9150,PDGFRA V658A,Entity
e9151,PDGFRA W349C,Entity
e9152,PDGFRA W559_R560del,Entity
e9153,PDGFRA Y288C,Entity
e9154,PDGFRA Y375_K455del,Entity
e9155,PDGFRA Y555C,Entity
e9156,PDGFRA Y849C,Entity
e9157,PDGFRA Y849S,Entity
e9158,PDGFRA amplification,Entity
e9159,PDGFRA exon 12-18 mutation,Entity
e9160,PDGFRA exon 18 in-frame deletion,Entity
e9161,PDGFRA exon 18 in-frame insertion,Entity
e9162,PDGFRA exon 18 missense mutation,Entity
e9163,PDGFRA exon 18 mutation,Entity
e9164,PDGFRA fusion,Entity
e9165,PDGFRA gain-of-function,Entity
e9166,PDGFRA inconclusive mutation,Entity
e9167,PDGFRA loss-of-function,Entity
e9168,PDGFRA mutation,Entity
e9169,PDGFRA neutral mutation,Entity
e9170,PDGFRA oncogenic mutation,Entity
e9171,PDGFRA overexpression,Entity
e9172,PDGFRA wild type,Entity
e9173,PDGFRB C843G,Entity
e9174,PDGFRB E1071W,Entity
e9175,PDGFRB L658P,Entity
e9176,PDGFRB N666H,Entity
e9177,PDGFRB N666K,Entity
e9178,PDGFRB P584R,Entity
e9179,PDGFRB P660T,Entity
e9180,PDGFRB R561C,Entity
e9181,PDGFRB R987W,Entity
e9182,PDGFRB V665A,Entity
e9183,PDGFRB amplification,Entity
e9184,PDGFRB fusion,Entity
e9185,PDGFRB gain-of-function,Entity
e9186,PDGFRB inconclusive mutation,Entity
e9187,PDGFRB loss-of-function,Entity
e9188,PDGFRB mutation,Entity
e9189,PDGFRB neutral mutation,Entity
e9190,PDGFRB oncogenic mutation,Entity
e9191,PDGFRB overexpression,Entity
e9192,PDGFRL H23Y,Entity
e9193,PDGFRL mutation,Entity
e9194,PDGFRL oncogenic mutation,Entity
e9195,PDPK1 amplification,Entity
e9196,PDPK1 gain-of-function,Entity
e9197,PDPK1 mutation,Entity
e9198,PGR absent,Entity
e9199,PGR expression,Entity
e9200,PGR mutation,Entity
e9201,PHF19 amplification,Entity
e9202,PHF19 gain-of-function,Entity
e9203,PHF19 mutation,Entity
e9204,PHF6 K235E,Entity
e9205,PHF6 R274E,Entity
e9206,PHF6 R274Q,Entity
e9207,PHF6 loss-of-function,Entity
e9208,PHF6 mutation,Entity
e9209,PHF6 oncogenic mutation,Entity
e9210,PHF6 truncating mutation,Entity
e9211,PHOX2B loss-of-function,Entity
e9212,PHOX2B mutation,Entity
e9213,PHOX2B truncating mutation,Entity
e9214,PIGA R412*,Entity
e9215,PIGA loss-of-function,Entity
e9216,PIGA mutation,Entity
e9217,PIK3CA A1020V,Entity
e9218,PIK3CA A1066V,Entity
e9219,PIK3CA C24Y,Entity
e9220,PIK3CA C378R,Entity
e9221,PIK3CA C378Y,Entity
e9222,PIK3CA C420G,Entity
e9223,PIK3CA C420R,Entity
e9224,PIK3CA C604R,Entity
e9225,PIK3CA C901F,Entity
e9226,PIK3CA C971R,Entity
e9227,PIK3CA D1017H,Entity
e9228,PIK3CA D1029Y,Entity
e9229,PIK3CA D1045N,Entity
e9230,PIK3CA D1056N,Entity
e9231,PIK3CA D350G,Entity
e9232,PIK3CA D350N,Entity
e9233,PIK3CA D549N,Entity
e9234,PIK3CA D939G,Entity
e9235,PIK3CA E1037K,Entity
e9236,PIK3CA E103_G106delinsD,Entity
e9237,PIK3CA E103_P104del,Entity
e9238,PIK3CA E103_V105del,Entity
e9239,PIK3CA E109_I112delinsD,Entity
e9240,PIK3CA E110K,Entity
e9241,PIK3CA E110del,Entity
e9242,PIK3CA E116K,Entity
e9243,PIK3CA E149G,Entity
e9244,PIK3CA E218K,Entity
e9245,PIK3CA E365K,Entity
e9246,PIK3CA E365V,Entity
e9247,PIK3CA E39K,Entity
e9248,PIK3CA E418K,Entity
e9249,PIK3CA E453A,Entity
e9250,PIK3CA E453K,Entity
e9251,PIK3CA E453Q,Entity
e9252,PIK3CA E453_L455del,Entity
e9253,PIK3CA E542A,Entity
e9254,PIK3CA E542G,Entity
e9255,PIK3CA E542K,Entity
e9256,PIK3CA E542Q,Entity
e9257,PIK3CA E542V,Entity
e9258,PIK3CA E545*,Entity
e9259,PIK3CA E545A,Entity
e9260,PIK3CA E545D,Entity
e9261,PIK3CA E545G,Entity
e9262,PIK3CA E545K,Entity
e9263,PIK3CA E545Q,Entity
e9264,PIK3CA E545V,Entity
e9265,PIK3CA E545X,Entity
e9266,PIK3CA E547K,Entity
e9267,PIK3CA E579K,Entity
e9268,PIK3CA E600K,Entity
e9269,PIK3CA E726K,Entity
e9270,PIK3CA E78K,Entity
e9271,PIK3CA E81K,Entity
e9272,PIK3CA E970K,Entity
e9273,PIK3CA F614I,Entity
e9274,PIK3CA F930S,Entity
e9275,PIK3CA G1007R,Entity
e9276,PIK3CA G1049R,Entity
e9277,PIK3CA G1049S,Entity
e9278,PIK3CA G106C,Entity
e9279,PIK3CA G106D,Entity
e9280,PIK3CA G106R,Entity
e9281,PIK3CA G106V,Entity
e9282,PIK3CA G106_E109del,Entity
e9283,PIK3CA G106_R108del,Entity
e9284,PIK3CA G118D,Entity
e9285,PIK3CA G363A,Entity
e9286,PIK3CA G364R,Entity
e9287,PIK3CA G451R,Entity
e9288,PIK3CA G451V,Entity
e9289,PIK3CA G914R,Entity
e9290,PIK3CA H1047I,Entity
e9291,PIK3CA H1047L,Entity
e9292,PIK3CA H1047R,Entity
e9293,PIK3CA H1047X,Entity
e9294,PIK3CA H1047Y,Entity
e9295,PIK3CA H450_P458del,Entity
e9296,PIK3CA H701P,Entity
e9297,PIK3CA I112N,Entity
e9298,PIK3CA I31M,Entity
e9299,PIK3CA I391M,Entity
e9300,PIK3CA I910V,Entity
e9301,PIK3CA K111E,Entity
e9302,PIK3CA K111N,Entity
e9303,PIK3CA K111del,Entity
e9304,PIK3CA K944N,Entity
e9305,PIK3CA K966E,Entity
e9306,PIK3CA L452_G460del,Entity
e9307,PIK3CA L455_G460delinsC,Entity
e9308,PIK3CA L456Afs*13,Entity
e9309,PIK3CA L766F,Entity
e9310,PIK3CA L938*,Entity
e9311,PIK3CA M1004I,Entity
e9312,PIK3CA M1040V,Entity
e9313,PIK3CA M1043I,Entity
e9314,PIK3CA M1043L,Entity
e9315,PIK3CA M1043V,Entity
e9316,PIK3CA M1V,Entity
e9317,PIK3CA N1044K,Entity
e9318,PIK3CA N1068Kfs*5,Entity
e9319,PIK3CA N1068fs*4,Entity
e9320,PIK3CA N345I,Entity
e9321,PIK3CA N345K,Entity
e9322,PIK3CA N345S,Entity
e9323,PIK3CA N345T,Entity
e9324,PIK3CA P104L,Entity
e9325,PIK3CA P104_V105delinsL,Entity
e9326,PIK3CA P124L,Entity
e9327,PIK3CA P366R,Entity
e9328,PIK3CA P447_L455del,Entity
e9329,PIK3CA P449T,Entity
e9330,PIK3CA P449_L455del,Entity
e9331,PIK3CA P471L,Entity
e9332,PIK3CA P487Q,Entity
e9333,PIK3CA P539R,Entity
e9334,PIK3CA Q546E,Entity
e9335,PIK3CA Q546K,Entity
e9336,PIK3CA Q546L,Entity
e9337,PIK3CA Q546P,Entity
e9338,PIK3CA Q546R,Entity
e9339,PIK3CA Q546X,Entity
e9340,PIK3CA Q60K,Entity
e9341,PIK3CA Q643R,Entity
e9342,PIK3CA Q75E,Entity
e9343,PIK3CA R108C,Entity
e9344,PIK3CA R108H,Entity
e9345,PIK3CA R108L,Entity
e9346,PIK3CA R108S,Entity
e9347,PIK3CA R115L,Entity
e9348,PIK3CA R115P,Entity
e9349,PIK3CA R382K,Entity
e9350,PIK3CA R38C,Entity
e9351,PIK3CA R38H,Entity
e9352,PIK3CA R38S,Entity
e9353,PIK3CA R398H,Entity
e9354,PIK3CA R818C,Entity
e9355,PIK3CA R88Q,Entity
e9356,PIK3CA R93P,Entity
e9357,PIK3CA R93Q,Entity
e9358,PIK3CA R93W,Entity
e9359,PIK3CA R975S,Entity
e9360,PIK3CA S158L,Entity
e9361,PIK3CA S332_L334del,Entity
e9362,PIK3CA S629C,Entity
e9363,PIK3CA T1025A,Entity
e9364,PIK3CA T1025N,Entity
e9365,PIK3CA T1025S,Entity
e9366,PIK3CA V105_G106del,Entity
e9367,PIK3CA V105_R108del,Entity
e9368,PIK3CA V105del,Entity
e9369,PIK3CA V136I,Entity
e9370,PIK3CA V344A,Entity
e9371,PIK3CA V344G,Entity
e9372,PIK3CA V344M,Entity
e9373,PIK3CA V356I,Entity
e9374,PIK3CA V638A,Entity
e9375,PIK3CA V955G,Entity
e9376,PIK3CA V955I,Entity
e9377,PIK3CA W11L,Entity
e9378,PIK3CA Y1021C,Entity
e9379,PIK3CA Y1021H,Entity
e9380,PIK3CA amplification,Entity
e9381,PIK3CA exon 10 mutation,Entity
e9382,PIK3CA exon 20 mutation,Entity
e9383,PIK3CA exon 21 mutation,Entity
e9384,PIK3CA exon 9 mutation,Entity
e9385,PIK3CA gain-of-function,Entity
e9386,PIK3CA inconclusive mutation,Entity
e9387,PIK3CA mutation,Entity
e9388,PIK3CA neutral mutation,Entity
e9389,PIK3CA oncogenic mutation,Entity
e9390,PIK3CA wild type,Entity
e9391,PIK3CB A1048V,Entity
e9392,PIK3CB A593V,Entity
e9393,PIK3CB D1067A,Entity
e9394,PIK3CB D1067V,Entity
e9395,PIK3CB D1067Y,Entity
e9396,PIK3CB E1051K,Entity
e9397,PIK3CB E470K,Entity
e9398,PIK3CB E497D,Entity
e9399,PIK3CB E552K,Entity
e9400,PIK3CB E633K,Entity
e9401,PIK3CB N553S,Entity
e9402,PIK3CB R48W,Entity
e9403,PIK3CB amplification,Entity
e9404,PIK3CB fusion,Entity
e9405,PIK3CB gain-of-function,Entity
e9406,PIK3CB mutation,Entity
e9407,PIK3CB neutral mutation,Entity
e9408,PIK3CB oncogenic mutation,Entity
e9409,PIK3CD C416R,Entity
e9410,PIK3CD E1021K,Entity
e9411,PIK3CD E525K,Entity
e9412,PIK3CD G124D,Entity
e9413,PIK3CD G971R,Entity
e9414,PIK3CD N334K,Entity
e9415,PIK3CD gain-of-function,Entity
e9416,PIK3CD mutation,Entity
e9417,PIK3CD oncogenic mutation,Entity
e9418,PIK3R1 D434 splice variant,Entity
e9419,PIK3R1 D560Y,Entity
e9420,PIK3R1 D560_S565del,Entity
e9421,PIK3R1 E137K,Entity
e9422,PIK3R1 E160*,Entity
e9423,PIK3R1 E218*,Entity
e9424,PIK3R1 E439del,Entity
e9425,PIK3R1 G376R,Entity
e9426,PIK3R1 I559_D560insDKRMNS,Entity
e9427,PIK3R1 K288Q,Entity
e9428,PIK3R1 K379E,Entity
e9429,PIK3R1 K448_Y452del,Entity
e9430,PIK3R1 K459_S460delinsN,Entity
e9431,PIK3R1 K567E,Entity
e9432,PIK3R1 L370fs,Entity
e9433,PIK3R1 L372_R373del,Entity
e9434,PIK3R1 L380del,Entity
e9435,PIK3R1 M582 splice variant,Entity
e9436,PIK3R1 N564D,Entity
e9437,PIK3R1 N564K,Entity
e9438,PIK3R1 Q475 splice variant,Entity
e9439,PIK3R1 Q579_L581del,Entity
e9440,PIK3R1 R162*,Entity
e9441,PIK3R1 R262T,Entity
e9442,PIK3R1 R348*,Entity
e9443,PIK3R1 R461*,Entity
e9444,PIK3R1 R503W,Entity
e9445,PIK3R1 R574fs,Entity
e9446,PIK3R1 T576del,Entity
e9447,PIK3R1 W237_Y242del,Entity
e9448,PIK3R1 W333R,Entity
e9449,PIK3R1 W624R,Entity
e9450,PIK3R1 Y452H,Entity
e9451,PIK3R1 copy number deletion,Entity
e9452,PIK3R1 gain-of-function,Entity
e9453,PIK3R1 loss-of-function,Entity
e9454,PIK3R1 mutation,Entity
e9455,PIK3R1 oncogenic mutation,Entity
e9456,PIK3R1 truncating mutation,Entity
e9457,PIK3R2 A171V,Entity
e9458,PIK3R2 A36E,Entity
e9459,PIK3R2 A727V,Entity
e9460,PIK3R2 D557H,Entity
e9461,PIK3R2 G373R,Entity
e9462,PIK3R2 K376N,Entity
e9463,PIK3R2 N561D,Entity
e9464,PIK3R2 S273C,Entity
e9465,PIK3R2 amplification,Entity
e9466,PIK3R2 gain-of-function,Entity
e9467,PIK3R2 loss-of-function,Entity
e9468,PIK3R2 mutation,Entity
e9469,PIK3R2 neutral mutation,Entity
e9470,PIK3R2 oncogenic mutation,Entity
e9471,PIK3R2 overexpression,Entity
e9472,PIK3R2 truncating mutation,Entity
e9473,PIK3R3 loss-of-function,Entity
e9474,PIK3R3 mutation,Entity
e9475,PIK3R3 truncating mutation,Entity
e9476,PIM1 E124Q,Entity
e9477,PIM1 E135K,Entity
e9478,PIM1 E142D,Entity
e9479,PIM1 H68Y,Entity
e9480,PIM1 L193F,Entity
e9481,PIM1 L2V,Entity
e9482,PIM1 N82K,Entity
e9483,PIM1 P123M,Entity
e9484,PIM1 P81S,Entity
e9485,PIM1 S97N,Entity
e9486,PIM1 Y53H,Entity
e9487,PIM1 expression,Entity
e9488,PIM1 gain-of-function,Entity
e9489,PIM1 inconclusive mutation,Entity
e9490,PIM1 loss-of-function,Entity
e9491,PIM1 mutation,Entity
e9492,PIM1 neutral mutation,Entity
e9493,PIM1 oncogenic mutation,Entity
e9494,PLCG1 R707Q,Entity
e9495,PLCG1 S345F,Entity
e9496,PLCG1 S520F,Entity
e9497,PLCG1 gain-of-function,Entity
e9498,PLCG1 mutation,Entity
e9499,PLCG2 L845F,Entity
e9500,PLCG2 R665W,Entity
e9501,PLCG2 gain-of-function,Entity
e9502,PLCG2 mutation,Entity
e9503,PLCG2 oncogenic mutation,Entity
e9504,PMAIP1 loss-of-function,Entity
e9505,PMAIP1 mutation,Entity
e9506,PMAIP1 truncating mutation,Entity
e9507,PML A216V,Entity
e9508,PML L218P,Entity
e9509,PML fusion,Entity
e9510,PML gain-of-function,Entity
e9511,PML mutation,Entity
e9512,PMS1 Q233*,Entity
e9513,PMS1 loss-of-function,Entity
e9514,PMS1 mutation,Entity
e9515,PMS1 oncogenic mutation,Entity
e9516,PMS1 truncating mutation,Entity
e9517,PMS2 D249Vfs*2,Entity
e9518,PMS2 D261Mfs*46,Entity
e9519,PMS2 D286Vfs*10,Entity
e9520,PMS2 D414Rfs*44,Entity
e9521,PMS2 D526Tfs*69,Entity
e9522,PMS2 E109Kfs*3,Entity
e9523,PMS2 E41A,Entity
e9524,PMS2 E5K,Entity
e9525,PMS2 E661*,Entity
e9526,PMS2 E705K,Entity
e9527,PMS2 E836*,Entity
e9528,PMS2 F788Cfs*2,Entity
e9529,PMS2 G207E,Entity
e9530,PMS2 G74Vfs*3,Entity
e9531,PMS2 G857A,Entity
e9532,PMS2 H479Q,Entity
e9533,PMS2 I18V,Entity
e9534,PMS2 I590Ffs*5,Entity
e9535,PMS2 I611Nfs*2,Entity
e9536,PMS2 I668V,Entity
e9537,PMS2 I66T,Entity
e9538,PMS2 K356Rfs*4,Entity
e9539,PMS2 K433*,Entity
e9540,PMS2 K541E,Entity
e9541,PMS2 K580*,Entity
e9542,PMS2 K614*,Entity
e9543,PMS2 K647*,Entity
e9544,PMS2 K706Sfs*19,Entity
e9545,PMS2 K706fs*19,Entity
e9546,PMS2 K748Mfs*19,Entity
e9547,PMS2 L359Ffs*6,Entity
e9548,PMS2 L585I,Entity
e9549,PMS2 L625*fs*1,Entity
e9550,PMS2 L729Qfs*6,Entity
e9551,PMS2 L731Cfs*3,Entity
e9552,PMS2 M1K,Entity
e9553,PMS2 M1T,Entity
e9554,PMS2 M396Wfs*2,Entity
e9555,PMS2 M834Gfs*17,Entity
e9556,PMS2 N371Ifs*2,Entity
e9557,PMS2 P246Cfs*3,Entity
e9558,PMS2 P470S,Entity
e9559,PMS2 Q233*,Entity
e9560,PMS2 Q235*,Entity
e9561,PMS2 Q275*,Entity
e9562,PMS2 Q288Vfs*10,Entity
e9563,PMS2 Q30*,Entity
e9564,PMS2 Q317*,Entity
e9565,PMS2 Q471*,Entity
e9566,PMS2 Q643*,Entity
e9567,PMS2 Q719Rfs*6,Entity
e9568,PMS2 R107W,Entity
e9569,PMS2 R134*,Entity
e9570,PMS2 R199Pfs*50,Entity
e9571,PMS2 R20Q,Entity
e9572,PMS2 R287Sfs*19,Entity
e9573,PMS2 R315*,Entity
e9574,PMS2 R341Gfs*15,Entity
e9575,PMS2 R421*,Entity
e9576,PMS2 R563*,Entity
e9577,PMS2 R578Afs*3,Entity
e9578,PMS2 R628*,Entity
e9579,PMS2 R802*,Entity
e9580,PMS2 S270*,Entity
e9581,PMS2 S436Kfs*22,Entity
e9582,PMS2 S46I,Entity
e9583,PMS2 S46N,Entity
e9584,PMS2 S547Rfs*14,Entity
e9585,PMS2 S815L,Entity
e9586,PMS2 T408Lfs*40,Entity
e9587,PMS2 T485K,Entity
e9588,PMS2 Y181*fs*1,Entity
e9589,PMS2 Y255*,Entity
e9590,PMS2 Y268Lfs*31,Entity
e9591,PMS2 Y61Lfs*15,Entity
e9592,PMS2 copy number deletion,Entity
e9593,PMS2 loss-of-function,Entity
e9594,PMS2 mutation,Entity
e9595,PMS2 neutral mutation,Entity
e9596,PMS2 oncogenic mutation,Entity
e9597,PMS2 truncating mutation,Entity
e9598,POLD1 C284Y,Entity
e9599,POLD1 E374K,Entity
e9600,POLD1 S478N,Entity
e9601,POLD1 loss-of-function,Entity
e9602,POLD1 mutation,Entity
e9603,POLE 268_471 mutation,Entity
e9604,POLE A456P,Entity
e9605,POLE A463V,Entity
e9606,POLE D368Y,Entity
e9607,POLE F367S,Entity
e9608,POLE F367V,Entity
e9609,POLE L424I,Entity
e9610,POLE L424V,Entity
e9611,POLE M295R,Entity
e9612,POLE M444K,Entity
e9613,POLE N363K,Entity
e9614,POLE P286H,Entity
e9615,POLE P286L,Entity
e9616,POLE P286R,Entity
e9617,POLE P286S,Entity
e9618,POLE P436R,Entity
e9619,POLE S297F,Entity
e9620,POLE S297Y,Entity
e9621,POLE S459F,Entity
e9622,POLE S459Y,Entity
e9623,POLE S459del,Entity
e9624,POLE V411L,Entity
e9625,POLE V411M,Entity
e9626,POLE inconclusive mutation,Entity
e9627,POLE loss-of-function,Entity
e9628,POLE mutation,Entity
e9629,POLE oncogenic mutation,Entity
e9630,POT1 I78T,Entity
e9631,POT1 Q94E,Entity
e9632,POT1 R117C,Entity
e9633,POT1 R273L,Entity
e9634,POT1 S322L,Entity
e9635,POT1 Y223C,Entity
e9636,POT1 Y36N,Entity
e9637,POT1 Y89C,Entity
e9638,POT1 loss-of-function,Entity
e9639,POT1 mutation,Entity
e9640,POT1 truncating mutation,Entity
e9641,POU3F4 amplification,Entity
e9642,POU3F4 gain-of-function,Entity
e9643,POU3F4 mutation,Entity
e9644,POU5F1 expression,Entity
e9645,POU5F1 mutation,Entity
e9646,PPARG K347*,Entity
e9647,PPARG Q314P,Entity
e9648,PPARG R316H,Entity
e9649,PPARG fusion,Entity
e9650,PPARG gain-of-function,Entity
e9651,PPARG mutation,Entity
e9652,PPARG oncogenic mutation,Entity
e9653,PPFIBP1 fusion,Entity
e9654,PPFIBP1 gain-of-function,Entity
e9655,PPFIBP1 mutation,Entity
e9656,PPFIBP2 fusion,Entity
e9657,PPFIBP2 gain-of-function,Entity
e9658,PPFIBP2 mutation,Entity
e9659,PPM1D amplification,Entity
e9660,PPM1D gain-of-function,Entity
e9661,PPM1D mutation,Entity
e9662,PPM1D oncogenic mutation,Entity
e9663,PPP2R1A P179L,Entity
e9664,PPP2R1A P179R,Entity
e9665,PPP2R1A R182W,Entity
e9666,PPP2R1A R183G,Entity
e9667,PPP2R1A R183P,Entity
e9668,PPP2R1A R183Q,Entity
e9669,PPP2R1A R183W,Entity
e9670,PPP2R1A R258C,Entity
e9671,PPP2R1A R258H,Entity
e9672,PPP2R1A S256F,Entity
e9673,PPP2R1A S256W,Entity
e9674,PPP2R1A S256Y,Entity
e9675,PPP2R1A W257C,Entity
e9676,PPP2R1A W257G,Entity
e9677,PPP2R1A gain-of-function,Entity
e9678,PPP2R1A inconclusive mutation,Entity
e9679,PPP2R1A loss-of-function,Entity
e9680,PPP2R1A mutation,Entity
e9681,PPP2R1A oncogenic mutation,Entity
e9682,PPP2R1A truncating mutation,Entity
e9683,PPP2R2A E83*,Entity
e9684,PPP2R2A copy number deletion,Entity
e9685,PPP2R2A loss-of-function,Entity
e9686,PPP2R2A mutation,Entity
e9687,PPP6C H114Y,Entity
e9688,PPP6C H151Y,Entity
e9689,PPP6C P186S,Entity
e9690,PPP6C P223S,Entity
e9691,PPP6C R264C,Entity
e9692,PPP6C R301C,Entity
e9693,PPP6C S270L,Entity
e9694,PPP6C S307L,Entity
e9695,PPP6C loss-of-function,Entity
e9696,PPP6C mutation,Entity
e9697,PPP6C oncogenic mutation,Entity
e9698,PPP6C truncating mutation,Entity
e9699,PRDM1 C569Y,Entity
e9700,PRDM1 loss-of-function,Entity
e9701,PRDM1 mutation,Entity
e9702,PRDM1 truncating mutation,Entity
e9703,PREX2 A1376V,Entity
e9704,PREX2 E1346D,Entity
e9705,PREX2 E824*,Entity
e9706,PREX2 G106E,Entity
e9707,PREX2 G258V,Entity
e9708,PREX2 G844D,Entity
e9709,PREX2 K278*,Entity
e9710,PREX2 K400*,Entity
e9711,PREX2 L50V,Entity
e9712,PREX2 P1145S,Entity
e9713,PREX2 P948S,Entity
e9714,PREX2 Q1430*,Entity
e9715,PREX2 R172I,Entity
e9716,PREX2 S1113R,Entity
e9717,PREX2 T868I,Entity
e9718,PREX2 T994A,Entity
e9719,PREX2 V1441F,Entity
e9720,PREX2 gain-of-function,Entity
e9721,PREX2 loss-of-function,Entity
e9722,PREX2 mutation,Entity
e9723,PREX2 neutral mutation,Entity
e9724,PRKACA fusion,Entity
e9725,PRKACA gain-of-function,Entity
e9726,PRKACA mutation,Entity
e9727,PRKCB D427N,Entity
e9728,PRKCB mutation,Entity
e9729,PRKCH amplification,Entity
e9730,PRKCH gain-of-function,Entity
e9731,PRKCH mutation,Entity
e9732,PRKN loss-of-function,Entity
e9733,PRKN mutation,Entity
e9734,PRKN truncating mutation,Entity
e9735,PROM1 expression,Entity
e9736,PROM1 mutation,Entity
e9737,PRPF8 A687P,Entity
e9738,PRPF8 D1598Y,Entity
e9739,PRPF8 E1292K,Entity
e9740,PRPF8 G1750E,Entity
e9741,PRPF8 H1875R,Entity
e9742,PRPF8 M1307I,Entity
e9743,PRPF8 V1015N,Entity
e9744,PRPF8 loss-of-function,Entity
e9745,PRPF8 mutation,Entity
e9746,PRPF8 neutral mutation,Entity
e9747,PRPF8 truncating mutation,Entity
e9748,PRPS1 A190T,Entity
e9749,PRPS1 A87T,Entity
e9750,PRPS1 C77S,Entity
e9751,PRPS1 D139G,Entity
e9752,PRPS1 D183E,Entity
e9753,PRPS1 I72V,Entity
e9754,PRPS1 K176N,Entity
e9755,PRPS1 L191F,Entity
e9756,PRPS1 M115T,Entity
e9757,PRPS1 N144S,Entity
e9758,PRPS1 S103I,Entity
e9759,PRPS1 S103N,Entity
e9760,PRPS1 S103T,Entity
e9761,PRPS1 T303S,Entity
e9762,PRPS1 V53A,Entity
e9763,PRPS1 mutation,Entity
e9764,PSMB2 amplification,Entity
e9765,PSMB2 gain-of-function,Entity
e9766,PSMB2 mutation,Entity
e9767,PSMB8 expression,Entity
e9768,PSMB8 mutation,Entity
e9769,PTCH1 F1147fs,Entity
e9770,PTCH1 R1114W,Entity
e9771,PTCH1 R571W,Entity
e9772,PTCH1 loh,Entity
e9773,PTCH1 loss-of-function,Entity
e9774,PTCH1 mutation,Entity
e9775,PTCH1 neutral mutation,Entity
e9776,PTCH1 oncogenic mutation,Entity
e9777,PTCH1 truncating mutation,Entity
e9778,PTEN A121E,Entity
e9779,PTEN A121G,Entity
e9780,PTEN A121P,Entity
e9781,PTEN A121V,Entity
e9782,PTEN A126D,Entity
e9783,PTEN A126G,Entity
e9784,PTEN A126P,Entity
e9785,PTEN A126S,Entity
e9786,PTEN A126V,Entity
e9787,PTEN A151P,Entity
e9788,PTEN A34D,Entity
e9789,PTEN A34P,Entity
e9790,PTEN A39P,Entity
e9791,PTEN A79T,Entity
e9792,PTEN C105F,Entity
e9793,PTEN C124G,Entity
e9794,PTEN C124N,Entity
e9795,PTEN C124R,Entity
e9796,PTEN C124S,Entity
e9797,PTEN C136Mfs*44,Entity
e9798,PTEN C136R,Entity
e9799,PTEN C136Y,Entity
e9800,PTEN C211*,Entity
e9801,PTEN C296Yfs*12,Entity
e9802,PTEN C71Y,Entity
e9803,PTEN D107G,Entity
e9804,PTEN D107V,Entity
e9805,PTEN D107Y,Entity
e9806,PTEN D109Tfs*4,Entity
e9807,PTEN D162G,Entity
e9808,PTEN D162H,Entity
e9809,PTEN D19N,Entity
e9810,PTEN D236Gfs*7,Entity
e9811,PTEN D24H,Entity
e9812,PTEN D24N,Entity
e9813,PTEN D24Y,Entity
e9814,PTEN D252G,Entity
e9815,PTEN D301N,Entity
e9816,PTEN D310Vfs*9,Entity
e9817,PTEN D326N,Entity
e9818,PTEN D331G,Entity
e9819,PTEN D92A,Entity
e9820,PTEN D92E,Entity
e9821,PTEN D92G,Entity
e9822,PTEN D92H,Entity
e9823,PTEN D92N,Entity
e9824,PTEN D92V,Entity
e9825,PTEN D92Y,Entity
e9826,PTEN E150*,Entity
e9827,PTEN E157G,Entity
e9828,PTEN E284*,Entity
e9829,PTEN E307*,Entity
e9830,PTEN E40Kfs*14,Entity
e9831,PTEN E7Dfs*3,Entity
e9832,PTEN F154L,Entity
e9833,PTEN F21A,Entity
e9834,PTEN F241S,Entity
e9835,PTEN F258Pfs*39,Entity
e9836,PTEN F341V,Entity
e9837,PTEN F347L,Entity
e9838,PTEN G127E,Entity
e9839,PTEN G127N,Entity
e9840,PTEN G127R,Entity
e9841,PTEN G129A,Entity
e9842,PTEN G129D,Entity
e9843,PTEN G129E,Entity
e9844,PTEN G129R,Entity
e9845,PTEN G129V,Entity
e9846,PTEN G132D,Entity
e9847,PTEN G132S,Entity
e9848,PTEN G132V,Entity
e9849,PTEN G165*,Entity
e9850,PTEN G165E,Entity
e9851,PTEN G165R,Entity
e9852,PTEN G165V,Entity
e9853,PTEN G20E,Entity
e9854,PTEN G251C,Entity
e9855,PTEN G251D,Entity
e9856,PTEN G251V,Entity
e9857,PTEN G36R,Entity
e9858,PTEN G44D,Entity
e9859,PTEN H118P,Entity
e9860,PTEN H123D,Entity
e9861,PTEN H123Q,Entity
e9862,PTEN H123Y,Entity
e9863,PTEN H196Tfs*3,Entity
e9864,PTEN H61D,Entity
e9865,PTEN H61R,Entity
e9866,PTEN H75Kfs*4,Entity
e9867,PTEN H93D,Entity
e9868,PTEN H93L,Entity
e9869,PTEN H93P,Entity
e9870,PTEN H93Q,Entity
e9871,PTEN H93R,Entity
e9872,PTEN H93Y,Entity
e9873,PTEN I101F,Entity
e9874,PTEN I101T,Entity
e9875,PTEN I122L,Entity
e9876,PTEN I122S,Entity
e9877,PTEN I122V,Entity
e9878,PTEN I135V,Entity
e9879,PTEN I168F,Entity
e9880,PTEN I253Kfs*2,Entity
e9881,PTEN I28Lfs*27,Entity
e9882,PTEN I67K,Entity
e9883,PTEN K125E,Entity
e9884,PTEN K125L,Entity
e9885,PTEN K125M,Entity
e9886,PTEN K125R,Entity
e9887,PTEN K128N,Entity
e9888,PTEN K128Q,Entity
e9889,PTEN K128R,Entity
e9890,PTEN K128T,Entity
e9891,PTEN K164Rfs*3,Entity
e9892,PTEN K183*fs*1,Entity
e9893,PTEN K267Rfs*9,Entity
e9894,PTEN K289E,Entity
e9895,PTEN K322*,Entity
e9896,PTEN K342N,Entity
e9897,PTEN K62R,Entity
e9898,PTEN K6E,Entity
e9899,PTEN K6I,Entity
e9900,PTEN L108P,Entity
e9901,PTEN L112P,Entity
e9902,PTEN L112R,Entity
e9903,PTEN L146*,Entity
e9904,PTEN L181P,Entity
e9905,PTEN L23F,Entity
e9906,PTEN L247Ifs*10,Entity
e9907,PTEN L320S,Entity
e9908,PTEN L325F,Entity
e9909,PTEN L345Q,Entity
e9910,PTEN L42R,Entity
e9911,PTEN L70P,Entity
e9912,PTEN M134I,Entity
e9913,PTEN M134L,Entity
e9914,PTEN M134T,Entity
e9915,PTEN M199del,Entity
e9916,PTEN M35R,Entity
e9917,PTEN M35_G36delinsIR,Entity
e9918,PTEN N276S,Entity
e9919,PTEN N292Kfs*6,Entity
e9920,PTEN N329Kfs*14,Entity
e9921,PTEN N48K,Entity
e9922,PTEN N94I,Entity
e9923,PTEN P169H,Entity
e9924,PTEN P246L,Entity
e9925,PTEN P248Tfs*5,Entity
e9926,PTEN P38F,Entity
e9927,PTEN P38H,Entity
e9928,PTEN P38L,Entity
e9929,PTEN P95L,Entity
e9930,PTEN P95S,Entity
e9931,PTEN P96Q,Entity
e9932,PTEN P96S,Entity
e9933,PTEN Q110R,Entity
e9934,PTEN Q17*,Entity
e9935,PTEN Q171*,Entity
e9936,PTEN Q171E,Entity
e9937,PTEN Q171R,Entity
e9938,PTEN Q17Rfs*26,Entity
e9939,PTEN Q245*,Entity
e9940,PTEN Q298*,Entity
e9941,PTEN Q298Kfs*9,Entity
e9942,PTEN Q97*,Entity
e9943,PTEN R130*,Entity
e9944,PTEN R130A,Entity
e9945,PTEN R130G,Entity
e9946,PTEN R130K,Entity
e9947,PTEN R130L,Entity
e9948,PTEN R130P,Entity
e9949,PTEN R130Q,Entity
e9950,PTEN R130Qfs*4,Entity
e9951,PTEN R159G,Entity
e9952,PTEN R159S,Entity
e9953,PTEN R15Dfs*9,Entity
e9954,PTEN R15K,Entity
e9955,PTEN R15S,Entity
e9956,PTEN R161G,Entity
e9957,PTEN R173C,Entity
e9958,PTEN R173H,Entity
e9959,PTEN R173P,Entity
e9960,PTEN R233*,Entity
e9961,PTEN R234W,Entity
e9962,PTEN R335*,Entity
e9963,PTEN R335L,Entity
e9964,PTEN R47G,Entity
e9965,PTEN S10N,Entity
e9966,PTEN S170I,Entity
e9967,PTEN S170N,Entity
e9968,PTEN S170R,Entity
e9969,PTEN S227F,Entity
e9970,PTEN S362L,Entity
e9971,PTEN T131A,Entity
e9972,PTEN T131I,Entity
e9973,PTEN T131L,Entity
e9974,PTEN T131S,Entity
e9975,PTEN T160I,Entity
e9976,PTEN T167A,Entity
e9977,PTEN T167N,Entity
e9978,PTEN T277A,Entity
e9979,PTEN T277N,Entity
e9980,PTEN T319A,Entity
e9981,PTEN T319Nfs*6,Entity
e9982,PTEN T319del,Entity
e9983,PTEN T401I,Entity
e9984,PTEN V133I,Entity
e9985,PTEN V217D,Entity
e9986,PTEN V217I,Entity
e9987,PTEN V255A,Entity
e9988,PTEN V317fs,Entity
e9989,PTEN V343E,Entity
e9990,PTEN V343L,Entity
e9991,PTEN V369G,Entity
e9992,PTEN W111G,Entity
e9993,PTEN W111R,Entity
e9994,PTEN W111S,Entity
e9995,PTEN W274*,Entity
e9996,PTEN Y138L,Entity
e9997,PTEN Y155C,Entity
e9998,PTEN Y155H,Entity
e9999,PTEN Y155N,Entity
e10000,PTEN Y16*,Entity
e10001,PTEN Y16C,Entity
e10002,PTEN Y16D,Entity
e10003,PTEN Y16Lfs*28,Entity
e10004,PTEN Y174N,Entity
e10005,PTEN Y176C,Entity
e10006,PTEN Y177C,Entity
e10007,PTEN Y177D,Entity
e10008,PTEN Y180*,Entity
e10009,PTEN Y188*,Entity
e10010,PTEN Y27C,Entity
e10011,PTEN Y27N,Entity
e10012,PTEN Y27S,Entity
e10013,PTEN Y29Qfs*24,Entity
e10014,PTEN Y46Rfs*7,Entity
e10015,PTEN Y65C,Entity
e10016,PTEN Y68D,Entity
e10017,PTEN Y68H,Entity
e10018,PTEN Y68N,Entity
e10019,PTEN biallelic inactivation,Entity
e10020,PTEN copy number deletion,Entity
e10021,PTEN expression,Entity
e10022,PTEN inconclusive mutation,Entity
e10023,PTEN loss-of-function,Entity
e10024,PTEN mutation,Entity
e10025,PTEN neutral mutation,Entity
e10026,PTEN oncogenic mutation,Entity
e10027,PTEN truncating mutation,Entity
e10028,PTP4A3 mutation,Entity
e10029,PTP4A3 overexpression,Entity
e10030,PTPN1 A69V,Entity
e10031,PTPN1 M282L,Entity
e10032,PTPN1 M74L,Entity
e10033,PTPN1 Q9*,Entity
e10034,PTPN1 R156*,Entity
e10035,PTPN1 V184D,Entity
e10036,PTPN1 loss-of-function,Entity
e10037,PTPN1 mutation,Entity
e10038,PTPN1 truncating mutation,Entity
e10039,PTPN11 A461T,Entity
e10040,PTPN11 A72S,Entity
e10041,PTPN11 A72V,Entity
e10042,PTPN11 D106A,Entity
e10043,PTPN11 D61G,Entity
e10044,PTPN11 D61N,Entity
e10045,PTPN11 D61Y,Entity
e10046,PTPN11 E139D,Entity
e10047,PTPN11 E69K,Entity
e10048,PTPN11 E76A,Entity
e10049,PTPN11 E76G,Entity
e10050,PTPN11 E76K,Entity
e10051,PTPN11 E76Q,Entity
e10052,PTPN11 E76V,Entity
e10053,PTPN11 F285S,Entity
e10054,PTPN11 F71I,Entity
e10055,PTPN11 G464A,Entity
e10056,PTPN11 G503V,Entity
e10057,PTPN11 I282V,Entity
e10058,PTPN11 K590R,Entity
e10059,PTPN11 M504V,Entity
e10060,PTPN11 N308D,Entity
e10061,PTPN11 P491S,Entity
e10062,PTPN11 Q510E,Entity
e10063,PTPN11 Q79R,Entity
e10064,PTPN11 R498L,Entity
e10065,PTPN11 R498W,Entity
e10066,PTPN11 S502T,Entity
e10067,PTPN11 T468M,Entity
e10068,PTPN11 T507K,Entity
e10069,PTPN11 T73I,Entity
e10070,PTPN11 V428M,Entity
e10071,PTPN11 V45L,Entity
e10072,PTPN11 Y62C,Entity
e10073,PTPN11 Y63C,Entity
e10074,PTPN11 copy number deletion,Entity
e10075,PTPN11 gain-of-function,Entity
e10076,PTPN11 inconclusive mutation,Entity
e10077,PTPN11 loss-of-function,Entity
e10078,PTPN11 mutation,Entity
e10079,PTPN11 neutral mutation,Entity
e10080,PTPN11 oncogenic mutation,Entity
e10081,PTPN11 overexpression,Entity
e10082,PTPN12 K61R,Entity
e10083,PTPN12 mutation,Entity
e10084,PTPN12 oncogenic mutation,Entity
e10085,PTPN2 loss-of-function,Entity
e10086,PTPN2 mutation,Entity
e10087,PTPN2 truncating mutation,Entity
e10088,PTPRB loss-of-function,Entity
e10089,PTPRB mutation,Entity
e10090,PTPRD G446E,Entity
e10091,PTPRD P1311T,Entity
e10092,PTPRD R1088C,Entity
e10093,PTPRD V1565I,Entity
e10094,PTPRD V253I,Entity
e10095,PTPRD copy number deletion,Entity
e10096,PTPRD loss-of-function,Entity
e10097,PTPRD mutation,Entity
e10098,PTPRD oncogenic mutation,Entity
e10099,PTPRD truncating mutation,Entity
e10100,PTPRJ Q276P,Entity
e10101,PTPRJ R214C,Entity
e10102,PTPRJ mutation,Entity
e10103,PTPRJ oncogenic mutation,Entity
e10104,PTPRS loss-of-function,Entity
e10105,PTPRS mutation,Entity
e10106,PTPRS truncating mutation,Entity
e10107,PTPRT A1041E,Entity
e10108,PTPRT A209T,Entity
e10109,PTPRT A707T,Entity
e10110,PTPRT D905G,Entity
e10111,PTPRT D944G,Entity
e10112,PTPRT F248S,Entity
e10113,PTPRT F74S,Entity
e10114,PTPRT I395V,Entity
e10115,PTPRT K218T,Entity
e10116,PTPRT L708P,Entity
e10117,PTPRT N1125I,Entity
e10118,PTPRT N510K,Entity
e10119,PTPRT Q479E,Entity
e10120,PTPRT Q984K,Entity
e10121,PTPRT R1059L,Entity
e10122,PTPRT R1209W,Entity
e10123,PTPRT R1343L,Entity
e10124,PTPRT R453C,Entity
e10125,PTPRT S492F,Entity
e10126,PTPRT T1365M,Entity
e10127,PTPRT T605M,Entity
e10128,PTPRT T863M,Entity
e10129,PTPRT V1014M,Entity
e10130,PTPRT V648G,Entity
e10131,PTPRT Y280H,Entity
e10132,PTPRT Y412F,Entity
e10133,PTPRT hypermethylation,Entity
e10134,PTPRT loss-of-function,Entity
e10135,PTPRT mutation,Entity
e10136,PTPRT oncogenic mutation,Entity
e10137,PTPRT truncating mutation,Entity
e10138,PTPRZ1 gain-of-function,Entity
e10139,PTPRZ1 mutation,Entity
e10140,PTPRZ1::MET fusion,Entity
e10141,PTTG1 mutation,Entity
e10142,PTTG1 overexpression,Entity
e10143,QKI fusion,Entity
e10144,QKI gain-of-function,Entity
e10145,QKI mutation,Entity
e10146,RAB35 A151T,Entity
e10147,RAB35 F161L,Entity
e10148,RAB35 gain-of-function,Entity
e10149,RAB35 mutation,Entity
e10150,RAB35 oncogenic mutation,Entity
e10151,RAC1 C176Y,Entity
e10152,RAC1 C18Y,Entity
e10153,RAC1 G12V,Entity
e10154,RAC1 P29L,Entity
e10155,RAC1 P29S,Entity
e10156,RAC1 P34R,Entity
e10157,RAC1 Q61R,Entity
e10158,RAC1 amplification,Entity
e10159,RAC1 gain-of-function,Entity
e10160,RAC1 mutation,Entity
e10161,RAC1 oncogenic mutation,Entity
e10162,RAD17 copy number deletion,Entity
e10163,RAD17 loss-of-function,Entity
e10164,RAD17 mutation,Entity
e10165,RAD17 truncating mutation,Entity
e10166,RAD21 copy number deletion,Entity
e10167,RAD21 loss-of-function,Entity
e10168,RAD21 mutation,Entity
e10169,RAD21 truncating mutation,Entity
e10170,RAD23B expression,Entity
e10171,RAD23B mutation,Entity
e10172,RAD50 A134Rfs*3,Entity
e10173,RAD50 D515Gfs*13,Entity
e10174,RAD50 D69N,Entity
e10175,RAD50 D69Y,Entity
e10176,RAD50 D840Rfs*5,Entity
e10177,RAD50 E302*,Entity
e10178,RAD50 E402Dfs*12,Entity
e10179,RAD50 E723Gfs*5,Entity
e10180,RAD50 E977Lfs*6,Entity
e10181,RAD50 E995Rfs*2,Entity
e10182,RAD50 I930Tfs*9,Entity
e10183,RAD50 K436Rfs*2,Entity
e10184,RAD50 L1237F,Entity
e10185,RAD50 L234fs,Entity
e10186,RAD50 L322Wfs*2,Entity
e10187,RAD50 L424Efs*7,Entity
e10188,RAD50 L839*,Entity
e10189,RAD50 M735*fs*1,Entity
e10190,RAD50 N1070Ifs*6,Entity
e10191,RAD50 Q215*,Entity
e10192,RAD50 Q404Dfs*12,Entity
e10193,RAD50 Q413*,Entity
e10194,RAD50 Q465*,Entity
e10195,RAD50 Q575Tfs*3,Entity
e10196,RAD50 Q833Rfs*11,Entity
e10197,RAD50 Q941*,Entity
e10198,RAD50 R1185*,Entity
e10199,RAD50 R1200*,Entity
e10200,RAD50 R1260Lfs*7,Entity
e10201,RAD50 R138*,Entity
e10202,RAD50 R903Efs*3,Entity
e10203,RAD50 S181Ffs*7,Entity
e10204,RAD50 S229Rfs*6,Entity
e10205,RAD50 S653*,Entity
e10206,RAD50 T109Nfs*20,Entity
e10207,RAD50 T119Lfs*11,Entity
e10208,RAD50 T32Nfs*16,Entity
e10209,RAD50 copy number deletion,Entity
e10210,RAD50 loss-of-function,Entity
e10211,RAD50 mutation,Entity
e10212,RAD50 oncogenic mutation,Entity
e10213,RAD50 truncating mutation,Entity
e10214,RAD51 loss-of-function,Entity
e10215,RAD51 mutation,Entity
e10216,RAD51 truncating mutation,Entity
e10217,RAD51B R47*,Entity
e10218,RAD51B copy number deletion,Entity
e10219,RAD51B fusion,Entity
e10220,RAD51B gain-of-function,Entity
e10221,RAD51B loss-of-function,Entity
e10222,RAD51B mutation,Entity
e10223,RAD51B oncogenic mutation,Entity
e10224,RAD51B truncating mutation,Entity
e10225,RAD51C A126T,Entity
e10226,RAD51C D159N,Entity
e10227,RAD51C E218Vfs*33,Entity
e10228,RAD51C F32Sfs*8,Entity
e10229,RAD51C G264S,Entity
e10230,RAD51C H192delinsGG,Entity
e10231,RAD51C L138F,Entity
e10232,RAD51C L61Afs*11,Entity
e10233,RAD51C P73Ifs*6,Entity
e10234,RAD51C Q33*,Entity
e10235,RAD51C Q62Hfs*10,Entity
e10236,RAD51C R168*,Entity
e10237,RAD51C R168Ifs*4,Entity
e10238,RAD51C R193*,Entity
e10239,RAD51C R193L,Entity
e10240,RAD51C R193W,Entity
e10241,RAD51C R237*,Entity
e10242,RAD51C R258H,Entity
e10243,RAD51C R319*,Entity
e10244,RAD51C S234*,Entity
e10245,RAD51C S53Lfs*6,Entity
e10246,RAD51C T132Nfs*23,Entity
e10247,RAD51C Y210*,Entity
e10248,RAD51C Y75*fs*1,Entity
e10249,RAD51C inconclusive mutation,Entity
e10250,RAD51C loss-of-function,Entity
e10251,RAD51C mutation,Entity
e10252,RAD51C neutral mutation,Entity
e10253,RAD51C oncogenic mutation,Entity
e10254,RAD51C truncating mutation,Entity
e10255,RAD51D A122Qfs*14,Entity
e10256,RAD51D A49Rfs*6,Entity
e10257,RAD51D G110Rfs*2,Entity
e10258,RAD51D G217_Q219delins*,Entity
e10259,RAD51D H250Tfs*2,Entity
e10260,RAD51D K91Ifs*13,Entity
e10261,RAD51D Q151*,Entity
e10262,RAD51D Q183*,Entity
e10263,RAD51D R186*,Entity
e10264,RAD51D R232*,Entity
e10265,RAD51D R253*,Entity
e10266,RAD51D S111*fs*1,Entity
e10267,RAD51D S207L,Entity
e10268,RAD51D S257_R259delinsK,Entity
e10269,RAD51D V189Wfs*5,Entity
e10270,RAD51D V32Ffs*38,Entity
e10271,RAD51D inconclusive mutation,Entity
e10272,RAD51D loss-of-function,Entity
e10273,RAD51D mutation,Entity
e10274,RAD51D oncogenic mutation,Entity
e10275,RAD51D truncating mutation,Entity
e10276,RAD54B D418Y,Entity
e10277,RAD54B N593S,Entity
e10278,RAD54B mutation,Entity
e10279,RAD54B oncogenic mutation,Entity
e10280,RAD54L G325R,Entity
e10281,RAD54L P63H,Entity
e10282,RAD54L V444E,Entity
e10283,RAD54L loss-of-function,Entity
e10284,RAD54L mutation,Entity
e10285,RAD54L oncogenic mutation,Entity
e10286,RAF1 D447N,Entity
e10287,RAF1 D486N,Entity
e10288,RAF1 E478K,Entity
e10289,RAF1 G356E,Entity
e10290,RAF1 G361A,Entity
e10291,RAF1 I448V,Entity
e10292,RAF1 K106N,Entity
e10293,RAF1 L613V,Entity
e10294,RAF1 M469I,Entity
e10295,RAF1 P261L,Entity
e10296,RAF1 P261P,Entity
e10297,RAF1 P261S,Entity
e10298,RAF1 P261T,Entity
e10299,RAF1 R391W,Entity
e10300,RAF1 R554K,Entity
e10301,RAF1 S257L,Entity
e10302,RAF1 S257P,Entity
e10303,RAF1 S257W,Entity
e10304,RAF1 S259A,Entity
e10305,RAF1 S259C,Entity
e10306,RAF1 S259F,Entity
e10307,RAF1 S259P,Entity
e10308,RAF1 S427G,Entity
e10309,RAF1 S427T,Entity
e10310,RAF1 T491I,Entity
e10311,RAF1 W368S,Entity
e10312,RAF1 amplification,Entity
e10313,RAF1 fusion,Entity
e10314,RAF1 gain-of-function,Entity
e10315,RAF1 inconclusive mutation,Entity
e10316,RAF1 mutation,Entity
e10317,RAF1 neutral mutation,Entity
e10318,RAF1 oncogenic mutation,Entity
e10319,RAF1 overexpression,Entity
e10320,RANBP2 fusion,Entity
e10321,RANBP2 gain-of-function,Entity
e10322,RANBP2 mutation,Entity
e10323,RARA R276W,Entity
e10324,RARA fusion,Entity
e10325,RARA gain-of-function,Entity
e10326,RARA inconclusive mutation,Entity
e10327,RARA mutation,Entity
e10328,RASA1 I401V,Entity
e10329,RASA1 K400E,Entity
e10330,RASA1 L481F,Entity
e10331,RASA1 R398L,Entity
e10332,RASA1 Y472H,Entity
e10333,RASA1 copy number deletion,Entity
e10334,RASA1 loss-of-function,Entity
e10335,RASA1 mutation,Entity
e10336,RASA1 oncogenic mutation,Entity
e10337,RASA1 truncating mutation,Entity
e10338,RB1 A658D,Entity
e10339,RB1 C706F,Entity
e10340,RB1 C712R,Entity
e10341,RB1 D701N,Entity
e10342,RB1 E137*,Entity
e10343,RB1 E170*,Entity
e10344,RB1 E313*,Entity
e10345,RB1 E580*,Entity
e10346,RB1 E737*,Entity
e10347,RB1 E748*,Entity
e10348,RB1 E843*fs*1,Entity
e10349,RB1 G449V,Entity
e10350,RB1 H733Y,Entity
e10351,RB1 K643E,Entity
e10352,RB1 K722*,Entity
e10353,RB1 K745Dfs*7,Entity
e10354,RB1 L199*,Entity
e10355,RB1 L389*,Entity
e10356,RB1 L607I,Entity
e10357,RB1 L642*,Entity
e10358,RB1 M695fs*26,Entity
e10359,RB1 N295Kfs*15,Entity
e10360,RB1 N480del,Entity
e10361,RB1 Q35*,Entity
e10362,RB1 Q383Pfs*12,Entity
e10363,RB1 Q575*,Entity
e10364,RB1 Q637*,Entity
e10365,RB1 R255*,Entity
e10366,RB1 R320*,Entity
e10367,RB1 R358*,Entity
e10368,RB1 R455*,Entity
e10369,RB1 R467*,Entity
e10370,RB1 R552*,Entity
e10371,RB1 R556*,Entity
e10372,RB1 R579*,Entity
e10373,RB1 R621C,Entity
e10374,RB1 R661W,Entity
e10375,RB1 R698W,Entity
e10376,RB1 R787*,Entity
e10377,RB1 S149*,Entity
e10378,RB1 S567L,Entity
e10379,RB1 T77*fs*1,Entity
e10380,RB1 V654L,Entity
e10381,RB1 W563*,Entity
e10382,RB1 Y155Lfs*2,Entity
e10383,RB1 Y749*,Entity
e10384,RB1 copy number deletion,Entity
e10385,RB1 expression,Entity
e10386,RB1 loss-of-function,Entity
e10387,RB1 mutation,Entity
e10388,RB1 neutral mutation,Entity
e10389,RB1 oncogenic mutation,Entity
e10390,RB1 overexpression,Entity
e10391,RB1 truncating mutation,Entity
e10392,RB1 wild type,Entity
e10393,RBBP8 K337E,Entity
e10394,RBBP8 mutation,Entity
e10395,RBBP8 oncogenic mutation,Entity
e10396,RBM10 V419E,Entity
e10397,RBM10 copy number deletion,Entity
e10398,RBM10 loss-of-function,Entity
e10399,RBM10 mutation,Entity
e10400,RBM10 truncating mutation,Entity
e10401,RBM15 fusion,Entity
e10402,RBM15 gain-of-function,Entity
e10403,RBM15 mutation,Entity
e10404,RCSD1 fusion,Entity
e10405,RCSD1 gain-of-function,Entity
e10406,RCSD1 mutation,Entity
e10407,RECQL loss-of-function,Entity
e10408,RECQL mutation,Entity
e10409,RECQL truncating mutation,Entity
e10410,RECQL4 loss-of-function,Entity
e10411,RECQL4 mutation,Entity
e10412,RECQL4 truncating mutation,Entity
e10413,REL amplification,Entity
e10414,REL gain-of-function,Entity
e10415,REL mutation,Entity
e10416,RELA fusion,Entity
e10417,RELA gain-of-function,Entity
e10418,RELA mutation,Entity
e10419,RELN R1742Q,Entity
e10420,RELN R1742W,Entity
e10421,RELN R2290C,Entity
e10422,RELN R2290H,Entity
e10423,RELN copy number deletion,Entity
e10424,RELN loss-of-function,Entity
e10425,RELN mutation,Entity
e10426,RELN oncogenic mutation,Entity
e10427,REST A642T,Entity
e10428,REST E91G,Entity
e10429,REST H322R,Entity
e10430,REST H918Y,Entity
e10431,REST M420T,Entity
e10432,REST N290Y,Entity
e10433,REST R160P,Entity
e10434,REST S593N,Entity
e10435,REST loss-of-function,Entity
e10436,REST mutation,Entity
e10437,REST neutral mutation,Entity
e10438,REST truncating mutation,Entity
e10439,RET A883F,Entity
e10440,RET A883T,Entity
e10441,RET A919P,Entity
e10442,RET A919V,Entity
e10443,RET C609Y,Entity
e10444,RET C611Y,Entity
e10445,RET C618 mutation,Entity
e10446,RET C618R,Entity
e10447,RET C618Y,Entity
e10448,RET C620 mutation,Entity
e10449,RET C620R,Entity
e10450,RET C630R,Entity
e10451,RET C634 mutation,Entity
e10452,RET C634R,Entity
e10453,RET C634S,Entity
e10454,RET C634W,Entity
e10455,RET C634Y,Entity
e10456,RET D631A,Entity
e10457,RET D631G,Entity
e10458,RET D631N,Entity
e10459,RET D631Y,Entity
e10460,RET D631_L633delinsE,Entity
e10461,RET D898_E901del,Entity
e10462,RET E505_G506del,Entity
e10463,RET E511K,Entity
e10464,RET E632_L633del,Entity
e10465,RET E768 mutation,Entity
e10466,RET E768D,Entity
e10467,RET E921K,Entity
e10468,RET F612_C620del,Entity
e10469,RET F893L,Entity
e10470,RET G810C,Entity
e10471,RET G810S,Entity
e10472,RET G885R,Entity
e10473,RET I788N,Entity
e10474,RET I852M,Entity
e10475,RET K603Q,Entity
e10476,RET L633_C634dup,Entity
e10477,RET L790F,Entity
e10478,RET M848T,Entity
e10479,RET M918 mutation,Entity
e10480,RET M918T,Entity
e10481,RET M918V,Entity
e10482,RET M980T,Entity
e10483,RET R833C,Entity
e10484,RET R873Q,Entity
e10485,RET R886W,Entity
e10486,RET R897Q,Entity
e10487,RET S649L,Entity
e10488,RET S765P,Entity
e10489,RET S891 mutation,Entity
e10490,RET S891A,Entity
e10491,RET S904F,Entity
e10492,RET T338I,Entity
e10493,RET V648I,Entity
e10494,RET V804G,Entity
e10495,RET V804L,Entity
e10496,RET V804M,Entity
e10497,RET Y791 mutation,Entity
e10498,RET Y791F,Entity
e10499,RET Y806C,Entity
e10500,RET fusion,Entity
e10501,RET gain-of-function,Entity
e10502,RET inconclusive mutation,Entity
e10503,RET loss-of-function,Entity
e10504,RET mutation,Entity
e10505,RET neutral mutation,Entity
e10506,RET oncogenic mutation,Entity
e10507,RET overexpression,Entity
e10508,REV3L amplification,Entity
e10509,REV3L copy number deletion,Entity
e10510,REV3L gain-of-function,Entity
e10511,REV3L inconclusive mutation,Entity
e10512,REV3L mutation,Entity
e10513,RFX3 fusion,Entity
e10514,RFX3 gain-of-function,Entity
e10515,RFX3 mutation,Entity
e10516,RHEB E40V,Entity
e10517,RHEB G63A,Entity
e10518,RHEB P37L,Entity
e10519,RHEB Y35C,Entity
e10520,RHEB Y35H,Entity
e10521,RHEB Y35N,Entity
e10522,RHEB amplification,Entity
e10523,RHEB gain-of-function,Entity
e10524,RHEB mutation,Entity
e10525,RHEB oncogenic mutation,Entity
e10526,RHOA A161E,Entity
e10527,RHOA A161P,Entity
e10528,RHOA A161V,Entity
e10529,RHOA C16F,Entity
e10530,RHOA C16R,Entity
e10531,RHOA E40K,Entity
e10532,RHOA E40L,Entity
e10533,RHOA E40N,Entity
e10534,RHOA E40Q,Entity
e10535,RHOA E40T,Entity
e10536,RHOA E40W,Entity
e10537,RHOA E47K,Entity
e10538,RHOA G14V,Entity
e10539,RHOA G17A,Entity
e10540,RHOA G17E,Entity
e10541,RHOA G17V,Entity
e10542,RHOA G62E,Entity
e10543,RHOA K118E,Entity
e10544,RHOA L57V,Entity
e10545,RHOA L69P,Entity
e10546,RHOA L69R,Entity
e10547,RHOA R5Q,Entity
e10548,RHOA R5W,Entity
e10549,RHOA T19N,Entity
e10550,RHOA T37A,Entity
e10551,RHOA T37Y,Entity
e10552,RHOA Y34C,Entity
e10553,RHOA Y34F,Entity
e10554,RHOA Y42C,Entity
e10555,RHOA Y42F,Entity
e10556,RHOA Y42S,Entity
e10557,RHOA amplification,Entity
e10558,RHOA gain-of-function,Entity
e10559,RHOA inconclusive mutation,Entity
e10560,RHOA loss-of-function,Entity
e10561,RHOA mutation,Entity
e10562,RHOA neutral mutation,Entity
e10563,RHOA oncogenic mutation,Entity
e10564,RICTOR amplification,Entity
e10565,RICTOR gain-of-function,Entity
e10566,RICTOR mutation,Entity
e10567,RIT1 A57G,Entity
e10568,RIT1 A77P,Entity
e10569,RIT1 A77S,Entity
e10570,RIT1 A77T,Entity
e10571,RIT1 E81G,Entity
e10572,RIT1 F82L,Entity
e10573,RIT1 M90I,Entity
e10574,RIT1 Q40L,Entity
e10575,RIT1 Q79L,Entity
e10576,RIT1 R122L,Entity
e10577,RIT1 T76insTLDT,Entity
e10578,RIT1 T83P,Entity
e10579,RIT1 T83del,Entity
e10580,RIT1 Y89H,Entity
e10581,RIT1 gain-of-function,Entity
e10582,RIT1 mutation,Entity
e10583,RIT1 neutral mutation,Entity
e10584,RIT1 oncogenic mutation,Entity
e10585,RIT1 overexpression,Entity
e10586,RNASEH2A P158S,Entity
e10587,RNASEH2A R280G,Entity
e10588,RNASEH2A V133M,Entity
e10589,RNASEH2A amplification,Entity
e10590,RNASEH2A gain-of-function,Entity
e10591,RNASEH2A loss-of-function,Entity
e10592,RNASEH2A mutation,Entity
e10593,RNASEH2B E202*,Entity
e10594,RNASEH2B copy number deletion,Entity
e10595,RNASEH2B loss-of-function,Entity
e10596,RNASEH2B mutation,Entity
e10597,RNASEH2B truncating mutation,Entity
e10598,RNF43 loss-of-function,Entity
e10599,RNF43 mutation,Entity
e10600,RNF43 oncogenic mutation,Entity
e10601,RNF43 truncating mutation,Entity
e10602,RNF6 A242T,Entity
e10603,RNF6 G244D,Entity
e10604,RNF6 R102K,Entity
e10605,RNF6 mutation,Entity
e10606,RNF6 oncogenic mutation,Entity
e10607,ROBO1 R107H,Entity
e10608,ROBO1 R922H,Entity
e10609,ROBO1 T1260A,Entity
e10610,ROBO1 loss-of-function,Entity
e10611,ROBO1 mutation,Entity
e10612,ROBO1 neutral mutation,Entity
e10613,ROBO4 expression,Entity
e10614,ROBO4 mutation,Entity
e10615,ROS1 C2060G,Entity
e10616,ROS1 D2033N,Entity
e10617,ROS1 E1935G,Entity
e10618,ROS1 F2004C,Entity
e10619,ROS1 F2004V,Entity
e10620,ROS1 G1971E,Entity
e10621,ROS1 G2032R,Entity
e10622,ROS1 G2101A,Entity
e10623,ROS1 L1947R,Entity
e10624,ROS1 L1951R,Entity
e10625,ROS1 L2026M,Entity
e10626,ROS1 L2086F,Entity
e10627,ROS1 L2155S,Entity
e10628,ROS1 S1986F,Entity
e10629,ROS1 S1986Y,Entity
e10630,ROS1 V2098I,Entity
e10631,ROS1 amplification,Entity
e10632,ROS1 fusion,Entity
e10633,ROS1 gain-of-function,Entity
e10634,ROS1 inconclusive mutation,Entity
e10635,ROS1 mutation,Entity
e10636,ROS1 oncogenic mutation,Entity
e10637,RPN1 gain-of-function,Entity
e10638,RPN1 mutation,Entity
e10639,RPN1::MECOM fusion,Entity
e10640,RRAS Q72H,Entity
e10641,RRAS Q87L,Entity
e10642,RRAS gain-of-function,Entity
e10643,RRAS mutation,Entity
e10644,RRAS2 G23V,Entity
e10645,RRAS2 G24D,Entity
e10646,RRAS2 Q72L,Entity
e10647,RRAS2 gain-of-function,Entity
e10648,RRAS2 mutation,Entity
e10649,RRAS2 oncogenic mutation,Entity
e10650,RRM1 mutation,Entity
e10651,RRM1 overexpression,Entity
e10652,RRM1 underexpression,Entity
e10653,RRM2 mutation,Entity
e10654,RRM2 overexpression,Entity
e10655,RSF1 amplification,Entity
e10656,RSF1 gain-of-function,Entity
e10657,RSF1 mutation,Entity
e10658,RTEL1 M492I,Entity
e10659,RTEL1 loss-of-function,Entity
e10660,RTEL1 mutation,Entity
e10661,RTEL1 truncating mutation,Entity
e10662,RUNX1 A107P,Entity
e10663,RUNX1 A149*,Entity
e10664,RUNX1 D198G,Entity
e10665,RUNX1 D198N,Entity
e10666,RUNX1 D198Y,Entity
e10667,RUNX1 G69R,Entity
e10668,RUNX1 H105Q,Entity
e10669,RUNX1 K110E,Entity
e10670,RUNX1 K110N,Entity
e10671,RUNX1 K83E,Entity
e10672,RUNX1 P200S,Entity
e10673,RUNX1 R107C,Entity
e10674,RUNX1 R135fsX177,Entity
e10675,RUNX1 R162G,Entity
e10676,RUNX1 R162K,Entity
e10677,RUNX1 R162S,Entity
e10678,RUNX1 R166G,Entity
e10679,RUNX1 R166Q,Entity
e10680,RUNX1 R201*,Entity
e10681,RUNX1 R201Q,Entity
e10682,RUNX1 R204*,Entity
e10683,RUNX1 R204Q,Entity
e10684,RUNX1 S318fsX300,Entity
e10685,RUNX1 T148HfsX9,Entity
e10686,RUNX1 W279*,Entity
e10687,RUNX1 Y140*,Entity
e10688,RUNX1 Y260*,Entity
e10689,RUNX1 amplification,Entity
e10690,RUNX1 exon 4-8 mutation,Entity
e10691,RUNX1 fusion,Entity
e10692,RUNX1 gain-of-function,Entity
e10693,RUNX1 inconclusive mutation,Entity
e10694,RUNX1 loss-of-function,Entity
e10695,RUNX1 mutation,Entity
e10696,RUNX1 oncogenic mutation,Entity
e10697,RUNX1 switch-of-function,Entity
e10698,RUNX1 truncating mutation,Entity
e10699,RYBP loss-of-function,Entity
e10700,RYBP mutation,Entity
e10701,RYBP truncating mutation,Entity
e10702,SAMHD1 A338T,Entity
e10703,SAMHD1 D497Y,Entity
e10704,SAMHD1 R366H,Entity
e10705,SAMHD1 V133I,Entity
e10706,SAMHD1 loss-of-function,Entity
e10707,SAMHD1 mutation,Entity
e10708,SCP2 fusion,Entity
e10709,SCP2 gain-of-function,Entity
e10710,SCP2 mutation,Entity
e10711,SDC4 fusion,Entity
e10712,SDC4 gain-of-function,Entity
e10713,SDC4 mutation,Entity
e10714,SDHA D223Ifs*3,Entity
e10715,SDHA R31*,Entity
e10716,SDHA loss-of-function,Entity
e10717,SDHA mutation,Entity
e10718,SDHA oncogenic mutation,Entity
e10719,SDHA truncating mutation,Entity
e10720,SDHAF2 G78R,Entity
e10721,SDHAF2 loss-of-function,Entity
e10722,SDHAF2 mutation,Entity
e10723,SDHAF2 oncogenic mutation,Entity
e10724,SDHAF2 truncating mutation,Entity
e10725,SDHB C192R,Entity
e10726,SDHB C192Y,Entity
e10727,SDHB C196Y,Entity
e10728,SDHB G203Ifs*14,Entity
e10729,SDHB I127S,Entity
e10730,SDHB L9*,Entity
e10731,SDHB N104Rfs*15,Entity
e10732,SDHB P56Yfs*5,Entity
e10733,SDHB Q30Rfs*47,Entity
e10734,SDHB R230C,Entity
e10735,SDHB R230H,Entity
e10736,SDHB R242C,Entity
e10737,SDHB R242H,Entity
e10738,SDHB R27*,Entity
e10739,SDHB R46*,Entity
e10740,SDHB R46Q,Entity
e10741,SDHB S100F,Entity
e10742,SDHB S125*,Entity
e10743,SDHB S239Yfs*8,Entity
e10744,SDHB W200C,Entity
e10745,SDHB copy number deletion,Entity
e10746,SDHB inconclusive mutation,Entity
e10747,SDHB loss-of-function,Entity
e10748,SDHB mutation,Entity
e10749,SDHB neutral mutation,Entity
e10750,SDHB oncogenic mutation,Entity
e10751,SDHB truncating mutation,Entity
e10752,SDHC G75D,Entity
e10753,SDHC R133*,Entity
e10754,SDHC R15*,Entity
e10755,SDHC inconclusive mutation,Entity
e10756,SDHC loss-of-function,Entity
e10757,SDHC mutation,Entity
e10758,SDHC oncogenic mutation,Entity
e10759,SDHC truncating mutation,Entity
e10760,SDHD H50R,Entity
e10761,SDHD P81L,Entity
e10762,SDHD S52*,Entity
e10763,SDHD T100Ffs*34,Entity
e10764,SDHD copy number deletion,Entity
e10765,SDHD loss-of-function,Entity
e10766,SDHD mutation,Entity
e10767,SDHD oncogenic mutation,Entity
e10768,SDHD truncating mutation,Entity
e10769,SERPINB3 mutation,Entity
e10770,SERPINB3 oncogenic mutation,Entity
e10771,SESN1 loss-of-function,Entity
e10772,SESN1 mutation,Entity
e10773,SESN1 truncating mutation,Entity
e10774,SESN2 loss-of-function,Entity
e10775,SESN2 mutation,Entity
e10776,SESN2 truncating mutation,Entity
e10777,SESN3 loss-of-function,Entity
e10778,SESN3 mutation,Entity
e10779,SESN3 truncating mutation,Entity
e10780,SET fusion,Entity
e10781,SET gain-of-function,Entity
e10782,SET mutation,Entity
e10783,SETBP1 D868N,Entity
e10784,SETBP1 D868X,Entity
e10785,SETBP1 D868Y,Entity
e10786,SETBP1 E858K,Entity
e10787,SETBP1 E858X,Entity
e10788,SETBP1 G870S,Entity
e10789,SETBP1 G870X,Entity
e10790,SETBP1 I865X,Entity
e10791,SETBP1 I871S,Entity
e10792,SETBP1 I871T,Entity
e10793,SETBP1 S869R,Entity
e10794,SETBP1 S869X,Entity
e10795,SETBP1 T864X,Entity
e10796,SETBP1 exon 4 mutation,Entity
e10797,SETBP1 gain-of-function,Entity
e10798,SETBP1 inconclusive mutation,Entity
e10799,SETBP1 mutation,Entity
e10800,SETBP1 oncogenic mutation,Entity
e10801,SETD2 R1625C,Entity
e10802,SETD2 copy number deletion,Entity
e10803,SETD2 loss-of-function,Entity
e10804,SETD2 mutation,Entity
e10805,SETD2 oncogenic mutation,Entity
e10806,SETD2 truncating mutation,Entity
e10807,SETD3 M1_E242del,Entity
e10808,SETD3 amplification,Entity
e10809,SETD3 gain-of-function,Entity
e10810,SETD3 mutation,Entity
e10811,SF3B1 D781E,Entity
e10812,SF3B1 D781X,Entity
e10813,SF3B1 E622D,Entity
e10814,SF3B1 E622Q,Entity
e10815,SF3B1 E622X,Entity
e10816,SF3B1 G740E,Entity
e10817,SF3B1 G740X,Entity
e10818,SF3B1 G742D,Entity
e10819,SF3B1 G742X,Entity
e10820,SF3B1 H662D,Entity
e10821,SF3B1 H662Q,Entity
e10822,SF3B1 H662R,Entity
e10823,SF3B1 H662X,Entity
e10824,SF3B1 I665F,Entity
e10825,SF3B1 I704X,Entity
e10826,SF3B1 I774X,Entity
e10827,SF3B1 K666E,Entity
e10828,SF3B1 K666M,Entity
e10829,SF3B1 K666N,Entity
e10830,SF3B1 K666R,Entity
e10831,SF3B1 K666T,Entity
e10832,SF3B1 K666X,Entity
e10833,SF3B1 K700*,Entity
e10834,SF3B1 K700E,Entity
e10835,SF3B1 K700I,Entity
e10836,SF3B1 K700N,Entity
e10837,SF3B1 K700Q,Entity
e10838,SF3B1 K700R,Entity
e10839,SF3B1 K700T,Entity
e10840,SF3B1 K700X,Entity
e10841,SF3B1 K741E,Entity
e10842,SF3B1 K741N,Entity
e10843,SF3B1 K741Q,Entity
e10844,SF3B1 K741X,Entity
e10845,SF3B1 N626X,Entity
e10846,SF3B1 N626Y,Entity
e10847,SF3B1 R625C,Entity
e10848,SF3B1 R625D,Entity
e10849,SF3B1 R625G,Entity
e10850,SF3B1 R625H,Entity
e10851,SF3B1 R625L,Entity
e10852,SF3B1 R625P,Entity
e10853,SF3B1 R625X,Entity
e10854,SF3B1 R957Q,Entity
e10855,SF3B1 T663X,Entity
e10856,SF3B1 V701X,Entity
e10857,SF3B1 Y623C,Entity
e10858,SF3B1 Y623X,Entity
e10859,SF3B1 exon 14-16 mutation,Entity
e10860,SF3B1 inconclusive mutation,Entity
e10861,SF3B1 mutation,Entity
e10862,SF3B1 neutral mutation,Entity
e10863,SF3B1 oncogenic mutation,Entity
e10864,SF3B1 switch-of-function,Entity
e10865,SFPQ fusion,Entity
e10866,SFPQ gain-of-function,Entity
e10867,SFPQ mutation,Entity
e10868,SFRP1 C140Y,Entity
e10869,SFRP1 loss-of-function,Entity
e10870,SFRP1 mutation,Entity
e10871,SGK1 mutation,Entity
e10872,SGK1 overexpression,Entity
e10873,SH2B3 D231fs,Entity
e10874,SH2B3 E208Q,Entity
e10875,SH2B3 G220V,Entity
e10876,SH2B3 copy number deletion,Entity
e10877,SH2B3 fusion,Entity
e10878,SH2B3 gain-of-function,Entity
e10879,SH2B3 loss-of-function,Entity
e10880,SH2B3 mutation,Entity
e10881,SH2B3 oncogenic mutation,Entity
e10882,SH2B3 truncating mutation,Entity
e10883,SH2D1A C42W,Entity
e10884,SH2D1A P101L,Entity
e10885,SH2D1A Q99P,Entity
e10886,SH2D1A R32Q,Entity
e10887,SH2D1A S28R,Entity
e10888,SH2D1A T53I,Entity
e10889,SH2D1A T68I,Entity
e10890,SH2D1A V102G,Entity
e10891,SH2D1A Y7C,Entity
e10892,SH2D1A loss-of-function,Entity
e10893,SH2D1A mutation,Entity
e10894,SH2D1A truncating mutation,Entity
e10895,SHOC2 M173I,Entity
e10896,SHOC2 S2G,Entity
e10897,SHOC2 loss-of-function,Entity
e10898,SHOC2 mutation,Entity
e10899,SHOC2 oncogenic mutation,Entity
e10900,SHQ1 copy number deletion,Entity
e10901,SHQ1 loss-of-function,Entity
e10902,SHQ1 mutation,Entity
e10903,SHQ1 truncating mutation,Entity
e10904,SIRT1 mutation,Entity
e10905,SIRT1 overexpression,Entity
e10906,SLC29A1 mutation,Entity
e10907,SLC29A1 oncogenic mutation,Entity
e10908,SLC29A1 overexpression,Entity
e10909,SLC3A2 fusion,Entity
e10910,SLC3A2 gain-of-function,Entity
e10911,SLC3A2 mutation,Entity
e10912,SLC44A4 mutation,Entity
e10913,SLC44A4 overexpression,Entity
e10914,SLC4A4 fusion,Entity
e10915,SLC4A4 gain-of-function,Entity
e10916,SLC4A4 mutation,Entity
e10917,SLCO1B1 N130D,Entity
e10918,SLCO1B1 mutation,Entity
e10919,SLFN11 E669Q,Entity
e10920,SLFN11 expression,Entity
e10921,SLFN11 loss-of-function,Entity
e10922,SLFN11 mutation,Entity
e10923,SLX4 loss-of-function,Entity
e10924,SLX4 mutation,Entity
e10925,SLX4 truncating mutation,Entity
e10926,SMAD2 D300H,Entity
e10927,SMAD2 D300N,Entity
e10928,SMAD2 D450E,Entity
e10929,SMAD2 D450H,Entity
e10930,SMAD2 F346V,Entity
e10931,SMAD2 K375A,Entity
e10932,SMAD2 K420A,Entity
e10933,SMAD2 N387P,Entity
e10934,SMAD2 P305L,Entity
e10935,SMAD2 R310H,Entity
e10936,SMAD2 R321Q,Entity
e10937,SMAD2 R428A,Entity
e10938,SMAD2 S276L,Entity
e10939,SMAD2 S465A,Entity
e10940,SMAD2 S467A,Entity
e10941,SMAD2 S467P,Entity
e10942,SMAD2 T413N,Entity
e10943,SMAD2 V319D,Entity
e10944,SMAD2 W368H,Entity
e10945,SMAD2 Y406H,Entity
e10946,SMAD2 Y426A,Entity
e10947,SMAD2 copy number deletion,Entity
e10948,SMAD2 inconclusive mutation,Entity
e10949,SMAD2 loss-of-function,Entity
e10950,SMAD2 mutation,Entity
e10951,SMAD2 neutral mutation,Entity
e10952,SMAD2 oncogenic mutation,Entity
e10953,SMAD2 truncating mutation,Entity
e10954,SMAD3 D258N,Entity
e10955,SMAD3 D408E,Entity
e10956,SMAD3 D408H,Entity
e10957,SMAD3 D408Y,Entity
e10958,SMAD3 E239A,Entity
e10959,SMAD3 K341A,Entity
e10960,SMAD3 P336S,Entity
e10961,SMAD3 R243A,Entity
e10962,SMAD3 R268A,Entity
e10963,SMAD3 R268C,Entity
e10964,SMAD3 R287A,Entity
e10965,SMAD3 R292A,Entity
e10966,SMAD3 R373H,Entity
e10967,SMAD3 R373Q,Entity
e10968,SMAD3 S425C,Entity
e10969,SMAD3 V277D,Entity
e10970,SMAD3 V356R,Entity
e10971,SMAD3 W406A,Entity
e10972,SMAD3 Y226A,Entity
e10973,SMAD3 Y237A,Entity
e10974,SMAD3 Y238A,Entity
e10975,SMAD3 Y297A,Entity
e10976,SMAD3 Y298A,Entity
e10977,SMAD3 Y384A,Entity
e10978,SMAD3 copy number deletion,Entity
e10979,SMAD3 loss-of-function,Entity
e10980,SMAD3 mutation,Entity
e10981,SMAD3 neutral mutation,Entity
e10982,SMAD3 oncogenic mutation,Entity
e10983,SMAD3 truncating mutation,Entity
e10984,SMAD4 A421Vfs*16,Entity
e10985,SMAD4 A452Lfs*51,Entity
e10986,SMAD4 A532H,Entity
e10987,SMAD4 C324Y,Entity
e10988,SMAD4 D351H,Entity
e10989,SMAD4 D351N,Entity
e10990,SMAD4 D355E,Entity
e10991,SMAD4 D415Efs*20,Entity
e10992,SMAD4 D415Rfs*14,Entity
e10993,SMAD4 D493A,Entity
e10994,SMAD4 D493G,Entity
e10995,SMAD4 D493H,Entity
e10996,SMAD4 D493N,Entity
e10997,SMAD4 D52Rfs*2,Entity
e10998,SMAD4 D537A,Entity
e10999,SMAD4 D537E,Entity
e11000,SMAD4 D537G,Entity
e11001,SMAD4 D537H,Entity
e11002,SMAD4 D537V,Entity
e11003,SMAD4 D537Y,Entity
e11004,SMAD4 E33*,Entity
e11005,SMAD4 E330A,Entity
e11006,SMAD4 E330G,Entity
e11007,SMAD4 E330K,Entity
e11008,SMAD4 E526Q,Entity
e11009,SMAD4 F408fs,Entity
e11010,SMAD4 G352E,Entity
e11011,SMAD4 G358*,Entity
e11012,SMAD4 G386D,Entity
e11013,SMAD4 G419V,Entity
e11014,SMAD4 G491fs,Entity
e11015,SMAD4 G508S,Entity
e11016,SMAD4 G510R,Entity
e11017,SMAD4 G86V,Entity
e11018,SMAD4 H132Y,Entity
e11019,SMAD4 I500V,Entity
e11020,SMAD4 K428A,Entity
e11021,SMAD4 K507A,Entity
e11022,SMAD4 K507Q,Entity
e11023,SMAD4 L109fs,Entity
e11024,SMAD4 L381*,Entity
e11025,SMAD4 L43V,Entity
e11026,SMAD4 P102L,Entity
e11027,SMAD4 P130S,Entity
e11028,SMAD4 Q446Hfs*47,Entity
e11029,SMAD4 Q449*,Entity
e11030,SMAD4 R100T,Entity
e11031,SMAD4 R361C,Entity
e11032,SMAD4 R361G,Entity
e11033,SMAD4 R361H,Entity
e11034,SMAD4 R361S,Entity
e11035,SMAD4 R378A,Entity
e11036,SMAD4 R420H,Entity
e11037,SMAD4 R441P,Entity
e11038,SMAD4 R445*,Entity
e11039,SMAD4 R496C,Entity
e11040,SMAD4 R496H,Entity
e11041,SMAD4 R497H,Entity
e11042,SMAD4 R515*,Entity
e11043,SMAD4 R515A,Entity
e11044,SMAD4 R515G,Entity
e11045,SMAD4 R515I,Entity
e11046,SMAD4 S411Lfs*17,Entity
e11047,SMAD4 V370D,Entity
e11048,SMAD4 V465M,Entity
e11049,SMAD4 W302*,Entity
e11050,SMAD4 W302Cfs*37,Entity
e11051,SMAD4 W398V,Entity
e11052,SMAD4 W509R,Entity
e11053,SMAD4 Y353L,Entity
e11054,SMAD4 Y353S,Entity
e11055,SMAD4 Y412*,Entity
e11056,SMAD4 Y413*,Entity
e11057,SMAD4 Y413_R416del,Entity
e11058,SMAD4 Y513A,Entity
e11059,SMAD4 copy number deletion,Entity
e11060,SMAD4 expression,Entity
e11061,SMAD4 inconclusive mutation,Entity
e11062,SMAD4 loss-of-function,Entity
e11063,SMAD4 mutation,Entity
e11064,SMAD4 neutral mutation,Entity
e11065,SMAD4 oncogenic mutation,Entity
e11066,SMAD4 truncating mutation,Entity
e11067,SMAD4 underexpression,Entity
e11068,SMARCA1 mutation,Entity
e11069,SMARCA1 oncogenic mutation,Entity
e11070,SMARCA2 K755R,Entity
e11071,SMARCA2 R1159Q,Entity
e11072,SMARCA2 loss-of-function,Entity
e11073,SMARCA2 mutation,Entity
e11074,SMARCA2 truncating mutation,Entity
e11075,SMARCA4 A1186T,Entity
e11076,SMARCA4 E1083G,Entity
e11077,SMARCA4 E821K,Entity
e11078,SMARCA4 E882K,Entity
e11079,SMARCA4 F975Sfs*44,Entity
e11080,SMARCA4 G1162C,Entity
e11081,SMARCA4 G1232D,Entity
e11082,SMARCA4 G1232S,Entity
e11083,SMARCA4 K785R,Entity
e11084,SMARCA4 L1161Afs*15,Entity
e11085,SMARCA4 R1093*,Entity
e11086,SMARCA4 R1135W,Entity
e11087,SMARCA4 R1189*,Entity
e11088,SMARCA4 R1189Q,Entity
e11089,SMARCA4 R1192C,Entity
e11090,SMARCA4 R1243W,Entity
e11091,SMARCA4 R978*,Entity
e11092,SMARCA4 T910M,Entity
e11093,SMARCA4 V1588Afs*40,Entity
e11094,SMARCA4 absent,Entity
e11095,SMARCA4 copy number deletion,Entity
e11096,SMARCA4 inactivating mutation,Entity
e11097,SMARCA4 loss-of-function,Entity
e11098,SMARCA4 mutation,Entity
e11099,SMARCA4 neutral mutation,Entity
e11100,SMARCA4 oncogenic mutation,Entity
e11101,SMARCA4 truncating mutation,Entity
e11102,SMARCA4 underexpression,Entity
e11103,SMARCB1 K363N,Entity
e11104,SMARCB1 K364del,Entity
e11105,SMARCB1 R366C,Entity
e11106,SMARCB1 R377C,Entity
e11107,SMARCB1 R377H,Entity
e11108,SMARCB1 absent,Entity
e11109,SMARCB1 copy number deletion,Entity
e11110,SMARCB1 loss-of-function,Entity
e11111,SMARCB1 mutation,Entity
e11112,SMARCB1 oncogenic mutation,Entity
e11113,SMARCB1 truncating mutation,Entity
e11114,SMARCB1 underexpression,Entity
e11115,SMO A459V,Entity
e11116,SMO C469Y,Entity
e11117,SMO D384N,Entity
e11118,SMO D473G,Entity
e11119,SMO D473H,Entity
e11120,SMO D473N,Entity
e11121,SMO D473Y,Entity
e11122,SMO E518A,Entity
e11123,SMO E518K,Entity
e11124,SMO F460L,Entity
e11125,SMO G497W,Entity
e11126,SMO H231R,Entity
e11127,SMO I408V,Entity
e11128,SMO K575M,Entity
e11129,SMO L221R,Entity
e11130,SMO L412F,Entity
e11131,SMO N219D,Entity
e11132,SMO N476S,Entity
e11133,SMO P641A,Entity
e11134,SMO Q477E,Entity
e11135,SMO Q635E,Entity
e11136,SMO S387N,Entity
e11137,SMO S533N,Entity
e11138,SMO T241M,Entity
e11139,SMO V321M,Entity
e11140,SMO V414A,Entity
e11141,SMO W281C,Entity
e11142,SMO W535L,Entity
e11143,SMO amplification,Entity
e11144,SMO gain-of-function,Entity
e11145,SMO inconclusive mutation,Entity
e11146,SMO mutation,Entity
e11147,SMO neutral mutation,Entity
e11148,SMO oncogenic mutation,Entity
e11149,SMU1 fusion,Entity
e11150,SMU1 gain-of-function,Entity
e11151,SMU1 mutation,Entity
e11152,SNX2 fusion,Entity
e11153,SNX2 gain-of-function,Entity
e11154,SNX2 mutation,Entity
e11155,SNX29 fusion,Entity
e11156,SNX29 gain-of-function,Entity
e11157,SNX29 mutation,Entity
e11158,SOCS1 P198S,Entity
e11159,SOCS1 loss-of-function,Entity
e11160,SOCS1 mutation,Entity
e11161,SOCS1 oncogenic mutation,Entity
e11162,SOCS1 truncating mutation,Entity
e11163,SOS1 D265N,Entity
e11164,SOS1 D309Y,Entity
e11165,SOS1 E846K,Entity
e11166,SOS1 G434R,Entity
e11167,SOS1 G604V,Entity
e11168,SOS1 I327T,Entity
e11169,SOS1 I733V,Entity
e11170,SOS1 L938F,Entity
e11171,SOS1 M269R,Entity
e11172,SOS1 N233Y,Entity
e11173,SOS1 N535S,Entity
e11174,SOS1 P478L,Entity
e11175,SOS1 R1051G,Entity
e11176,SOS1 R552G,Entity
e11177,SOS1 R552S,Entity
e11178,SOS1 gain-of-function,Entity
e11179,SOS1 mutation,Entity
e11180,SOS1 neutral mutation,Entity
e11181,SOS1 oncogenic mutation,Entity
e11182,SOX17 A96G,Entity
e11183,SOX17 S403I,Entity
e11184,SOX17 copy number deletion,Entity
e11185,SOX17 loss-of-function,Entity
e11186,SOX17 mutation,Entity
e11187,SOX17 neutral mutation,Entity
e11188,SOX17 truncating mutation,Entity
e11189,SOX9 K398A,Entity
e11190,SOX9 L142P,Entity
e11191,SOX9 P70R,Entity
e11192,SOX9 copy number deletion,Entity
e11193,SOX9 gain-of-function,Entity
e11194,SOX9 loss-of-function,Entity
e11195,SOX9 mutation,Entity
e11196,SOX9 oncogenic mutation,Entity
e11197,SOX9 truncating mutation,Entity
e11198,SPEN loss-of-function,Entity
e11199,SPEN mutation,Entity
e11200,SPEN truncating mutation,Entity
e11201,SPHK1 mutation,Entity
e11202,SPHK1 overexpression,Entity
e11203,SPOP D130A,Entity
e11204,SPOP D140G,Entity
e11205,SPOP E47K,Entity
e11206,SPOP E50K,Entity
e11207,SPOP F102C,Entity
e11208,SPOP F102I,Entity
e11209,SPOP F102V,Entity
e11210,SPOP F125V,Entity
e11211,SPOP F133C,Entity
e11212,SPOP F133L,Entity
e11213,SPOP F133V,Entity
e11214,SPOP G75R,Entity
e11215,SPOP K129E,Entity
e11216,SPOP K134N,Entity
e11217,SPOP M117I,Entity
e11218,SPOP M117V,Entity
e11219,SPOP N296I,Entity
e11220,SPOP P94A,Entity
e11221,SPOP R121Q,Entity
e11222,SPOP S119N,Entity
e11223,SPOP S80R,Entity
e11224,SPOP W131A,Entity
e11225,SPOP W131C,Entity
e11226,SPOP W131G,Entity
e11227,SPOP W131R,Entity
e11228,SPOP Y87C,Entity
e11229,SPOP Y87N,Entity
e11230,SPOP loss-of-function,Entity
e11231,SPOP mutation,Entity
e11232,SPOP neutral mutation,Entity
e11233,SPOP oncogenic mutation,Entity
e11234,SPOP truncating mutation,Entity
e11235,SPRED1 loss-of-function,Entity
e11236,SPRED1 mutation,Entity
e11237,SPRED1 truncating mutation,Entity
e11238,SPRTN E112A,Entity
e11239,SPRTN Y117C,Entity
e11240,SPRTN loss-of-function,Entity
e11241,SPRTN mutation,Entity
e11242,SPRTN truncating mutation,Entity
e11243,SQSTM1 fusion,Entity
e11244,SQSTM1 gain-of-function,Entity
e11245,SQSTM1 mutation,Entity
e11246,SRC Q531*,Entity
e11247,SRC amplification,Entity
e11248,SRC gain-of-function,Entity
e11249,SRC mutation,Entity
e11250,SRC oncogenic mutation,Entity
e11251,SRSF2 H99L,Entity
e11252,SRSF2 P107H,Entity
e11253,SRSF2 P95H,Entity
e11254,SRSF2 P95L,Entity
e11255,SRSF2 P95R,Entity
e11256,SRSF2 P95X,Entity
e11257,SRSF2 P95_R102del,Entity
e11258,SRSF2 P95del,Entity
e11259,SRSF2 R102del,Entity
e11260,SRSF2 R86_G93dup,Entity
e11261,SRSF2 R94_P95insR,Entity
e11262,SRSF2 S54A,Entity
e11263,SRSF2 S54F,Entity
e11264,SRSF2 exon 1 mutation,Entity
e11265,SRSF2 loss-of-function,Entity
e11266,SRSF2 mutation,Entity
e11267,SRSF2 neutral mutation,Entity
e11268,SRSF2 oncogenic mutation,Entity
e11269,SS18 fusion,Entity
e11270,SS18 gain-of-function,Entity
e11271,SS18 mutation,Entity
e11272,SSBP2 fusion,Entity
e11273,SSBP2 gain-of-function,Entity
e11274,SSBP2 mutation,Entity
e11275,SSTR5 expression,Entity
e11276,SSTR5 mutation,Entity
e11277,STAG2 loss-of-function,Entity
e11278,STAG2 mutation,Entity
e11279,STAG2 oncogenic mutation,Entity
e11280,STAG2 truncating mutation,Entity
e11281,STAG2 underexpression,Entity
e11282,STAG3 mutation,Entity
e11283,STAG3 underexpression,Entity
e11284,STAT1 E157K,Entity
e11285,STAT1 G250E,Entity
e11286,STAT1 G384D,Entity
e11287,STAT1 K278E,Entity
e11288,STAT1 K673R,Entity
e11289,STAT1 Q463H,Entity
e11290,STAT1 R274Q,Entity
e11291,STAT1 T385M,Entity
e11292,STAT1 T437I,Entity
e11293,STAT1 T437N,Entity
e11294,STAT1 Y701C,Entity
e11295,STAT1 gain-of-function,Entity
e11296,STAT1 loss-of-function,Entity
e11297,STAT1 mutation,Entity
e11298,STAT2 R510*,Entity
e11299,STAT2 loss-of-function,Entity
e11300,STAT2 mutation,Entity
e11301,STAT3 C426R,Entity
e11302,STAT3 D427H,Entity
e11303,STAT3 D661V,Entity
e11304,STAT3 D661Y,Entity
e11305,STAT3 E616G,Entity
e11306,STAT3 E616K,Entity
e11307,STAT3 E616del,Entity
e11308,STAT3 F384L,Entity
e11309,STAT3 F384V,Entity
e11310,STAT3 F384Y,Entity
e11311,STAT3 G618R,Entity
e11312,STAT3 H410R,Entity
e11313,STAT3 K658N,Entity
e11314,STAT3 N647I,Entity
e11315,STAT3 S614R,Entity
e11316,STAT3 Y640F,Entity
e11317,STAT3 exon 20-21 mutation,Entity
e11318,STAT3 gain-of-function,Entity
e11319,STAT3 mutation,Entity
e11320,STAT3 oncogenic mutation,Entity
e11321,STAT5B N642H,Entity
e11322,STAT5B Q706L,Entity
e11323,STAT5B T628S,Entity
e11324,STAT5B gain-of-function,Entity
e11325,STAT5B mutation,Entity
e11326,STAT5B neutral mutation,Entity
e11327,STAT5B oncogenic mutation,Entity
e11328,STK11 A205T,Entity
e11329,STK11 A241P,Entity
e11330,STK11 A397S,Entity
e11331,STK11 A417S,Entity
e11332,STK11 C132*,Entity
e11333,STK11 C134Wfs*28,Entity
e11334,STK11 C73Sfs*19,Entity
e11335,STK11 D176N,Entity
e11336,STK11 D194E,Entity
e11337,STK11 D194N,Entity
e11338,STK11 D194V,Entity
e11339,STK11 D194Y,Entity
e11340,STK11 D330Gfs*30,Entity
e11341,STK11 E199*,Entity
e11342,STK11 E199K,Entity
e11343,STK11 E223V,Entity
e11344,STK11 E293*,Entity
e11345,STK11 E57Gfs*106,Entity
e11346,STK11 F148S,Entity
e11347,STK11 F354L,Entity
e11348,STK11 G135R,Entity
e11349,STK11 G155R,Entity
e11350,STK11 G156_S169del,Entity
e11351,STK11 G163D,Entity
e11352,STK11 G163R,Entity
e11353,STK11 G196V,Entity
e11354,STK11 G242V,Entity
e11355,STK11 G251C,Entity
e11356,STK11 G56W,Entity
e11357,STK11 H174R,Entity
e11358,STK11 H202R,Entity
e11359,STK11 I177N,Entity
e11360,STK11 I192Sfs*95,Entity
e11361,STK11 I300Tfs*36,Entity
e11362,STK11 K311N,Entity
e11363,STK11 K78A,Entity
e11364,STK11 K78I,Entity
e11365,STK11 K84*,Entity
e11366,STK11 K84del,Entity
e11367,STK11 L182P,Entity
e11368,STK11 L282Pfs*3,Entity
e11369,STK11 L45_Y49delinsH,Entity
e11370,STK11 L67P,Entity
e11371,STK11 M136R,Entity
e11372,STK11 N181K,Entity
e11373,STK11 P179R,Entity
e11374,STK11 P221R,Entity
e11375,STK11 P275L,Entity
e11376,STK11 P280A,Entity
e11377,STK11 P281L,Entity
e11378,STK11 P281Rfs*6,Entity
e11379,STK11 Q112E,Entity
e11380,STK11 Q137*,Entity
e11381,STK11 Q170*,Entity
e11382,STK11 Q37*,Entity
e11383,STK11 R104G,Entity
e11384,STK11 R211Q,Entity
e11385,STK11 R297G,Entity
e11386,STK11 R297M,Entity
e11387,STK11 R297S,Entity
e11388,STK11 R304W,Entity
e11389,STK11 R409W,Entity
e11390,STK11 S193Y,Entity
e11391,STK11 S216F,Entity
e11392,STK11 S240*,Entity
e11393,STK11 S31F,Entity
e11394,STK11 S69*,Entity
e11395,STK11 W239C,Entity
e11396,STK11 W239S,Entity
e11397,STK11 W308C,Entity
e11398,STK11 W308R,Entity
e11399,STK11 W332*,Entity
e11400,STK11 Y36*,Entity
e11401,STK11 Y49D,Entity
e11402,STK11 Y60*,Entity
e11403,STK11 copy number deletion,Entity
e11404,STK11 exon 1-2 mutation,Entity
e11405,STK11 inconclusive mutation,Entity
e11406,STK11 loss-of-function,Entity
e11407,STK11 mutation,Entity
e11408,STK11 neutral mutation,Entity
e11409,STK11 oncogenic mutation,Entity
e11410,STK11 truncating mutation,Entity
e11411,STK11 underexpression,Entity
e11412,STMN1 expression,Entity
e11413,STMN1 mutation,Entity
e11414,STRN fusion,Entity
e11415,STRN gain-of-function,Entity
e11416,STRN mutation,Entity
e11417,STRN3 fusion,Entity
e11418,STRN3 gain-of-function,Entity
e11419,STRN3 mutation,Entity
e11420,SUFU G334D,Entity
e11421,SUFU G64V,Entity
e11422,SUFU I57N,Entity
e11423,SUFU N328K,Entity
e11424,SUFU R339W,Entity
e11425,SUFU S351G,Entity
e11426,SUFU loss-of-function,Entity
e11427,SUFU mutation,Entity
e11428,SUFU neutral mutation,Entity
e11429,SUFU truncating mutation,Entity
e11430,SUZ12 D605V,Entity
e11431,SUZ12 E610G,Entity
e11432,SUZ12 E610V,Entity
e11433,SUZ12 F603L,Entity
e11434,SUZ12 copy number deletion,Entity
e11435,SUZ12 loss-of-function,Entity
e11436,SUZ12 mutation,Entity
e11437,SUZ12 oncogenic mutation,Entity
e11438,SUZ12 truncating mutation,Entity
e11439,SYK amplification,Entity
e11440,SYK gain-of-function,Entity
e11441,SYK mutation,Entity
e11442,SYK overexpression,Entity
e11443,TAL1 fusion,Entity
e11444,TAL1 gain-of-function,Entity
e11445,TAL1 mutation,Entity
e11446,TBK1 mutation,Entity
e11447,TBK1 overexpression,Entity
e11448,TBL1XR1 F10L,Entity
e11449,TBL1XR1 fusion,Entity
e11450,TBL1XR1 gain-of-function,Entity
e11451,TBL1XR1 mutation,Entity
e11452,TBX3 loss-of-function,Entity
e11453,TBX3 mutation,Entity
e11454,TBX3 truncating mutation,Entity
e11455,TCF3 D561E,Entity
e11456,TCF3 N551K,Entity
e11457,TCF3 V557E,Entity
e11458,TCF3 fusion,Entity
e11459,TCF3 gain-of-function,Entity
e11460,TCF3 loss-of-function,Entity
e11461,TCF3 mutation,Entity
e11462,TCF3 oncogenic mutation,Entity
e11463,TCF3 truncating mutation,Entity
e11464,TCF7L2 loss-of-function,Entity
e11465,TCF7L2 mutation,Entity
e11466,TCF7L2 truncating mutation,Entity
e11467,TCL1A amplification,Entity
e11468,TCL1A fusion,Entity
e11469,TCL1A gain-of-function,Entity
e11470,TCL1A mutation,Entity
e11471,TCL1B fusion,Entity
e11472,TCL1B gain-of-function,Entity
e11473,TCL1B mutation,Entity
e11474,TERF2 fusion,Entity
e11475,TERF2 gain-of-function,Entity
e11476,TERF2 mutation,Entity
e11477,TERT C228T,Entity
e11478,TERT H412Y,Entity
e11479,TERT H876Q,Entity
e11480,TERT L392Vfs*146,Entity
e11481,TERT P308Hfs*43,Entity
e11482,TERT P704S,Entity
e11483,TERT R1084*,Entity
e11484,TERT Y846C,Entity
e11485,TERT amplification,Entity
e11486,TERT gain-of-function,Entity
e11487,TERT inconclusive mutation,Entity
e11488,TERT loss-of-function,Entity
e11489,TERT mutation,Entity
e11490,TERT oncogenic mutation,Entity
e11491,TET1 copy number deletion,Entity
e11492,TET1 fusion,Entity
e11493,TET1 gain-of-function,Entity
e11494,TET1 loss-of-function,Entity
e11495,TET1 mutation,Entity
e11496,TET1 truncating mutation,Entity
e11497,TET2 C1193W,Entity
e11498,TET2 D1384V,Entity
e11499,TET2 H1382Y,Entity
e11500,TET2 H1881Q,Entity
e11501,TET2 H1904R,Entity
e11502,TET2 I1873T,Entity
e11503,TET2 K1299E,Entity
e11504,TET2 M1293A,Entity
e11505,TET2 N1387A,Entity
e11506,TET2 R1214W,Entity
e11507,TET2 R1261G,Entity
e11508,TET2 R1262A,Entity
e11509,TET2 R1896M,Entity
e11510,TET2 R1896S,Entity
e11511,TET2 S1290A,Entity
e11512,TET2 S1303N,Entity
e11513,TET2 S1898F,Entity
e11514,TET2 W1291R,Entity
e11515,TET2 Y1294A,Entity
e11516,TET2 Y1295A,Entity
e11517,TET2 Y1902A,Entity
e11518,TET2 copy number deletion,Entity
e11519,TET2 inconclusive mutation,Entity
e11520,TET2 loss-of-function,Entity
e11521,TET2 mutation,Entity
e11522,TET2 neutral mutation,Entity
e11523,TET2 oncogenic mutation,Entity
e11524,TET2 truncating mutation,Entity
e11525,TFE3 fusion,Entity
e11526,TFE3 gain-of-function,Entity
e11527,TFE3 mutation,Entity
e11528,TFEB fusion,Entity
e11529,TFEB gain-of-function,Entity
e11530,TFEB mutation,Entity
e11531,TFF3 expression,Entity
e11532,TFF3 mutation,Entity
e11533,TFG fusion,Entity
e11534,TFG gain-of-function,Entity
e11535,TFG mutation,Entity
e11536,TGFA expression,Entity
e11537,TGFA mutation,Entity
e11538,TGFBR1 C41Y,Entity
e11539,TGFBR1 G52R,Entity
e11540,TGFBR1 N45S,Entity
e11541,TGFBR1 P83L,Entity
e11542,TGFBR1 R487Q,Entity
e11543,TGFBR1 S241L,Entity
e11544,TGFBR1 S387Y,Entity
e11545,TGFBR1 copy number deletion,Entity
e11546,TGFBR1 loss-of-function,Entity
e11547,TGFBR1 mutation,Entity
e11548,TGFBR1 oncogenic mutation,Entity
e11549,TGFBR1 truncating mutation,Entity
e11550,TGFBR2 A560Wfs*30,Entity
e11551,TGFBR2 D379G,Entity
e11552,TGFBR2 D404G,Entity
e11553,TGFBR2 E526Q,Entity
e11554,TGFBR2 E551Q,Entity
e11555,TGFBR2 P525L,Entity
e11556,TGFBR2 R537P,Entity
e11557,TGFBR2 R553H,Entity
e11558,TGFBR2 V419L,Entity
e11559,TGFBR2 copy number deletion,Entity
e11560,TGFBR2 gain-of-function,Entity
e11561,TGFBR2 loss-of-function,Entity
e11562,TGFBR2 mutation,Entity
e11563,TGFBR2 oncogenic mutation,Entity
e11564,TGFBR2 truncating mutation,Entity
e11565,THBS2 mutation,Entity
e11566,THBS2 underexpression,Entity
e11567,TIGAR amplification,Entity
e11568,TIGAR gain-of-function,Entity
e11569,TIGAR mutation,Entity
e11570,TIMP1 mutation,Entity
e11571,TIMP1 overexpression,Entity
e11572,TLE1 S286A,Entity
e11573,TLE1 S286E,Entity
e11574,TLE1 S289A,Entity
e11575,TLE1 S289E,Entity
e11576,TLE1 S298A,Entity
e11577,TLE1 S298E,Entity
e11578,TLE1 copy number deletion,Entity
e11579,TLE1 loss-of-function,Entity
e11580,TLE1 mutation,Entity
e11581,TLE4 copy number deletion,Entity
e11582,TLE4 loss-of-function,Entity
e11583,TLE4 mutation,Entity
e11584,TLK2 amplification,Entity
e11585,TLK2 gain-of-function,Entity
e11586,TLK2 mutation,Entity
e11587,TLX1 fusion,Entity
e11588,TLX1 gain-of-function,Entity
e11589,TLX1 mutation,Entity
e11590,TLX3 fusion,Entity
e11591,TLX3 gain-of-function,Entity
e11592,TLX3 mutation,Entity
e11593,TMEM127 F83Sfs*3,Entity
e11594,TMEM127 Q159*,Entity
e11595,TMEM127 loss-of-function,Entity
e11596,TMEM127 mutation,Entity
e11597,TMEM127 oncogenic mutation,Entity
e11598,TMEM127 truncating mutation,Entity
e11599,TMPRSS2 T112M,Entity
e11600,TMPRSS2 fusion,Entity
e11601,TMPRSS2 gain-of-function,Entity
e11602,TMPRSS2 inconclusive mutation,Entity
e11603,TMPRSS2 mutation,Entity
e11604,TNFAIP3 copy number deletion,Entity
e11605,TNFAIP3 loss-of-function,Entity
e11606,TNFAIP3 mutation,Entity
e11607,TNFAIP3 oncogenic mutation,Entity
e11608,TNFAIP3 truncating mutation,Entity
e11609,TNFRSF14 loss-of-function,Entity
e11610,TNFRSF14 mutation,Entity
e11611,TNFRSF14 oncogenic mutation,Entity
e11612,TNFRSF14 truncating mutation,Entity
e11613,TNFSF13 G67R,Entity
e11614,TNFSF13 amplification,Entity
e11615,TNFSF13 gain-of-function,Entity
e11616,TNFSF13 inconclusive mutation,Entity
e11617,TNFSF13 mutation,Entity
e11618,TNKS2 fusion,Entity
e11619,TNKS2 gain-of-function,Entity
e11620,TNKS2 mutation,Entity
e11621,TOP1 A653P,Entity
e11622,TOP1 D533G,Entity
e11623,TOP1 D583G,Entity
e11624,TOP1 E418K,Entity
e11625,TOP1 E710G,Entity
e11626,TOP1 F361S,Entity
e11627,TOP1 G363C,Entity
e11628,TOP1 G365S,Entity
e11629,TOP1 G717R,Entity
e11630,TOP1 G737S,Entity
e11631,TOP1 L617I,Entity
e11632,TOP1 N722S,Entity
e11633,TOP1 Q421R,Entity
e11634,TOP1 R364H,Entity
e11635,TOP1 R621H,Entity
e11636,TOP1 T729A,Entity
e11637,TOP1 T729E,Entity
e11638,TOP1 T729K,Entity
e11639,TOP1 W736*,Entity
e11640,TOP1 Y723F,Entity
e11641,TOP1 amplification,Entity
e11642,TOP1 expression,Entity
e11643,TOP1 gain-of-function,Entity
e11644,TOP1 inconclusive mutation,Entity
e11645,TOP1 loss-of-function,Entity
e11646,TOP1 mutation,Entity
e11647,TOP1 neutral mutation,Entity
e11648,TOP2A amplification,Entity
e11649,TOP2A expression,Entity
e11650,TOP2A gain-of-function,Entity
e11651,TOP2A mutation,Entity
e11652,TP53 A138P,Entity
e11653,TP53 A138S,Entity
e11654,TP53 A138V,Entity
e11655,TP53 A159D,Entity
e11656,TP53 A159P,Entity
e11657,TP53 A159V,Entity
e11658,TP53 A161D,Entity
e11659,TP53 A161P,Entity
e11660,TP53 A161S,Entity
e11661,TP53 A161T,Entity
e11662,TP53 A161V,Entity
e11663,TP53 A276V,Entity
e11664,TP53 A347D,Entity
e11665,TP53 A347T,Entity
e11666,TP53 C124R,Entity
e11667,TP53 C135F,Entity
e11668,TP53 C135G,Entity
e11669,TP53 C135R,Entity
e11670,TP53 C135S,Entity
e11671,TP53 C135W,Entity
e11672,TP53 C135Y,Entity
e11673,TP53 C141F,Entity
e11674,TP53 C141G,Entity
e11675,TP53 C141R,Entity
e11676,TP53 C141S,Entity
e11677,TP53 C141W,Entity
e11678,TP53 C141Y,Entity
e11679,TP53 C176F,Entity
e11680,TP53 C176G,Entity
e11681,TP53 C176R,Entity
e11682,TP53 C176S,Entity
e11683,TP53 C176W,Entity
e11684,TP53 C176Y,Entity
e11685,TP53 C229Hfs*8,Entity
e11686,TP53 C229R,Entity
e11687,TP53 C229Yfs*10,Entity
e11688,TP53 C238F,Entity
e11689,TP53 C238G,Entity
e11690,TP53 C238R,Entity
e11691,TP53 C238S,Entity
e11692,TP53 C238W,Entity
e11693,TP53 C238Y,Entity
e11694,TP53 C242F,Entity
e11695,TP53 C242G,Entity
e11696,TP53 C242R,Entity
e11697,TP53 C242S,Entity
e11698,TP53 C242W,Entity
e11699,TP53 C242Y,Entity
e11700,TP53 C275F,Entity
e11701,TP53 C275G,Entity
e11702,TP53 C275R,Entity
e11703,TP53 C275S,Entity
e11704,TP53 C275W,Entity
e11705,TP53 C275Y,Entity
e11706,TP53 C277F,Entity
e11707,TP53 C277G,Entity
e11708,TP53 C277Q,Entity
e11709,TP53 C277R,Entity
e11710,TP53 C277W,Entity
e11711,TP53 C277Y,Entity
e11712,TP53 D184Ifs*63,Entity
e11713,TP53 D186A,Entity
e11714,TP53 D208E,Entity
e11715,TP53 D208Efs*7,Entity
e11716,TP53 D208G,Entity
e11717,TP53 D208N,Entity
e11718,TP53 D208V,Entity
e11719,TP53 D259H,Entity
e11720,TP53 D259N,Entity
e11721,TP53 D259V,Entity
e11722,TP53 D259Y,Entity
e11723,TP53 D281A,Entity
e11724,TP53 D281E,Entity
e11725,TP53 D281G,Entity
e11726,TP53 D281H,Entity
e11727,TP53 D281N,Entity
e11728,TP53 D281P,Entity
e11729,TP53 D281V,Entity
e11730,TP53 D281Y,Entity
e11731,TP53 E180K,Entity
e11732,TP53 E221Q,Entity
e11733,TP53 E224K,Entity
e11734,TP53 E258A,Entity
e11735,TP53 E258D,Entity
e11736,TP53 E258G,Entity
e11737,TP53 E258K,Entity
e11738,TP53 E258Q,Entity
e11739,TP53 E258V,Entity
e11740,TP53 E271K,Entity
e11741,TP53 E271Q,Entity
e11742,TP53 E271V,Entity
e11743,TP53 E285K,Entity
e11744,TP53 E285Q,Entity
e11745,TP53 E285V,Entity
e11746,TP53 E286A,Entity
e11747,TP53 E286G,Entity
e11748,TP53 E286K,Entity
e11749,TP53 E286Q,Entity
e11750,TP53 E286V,Entity
e11751,TP53 E287*,Entity
e11752,TP53 E294*,Entity
e11753,TP53 E298*,Entity
e11754,TP53 E326L,Entity
e11755,TP53 E51Nfs*72,Entity
e11756,TP53 E68G,Entity
e11757,TP53 F109C,Entity
e11758,TP53 F109I,Entity
e11759,TP53 F109S,Entity
e11760,TP53 F109V,Entity
e11761,TP53 F113C,Entity
e11762,TP53 F113L,Entity
e11763,TP53 F113P,Entity
e11764,TP53 F113S,Entity
e11765,TP53 F113V,Entity
e11766,TP53 F113del,Entity
e11767,TP53 F134C,Entity
e11768,TP53 F134I,Entity
e11769,TP53 F134L,Entity
e11770,TP53 F134S,Entity
e11771,TP53 F134V,Entity
e11772,TP53 F134Y,Entity
e11773,TP53 F212Y,Entity
e11774,TP53 F270C,Entity
e11775,TP53 F270I,Entity
e11776,TP53 F270L,Entity
e11777,TP53 F270S,Entity
e11778,TP53 F270V,Entity
e11779,TP53 F270Vfs*72,Entity
e11780,TP53 F328V,Entity
e11781,TP53 F338I,Entity
e11782,TP53 F341C,Entity
e11783,TP53 G105C,Entity
e11784,TP53 G105D,Entity
e11785,TP53 G105R,Entity
e11786,TP53 G105S,Entity
e11787,TP53 G105V,Entity
e11788,TP53 G154C,Entity
e11789,TP53 G154D,Entity
e11790,TP53 G154V,Entity
e11791,TP53 G199R,Entity
e11792,TP53 G199V,Entity
e11793,TP53 G244A,Entity
e11794,TP53 G244Afs*3,Entity
e11795,TP53 G244C,Entity
e11796,TP53 G244D,Entity
e11797,TP53 G244F,Entity
e11798,TP53 G244R,Entity
e11799,TP53 G244S,Entity
e11800,TP53 G244V,Entity
e11801,TP53 G245A,Entity
e11802,TP53 G245C,Entity
e11803,TP53 G245D,Entity
e11804,TP53 G245N,Entity
e11805,TP53 G245R,Entity
e11806,TP53 G245S,Entity
e11807,TP53 G245V,Entity
e11808,TP53 G262D,Entity
e11809,TP53 G262V,Entity
e11810,TP53 G266E,Entity
e11811,TP53 G266K,Entity
e11812,TP53 G266R,Entity
e11813,TP53 G266V,Entity
e11814,TP53 G279E,Entity
e11815,TP53 G325*,Entity
e11816,TP53 G325V,Entity
e11817,TP53 G334R,Entity
e11818,TP53 G356A,Entity
e11819,TP53 H115N,Entity
e11820,TP53 H115Y,Entity
e11821,TP53 H168L,Entity
e11822,TP53 H168N,Entity
e11823,TP53 H168P,Entity
e11824,TP53 H168R,Entity
e11825,TP53 H168Y,Entity
e11826,TP53 H178D,Entity
e11827,TP53 H178N,Entity
e11828,TP53 H178P,Entity
e11829,TP53 H178Q,Entity
e11830,TP53 H178Tfs*69,Entity
e11831,TP53 H179D,Entity
e11832,TP53 H179L,Entity
e11833,TP53 H179N,Entity
e11834,TP53 H179P,Entity
e11835,TP53 H179Q,Entity
e11836,TP53 H179R,Entity
e11837,TP53 H179Y,Entity
e11838,TP53 H193D,Entity
e11839,TP53 H193L,Entity
e11840,TP53 H193N,Entity
e11841,TP53 H193P,Entity
e11842,TP53 H193Q,Entity
e11843,TP53 H193R,Entity
e11844,TP53 H193Y,Entity
e11845,TP53 H214L,Entity
e11846,TP53 H214N,Entity
e11847,TP53 H214P,Entity
e11848,TP53 H214Q,Entity
e11849,TP53 H214R,Entity
e11850,TP53 H233D,Entity
e11851,TP53 H233N,Entity
e11852,TP53 H297N,Entity
e11853,TP53 H365Y,Entity
e11854,TP53 I162F,Entity
e11855,TP53 I162M,Entity
e11856,TP53 I195F,Entity
e11857,TP53 I195K,Entity
e11858,TP53 I195M,Entity
e11859,TP53 I195N,Entity
e11860,TP53 I195S,Entity
e11861,TP53 I195T,Entity
e11862,TP53 I232F,Entity
e11863,TP53 I232N,Entity
e11864,TP53 I232S,Entity
e11865,TP53 I232T,Entity
e11866,TP53 I251F,Entity
e11867,TP53 I251I,Entity
e11868,TP53 I251L,Entity
e11869,TP53 I251M,Entity
e11870,TP53 I251N,Entity
e11871,TP53 I251S,Entity
e11872,TP53 I254F,Entity
e11873,TP53 I254L,Entity
e11874,TP53 I254M,Entity
e11875,TP53 I254N,Entity
e11876,TP53 I254S,Entity
e11877,TP53 I254T,Entity
e11878,TP53 I254V,Entity
e11879,TP53 I255F,Entity
e11880,TP53 I255N,Entity
e11881,TP53 I255S,Entity
e11882,TP53 I255T,Entity
e11883,TP53 K120*,Entity
e11884,TP53 K120A,Entity
e11885,TP53 K120E,Entity
e11886,TP53 K120M,Entity
e11887,TP53 K120N,Entity
e11888,TP53 K120R,Entity
e11889,TP53 K132E,Entity
e11890,TP53 K132M,Entity
e11891,TP53 K132N,Entity
e11892,TP53 K132Q,Entity
e11893,TP53 K132R,Entity
e11894,TP53 K132T,Entity
e11895,TP53 K139E,Entity
e11896,TP53 K164E,Entity
e11897,TP53 K24Nfs*20,Entity
e11898,TP53 K291E,Entity
e11899,TP53 K291Q,Entity
e11900,TP53 K292I,Entity
e11901,TP53 K292T,Entity
e11902,TP53 K305M,Entity
e11903,TP53 L111M,Entity
e11904,TP53 L111P,Entity
e11905,TP53 L111Q,Entity
e11906,TP53 L111R,Entity
e11907,TP53 L130F,Entity
e11908,TP53 L130H,Entity
e11909,TP53 L130P,Entity
e11910,TP53 L130R,Entity
e11911,TP53 L130V,Entity
e11912,TP53 L139N,Entity
e11913,TP53 L145R,Entity
e11914,TP53 L194F,Entity
e11915,TP53 L194H,Entity
e11916,TP53 L194P,Entity
e11917,TP53 L194R,Entity
e11918,TP53 L252F,Entity
e11919,TP53 L257P,Entity
e11920,TP53 L257Q,Entity
e11921,TP53 L257R,Entity
e11922,TP53 L257Rfs*88,Entity
e11923,TP53 L257V,Entity
e11924,TP53 L265M,Entity
e11925,TP53 L265P,Entity
e11926,TP53 L265R,Entity
e11927,TP53 L308M,Entity
e11928,TP53 L323P,Entity
e11929,TP53 L330H,Entity
e11930,TP53 L330P,Entity
e11931,TP53 L330R,Entity
e11932,TP53 L344P,Entity
e11933,TP53 L344R,Entity
e11934,TP53 L348F,Entity
e11935,TP53 L348S,Entity
e11936,TP53 L35F,Entity
e11937,TP53 M133I,Entity
e11938,TP53 M133K,Entity
e11939,TP53 M133R,Entity
e11940,TP53 M133T,Entity
e11941,TP53 M169Rfs*4,Entity
e11942,TP53 M237I,Entity
e11943,TP53 M237K,Entity
e11944,TP53 M237V,Entity
e11945,TP53 M246I,Entity
e11946,TP53 M246K,Entity
e11947,TP53 M246L,Entity
e11948,TP53 M246R,Entity
e11949,TP53 M246T,Entity
e11950,TP53 M246V,Entity
e11951,TP53 N131I,Entity
e11952,TP53 N131K,Entity
e11953,TP53 N131S,Entity
e11954,TP53 N131Y,Entity
e11955,TP53 N210Y,Entity
e11956,TP53 N235D,Entity
e11957,TP53 N235S,Entity
e11958,TP53 N239D,Entity
e11959,TP53 N239H,Entity
e11960,TP53 N239K,Entity
e11961,TP53 N239S,Entity
e11962,TP53 N239T,Entity
e11963,TP53 N247I,Entity
e11964,TP53 N263_L264delinsI,Entity
e11965,TP53 N268_R273del,Entity
e11966,TP53 P151A,Entity
e11967,TP53 P151F,Entity
e11968,TP53 P151H,Entity
e11969,TP53 P151L,Entity
e11970,TP53 P151R,Entity
e11971,TP53 P151S,Entity
e11972,TP53 P151T,Entity
e11973,TP53 P152K,Entity
e11974,TP53 P152L,Entity
e11975,TP53 P152Q,Entity
e11976,TP53 P152R,Entity
e11977,TP53 P152Rfs*18,Entity
e11978,TP53 P152S,Entity
e11979,TP53 P152T,Entity
e11980,TP53 P153Afs*28,Entity
e11981,TP53 P153H,Entity
e11982,TP53 P177F,Entity
e11983,TP53 P177H,Entity
e11984,TP53 P177R,Entity
e11985,TP53 P177S,Entity
e11986,TP53 P190L,Entity
e11987,TP53 P190R,Entity
e11988,TP53 P190S,Entity
e11989,TP53 P190T,Entity
e11990,TP53 P191Sfs*17,Entity
e11991,TP53 P191del,Entity
e11992,TP53 P219H,Entity
e11993,TP53 P219S,Entity
e11994,TP53 P222L,Entity
e11995,TP53 P250L,Entity
e11996,TP53 P250R,Entity
e11997,TP53 P278A,Entity
e11998,TP53 P278F,Entity
e11999,TP53 P278H,Entity
e12000,TP53 P278L,Entity
e12001,TP53 P278R,Entity
e12002,TP53 P278S,Entity
e12003,TP53 P278T,Entity
e12004,TP53 P309S,Entity
e12005,TP53 P316L,Entity
e12006,TP53 P322R,Entity
e12007,TP53 P359L,Entity
e12008,TP53 P47S,Entity
e12009,TP53 P72R,Entity
e12010,TP53 P82L,Entity
e12011,TP53 P98L,Entity
e12012,TP53 P98S,Entity
e12013,TP53 Q100*,Entity
e12014,TP53 Q136*,Entity
e12015,TP53 Q136E,Entity
e12016,TP53 Q136H,Entity
e12017,TP53 Q136L,Entity
e12018,TP53 Q136P,Entity
e12019,TP53 Q144H,Entity
e12020,TP53 Q144L,Entity
e12021,TP53 Q144P,Entity
e12022,TP53 Q144R,Entity
e12023,TP53 Q165*,Entity
e12024,TP53 Q331H,Entity
e12025,TP53 Q331R,Entity
e12026,TP53 Q375Hfs*102,Entity
e12027,TP53 Q38*,Entity
e12028,TP53 R110C,Entity
e12029,TP53 R110H,Entity
e12030,TP53 R110L,Entity
e12031,TP53 R110P,Entity
e12032,TP53 R110Vfs*13,Entity
e12033,TP53 R156C,Entity
e12034,TP53 R156H,Entity
e12035,TP53 R156P,Entity
e12036,TP53 R158C,Entity
e12037,TP53 R158F,Entity
e12038,TP53 R158G,Entity
e12039,TP53 R158H,Entity
e12040,TP53 R158L,Entity
e12041,TP53 R158P,Entity
e12042,TP53 R158S,Entity
e12043,TP53 R174G,Entity
e12044,TP53 R175C,Entity
e12045,TP53 R175G,Entity
e12046,TP53 R175H,Entity
e12047,TP53 R175L,Entity
e12048,TP53 R181C,Entity
e12049,TP53 R181G,Entity
e12050,TP53 R181H,Entity
e12051,TP53 R181L,Entity
e12052,TP53 R181P,Entity
e12053,TP53 R196*,Entity
e12054,TP53 R196G,Entity
e12055,TP53 R196L,Entity
e12056,TP53 R196P,Entity
e12057,TP53 R202S,Entity
e12058,TP53 R209*,Entity
e12059,TP53 R209_H214del,Entity
e12060,TP53 R213*,Entity
e12061,TP53 R213Dfs*34,Entity
e12062,TP53 R213L,Entity
e12063,TP53 R213P,Entity
e12064,TP53 R213Q,Entity
e12065,TP53 R248G,Entity
e12066,TP53 R248K,Entity
e12067,TP53 R248L,Entity
e12068,TP53 R248P,Entity
e12069,TP53 R248Q,Entity
e12070,TP53 R248W,Entity
e12071,TP53 R249G,Entity
e12072,TP53 R249I,Entity
e12073,TP53 R249K,Entity
e12074,TP53 R249M,Entity
e12075,TP53 R249S,Entity
e12076,TP53 R249T,Entity
e12077,TP53 R249W,Entity
e12078,TP53 R249X,Entity
e12079,TP53 R267G,Entity
e12080,TP53 R267L,Entity
e12081,TP53 R267P,Entity
e12082,TP53 R267Q,Entity
e12083,TP53 R267W,Entity
e12084,TP53 R273C,Entity
e12085,TP53 R273G,Entity
e12086,TP53 R273H,Entity
e12087,TP53 R273K,Entity
e12088,TP53 R273L,Entity
e12089,TP53 R273P,Entity
e12090,TP53 R273S,Entity
e12091,TP53 R280A,Entity
e12092,TP53 R280Afs*23,Entity
e12093,TP53 R280G,Entity
e12094,TP53 R280I,Entity
e12095,TP53 R280K,Entity
e12096,TP53 R280S,Entity
e12097,TP53 R280T,Entity
e12098,TP53 R282G,Entity
e12099,TP53 R282L,Entity
e12100,TP53 R282P,Entity
e12101,TP53 R282Q,Entity
e12102,TP53 R282W,Entity
e12103,TP53 R283C,Entity
e12104,TP53 R283H,Entity
e12105,TP53 R283Q,Entity
e12106,TP53 R290G,Entity
e12107,TP53 R290H,Entity
e12108,TP53 R290L,Entity
e12109,TP53 R306*,Entity
e12110,TP53 R333C,Entity
e12111,TP53 R337C,Entity
e12112,TP53 R337G,Entity
e12113,TP53 R337H,Entity
e12114,TP53 R337L,Entity
e12115,TP53 R337P,Entity
e12116,TP53 R337S,Entity
e12117,TP53 R342*,Entity
e12118,TP53 R342P,Entity
e12119,TP53 R72P,Entity
e12120,TP53 S106R,Entity
e12121,TP53 S121A,Entity
e12122,TP53 S121C,Entity
e12123,TP53 S121F,Entity
e12124,TP53 S121Y,Entity
e12125,TP53 S127C,Entity
e12126,TP53 S127F,Entity
e12127,TP53 S127P,Entity
e12128,TP53 S127T,Entity
e12129,TP53 S127Y,Entity
e12130,TP53 S215C,Entity
e12131,TP53 S215G,Entity
e12132,TP53 S215I,Entity
e12133,TP53 S215N,Entity
e12134,TP53 S215R,Entity
e12135,TP53 S215Rfs*32,Entity
e12136,TP53 S215T,Entity
e12137,TP53 S215Vfs*32,Entity
e12138,TP53 S227T,Entity
e12139,TP53 S240R,Entity
e12140,TP53 S241A,Entity
e12141,TP53 S241C,Entity
e12142,TP53 S241F,Entity
e12143,TP53 S241P,Entity
e12144,TP53 S241Pfs*6,Entity
e12145,TP53 S241T,Entity
e12146,TP53 S241Y,Entity
e12147,TP53 S303Afs*42,Entity
e12148,TP53 S366A,Entity
e12149,TP53 S46Cfs*6,Entity
e12150,TP53 S96del,Entity
e12151,TP53 S99Rfs*23,Entity
e12152,TP53 T123A,Entity
e12153,TP53 T125A,Entity
e12154,TP53 T125K,Entity
e12155,TP53 T125M,Entity
e12156,TP53 T125P,Entity
e12157,TP53 T125R,Entity
e12158,TP53 T125T,Entity
e12159,TP53 T150Afs*16,Entity
e12160,TP53 T150I,Entity
e12161,TP53 T155I,Entity
e12162,TP53 T155N,Entity
e12163,TP53 T155P,Entity
e12164,TP53 T230S,Entity
e12165,TP53 T284Afs*23,Entity
e12166,TP53 T329I,Entity
e12167,TP53 V122Dfs*26,Entity
e12168,TP53 V143A,Entity
e12169,TP53 V143E,Entity
e12170,TP53 V143G,Entity
e12171,TP53 V143M,Entity
e12172,TP53 V157A,Entity
e12173,TP53 V157D,Entity
e12174,TP53 V157F,Entity
e12175,TP53 V157G,Entity
e12176,TP53 V157I,Entity
e12177,TP53 V157L,Entity
e12178,TP53 V172D,Entity
e12179,TP53 V172F,Entity
e12180,TP53 V172G,Entity
e12181,TP53 V173A,Entity
e12182,TP53 V173E,Entity
e12183,TP53 V173G,Entity
e12184,TP53 V173L,Entity
e12185,TP53 V173M,Entity
e12186,TP53 V173Rfs*3,Entity
e12187,TP53 V197E,Entity
e12188,TP53 V197G,Entity
e12189,TP53 V197L,Entity
e12190,TP53 V197M,Entity
e12191,TP53 V216E,Entity
e12192,TP53 V216G,Entity
e12193,TP53 V216L,Entity
e12194,TP53 V216M,Entity
e12195,TP53 V218E,Entity
e12196,TP53 V218G,Entity
e12197,TP53 V218L,Entity
e12198,TP53 V218M,Entity
e12199,TP53 V218dup,Entity
e12200,TP53 V272A,Entity
e12201,TP53 V272E,Entity
e12202,TP53 V272G,Entity
e12203,TP53 V272K,Entity
e12204,TP53 V272L,Entity
e12205,TP53 V272M,Entity
e12206,TP53 V274A,Entity
e12207,TP53 V274D,Entity
e12208,TP53 V274F,Entity
e12209,TP53 V274G,Entity
e12210,TP53 V274L,Entity
e12211,TP53 V31I,Entity
e12212,TP53 V73Rfs*76,Entity
e12213,TP53 V97I,Entity
e12214,TP53 W146*,Entity
e12215,TP53 W146Hfs*20,Entity
e12216,TP53 W53*fs*1,Entity
e12217,TP53 Y103*,Entity
e12218,TP53 Y107D,Entity
e12219,TP53 Y126C,Entity
e12220,TP53 Y126D,Entity
e12221,TP53 Y126H,Entity
e12222,TP53 Y126N,Entity
e12223,TP53 Y126S,Entity
e12224,TP53 Y163C,Entity
e12225,TP53 Y163D,Entity
e12226,TP53 Y163H,Entity
e12227,TP53 Y163N,Entity
e12228,TP53 Y205*,Entity
e12229,TP53 Y205C,Entity
e12230,TP53 Y205D,Entity
e12231,TP53 Y205F,Entity
e12232,TP53 Y205H,Entity
e12233,TP53 Y205N,Entity
e12234,TP53 Y205S,Entity
e12235,TP53 Y220C,Entity
e12236,TP53 Y220D,Entity
e12237,TP53 Y220H,Entity
e12238,TP53 Y220N,Entity
e12239,TP53 Y220S,Entity
e12240,TP53 Y234C,Entity
e12241,TP53 Y234D,Entity
e12242,TP53 Y234H,Entity
e12243,TP53 Y234N,Entity
e12244,TP53 Y234S,Entity
e12245,TP53 Y236C,Entity
e12246,TP53 Y236D,Entity
e12247,TP53 Y236H,Entity
e12248,TP53 Y236N,Entity
e12249,TP53 Y236S,Entity
e12250,TP53 Y236del,Entity
e12251,TP53 copy number deletion,Entity
e12252,TP53 exon 4 mutation,Entity
e12253,TP53 exon 7 mutation,Entity
e12254,TP53 gain-of-function,Entity
e12255,TP53 inconclusive mutation,Entity
e12256,TP53 loss-of-function,Entity
e12257,TP53 mutation,Entity
e12258,TP53 neutral mutation,Entity
e12259,TP53 oncogenic mutation,Entity
e12260,TP53 overexpression,Entity
e12261,TP53 truncating mutation,Entity
e12262,TP53 wild type,Entity
e12263,TP53BP1 copy number deletion,Entity
e12264,TP53BP1 loss-of-function,Entity
e12265,TP53BP1 mutation,Entity
e12266,TP53BP1 truncating mutation,Entity
e12267,TP63 R379C,Entity
e12268,TP63 fusion,Entity
e12269,TP63 gain-of-function,Entity
e12270,TP63 inconclusive mutation,Entity
e12271,TP63 loss-of-function,Entity
e12272,TP63 mutation,Entity
e12273,TP63 truncating mutation,Entity
e12274,TPM3 fusion,Entity
e12275,TPM3 gain-of-function,Entity
e12276,TPM3 mutation,Entity
e12277,TPMT A154T,Entity
e12278,TPMT A167G,Entity
e12279,TPMT A80P,Entity
e12280,TPMT Y240C,Entity
e12281,TPMT biallelic inactivation,Entity
e12282,TPMT mutation,Entity
e12283,TPMT splice acceptor variant,Entity
e12284,TPR fusion,Entity
e12285,TPR gain-of-function,Entity
e12286,TPR mutation,Entity
e12287,TRA fusion,Entity
e12288,TRA gain-of-function,Entity
e12289,TRA mutation,Entity
e12290,TRB fusion,Entity
e12291,TRB gain-of-function,Entity
e12292,TRB mutation,Entity
e12293,TRD fusion,Entity
e12294,TRD gain-of-function,Entity
e12295,TRD mutation,Entity
e12296,TRG fusion,Entity
e12297,TRG gain-of-function,Entity
e12298,TRG mutation,Entity
e12299,TRIM24 fusion,Entity
e12300,TRIM24 gain-of-function,Entity
e12301,TRIM24 mutation,Entity
e12302,TRIM27 amplification,Entity
e12303,TRIM27 gain-of-function,Entity
e12304,TRIM27 mutation,Entity
e12305,TRIM63 fusion,Entity
e12306,TRIM63 gain-of-function,Entity
e12307,TRIM63 mutation,Entity
e12308,TRIP13 R354*,Entity
e12309,TRIP13 loss-of-function,Entity
e12310,TRIP13 mutation,Entity
e12311,TSC1 F158C,Entity
e12312,TSC1 F216A,Entity
e12313,TSC1 G1035S,Entity
e12314,TSC1 G305R,Entity
e12315,TSC1 G305W,Entity
e12316,TSC1 H105R,Entity
e12317,TSC1 H206D,Entity
e12318,TSC1 H68R,Entity
e12319,TSC1 K82T,Entity
e12320,TSC1 L117P,Entity
e12321,TSC1 L180P,Entity
e12322,TSC1 L191H,Entity
e12323,TSC1 M224R,Entity
e12324,TSC1 N198_F199delinsI,Entity
e12325,TSC1 Q516*,Entity
e12326,TSC1 R1062W,Entity
e12327,TSC1 R1097H,Entity
e12328,TSC1 R246K,Entity
e12329,TSC1 R424Nfs*,Entity
e12330,TSC1 R509Q,Entity
e12331,TSC1 S35Q,Entity
e12332,TSC1 T417I,Entity
e12333,TSC1 V128del,Entity
e12334,TSC1 V220F,Entity
e12335,TSC1 Y185*,Entity
e12336,TSC1 Y271*fs*1,Entity
e12337,TSC1 copy number deletion,Entity
e12338,TSC1 frameshift mutation,Entity
e12339,TSC1 inconclusive mutation,Entity
e12340,TSC1 loss-of-function,Entity
e12341,TSC1 mutation,Entity
e12342,TSC1 neutral mutation,Entity
e12343,TSC1 oncogenic mutation,Entity
e12344,TSC1 truncating mutation,Entity
e12345,TSC2 A328P,Entity
e12346,TSC2 A447V,Entity
e12347,TSC2 A614D,Entity
e12348,TSC2 A772E,Entity
e12349,TSC2 A889P,Entity
e12350,TSC2 C696Y,Entity
e12351,TSC2 D1734E,Entity
e12352,TSC2 D416Y,Entity
e12353,TSC2 E114K,Entity
e12354,TSC2 E1552del,Entity
e12355,TSC2 E1679K,Entity
e12356,TSC2 E254K,Entity
e12357,TSC2 E498K,Entity
e12358,TSC2 E66K,Entity
e12359,TSC2 E75G,Entity
e12360,TSC2 F615S,Entity
e12361,TSC2 G1567D,Entity
e12362,TSC2 G1596V,Entity
e12363,TSC2 G654C,Entity
e12364,TSC2 G661R,Entity
e12365,TSC2 G661V,Entity
e12366,TSC2 H1620R,Entity
e12367,TSC2 H1773P,Entity
e12368,TSC2 H522Y,Entity
e12369,TSC2 H597Y,Entity
e12370,TSC2 I427M,Entity
e12371,TSC2 L146R,Entity
e12372,TSC2 L1584R,Entity
e12373,TSC2 L410R,Entity
e12374,TSC2 L448P,Entity
e12375,TSC2 L493P,Entity
e12376,TSC2 L493V,Entity
e12377,TSC2 L792R,Entity
e12378,TSC2 L826P,Entity
e12379,TSC2 L830R,Entity
e12380,TSC2 L844R,Entity
e12381,TSC2 M649T,Entity
e12382,TSC2 N1522S,Entity
e12383,TSC2 N958S,Entity
e12384,TSC2 P1145L,Entity
e12385,TSC2 P1315S,Entity
e12386,TSC2 P1358L,Entity
e12387,TSC2 P1381L,Entity
e12388,TSC2 P1675L,Entity
e12389,TSC2 P1709L,Entity
e12390,TSC2 P1771L,Entity
e12391,TSC2 P670L,Entity
e12392,TSC2 P91L,Entity
e12393,TSC2 Q1178*,Entity
e12394,TSC2 Q1503P,Entity
e12395,TSC2 Q1554H,Entity
e12396,TSC2 R1200W,Entity
e12397,TSC2 R1706C,Entity
e12398,TSC2 R1713H,Entity
e12399,TSC2 R245H,Entity
e12400,TSC2 R462C,Entity
e12401,TSC2 R505Q,Entity
e12402,TSC2 R611Q,Entity
e12403,TSC2 R611W,Entity
e12404,TSC2 R905G,Entity
e12405,TSC2 R905Q,Entity
e12406,TSC2 R905W,Entity
e12407,TSC2 S1036P,Entity
e12408,TSC2 S1207I,Entity
e12409,TSC2 S1379L,Entity
e12410,TSC2 S1454G,Entity
e12411,TSC2 S1498N,Entity
e12412,TSC2 S1653F,Entity
e12413,TSC2 S1653P,Entity
e12414,TSC2 S1774T,Entity
e12415,TSC2 S235N,Entity
e12416,TSC2 S433C,Entity
e12417,TSC2 S918C,Entity
e12418,TSC2 T1203K,Entity
e12419,TSC2 T1623I,Entity
e12420,TSC2 V1120E,Entity
e12421,TSC2 V1144L,Entity
e12422,TSC2 V1144M,Entity
e12423,TSC2 V1500M,Entity
e12424,TSC2 V1673D,Entity
e12425,TSC2 V1673F,Entity
e12426,TSC2 V1711M,Entity
e12427,TSC2 V241del,Entity
e12428,TSC2 V299G,Entity
e12429,TSC2 V705E,Entity
e12430,TSC2 V705M,Entity
e12431,TSC2 V769E,Entity
e12432,TSC2 W1610G,Entity
e12433,TSC2 W358*,Entity
e12434,TSC2 Y1033H,Entity
e12435,TSC2 Y1571N,Entity
e12436,TSC2 Y598C,Entity
e12437,TSC2 copy number deletion,Entity
e12438,TSC2 inconclusive mutation,Entity
e12439,TSC2 loss-of-function,Entity
e12440,TSC2 mutation,Entity
e12441,TSC2 neutral mutation,Entity
e12442,TSC2 oncogenic mutation,Entity
e12443,TSC2 truncating mutation,Entity
e12444,TTF1 amplification,Entity
e12445,TTF1 gain-of-function,Entity
e12446,TTF1 mutation,Entity
e12447,TUBB3 expression,Entity
e12448,TUBB3 mutation,Entity
e12449,TUBB3 overexpression,Entity
e12450,TYK2 E957D,Entity
e12451,TYK2 G36D,Entity
e12452,TYK2 R1027H,Entity
e12453,TYK2 R425H,Entity
e12454,TYK2 S47N,Entity
e12455,TYK2 V731I,Entity
e12456,TYK2 fusion,Entity
e12457,TYK2 gain-of-function,Entity
e12458,TYK2 mutation,Entity
e12459,TYK2 neutral mutation,Entity
e12460,TYMS amplification,Entity
e12461,TYMS gain-of-function,Entity
e12462,TYMS mutation,Entity
e12463,TYMS overexpression,Entity
e12464,TYMS underexpression,Entity
e12465,U2AF1 E159_M160insYE,Entity
e12466,U2AF1 I24T,Entity
e12467,U2AF1 I24V,Entity
e12468,U2AF1 Q157P,Entity
e12469,U2AF1 Q157R,Entity
e12470,U2AF1 Q157X,Entity
e12471,U2AF1 R156H,Entity
e12472,U2AF1 R156Q,Entity
e12473,U2AF1 R156X,Entity
e12474,U2AF1 S34F,Entity
e12475,U2AF1 S34X,Entity
e12476,U2AF1 S34Y,Entity
e12477,U2AF1 exon 2 mutation,Entity
e12478,U2AF1 exon 6 mutation,Entity
e12479,U2AF1 gain-of-function,Entity
e12480,U2AF1 loss-of-function,Entity
e12481,U2AF1 mutation,Entity
e12482,U2AF1 neutral mutation,Entity
e12483,U2AF1 oncogenic mutation,Entity
e12484,UBE2A amplification,Entity
e12485,UBE2A gain-of-function,Entity
e12486,UBE2A mutation,Entity
e12487,UBR5 amplification,Entity
e12488,UBR5 gain-of-function,Entity
e12489,UBR5 mutation,Entity
e12490,UGT1A expression,Entity
e12491,UGT1A mutation,Entity
e12492,UGT1A1 G71R,Entity
e12493,UGT1A1 P229Q,Entity
e12494,UGT1A1 biallelic inactivation,Entity
e12495,UGT1A1 mutation,Entity
e12496,USP25 fusion,Entity
e12497,USP25 gain-of-function,Entity
e12498,USP25 mutation,Entity
e12499,USP8 C748A,Entity
e12500,USP8 P720R,Entity
e12501,USP8 S718P,Entity
e12502,USP8 S718del,Entity
e12503,USP8 gain-of-function,Entity
e12504,USP8 loss-of-function,Entity
e12505,USP8 mutation,Entity
e12506,VAV1 E157K,Entity
e12507,VAV1 E556D,Entity
e12508,VAV1 H337Y,Entity
e12509,VAV1 K404R,Entity
e12510,VAV1 M501R,Entity
e12511,VAV1 Q498K,Entity
e12512,VAV1 R798P,Entity
e12513,VAV1 fusion,Entity
e12514,VAV1 gain-of-function,Entity
e12515,VAV1 mutation,Entity
e12516,VAV1 neutral mutation,Entity
e12517,VCL fusion,Entity
e12518,VCL gain-of-function,Entity
e12519,VCL mutation,Entity
e12520,VEGFA amplification,Entity
e12521,VEGFA expression,Entity
e12522,VEGFA gain-of-function,Entity
e12523,VEGFA mutation,Entity
e12524,VHL A122I,Entity
e12525,VHL A149P,Entity
e12526,VHL A149S,Entity
e12527,VHL A149T,Entity
e12528,VHL A149fs,Entity
e12529,VHL A56_P59del,Entity
e12530,VHL A56fs,Entity
e12531,VHL C162F,Entity
e12532,VHL C162R,Entity
e12533,VHL C162W,Entity
e12534,VHL C162Y,Entity
e12535,VHL C162fs,Entity
e12536,VHL C77_N78insL,Entity
e12537,VHL C77fs,Entity
e12538,VHL D121G,Entity
e12539,VHL D121_A122del,Entity
e12540,VHL D126fs,Entity
e12541,VHL D143fs,Entity
e12542,VHL D197fs,Entity
e12543,VHL D92G,Entity
e12544,VHL E160Sfs*10,Entity
e12545,VHL E160fs,Entity
e12546,VHL E186*,Entity
e12547,VHL E186K,Entity
e12548,VHL E189fs,Entity
e12549,VHL E46*,Entity
e12550,VHL E52*,Entity
e12551,VHL E52K,Entity
e12552,VHL E55*,Entity
e12553,VHL E55RfsTer11,Entity
e12554,VHL E55fs,Entity
e12555,VHL E70*,Entity
e12556,VHL E70K,Entity
e12557,VHL E94*,Entity
e12558,VHL E94fs,Entity
e12559,VHL F119L,Entity
e12560,VHL F119S,Entity
e12561,VHL F136C,Entity
e12562,VHL F136S,Entity
e12563,VHL F148*,Entity
e12564,VHL F76S,Entity
e12565,VHL F76del,Entity
e12566,VHL F76fs,Entity
e12567,VHL F91*,Entity
e12568,VHL F91L,Entity
e12569,VHL G104A,Entity
e12570,VHL G104V,Entity
e12571,VHL G114C,Entity
e12572,VHL G114R,Entity
e12573,VHL G114S,Entity
e12574,VHL G114Vfs*45,Entity
e12575,VHL G114dup,Entity
e12576,VHL G123fs,Entity
e12577,VHL G144*,Entity
e12578,VHL G144E,Entity
e12579,VHL G144fs,Entity
e12580,VHL G93C,Entity
e12581,VHL G93R,Entity
e12582,VHL G93S,Entity
e12583,VHL G93V,Entity
e12584,VHL G93_Y98del,Entity
e12585,VHL H115P,Entity
e12586,VHL H115Q,Entity
e12587,VHL H115R,Entity
e12588,VHL H115Y,Entity
e12589,VHL H115fs,Entity
e12590,VHL H125fs,Entity
e12591,VHL H191D,Entity
e12592,VHL H191fs,Entity
e12593,VHL I151F,Entity
e12594,VHL I151M,Entity
e12595,VHL I151S,Entity
e12596,VHL I151T,Entity
e12597,VHL I180V,Entity
e12598,VHL K159fs,Entity
e12599,VHL K196*,Entity
e12600,VHL K196fs,Entity
e12601,VHL L101G,Entity
e12602,VHL L116V,Entity
e12603,VHL L118P,Entity
e12604,VHL L118R,Entity
e12605,VHL L118fs,Entity
e12606,VHL L128F,Entity
e12607,VHL L128R,Entity
e12608,VHL L129P,Entity
e12609,VHL L129Q,Entity
e12610,VHL L129fs,Entity
e12611,VHL L135*,Entity
e12612,VHL L135fs,Entity
e12613,VHL L140fs,Entity
e12614,VHL L153P,Entity
e12615,VHL L153fs,Entity
e12616,VHL L158P,Entity
e12617,VHL L158Q,Entity
e12618,VHL L158V,Entity
e12619,VHL L158fs,Entity
e12620,VHL L163H,Entity
e12621,VHL L169P,Entity
e12622,VHL L178P,Entity
e12623,VHL L178Q,Entity
e12624,VHL L178R,Entity
e12625,VHL L184P,Entity
e12626,VHL L184R,Entity
e12627,VHL L188P,Entity
e12628,VHL L188Q,Entity
e12629,VHL L188R,Entity
e12630,VHL L188V,Entity
e12631,VHL L188fs,Entity
e12632,VHL L198Q,Entity
e12633,VHL L63P,Entity
e12634,VHL L85P,Entity
e12635,VHL L89H,Entity
e12636,VHL L89P,Entity
e12637,VHL M1?,Entity
e12638,VHL M1fs,Entity
e12639,VHL M54Ifs,Entity
e12640,VHL M54fs,Entity
e12641,VHL N131K,Entity
e12642,VHL N131S,Entity
e12643,VHL N131T,Entity
e12644,VHL N131fs,Entity
e12645,VHL N150K,Entity
e12646,VHL N150S,Entity
e12647,VHL N150fs,Entity
e12648,VHL N78H,Entity
e12649,VHL N78I,Entity
e12650,VHL N78S,Entity
e12651,VHL N78T,Entity
e12652,VHL N7D,Entity
e12653,VHL N90I,Entity
e12654,VHL P102fs,Entity
e12655,VHL P103fs,Entity
e12656,VHL P138R,Entity
e12657,VHL P138T,Entity
e12658,VHL P146fs,Entity
e12659,VHL P154L,Entity
e12660,VHL P154fs,Entity
e12661,VHL P25L,Entity
e12662,VHL P40fs,Entity
e12663,VHL P40fs*,Entity
e12664,VHL P59fs,Entity
e12665,VHL P61fs,Entity
e12666,VHL P71fs,Entity
e12667,VHL P81L,Entity
e12668,VHL P81S,Entity
e12669,VHL P86A,Entity
e12670,VHL P86H,Entity
e12671,VHL P86L,Entity
e12672,VHL P86R,Entity
e12673,VHL P86S,Entity
e12674,VHL P86fs,Entity
e12675,VHL Q132*,Entity
e12676,VHL Q132P,Entity
e12677,VHL Q145*,Entity
e12678,VHL Q145H,Entity
e12679,VHL Q164*,Entity
e12680,VHL Q164L,Entity
e12681,VHL Q164R,Entity
e12682,VHL Q195*,Entity
e12683,VHL Q73*,Entity
e12684,VHL Q73Hfs*58,Entity
e12685,VHL Q73fs,Entity
e12686,VHL Q96*,Entity
e12687,VHL Q96P,Entity
e12688,VHL Q96_P97delinsH,Entity
e12689,VHL R107G,Entity
e12690,VHL R107H,Entity
e12691,VHL R107P,Entity
e12692,VHL R108dup,Entity
e12693,VHL R113*,Entity
e12694,VHL R113fs,Entity
e12695,VHL R120G,Entity
e12696,VHL R120fs,Entity
e12697,VHL R161*,Entity
e12698,VHL R161G,Entity
e12699,VHL R161P,Entity
e12700,VHL R161Q,Entity
e12701,VHL R167L,Entity
e12702,VHL R167P,Entity
e12703,VHL R167Q,Entity
e12704,VHL R167W,Entity
e12705,VHL R176fs,Entity
e12706,VHL R177*,Entity
e12707,VHL R177fs,Entity
e12708,VHL R200W,Entity
e12709,VHL R205Hfs*50,Entity
e12710,VHL R60fs,Entity
e12711,VHL R64P,Entity
e12712,VHL R69C,Entity
e12713,VHL R69fs,Entity
e12714,VHL R79P,Entity
e12715,VHL R79_S80del,Entity
e12716,VHL R82P,Entity
e12717,VHL R82_V84del,Entity
e12718,VHL S111C,Entity
e12719,VHL S111N,Entity
e12720,VHL S111R,Entity
e12721,VHL S111fs,Entity
e12722,VHL S183*,Entity
e12723,VHL S65*,Entity
e12724,VHL S65A,Entity
e12725,VHL S65L,Entity
e12726,VHL S65P,Entity
e12727,VHL S65Rfs*2,Entity
e12728,VHL S65W,Entity
e12729,VHL S65fs,Entity
e12730,VHL S68P,Entity
e12731,VHL S68W,Entity
e12732,VHL S72P,Entity
e12733,VHL S72fs,Entity
e12734,VHL S80I,Entity
e12735,VHL S80N,Entity
e12736,VHL S80R,Entity
e12737,VHL S80fs,Entity
e12738,VHL T105P,Entity
e12739,VHL T133fs,Entity
e12740,VHL T152fs,Entity
e12741,VHL T157I,Entity
e12742,VHL T157fs,Entity
e12743,VHL T202fs,Entity
e12744,VHL V130L,Entity
e12745,VHL V155A,Entity
e12746,VHL V155E,Entity
e12747,VHL V155G,Entity
e12748,VHL V155L,Entity
e12749,VHL V166A,Entity
e12750,VHL V166D,Entity
e12751,VHL V166F,Entity
e12752,VHL V170D,Entity
e12753,VHL V170F,Entity
e12754,VHL V170G,Entity
e12755,VHL V181fs,Entity
e12756,VHL V194fs,Entity
e12757,VHL V62Cfs*5,Entity
e12758,VHL V66Gfs*89,Entity
e12759,VHL V66del,Entity
e12760,VHL V74G,Entity
e12761,VHL V84L,Entity
e12762,VHL V84M,Entity
e12763,VHL V87fs,Entity
e12764,VHL W117C,Entity
e12765,VHL W117L,Entity
e12766,VHL W117fs,Entity
e12767,VHL W8*,Entity
e12768,VHL W88*,Entity
e12769,VHL W88R,Entity
e12770,VHL W88S,Entity
e12771,VHL W88fs,Entity
e12772,VHL Y112*,Entity
e12773,VHL Y112C,Entity
e12774,VHL Y112D,Entity
e12775,VHL Y112H,Entity
e12776,VHL Y156*,Entity
e12777,VHL Y156C,Entity
e12778,VHL Y156D,Entity
e12779,VHL Y156N,Entity
e12780,VHL Y175*,Entity
e12781,VHL Y175C,Entity
e12782,VHL Y175D,Entity
e12783,VHL Y175N,Entity
e12784,VHL Y185*,Entity
e12785,VHL Y98C,Entity
e12786,VHL Y98H,Entity
e12787,VHL Y98N,Entity
e12788,VHL Y98fs,Entity
e12789,VHL copy number deletion,Entity
e12790,VHL exon 1 copy number deletion,Entity
e12791,VHL exon 1-2 copy number deletion,Entity
e12792,VHL exon 1-3 copy number deletion,Entity
e12793,VHL exon 2 deletion,Entity
e12794,VHL exon 2-3 deletion,Entity
e12795,VHL exon 3 deletion,Entity
e12796,VHL inconclusive mutation,Entity
e12797,VHL loss-of-function,Entity
e12798,VHL mutation,Entity
e12799,VHL neutral mutation,Entity
e12800,VHL oncogenic mutation,Entity
e12801,VHL rearrangement,Entity
e12802,VHL splice region variant,Entity
e12803,VHL splice site variant,Entity
e12804,VHL truncating mutation,Entity
e12805,VPS37A mutation,Entity
e12806,VPS37A underexpression,Entity
e12807,WHSC1 E1099K,Entity
e12808,WHSC1 mutation,Entity
e12809,WHSC1 oncogenic mutation,Entity
e12810,WIF1 fusion,Entity
e12811,WIF1 gain-of-function,Entity
e12812,WIF1 inconclusive mutation,Entity
e12813,WIF1 mutation,Entity
e12814,WRN K187K,Entity
e12815,WRN mutation,Entity
e12816,WRN oncogenic mutation,Entity
e12817,WT1 A382Cfs*70,Entity
e12818,WT1 D464N,Entity
e12819,WT1 F222S,Entity
e12820,WT1 H445Y,Entity
e12821,WT1 R462W,Entity
e12822,WT1 S341A,Entity
e12823,WT1 exon 7 mutation,Entity
e12824,WT1 exon 9 mutation,Entity
e12825,WT1 fusion,Entity
e12826,WT1 gain-of-function,Entity
e12827,WT1 loss-of-function,Entity
e12828,WT1 mutation,Entity
e12829,WT1 neutral mutation,Entity
e12830,WT1 oncogenic mutation,Entity
e12831,WT1 truncating mutation,Entity
e12832,WWOX L291P,Entity
e12833,WWOX mutation,Entity
e12834,WWOX oncogenic mutation,Entity
e12835,WWTR1 fusion,Entity
e12836,WWTR1 gain-of-function,Entity
e12837,WWTR1 mutation,Entity
e12838,WWTR1::CAMTA1 fusion,Entity
e12839,XPC N754Kfs*13,Entity
e12840,XPC V548Afs*25,Entity
e12841,XPC Y559*,Entity
e12842,XPC mutation,Entity
e12843,XPC oncogenic mutation,Entity
e12844,XPO1 C528S,Entity
e12845,XPO1 E571K,Entity
e12846,XPO1 R749Q,Entity
e12847,XPO1 gain-of-function,Entity
e12848,XPO1 inconclusive mutation,Entity
e12849,XPO1 mutation,Entity
e12850,XPO1 oncogenic mutation,Entity
e12851,XRCC1 Q399R,Entity
e12852,XRCC1 R194W,Entity
e12853,XRCC1 mutation,Entity
e12854,XRCC2 F32Lfs*30,Entity
e12855,XRCC2 K182Sfs*3,Entity
e12856,XRCC2 R188H,Entity
e12857,XRCC2 copy number deletion,Entity
e12858,XRCC2 loss-of-function,Entity
e12859,XRCC2 mutation,Entity
e12860,XRCC2 oncogenic mutation,Entity
e12861,XRCC2 truncating mutation,Entity
e12862,YAP1 R331W,Entity
e12863,YAP1 amplification,Entity
e12864,YAP1 fusion,Entity
e12865,YAP1 gain-of-function,Entity
e12866,YAP1 mutation,Entity
e12867,YES1 amplification,Entity
e12868,YES1 gain-of-function,Entity
e12869,YES1 mutation,Entity
e12870,YWHAE fusion,Entity
e12871,YWHAE gain-of-function,Entity
e12872,YWHAE mutation,Entity
e12873,YY1 fusion,Entity
e12874,YY1 gain-of-function,Entity
e12875,YY1 mutation,Entity
e12876,ZBTB16 mutation,Entity
e12877,ZBTB16 underexpression,Entity
e12878,ZBTB20 A693V,Entity
e12879,ZBTB20 G419V,Entity
e12880,ZBTB20 P46R,Entity
e12881,ZBTB20 inconclusive mutation,Entity
e12882,ZBTB20 mutation,Entity
e12883,ZEB1 expression,Entity
e12884,ZEB1 mutation,Entity
e12885,ZFHX3 loss-of-function,Entity
e12886,ZFHX3 mutation,Entity
e12887,ZFHX3 truncating mutation,Entity
e12888,ZFP36L2 G145fs*,Entity
e12889,ZFP36L2 amplification,Entity
e12890,ZFP36L2 copy number deletion,Entity
e12891,ZFP36L2 gain-of-function,Entity
e12892,ZFP36L2 loss-of-function,Entity
e12893,ZFP36L2 mutation,Entity
e12894,ZFP36L2 truncating mutation,Entity
e12895,ZFTA fusion,Entity
e12896,ZFTA gain-of-function,Entity
e12897,ZFTA mutation,Entity
e12898,ZKSCAN1 fusion,Entity
e12899,ZKSCAN1 gain-of-function,Entity
e12900,ZKSCAN1 mutation,Entity
e12901,ZMIZ1 fusion,Entity
e12902,ZMIZ1 gain-of-function,Entity
e12903,ZMIZ1 mutation,Entity
e12904,ZMYM2 fusion,Entity
e12905,ZMYM2 gain-of-function,Entity
e12906,ZMYM2 mutation,Entity
e12907,ZNF274 fusion,Entity
e12908,ZNF274 gain-of-function,Entity
e12909,ZNF274 mutation,Entity
e12910,ZNF430 fusion,Entity
e12911,ZNF430 gain-of-function,Entity
e12912,ZNF430 mutation,Entity
e12913,ZNRF3 P103A,Entity
e12914,ZNRF3 loss-of-function,Entity
e12915,ZNRF3 mutation,Entity
e12916,ZNRF3 oncogenic mutation,Entity
e12917,ZRSR2 loss-of-function,Entity
e12918,ZRSR2 mutation,Entity
e12919,ZRSR2 oncogenic mutation,Entity
e12920,ZRSR2 truncating mutation,Entity
